Model,Config,Label,Bal.Acc_mean,Bal.Acc_std,Bal.Acc_count,MCC_mean,MCC_std,MCC_count,F1_mean,F1_std,F1_count,ROC_AUC_mean,ROC_AUC_std,ROC_AUC_count,PR_AUC_mean,PR_AUC_std,PR_AUC_count,Precision_mean,Precision_std,Precision_count,Sensitivity_mean,Sensitivity_std,Sensitivity_count,Specificity_mean,Specificity_std,Specificity_count
KNN,KNN_n_neighbors=5_metric=euclidean,fine_alcoholic,0.8263999999999999,0.04280537349445736,5,0.5302,0.09888225321057366,5,0.5218,0.12249775508147076,5,0.8779999999999999,0.044283179650969035,5,0.5469999999999999,0.07385797181076664,5,0.458,0.16629642209019413,5,0.6764,0.10198186113226218,5,0.9762000000000001,0.02397290136800297,5
KNN,KNN_n_neighbors=11_metric=cosine,fine_aldehydic,0.633,0.07217686609987993,5,0.26739999999999997,0.13159331290001022,5,0.2692,0.13110949622357645,5,0.8092,0.031156058800817545,5,0.2514,0.07739702836672738,5,0.3254,0.19709718415035768,5,0.2878,0.15960482448848468,5,0.9778,0.019447364860052385,5
KNN,KNN_n_neighbors=21_metric=cosine,fine_alliaceous,0.7528,0.07607036216556354,5,0.4262,0.029098109904253232,5,0.42539999999999994,0.03427535557802426,5,0.9349999999999999,0.03728270376461445,5,0.4344,0.04763192206913342,5,0.3936,0.10142632794299515,5,0.5306,0.17059689328941488,5,0.975,0.018587630295441124,5
KNN,KNN_n_neighbors=11_metric=cosine,fine_almond,0.5664,0.036322169538726565,5,0.2192,0.13572656335441488,5,0.19,0.11053280056164325,5,0.7838,0.020228692493584482,5,0.1958,0.0776447036184697,5,0.4202,0.29931204452878274,5,0.14020000000000002,0.0728265061636215,5,0.9934,0.0074363969770313,5
KNN,KNN_n_neighbors=21_metric=euclidean,fine_amber,0.6881999999999999,0.04278668017035206,5,0.37520000000000003,0.059855659715686044,5,0.377,0.05528562200066127,5,0.8827999999999999,0.017005881335585078,5,0.2986,0.05374755808406554,5,0.4088,0.1505413564440018,5,0.3906,0.09202879984005008,5,0.9856,0.009864076236526149,5
KNN,KNN_n_neighbors=21_metric=euclidean,fine_animal,0.6498,0.03562583332358698,5,0.30700000000000005,0.041713307229228405,5,0.3154,0.03835752859609181,5,0.7465999999999999,0.05920135133592815,5,0.2032,0.02700370344971223,5,0.3478,0.1057861049476726,5,0.3176,0.08034488160424408,5,0.9822,0.012235195135346242,5
KNN,KNN_n_neighbors=21_metric=cosine,fine_anisic,0.673,0.06930728677419133,5,0.3828,0.15142060625951806,5,0.3888,0.14923370932869023,5,0.7939999999999999,0.11852425912023246,5,0.34740000000000004,0.18411626761370112,5,0.4372,0.17463877003689646,5,0.354,0.13844132331063583,5,0.9922000000000001,0.0021679483388678633,5
KNN,KNN_n_neighbors=11_metric=cosine,fine_apple,0.7727999999999999,0.06469698601944297,5,0.4372,0.07484450547635411,5,0.4638,0.0646312617856096,5,0.8858,0.025820534463871978,5,0.41340000000000005,0.05202691611079788,5,0.38039999999999996,0.036528071397214514,5,0.611,0.13887584383181975,5,0.9342,0.015073154945133355,5
KNN,KNN_n_neighbors=11_metric=euclidean,fine_apricot,0.6582,0.11517464998861512,5,0.1508,0.09962278855763876,5,0.1328,0.08305540319569824,5,0.7333999999999999,0.08641354060562502,5,0.07139999999999999,0.023891421054428725,5,0.0846,0.05509355679206054,5,0.3792,0.2808339366956921,5,0.9373999999999999,0.06167090075554272,5
KNN,KNN_n_neighbors=21_metric=euclidean,fine_aromatic,0.5604,0.028979302959181025,5,0.0886,0.024825390228554317,5,0.1,0.02514955267991859,5,0.675,0.059941638282582824,5,0.061399999999999996,0.038095931541307665,5,0.0804,0.019539703170723958,5,0.1494,0.079254652860258,5,0.9718,0.02219684662288764,5
KNN,KNN_n_neighbors=11_metric=euclidean,fine_balsamic,0.6998,0.030310064335134588,5,0.39,0.055249434386245064,5,0.41600000000000004,0.05111262075065219,5,0.8592000000000001,0.030202648890453366,5,0.4138,0.05531003525581951,5,0.43599999999999994,0.1478225287295546,5,0.44820000000000004,0.10018582734099668,5,0.9513999999999999,0.04247116668988502,5
KNN,KNN_n_neighbors=21_metric=euclidean,fine_banana,0.709,0.10316733979317291,5,0.3488,0.11002363382473784,5,0.3438,0.11929668897333237,5,0.8615999999999999,0.033864435622050486,5,0.306,0.1177030161040914,5,0.3436,0.14326304478126942,5,0.4508,0.2357810424949385,5,0.967,0.03930648801406712,5
KNN,KNN_n_neighbors=21_metric=cosine,fine_beefy,0.6508,0.10152930611404766,5,0.20939999999999998,0.13286572168923028,5,0.1964,0.1302125185994035,5,0.8614,0.08425437674091478,5,0.2068,0.0733873286065108,5,0.17200000000000001,0.13708026845611299,5,0.3194,0.21569608248644667,5,0.9826,0.019994999374843718,5
KNN,KNN_n_neighbors=21_metric=cosine,fine_bergamot,0.666,0.15833192981834085,5,0.3452,0.2752393503843518,5,0.3292,0.2526167057025327,5,0.8606,0.07901771953176069,5,0.3678,0.3357509493657464,5,0.4034,0.3742429692058356,5,0.3358,0.3180058175568491,5,0.9968,0.002588435821108971,5
KNN,KNN_n_neighbors=5_metric=cosine,fine_berry,0.6602,0.03802893635115237,5,0.1706,0.035599157293396716,5,0.1766,0.02456216602826387,5,0.6679999999999999,0.03668787265568827,5,0.1502,0.029600675667964073,5,0.11139999999999999,0.015630099167951553,5,0.4316,0.0787165802102708,5,0.8888,0.00920326029187481,5
KNN,KNN_n_neighbors=11_metric=cosine,fine_bitter,0.5762,0.04025170803829322,5,0.217,0.06910499258374896,5,0.18380000000000002,0.05676882947533796,5,0.6584,0.07819718665016027,5,0.11139999999999999,0.05078188653447211,5,0.4232,0.3498166662696333,5,0.15860000000000002,0.08622238688414975,5,0.9936,0.007127411872482187,5
KNN,KNN_n_neighbors=11_metric=cosine,fine_black currant,0.6466000000000001,0.05305468876546159,5,0.2702,0.11705212514089611,5,0.2676,0.11602499730661492,5,0.8573999999999999,0.06258833757178729,5,0.22139999999999999,0.10052512123842477,5,0.2732,0.1718187999026882,5,0.3026,0.10296747059144457,5,0.9907999999999999,0.006058052492344408,5
KNN,KNN_n_neighbors=21_metric=euclidean,fine_brandy,0.6407999999999999,0.09835496937115074,5,0.1682,0.13194771691848253,5,0.15699999999999997,0.12426182036329583,5,0.7706,0.1722550434675281,5,0.0736,0.054007406899424446,5,0.1102,0.09459492586814579,5,0.3036,0.19974809135508653,5,0.9785999999999999,0.014993331851193087,5
KNN,KNN_n_neighbors=21_metric=cosine,fine_burnt,0.6638,0.07016195550296471,5,0.229,0.06331666447310692,5,0.2454,0.053153551151357704,5,0.8320000000000001,0.036619666847201096,5,0.22559999999999997,0.04313119520718154,5,0.1948,0.05341535359800589,5,0.3984,0.16746432455899377,5,0.9294,0.03810249335673451,5
KNN,KNN_n_neighbors=5_metric=cosine,fine_buttery,0.6644,0.08301385426541763,5,0.3482,0.15483281305976457,5,0.35960000000000003,0.16116699413961905,5,0.7949999999999999,0.04557960070031323,5,0.2872,0.08161004840091689,5,0.3962,0.13708829271677433,5,0.3426,0.16891506741555057,5,0.986,0.005787918451395141,5
KNN,KNN_n_neighbors=21_metric=cosine,fine_cabbage,0.6888,0.11345351470976998,5,0.2242,0.12687277091637908,5,0.20400000000000001,0.11510647245050991,5,0.851,0.03876209488662864,5,0.15860000000000002,0.08114986136771893,5,0.148,0.09005831444125523,5,0.4016,0.23212561254631084,5,0.9763999999999999,0.012759310326189289,5
KNN,KNN_n_neighbors=21_metric=cosine,fine_camphoreous,0.7083999999999999,0.08802442842756775,5,0.3772,0.07164984298656907,5,0.38079999999999997,0.07139467767277896,5,0.8812,0.025984610830258777,5,0.34199999999999997,0.09226862955522858,5,0.3774,0.0721408344836681,5,0.4394,0.19099162285294083,5,0.9778,0.016902662512160646,5
KNN,KNN_n_neighbors=21_metric=cosine,fine_caramellic,0.735,0.07345406728017177,5,0.43879999999999997,0.06124704074483925,5,0.45339999999999997,0.07480842198576305,5,0.8824,0.014808781178746585,5,0.4572,0.06357436590324754,5,0.4546,0.07901455562110062,5,0.5034,0.16308372083074385,5,0.9667999999999999,0.018185158784019478,5
KNN,KNN_n_neighbors=5_metric=cosine,fine_cedar,0.6864,0.089687234320164,5,0.3948,0.14378699523948613,5,0.3702,0.13546660104985286,5,0.812,0.056457948953181035,5,0.28,0.11907350670909124,5,0.4894,0.2832936638896112,5,0.38339999999999996,0.19171019795514269,5,0.9896,0.015883954167649827,5
KNN,KNN_n_neighbors=5_metric=cosine,fine_celery,0.6314,0.09878663877265992,5,0.2522,0.0672510222970625,5,0.1814,0.029134172375408232,5,0.635,0.09898737293210684,5,0.148,0.08640891157745248,5,0.4896,0.4699981914858822,5,0.278,0.21630996278488884,5,0.9846,0.019768662069042504,5
KNN,KNN_n_neighbors=21_metric=euclidean,fine_chamomile,0.6394,0.11700341875347063,5,0.2718,0.07935489902961256,5,0.2334,0.04683801874545933,5,0.842,0.04105484137102466,5,0.24900000000000003,0.09507628516091698,5,0.39,0.3466907844174691,5,0.2864,0.24405183875562173,5,0.993,0.010723805294763628,5
KNN,KNN_n_neighbors=21_metric=cosine,fine_cheesy,0.7046,0.04453425647745788,5,0.40540000000000004,0.06512526391501229,5,0.4262,0.06540412831006924,5,0.8736,0.02575461123760173,5,0.4182,0.10701728832296212,5,0.4276,0.058166141353883885,5,0.43260000000000004,0.09171041380344983,5,0.977,0.005830951894845315,5
KNN,KNN_n_neighbors=21_metric=cosine,fine_cherry,0.5422,0.028137164036199536,5,0.13140000000000002,0.08094318995443657,5,0.1248,0.07762216178386169,5,0.8128,0.03395143590483324,5,0.1462,0.033566352199784835,5,0.22159999999999996,0.12485511603454622,5,0.0882,0.057755519216781355,5,0.9962,0.0017888543819998273,5
KNN,KNN_n_neighbors=5_metric=euclidean,fine_chocolate,0.6838,0.0851657208036191,5,0.2868,0.10811660372024272,5,0.2798,0.10591364406911886,5,0.7524,0.051447060168682134,5,0.1612,0.09494577399758243,5,0.2552,0.14512477390163267,5,0.3926,0.1865349833141226,5,0.9753999999999999,0.025559733957926836,5
KNN,KNN_n_neighbors=11_metric=cosine,fine_cinnamon,0.7406,0.07367021107611943,5,0.358,0.09512097560475292,5,0.35140000000000005,0.08852570248238643,5,0.8310000000000001,0.053103672189407,5,0.3102,0.08871978358855484,5,0.27640000000000003,0.07183870822892072,5,0.499,0.14804222370661688,5,0.9822,0.0045497252664309235,5
KNN,KNN_n_neighbors=21_metric=cosine,fine_citrus,0.742,0.04242051390542077,5,0.4096,0.02993826982308763,5,0.4518,0.025449950884039035,5,0.8676,0.0159311016568221,5,0.399,0.03524202037341219,5,0.3876,0.02185863673699713,5,0.5572,0.10426504687573875,5,0.9263999999999999,0.019603571103245426,5
KNN,KNN_n_neighbors=5_metric=cosine,fine_clean,0.5672,0.06109991816688465,5,0.1412,0.10853432636728344,5,0.1014,0.061524791750968165,5,0.6688,0.0643405004643265,5,0.1,0.08762134443159383,5,0.3282,0.4246695185670853,5,0.1706,0.16833686464942849,5,0.9642,0.048576743406696155,5
KNN,KNN_n_neighbors=21_metric=cosine,fine_clove,0.7326,0.08870907507126878,5,0.3842,0.06056566684186676,5,0.374,0.05102450391723569,5,0.8614,0.04413955142499757,5,0.28500000000000003,0.08925245094673871,5,0.3376,0.049692051678311706,5,0.4728,0.18125037930994795,5,0.9932000000000001,0.003962322551231804,5
KNN,KNN_n_neighbors=11_metric=cosine,fine_cocoa,0.7369999999999999,0.05606246516163911,5,0.3854,0.025314027731674786,5,0.3906,0.01013903348450927,5,0.8257999999999999,0.05334041619635153,5,0.2988,0.05737333875590647,5,0.3318,0.03338712326631331,5,0.49939999999999996,0.1229910565854282,5,0.9743999999999999,0.010691117808723245,5
KNN,KNN_n_neighbors=21_metric=euclidean,fine_coconut,0.694,0.10376656494266347,5,0.36419999999999997,0.11224838528905438,5,0.35219999999999996,0.11313354940069723,5,0.8526,0.025530374066981516,5,0.36920000000000003,0.14905938413934225,5,0.3992,0.17830787980344556,5,0.4034,0.22162197544467468,5,0.9852000000000001,0.016634301909007203,5
KNN,KNN_n_neighbors=11_metric=cosine,fine_coffee,0.6966,0.07731946714767246,5,0.37120000000000003,0.04889478499799338,5,0.35300000000000004,0.049623583103198025,5,0.89,0.010793516572461461,5,0.3484,0.01186591757935305,5,0.42960000000000004,0.22339494175115066,5,0.4152,0.17352146841241287,5,0.9785999999999999,0.01947562579225635,5
KNN,KNN_n_neighbors=21_metric=euclidean,fine_cognac,0.7698,0.05962549790148505,5,0.42140000000000005,0.10689855003693924,5,0.4206,0.10970095715170398,5,0.8862,0.05736462324464444,5,0.3746,0.13008574095572506,5,0.3468,0.12331139444512014,5,0.5668,0.12004874010167704,5,0.9728,0.013065221008463683,5
KNN,KNN_n_neighbors=21_metric=euclidean,fine_cooked,0.6359999999999999,0.07340980860893179,5,0.2002,0.09151885051725682,5,0.2044,0.0895979910489069,5,0.749,0.03771604433129224,5,0.1186,0.04636054356885821,5,0.1704,0.08194693404880991,5,0.30219999999999997,0.16090742680187264,5,0.97,0.02219234102117213,5
KNN,KNN_n_neighbors=21_metric=cosine,fine_cooling,0.7158,0.06248759876967591,5,0.26020000000000004,0.05854656266596699,5,0.24420000000000003,0.050370626361005276,5,0.8535999999999999,0.04949040311009802,5,0.20460000000000003,0.07677108830803428,5,0.1682,0.03906020993287158,5,0.47140000000000004,0.13630407183939885,5,0.9603999999999999,0.01633401359127631,5
KNN,KNN_n_neighbors=5_metric=cosine,fine_cortex,0.5628,0.07351666477745031,5,0.057600000000000005,0.06338611835410021,5,0.055600000000000004,0.051349780914819884,5,0.6016,0.0817147477509415,5,0.048799999999999996,0.03596804137008297,5,0.034,0.031488092987667575,5,0.164,0.16225134822244158,5,0.9616,0.022567675999092155,5
KNN,KNN_n_neighbors=11_metric=cosine,fine_coumarinic,0.6532,0.12078576075018117,5,0.22600000000000003,0.16632348000207306,5,0.22399999999999998,0.1573292725464654,5,0.7878000000000001,0.045079929015028365,5,0.164,0.06765722430014404,5,0.1782,0.12199262272776987,5,0.3216,0.24918928548394692,5,0.9852000000000001,0.009808159868191396,5
KNN,KNN_n_neighbors=21_metric=cosine,fine_creamy,0.6186,0.04045120517364104,5,0.2678,0.05557607398872287,5,0.2832,0.06196127823084349,5,0.7442,0.023826455884163735,5,0.2052,0.02815492852059831,5,0.3438,0.07345202515928338,5,0.2578,0.08935994628467497,5,0.9789999999999999,0.01111305538544645,5
KNN,KNN_n_neighbors=11_metric=euclidean,fine_cucumber,0.7572,0.10676235291524817,5,0.4572,0.16855770525253355,5,0.437,0.1746840004121728,5,0.8754,0.05475216890681136,5,0.35,0.13217791040866095,5,0.46180000000000004,0.26408275218196287,5,0.5234,0.2158107967642027,5,0.9907999999999999,0.00864291617453278,5
KNN,KNN_n_neighbors=21_metric=cosine,fine_dairy,0.6324,0.07827707199429468,5,0.27480000000000004,0.10288683103293637,5,0.2786,0.1098990445818343,5,0.799,0.08087335778858205,5,0.2118,0.07996999437288965,5,0.33140000000000003,0.11978230253255279,5,0.281,0.16167869371070515,5,0.9842000000000001,0.007596051605933184,5
KNN,KNN_n_neighbors=5_metric=euclidean,fine_dry,0.6102000000000001,0.04129406737050734,5,0.1832,0.08875640821935057,5,0.2016,0.08707927422756806,5,0.6622,0.05983059418056952,5,0.11100000000000002,0.04610856753359402,5,0.1994,0.12566144993592904,5,0.2872,0.1259511810186788,5,0.9328,0.06569398754832896,5
KNN,KNN_n_neighbors=21_metric=euclidean,fine_earthy,0.6414,0.03864324002979046,5,0.2742,0.04676216419286003,5,0.319,0.04868778080791934,5,0.7224,0.0518681019510065,5,0.2318,0.03502427729447106,5,0.3176,0.04566508513076487,5,0.3336,0.09121567847689341,5,0.9486000000000001,0.016652327164693777,5
KNN,KNN_n_neighbors=21_metric=cosine,fine_ethereal,0.8033999999999999,0.038383590243748704,5,0.5278,0.05557607398872284,5,0.5514,0.053374151047112676,5,0.9014,0.027618834153526454,5,0.5396000000000001,0.08117758311258105,5,0.484,0.060004166522000794,5,0.6506000000000001,0.08066783745706835,5,0.9564,0.01270039369468523,5
KNN,KNN_n_neighbors=21_metric=euclidean,fine_fatty,0.7554000000000001,0.012501999840025623,5,0.4934,0.026857028875138064,5,0.5564,0.02176694742034349,5,0.8398,0.014956603892595401,5,0.517,0.046243918519087435,5,0.5349999999999999,0.03006659275674582,5,0.58,0.02136586061922148,5,0.9308,0.007918333157931631,5
KNN,KNN_n_neighbors=21_metric=cosine,fine_fermented,0.665,0.03825571852677716,5,0.4024,0.08084738709445101,5,0.4056,0.07893224942949492,5,0.8337999999999999,0.03411304735727958,5,0.3676,0.02718087562975115,5,0.517,0.11201562391023849,5,0.3406,0.07775474262062734,5,0.9896,0.005941380311005181,5
KNN,KNN_n_neighbors=21_metric=cosine,fine_fishy,0.6832,0.05363487671282557,5,0.4422,0.09541593158377693,5,0.4282,0.0919004896613723,5,0.851,0.0488006147502262,5,0.3912,0.09088289167934747,5,0.5730000000000001,0.19771064715892261,5,0.3724,0.11011493994912773,5,0.9938,0.006760177512462222,5
KNN,KNN_n_neighbors=21_metric=cosine,fine_floral,0.7544000000000001,0.021337759957408872,5,0.4742,0.025762375666851838,5,0.5942000000000001,0.016558985476169748,5,0.8404,0.016318700928689187,5,0.5696,0.042027372032997744,5,0.542,0.07662571369977575,5,0.6824,0.10026614583198058,5,0.8268000000000001,0.0667360472308632,5
KNN,KNN_n_neighbors=21_metric=euclidean,fine_fresh,0.6454,0.04505885040699558,5,0.2274,0.02607297451385246,5,0.3084,0.026782456944798784,5,0.7386,0.013464768843169933,5,0.248,0.011575836902790224,5,0.2572,0.051828563553314874,5,0.466,0.17975399856470511,5,0.8246,0.09236774328736196,5
KNN,KNN_n_neighbors=21_metric=cosine,fine_fruit skin,0.562,0.060315835400000864,5,0.08099999999999999,0.09380565014965783,5,0.08299999999999999,0.09272000862812729,5,0.6946,0.048921365475628344,5,0.069,0.04870318264754369,5,0.06839999999999999,0.09174584459254817,5,0.149,0.13721151555172037,5,0.975,0.02667395733669827,5
KNN,KNN_n_neighbors=21_metric=cosine,fine_fruity,0.7544000000000001,0.00896102672688798,5,0.502,0.019039432764659775,5,0.6991999999999999,0.011344602240713446,5,0.836,0.00624499799839841,5,0.7614,0.013501851724856155,5,0.6704,0.029108418026406017,5,0.733,0.034197953155123174,5,0.7758,0.03270626851232038,5
KNN,KNN_n_neighbors=21_metric=cosine,fine_garlic,0.8034000000000001,0.05866685606030038,5,0.5158,0.06933757999815106,5,0.5208,0.0629460086105545,5,0.9471999999999999,0.035625833323586965,5,0.5508,0.09731238359016803,5,0.4508,0.052270450543304106,5,0.6258,0.12004040986267915,5,0.9812,0.003962322551231797,5
KNN,KNN_n_neighbors=11_metric=cosine,fine_gassy,0.6672,0.1400489200243972,5,0.20600000000000002,0.19502563934006215,5,0.1908,0.1945294322204226,5,0.773,0.14095211953000208,5,0.1518,0.12268333220124077,5,0.15100000000000002,0.16776024558875685,5,0.3584,0.28650619539549227,5,0.9763999999999999,0.024419254697881324,5
KNN,KNN_n_neighbors=5_metric=cosine,fine_geranium,0.5968,0.04007742506698751,5,0.22679999999999997,0.07140868294542338,5,0.2184,0.05828207271537277,5,0.7666000000000001,0.0479301575211265,5,0.1502,0.061255203860570075,5,0.3052,0.17784740650344047,5,0.20060000000000003,0.08369468322420487,5,0.9932000000000001,0.004764451699828649,5
KNN,KNN_n_neighbors=21_metric=cosine,fine_grape,0.6198,0.03955628900693289,5,0.41340000000000005,0.05863275535057172,5,0.3498,0.08621890743914586,5,0.7876,0.055369666786066196,5,0.3114,0.060735492094820445,5,0.7866,0.22923306916760505,5,0.2412,0.08048105367103489,5,0.998,0.0023452078799117235,5
KNN,KNN_n_neighbors=5_metric=cosine,fine_grapefruit,0.6984,0.0894192373038375,5,0.32320000000000004,0.08014174941938815,5,0.316,0.08124346127535433,5,0.7546,0.04831976821136459,5,0.2732,0.11277278040378359,5,0.29700000000000004,0.10375210841231133,5,0.4162,0.1934985788061504,5,0.9805999999999999,0.017256882684888383,5
KNN,KNN_n_neighbors=21_metric=cosine,fine_grassy,0.5254000000000001,0.02428579831918239,5,0.028800000000000003,0.027653209578636616,5,0.0356,0.033049962178495755,5,0.6736000000000001,0.06913248151194927,5,0.0416,0.030021658848238215,5,0.0232,0.021695621678117453,5,0.0774,0.07323114091696237,5,0.9738,0.027444489428663097,5
KNN,KNN_n_neighbors=21_metric=cosine,fine_green,0.7146,0.029971653274385775,5,0.39859999999999995,0.06414280941773598,5,0.5940000000000001,0.03967996975805298,5,0.7924,0.02998833106393219,5,0.6254,0.04432042418569575,5,0.5098,0.06373931282968148,5,0.7192000000000001,0.0342666018157622,5,0.7104,0.06724804829881678,5
KNN,KNN_n_neighbors=21_metric=euclidean,fine_hawthorn,0.6788000000000001,0.20759865124802712,5,0.1966,0.1944422793530255,5,0.1704,0.15701847025111407,5,0.8422000000000001,0.17458579552758577,5,0.2132,0.1729731192989246,5,0.12079999999999999,0.11118093361723493,5,0.3684,0.4220009478662341,5,0.9896,0.008203657720797503,5
KNN,KNN_n_neighbors=21_metric=cosine,fine_hay,0.6083999999999999,0.09430959654245163,5,0.131,0.09101098834756165,5,0.1324,0.07018760574346442,5,0.7362,0.10395046897441111,5,0.0656,0.023490423580684962,5,0.09319999999999999,0.041751646674113345,5,0.2524,0.19955525550583725,5,0.9652,0.017908098726553877,5
KNN,KNN_n_neighbors=11_metric=euclidean,fine_hazelnut,0.6944,0.07308419801844994,5,0.34080000000000005,0.10241435446264358,5,0.3366,0.11399254361579972,5,0.8385999999999999,0.06366553227610683,5,0.29000000000000004,0.1093503543661382,5,0.3226,0.09668660713873457,5,0.3996,0.1498375787311047,5,0.9896,0.007266360849833967,5
KNN,KNN_n_neighbors=11_metric=cosine,fine_herbal,0.6596,0.019629060089571274,5,0.2964,0.03527463678055379,5,0.4102,0.027453597214208564,5,0.7388,0.02595573154430447,5,0.344,0.02440286868382487,5,0.3776,0.04299185969459801,5,0.46020000000000005,0.07130708239719254,5,0.859,0.05036367738757763,5
KNN,KNN_n_neighbors=11_metric=cosine,fine_honey,0.6522,0.09799846937580199,5,0.2664,0.04058694371346529,5,0.2514,0.052295315277756986,5,0.7992,0.02995329698046606,5,0.2492,0.072716573076569,5,0.3296,0.16376293842014436,5,0.3456,0.2399787490591615,5,0.9586,0.045014442126944096,5
KNN,KNN_n_neighbors=21_metric=cosine,fine_hyacinth,0.615,0.09604426063019073,5,0.183,0.11406138698087097,5,0.1664,0.11486862060632573,5,0.8528,0.04079460748677451,5,0.16519999999999999,0.04742045971940803,5,0.20940000000000003,0.18804733446661773,5,0.24619999999999997,0.20851426809693385,5,0.9843999999999999,0.019359752064528106,5
KNN,KNN_n_neighbors=21_metric=euclidean,fine_jasmin,0.6528,0.0993866188176255,5,0.2746,0.15840864875378494,5,0.25379999999999997,0.12539218476444214,5,0.8164,0.05371498859722487,5,0.3142,0.0824542297277708,5,0.343,0.37382081268971634,5,0.3298,0.21289598399218335,5,0.9753999999999999,0.019501282009139833,5
KNN,KNN_n_neighbors=21_metric=cosine,fine_juicy,0.5614,0.07348333144326,5,0.0654,0.07854807445125565,5,0.0668,0.0673030459934764,5,0.6900000000000001,0.07519640948875156,5,0.0356,0.021407942451342678,5,0.04240000000000001,0.04330473415228409,5,0.158,0.15261716810372283,5,0.9652,0.018740330840195978,5
KNN,KNN_n_neighbors=5_metric=euclidean,fine_ketonic,0.8033999999999999,0.047589914898011704,5,0.5176000000000001,0.0578299230502687,5,0.5078,0.07501799784051824,5,0.8832000000000001,0.061560539308878746,5,0.3506,0.07507862545358703,5,0.46340000000000003,0.1351158761952125,5,0.6144000000000001,0.09844947942980704,5,0.9924,0.004037325847637313,5
KNN,KNN_n_neighbors=11_metric=euclidean,fine_lactonic,0.7398,0.10493188266680441,5,0.32480000000000003,0.10975290428959046,5,0.3108,0.0938706556917549,5,0.8211999999999999,0.08128468490435331,5,0.21600000000000003,0.07813769896791178,5,0.2314,0.06364982325191486,5,0.501,0.2130797972591489,5,0.9782,0.007496665925596532,5
KNN,KNN_n_neighbors=21_metric=euclidean,fine_lavender,0.6876,0.15106885847189025,5,0.2546,0.13491219366684393,5,0.22679999999999997,0.12515470426635988,5,0.7732,0.1560150633753036,5,0.2124,0.1363425832232909,5,0.22480000000000003,0.09510888496875568,5,0.3886,0.308535735369503,5,0.9874,0.012361229712289958,5
KNN,KNN_n_neighbors=21_metric=cosine,fine_leafy,0.5908,0.021288494545176298,5,0.1654,0.021349473061413018,5,0.1852,0.014788509052639492,5,0.6866,0.03444270604932196,5,0.0974,0.03058267483396442,5,0.183,0.06330876716537764,5,0.2118,0.053166718913244974,5,0.9698,0.014342245291445843,5
KNN,KNN_n_neighbors=11_metric=cosine,fine_leathery,0.6364000000000001,0.10986264151202625,5,0.22999999999999998,0.1380489043781225,5,0.23120000000000002,0.13064914848555273,5,0.7024,0.07343228172949552,5,0.16319999999999998,0.08695228576639029,5,0.2102,0.0734350052767752,5,0.2834,0.22374829608289756,5,0.9894000000000001,0.006308724118234997,5
KNN,KNN_n_neighbors=5_metric=cosine,fine_lemon,0.657,0.10478310932588326,5,0.2496,0.11595387013808552,5,0.24939999999999998,0.10748860404712679,5,0.764,0.060917977642072095,5,0.14479999999999998,0.07554932163825166,5,0.2254,0.09037864792084467,5,0.335,0.22570777567465417,5,0.9785999999999999,0.021255587500702056,5
KNN,KNN_n_neighbors=5_metric=cosine,fine_lily,0.6266,0.07935237866630085,5,0.1742,0.06669482738563763,5,0.16060000000000002,0.0682883591836852,5,0.7003999999999999,0.07663093370173697,5,0.1312,0.07728971471030281,5,0.17099999999999999,0.11299778758896122,5,0.2872,0.17837796949175086,5,0.9663999999999999,0.025822470834527062,5
KNN,KNN_n_neighbors=21_metric=euclidean,fine_malty,0.52,0.04472135954999578,5,0.0892,0.19945726359298124,5,0.0666,0.14892212730148602,5,0.8182,0.06039619193293566,5,0.41579999999999995,0.0840368966585511,5,0.2,0.4472135954999579,5,0.04,0.0894427190999916,5,1.0,0.0,5
KNN,KNN_n_neighbors=21_metric=cosine,fine_meaty,0.7545999999999999,0.05258611984164644,5,0.4648,0.036887667315784564,5,0.493,0.029681644159311675,5,0.9118,0.017655027612552766,5,0.4758,0.04073941580337157,5,0.45999999999999996,0.049086658065099514,5,0.5522,0.12001541567648714,5,0.9568,0.01602186006679619,5
KNN,KNN_n_neighbors=21_metric=euclidean,fine_medicinal,0.6732,0.0473782650589909,5,0.3294,0.06012320683396719,5,0.3332,0.05531003525581953,5,0.8346,0.03870788033462952,5,0.246,0.04504442251822083,5,0.3338,0.10024071029277476,5,0.358,0.09831327479033544,5,0.9890000000000001,0.0050000000000000044,5
KNN,KNN_n_neighbors=11_metric=euclidean,fine_melon,0.6799999999999999,0.043017438324474855,5,0.327,0.04238513890504548,5,0.333,0.04597281805589038,5,0.8022,0.017991664736760716,5,0.2638,0.02824358334206196,5,0.33799999999999997,0.13328540805354502,5,0.3868,0.10074323798647727,5,0.9732,0.018281137820168655,5
KNN,KNN_n_neighbors=21_metric=cosine,fine_metallic,0.612,0.06931810730249348,5,0.1476,0.058011205814049414,5,0.15899999999999997,0.051088159097779196,5,0.7272000000000001,0.0664281566807329,5,0.0998,0.030400657887618157,5,0.1262,0.027743467699622562,5,0.276,0.17423547285211471,5,0.9480000000000001,0.0372155881318568,5
KNN,KNN_n_neighbors=11_metric=cosine,fine_milky,0.5854,0.03539491488900626,5,0.20939999999999998,0.08211150954646979,5,0.2084,0.07913469529858569,5,0.6921999999999999,0.022196846622887633,5,0.13620000000000002,0.06822169742831088,5,0.2848,0.12417608465401056,5,0.1812,0.07446274236153272,5,0.9902,0.00909395403551172,5
KNN,KNN_n_neighbors=11_metric=cosine,fine_mint,0.716,0.051860389508757064,5,0.3956,0.05064385451365249,5,0.4162,0.0541174648334528,5,0.8602000000000001,0.033229504961705306,5,0.3748,0.07144018477019778,5,0.3994,0.08064924054199146,5,0.46900000000000003,0.12256834827964355,5,0.9629999999999999,0.02335594142825335,5
KNN,KNN_n_neighbors=21_metric=cosine,fine_muguet,0.6586000000000001,0.14572336806428815,5,0.19140000000000001,0.14192533248155523,5,0.1748,0.11996332772976916,5,0.7982,0.07296368959969064,5,0.1426,0.1030281514926867,5,0.1352,0.08000437488037764,5,0.33819999999999995,0.307826574551321,5,0.9795999999999999,0.01934683436637632,5
KNN,KNN_n_neighbors=11_metric=cosine,fine_mushroom,0.6796,0.06362625244346869,5,0.23879999999999998,0.10676469453897201,5,0.2394,0.10687516081859244,5,0.7984,0.07943739673478732,5,0.2324,0.0852689861555771,5,0.177,0.08996388164146765,5,0.41100000000000003,0.12934063553268943,5,0.9484,0.0452139359047628,5
KNN,KNN_n_neighbors=5_metric=cosine,fine_musk,0.7846,0.059613756801597424,5,0.6094,0.08632091287747139,5,0.5926,0.09929149006838404,5,0.8577999999999999,0.04552691511622547,5,0.5762,0.06413423422790673,5,0.7074,0.24151770121463145,5,0.5796,0.1343234901273787,5,0.9902,0.016361540269791256,5
KNN,KNN_n_neighbors=21_metric=cosine,fine_musty,0.6262000000000001,0.054815143892906065,5,0.16240000000000002,0.0648251494406299,5,0.18860000000000002,0.06208300894769841,5,0.7238,0.015449919093639304,5,0.12179999999999999,0.025538206671573478,5,0.13879999999999998,0.047735730852266206,5,0.354,0.15835403373454054,5,0.8987999999999999,0.06813369210603516,5
KNN,KNN_n_neighbors=11_metric=cosine,fine_natural,0.5556,0.058926225061512294,5,0.0436,0.04167493251344266,5,0.047599999999999996,0.03332866633995426,5,0.5932000000000001,0.07473085038991596,5,0.0364,0.016410362579784763,5,0.028000000000000004,0.018694919095839913,5,0.1916,0.16908074993919325,5,0.9193999999999999,0.060314177437813046,5
KNN,KNN_n_neighbors=11_metric=cosine,fine_nutty,0.7081999999999999,0.01430734077318358,5,0.4258,0.02948219801846532,5,0.46559999999999996,0.026763781496642054,5,0.8315999999999999,0.016056151469141033,5,0.4126,0.041271055232450726,5,0.4808,0.056737994324790854,5,0.45640000000000003,0.034746222816300486,5,0.9597999999999999,0.012153188881935484,5
KNN,KNN_n_neighbors=21_metric=cosine,fine_odorless,0.885,0.03576310948449537,5,0.6990000000000001,0.06091387362497972,5,0.7036,0.07037968456877311,5,0.9428000000000001,0.030744105126023744,5,0.766,0.05933801479658717,5,0.6532,0.1257843392477776,5,0.79,0.08215838362577495,5,0.9798,0.015401298646542782,5
KNN,KNN_n_neighbors=11_metric=cosine,fine_oily,0.688,0.022704625079485386,5,0.3442,0.01792205345377588,5,0.3968,0.014342245291445826,5,0.7934,0.012700393694685216,5,0.333,0.018152134860671344,5,0.3654,0.02786216072023132,5,0.4418,0.060524375254933455,5,0.9338,0.01804716044146552,5
KNN,KNN_n_neighbors=21_metric=cosine,fine_onion,0.8122,0.04773573085226619,5,0.5650000000000001,0.041719300090006274,5,0.5738000000000001,0.04158365063339194,5,0.9470000000000001,0.024738633753705892,5,0.5952,0.061912841963521606,5,0.5334,0.09189287241130294,5,0.6474,0.10480124045067406,5,0.9768000000000001,0.012296340919151537,5
KNN,KNN_n_neighbors=11_metric=cosine,fine_orange,0.687,0.08955445270895242,5,0.23479999999999998,0.08476850830349679,5,0.22800000000000004,0.06949100661236678,5,0.8375999999999999,0.05636310850192701,5,0.18280000000000002,0.056512830401599955,5,0.16399999999999998,0.03501428280002319,5,0.4152,0.19513764372872808,5,0.9586,0.017854971296532556,5
KNN,KNN_n_neighbors=11_metric=cosine,fine_orangeflower,0.7716000000000001,0.10584564232881764,5,0.39699999999999996,0.12948165893283883,5,0.37859999999999994,0.12140345958826708,5,0.8472,0.05384886256923169,5,0.2886,0.16472795755426584,5,0.3022,0.10216261547160976,5,0.5514,0.21214216931105423,5,0.9916,0.0023021728866442614,5
KNN,KNN_n_neighbors=21_metric=euclidean,fine_orris,0.6278,0.06247159354458631,5,0.2616,0.14208729710991055,5,0.2684,0.1399796413768802,5,0.7976,0.050446010744160885,5,0.1794,0.05036169179048695,5,0.28040000000000004,0.16603854974071536,5,0.26480000000000004,0.12330125709010432,5,0.9911999999999999,0.0037013511046643994,5
KNN,KNN_n_neighbors=5_metric=euclidean,fine_ozone,0.6532,0.10358426521436544,5,0.167,0.08016545390628062,5,0.13579999999999998,0.06449573629318453,5,0.671,0.08711199687758282,5,0.1202,0.07786976306628908,5,0.1322,0.11946840586531654,5,0.33320000000000005,0.21769979329342506,5,0.9730000000000001,0.015231546211727823,5
KNN,KNN_n_neighbors=21_metric=euclidean,fine_peach,0.6274,0.10202107625388003,5,0.19619999999999999,0.11392629196107455,5,0.187,0.10766150658429409,5,0.7904,0.05388227909062495,5,0.1672,0.030962881002904105,5,0.20220000000000002,0.16137440937149855,5,0.2822,0.23410724038354727,5,0.9725999999999999,0.03348581789355011,5
KNN,KNN_n_neighbors=21_metric=cosine,fine_pear,0.7578,0.07740930176664819,5,0.3452,0.06560640212662176,5,0.33680000000000004,0.051664301021111254,5,0.8602000000000001,0.043597018246664565,5,0.28959999999999997,0.037125462960076315,5,0.24779999999999996,0.029961642144582152,5,0.563,0.1700191165722255,5,0.9526,0.020007498594277074,5
KNN,KNN_n_neighbors=21_metric=euclidean,fine_phenolic,0.7068000000000001,0.05535973265831402,5,0.4598,0.11410828190801928,5,0.4702,0.110910774949957,5,0.8878,0.03964467177313998,5,0.488,0.10814573500605561,5,0.54,0.14540288855452627,5,0.4288,0.11282375636363115,5,0.9852000000000001,0.010473776778220936,5
KNN,KNN_n_neighbors=11_metric=euclidean,fine_pine,0.7529999999999999,0.08901966074974675,5,0.46699999999999997,0.10933663612897551,5,0.4668,0.10526727886670201,5,0.8884000000000001,0.09032884367686768,5,0.368,0.12240506525466993,5,0.4514,0.10606271729500424,5,0.5154,0.1802145943035691,5,0.9906,0.0032863353450310107,5
KNN,KNN_n_neighbors=21_metric=cosine,fine_pineapple,0.693,0.038268786236304864,5,0.34340000000000004,0.057604687309280624,5,0.368,0.056995613866331854,5,0.8676,0.03427535557802427,5,0.32880000000000004,0.06464673232267815,5,0.3356,0.07438279370929811,5,0.4234,0.08310114319309934,5,0.9623999999999999,0.011392980294900905,5
KNN,KNN_n_neighbors=5_metric=cosine,fine_plum,0.5694,0.06924810466720371,5,0.08940000000000001,0.0619862888064772,5,0.087,0.05318364410229897,5,0.6556,0.03715238888685359,5,0.0878,0.04026412795529042,5,0.0824,0.06275189240174354,5,0.16440000000000002,0.1637705712269454,5,0.9742,0.028560462181134262,5
KNN,KNN_n_neighbors=11_metric=euclidean,fine_popcorn,0.6944,0.13915746476563884,5,0.41580000000000006,0.2194976081874242,5,0.393,0.21463224361684338,5,0.8800000000000001,0.03824264635194592,5,0.4426,0.20495194558725222,5,0.5096,0.32491891296137254,5,0.393,0.2788323869280611,5,0.9962,0.003701351104664354,5
KNN,KNN_n_neighbors=21_metric=cosine,fine_potato,0.6768,0.13827400334119205,5,0.20459999999999998,0.16143977205137525,5,0.1854,0.14451574308704226,5,0.842,0.06131068422387733,5,0.1928,0.1655919684042677,5,0.1268,0.1003179943978148,5,0.374,0.2844617724756702,5,0.9800000000000001,0.012864680330268635,5
KNN,KNN_n_neighbors=11_metric=cosine,fine_powdery,0.6176,0.09538763022530748,5,0.18380000000000002,0.06845582517215026,5,0.189,0.060864603835069864,5,0.77,0.0442944691807002,5,0.1738,0.07561216833288145,5,0.2004,0.04531335344023878,5,0.28080000000000005,0.23410724038354733,5,0.954,0.044328320518603,5
KNN,KNN_n_neighbors=21_metric=euclidean,fine_pungent,0.6578,0.03475197836095087,5,0.3156,0.03951328890386118,5,0.33540000000000003,0.031389488686501425,5,0.8356,0.027125633633152284,5,0.3246,0.03906148998694239,5,0.3556,0.102397753881616,5,0.34540000000000004,0.08313422881100181,5,0.9705999999999999,0.01514265498517352,5
KNN,KNN_n_neighbors=5_metric=euclidean,fine_radish,0.6584,0.05887953804166606,5,0.5124000000000001,0.13455965219931273,5,0.4566,0.14220337548736317,5,0.7532,0.053326353709962214,5,0.3712,0.11708842812165512,5,0.85,0.14897818632269624,5,0.3176,0.11717636280410823,5,0.9994,0.0005477225575051797,5
KNN,KNN_n_neighbors=21_metric=cosine,fine_raspberry,0.5357999999999999,0.03526613106083512,5,0.0784,0.10995135287935297,5,0.0712,0.09141498783022399,5,0.6557999999999999,0.04327470392735229,5,0.051000000000000004,0.04063249930782009,5,0.1202,0.214301656549827,5,0.082,0.07860979582723772,5,0.99,0.01385640646055102,5
KNN,KNN_n_neighbors=21_metric=cosine,fine_ripe,0.6152,0.06468152750206199,5,0.1366,0.06406871311334417,5,0.13540000000000002,0.06630460014207158,5,0.7646,0.07030860544769751,5,0.0738,0.023605084198112913,5,0.1076,0.052775941488522965,5,0.28200000000000003,0.16425285385648555,5,0.9484,0.04435989179427739,5
KNN,KNN_n_neighbors=21_metric=cosine,fine_roasted,0.797,0.051327380607235344,5,0.48760000000000003,0.036889022757454565,5,0.5076,0.03706480810688223,5,0.9186,0.022456624857711785,5,0.4638,0.048303209003129406,5,0.4338,0.0955939328618715,5,0.6554,0.12903991630499456,5,0.9388,0.028393661264444193,5
KNN,KNN_n_neighbors=21_metric=cosine,fine_rose,0.7346,0.06384982380555175,5,0.39,0.07231182475916369,5,0.4258,0.06641310111717416,5,0.865,0.032372828112477346,5,0.40040000000000003,0.044646388431764564,5,0.3626,0.04385544435985114,5,0.5378000000000001,0.14459840939650756,5,0.9314,0.022108821768696746,5
KNN,KNN_n_neighbors=21_metric=euclidean,fine_rummy,0.6326,0.06874081756860329,5,0.2612,0.08816575298833443,5,0.2656,0.09328611901027935,5,0.819,0.044039754767709605,5,0.23820000000000002,0.12198032628256082,5,0.28500000000000003,0.06977463722585736,5,0.2774,0.1442161572085458,5,0.9878,0.0062609903369993825,5
KNN,KNN_n_neighbors=11_metric=euclidean,fine_sandalwood,0.719,0.11562222969654233,5,0.5254,0.26898011078888334,5,0.5134000000000001,0.25776403938486064,5,0.8646,0.0897234640436937,5,0.44239999999999996,0.2536460131758432,5,0.6484,0.36173235962517925,5,0.4412,0.2296632317111296,5,0.9978,0.0022803508501982555,5
KNN,KNN_n_neighbors=21_metric=euclidean,fine_savory,0.7302,0.03303331651530015,5,0.31179999999999997,0.018267457403809674,5,0.3094,0.02439877046082443,5,0.8276,0.02690353136671837,5,0.1794,0.01947562579225634,5,0.22820000000000001,0.040702579770820424,5,0.5076,0.08072360249641986,5,0.9526,0.01583666631586329,5
KNN,KNN_n_neighbors=21_metric=cosine,fine_sharp,0.6064,0.07067389900097483,5,0.1462,0.08003874061977738,5,0.1534,0.07913785440609315,5,0.76,0.0730376615178772,5,0.1162,0.0564331462883295,5,0.12840000000000001,0.05674768717754055,5,0.2564,0.16867216723573572,5,0.9561999999999999,0.039188008369908274,5
KNN,KNN_n_neighbors=21_metric=cosine,fine_smoky,0.7452,0.06252359554600169,5,0.40800000000000003,0.10369426213634003,5,0.395,0.09575750623319303,5,0.8938,0.022521101216414846,5,0.3306,0.07350034013526738,5,0.3794,0.2283633070350839,5,0.5067999999999999,0.13103129397208899,5,0.9842000000000001,0.009391485505499132,5
KNN,KNN_n_neighbors=11_metric=euclidean,fine_soapy,0.5551999999999999,0.08123853765301295,5,0.0508,0.08249060552572032,5,0.047599999999999996,0.07348673349659789,5,0.7156,0.08729432971275967,5,0.05820000000000001,0.031956220051814636,5,0.0308,0.05000699951006859,5,0.135,0.18674849396983098,5,0.9756,0.030319960422137714,5
KNN,KNN_n_neighbors=21_metric=euclidean,fine_solvent,0.63,0.07374279625834648,5,0.263,0.11862546101069535,5,0.2538,0.11111795534475967,5,0.8714000000000001,0.04527471700629397,5,0.26020000000000004,0.10040268920701277,5,0.31079999999999997,0.19182205295533672,5,0.27,0.1538392017659998,5,0.9904,0.008961026726887922,5
KNN,KNN_n_neighbors=11_metric=cosine,fine_sour,0.6841999999999999,0.036636047821783355,5,0.3752,0.07917512235544698,5,0.38079999999999997,0.07809417391841726,5,0.7308,0.02398332754227404,5,0.2586,0.08174533625840685,5,0.3996,0.11475539203017869,5,0.3774,0.07440967679005198,5,0.991,0.004743416490252518,5
KNN,KNN_n_neighbors=21_metric=cosine,fine_spicy,0.6704,0.027898028604186324,5,0.302,0.03094349689353159,5,0.36839999999999995,0.029177045772319048,5,0.79,0.01823458252881053,5,0.32720000000000005,0.03997123966053593,5,0.3328,0.05679524627994846,5,0.4372,0.09604790471426225,5,0.9034000000000001,0.0477210645312948,5
KNN,KNN_n_neighbors=11_metric=cosine,fine_strawberry,0.6104,0.0643179601666595,5,0.11240000000000001,0.039696347439027696,5,0.1028,0.04078847876545532,5,0.6534,0.07287523584867492,5,0.0672,0.016037456157383563,5,0.07599999999999998,0.04471576903062274,5,0.2686,0.1730023121232777,5,0.9526,0.0465059136024656,5
KNN,KNN_n_neighbors=11_metric=euclidean,fine_sulfurous,0.8746,0.027978563222581666,5,0.6774,0.03348581789355007,5,0.6990000000000001,0.03035621847332109,5,0.9645999999999999,0.011928956366757289,5,0.694,0.04668511540094979,5,0.6344,0.07820358048069151,5,0.791,0.0655972560401729,5,0.9581999999999999,0.013935566009315902,5
KNN,KNN_n_neighbors=5_metric=euclidean,fine_sweaty,0.6176,0.0669425126507812,5,0.1032,0.06287845417947231,5,0.0846,0.05203172109396344,5,0.6302000000000001,0.04726732486612713,5,0.10980000000000001,0.07774123744834527,5,0.051000000000000004,0.0326266762021509,5,0.2664,0.14892212730148602,5,0.969,0.017102631376487116,5
KNN,KNN_n_neighbors=21_metric=euclidean,fine_sweet,0.658,0.023526580712037174,5,0.288,0.03984344362627307,5,0.5312,0.021323695739716403,5,0.7213999999999999,0.028209927330640205,5,0.4922000000000001,0.029456747953567442,5,0.40679999999999994,0.026252618916976653,5,0.7699999999999999,0.04984475900232638,5,0.5456000000000001,0.07110414896474045,5
KNN,KNN_n_neighbors=21_metric=cosine,fine_tea,0.5398,0.047892588153074386,5,0.0524,0.06463590333553015,5,0.060399999999999995,0.062058843044323665,5,0.6752,0.07178927496499735,5,0.0526,0.04260633755675322,5,0.044199999999999996,0.044974437183804755,5,0.0988,0.10452607330231056,5,0.9808,0.015205262246998589,5
KNN,KNN_n_neighbors=21_metric=cosine,fine_terpenic,0.693,0.1417197939597712,5,0.3068,0.1378103769677741,5,0.2822,0.14609825460969753,5,0.873,0.10390139556329359,5,0.24939999999999998,0.13897769605228028,5,0.31260000000000004,0.15150676552550385,5,0.3972,0.29378172169146266,5,0.9888,0.013026895255585686,5
KNN,KNN_n_neighbors=21_metric=cosine,fine_tobacco,0.6322,0.0919711911415743,5,0.1722,0.10476258874235592,5,0.1728,0.10176541652251024,5,0.7994,0.055890965280624726,5,0.23620000000000002,0.12462824719942105,5,0.1352,0.08936833891261492,5,0.3046,0.2172206251717364,5,0.9593999999999999,0.036773631857623196,5
KNN,KNN_n_neighbors=21_metric=cosine,fine_tomato,0.622,0.13700364958642525,5,0.1286,0.15272949944264205,5,0.11120000000000001,0.13058215804618944,5,0.7986,0.13270192161381839,5,0.18439999999999998,0.1682120685325521,5,0.0712,0.08514517015074902,5,0.2584,0.28025042372849324,5,0.9858,0.00993478736561583,5
KNN,KNN_n_neighbors=21_metric=cosine,fine_tropical,0.6786,0.03721961848273034,5,0.2938,0.052494761643424946,5,0.35,0.04710095540432273,5,0.7754000000000001,0.017572706109191046,5,0.279,0.04339930875025546,5,0.2934,0.05478412178724781,5,0.45499999999999996,0.09385094565320053,5,0.9026,0.03715238888685357,5
KNN,KNN_n_neighbors=21_metric=cosine,fine_vanilla,0.7136,0.053031122937384594,5,0.5058,0.04373442579936313,5,0.497,0.06568865959965996,5,0.8888,0.024651571957990837,5,0.5214000000000001,0.056941197739422314,5,0.636,0.13558023454766555,5,0.434,0.10916959283610067,5,0.9936,0.003646916505762111,5
KNN,KNN_n_neighbors=21_metric=cosine,fine_vegetable,0.7048,0.05188159596619982,5,0.3426,0.05986484778231715,5,0.378,0.05707451270050406,5,0.8246,0.030468016016800274,5,0.3032,0.0763360989309776,5,0.3228,0.04117887808088025,5,0.4704,0.12068471319931119,5,0.9388,0.020179197209007012,5
KNN,KNN_n_neighbors=5_metric=cosine,fine_vetiver,0.5992,0.07041093665049489,5,0.2854,0.17918928539396545,5,0.2544,0.16445911345985056,5,0.733,0.0867179335547152,5,0.1886,0.0840969678407016,5,0.4692,0.3842807567391321,5,0.2008,0.14253666195053116,5,0.9984,0.0018165902124585148,5
KNN,KNN_n_neighbors=11_metric=cosine,fine_violet,0.7358,0.07059532562429328,5,0.4582,0.12458812142415501,5,0.4614,0.12653181418125642,5,0.8392,0.0561444565384687,5,0.3468,0.08491878472988175,5,0.4598,0.13226564179710465,5,0.47919999999999996,0.14146094867489048,5,0.9928000000000001,0.0016431676725155203,5
KNN,KNN_n_neighbors=21_metric=euclidean,fine_warm,0.526,0.02715695122800054,5,0.09559999999999999,0.08625137680060534,5,0.0688,0.03993369504566288,5,0.5636,0.05804136456011348,5,0.044599999999999994,0.021489532335534897,5,0.31020000000000003,0.40628155262083954,5,0.0726,0.08058721983044209,5,0.9795999999999999,0.032408332261935326,5
KNN,KNN_n_neighbors=21_metric=cosine,fine_waxy,0.77,0.041200728148905345,5,0.4466,0.03893969696851788,5,0.4984,0.02881492668739591,5,0.8736,0.01567801007781281,5,0.47400000000000003,0.039993749511642425,5,0.4124,0.025870832997798892,5,0.64,0.10380992245445521,5,0.8998000000000002,0.024335159748807886,5
KNN,KNN_n_neighbors=21_metric=euclidean,fine_weedy,0.5,0.0,5,0.0,0.0,5,0.0,0.0,5,0.5554,0.07250724101770803,5,0.0128,0.004207136793592525,5,0.0,0.0,5,0.0,0.0,5,1.0,0.0,5
KNN,KNN_n_neighbors=11_metric=cosine,fine_winey,0.694,0.08798579430794497,5,0.3224,0.07025524891422705,5,0.3366,0.0718387082289207,5,0.8472,0.03282072515956949,5,0.2698,0.05817817460182124,5,0.3168,0.07306298652532621,5,0.4372,0.20694008794817884,5,0.951,0.03477067730142739,5
KNN,KNN_n_neighbors=21_metric=euclidean,fine_woody,0.7727999999999999,0.027307508125056012,5,0.4866,0.028023204670415545,5,0.5584,0.02278815481779952,5,0.8497999999999999,0.020437710243566918,5,0.5764,0.04106458328048634,5,0.493,0.042148546831415196,5,0.653,0.07286631594914071,5,0.8928,0.022720035211240337,5
LR,LR_C=0.01,fine_alcoholic,0.8550000000000001,0.050650765048516296,5,0.5292,0.041901073971916294,5,0.5126,0.06299841267841595,5,0.9629999999999999,0.01930025906561879,5,0.4952,0.0670872566140545,5,0.413,0.11248555462813885,5,0.7358,0.11394823386081947,5,0.9747999999999999,0.013198484761517146,5
LR,LR_C=1,fine_aldehydic,0.6724,0.10072884393260949,5,0.31320000000000003,0.08563118590793893,5,0.3174,0.07028726769479661,5,0.8972,0.023815961034566735,5,0.3264,0.07276537638190296,5,0.32999999999999996,0.10001249921884764,5,0.3706,0.21959804188562337,5,0.9747999999999999,0.019639246421388014,5
LR,LR_C=0.1,fine_alliaceous,0.7634000000000001,0.05537869626489953,5,0.4142,0.05216991470186624,5,0.4154,0.05313002917371682,5,0.9621999999999999,0.009523654760647307,5,0.45,0.09370432220554185,5,0.346,0.0796492310069595,5,0.5572,0.12407135043997869,5,0.9696,0.01721336689901194,5
LR,LR_C=1,fine_almond,0.6140000000000001,0.0580430874437258,5,0.2152,0.08132465800727355,5,0.2234,0.08420985690523408,5,0.8960000000000001,0.025475478405714055,5,0.2378,0.09553899727336476,5,0.22680000000000003,0.061283766202804485,5,0.2432,0.12091608660554642,5,0.9852000000000001,0.008167006795638188,5
LR,LR_C=0.01,fine_amber,0.682,0.07107390519733668,5,0.31920000000000004,0.059507982657791385,5,0.3196,0.06622159768534733,5,0.8884000000000001,0.0337312911107773,5,0.3004,0.08573389061508875,5,0.316,0.09197010383814952,5,0.3836,0.15140937883764002,5,0.9808,0.009984988733093303,5
LR,LR_C=0.01,fine_animal,0.6626,0.0361220154476463,5,0.3644,0.040691522458615376,5,0.3702,0.050186651611758296,5,0.7668,0.04301395122515489,5,0.2912,0.04575150270756142,5,0.438,0.08533170571364433,5,0.337,0.07622007609547503,5,0.9878,0.005805170109480036,5
LR,LR_C=0.01,fine_anisic,0.6728,0.06521656231357185,5,0.3312,0.08405771826548707,5,0.3336,0.07665702837966,5,0.8306000000000001,0.06939596530058503,5,0.35019999999999996,0.1874478594169589,5,0.3462,0.13162142682709377,5,0.35960000000000003,0.1367088146389983,5,0.986,0.008774964387392102,5
LR,LR_C=0.1,fine_apple,0.7912,0.051533484260236066,5,0.466,0.03006659275674584,5,0.4894,0.0178969271105405,5,0.9208000000000001,0.0173262806164508,5,0.471,0.030174492539229228,5,0.4008,0.03192491190277586,5,0.6476,0.12276115020640692,5,0.9347999999999999,0.020583974348992937,5
LR,LR_C=0.1,fine_apricot,0.5782,0.036711033763706505,5,0.127,0.04125530268947253,5,0.134,0.044412835982404905,5,0.849,0.034416565778706054,5,0.13240000000000002,0.05067839776472811,5,0.1274,0.04566508513076483,5,0.17980000000000002,0.08408150807401114,5,0.9772000000000001,0.014289856542317018,5
LR,LR_C=0.1,fine_aromatic,0.6,0.06164819543182099,5,0.11579999999999999,0.024509181952892672,5,0.1038,0.03302574753128232,5,0.6849999999999999,0.07433707016018322,5,0.0588,0.02141728274081472,5,0.1244,0.12091650011474861,5,0.2714,0.21706634930361732,5,0.9283999999999999,0.10106582013717597,5
LR,LR_C=1,fine_balsamic,0.749,0.09768572055321086,5,0.383,0.08873837952092657,5,0.3936,0.09308490747699115,5,0.8728,0.03896408602803359,5,0.41859999999999997,0.09932925047537605,5,0.3496,0.11504042767653466,5,0.5818,0.24150093167522146,5,0.9156000000000001,0.05531093924351669,5
LR,LR_C=0.1,fine_banana,0.6910000000000001,0.06631364867054143,5,0.3492,0.09257807515821442,5,0.356,0.09807140255956372,5,0.8976000000000001,0.031125552203936896,5,0.29860000000000003,0.10930370533518066,5,0.3534,0.11901386473852534,5,0.4042,0.14331329317268512,5,0.9776,0.015469324484281795,5
LR,LR_C=0.1,fine_beefy,0.7198,0.10136666118601323,5,0.2258,0.06826931960990969,5,0.19019999999999998,0.05133906894364174,5,0.906,0.040249223594996185,5,0.251,0.16406553568620072,5,0.13140000000000002,0.027327641683833608,5,0.4694,0.21982333816044192,5,0.97,0.021459263733874908,5
LR,LR_C=0.01,fine_bergamot,0.6658,0.12175877791765156,5,0.36660000000000004,0.28948626910442576,5,0.353,0.2796462050520264,5,0.9586,0.031165686259089467,5,0.41319999999999996,0.29162767358397246,5,0.44000000000000006,0.40452997416755165,5,0.3358,0.24418783753495998,5,0.9964000000000001,0.0054129474410897545,5
LR,LR_C=1,fine_berry,0.6242,0.022642879675518326,5,0.172,0.04972423956180727,5,0.19,0.05591511423577708,5,0.7582,0.045800655017150096,5,0.1644,0.03584410690755176,5,0.1552,0.08159473022199412,5,0.34740000000000004,0.14195703575378005,5,0.9012,0.10791061115571536,5
LR,LR_C=0.01,fine_bitter,0.5424,0.027418971534322698,5,0.1292,0.09094063998015409,5,0.11499999999999999,0.0728766080440082,5,0.7456,0.042553495743593135,5,0.10980000000000001,0.03444851230459742,5,0.23820000000000002,0.2089167298231523,5,0.0906,0.05945838881099958,5,0.994,0.007905694150420953,5
LR,LR_C=10,fine_black currant,0.686,0.11656543226874765,5,0.2894,0.12745509012981787,5,0.2758,0.12731732011003058,5,0.8718,0.013179529581893274,5,0.2384,0.13000499990384984,5,0.2578,0.11226620150339103,5,0.382,0.2391599882923563,5,0.9904,0.007503332592921621,5
LR,LR_C=1,fine_brandy,0.6348,0.10834297393001541,5,0.16040000000000001,0.08517511373634906,5,0.1488,0.05751695402227068,5,0.8554,0.10400624981221081,5,0.15860000000000002,0.16634692663226455,5,0.10699999999999998,0.03394112549695428,5,0.28700000000000003,0.22176000541125537,5,0.983,0.0051478150704935026,5
LR,LR_C=0.01,fine_burnt,0.7026,0.04735820942561068,5,0.2844,0.0419618874694645,5,0.298,0.04489432035347011,5,0.8678000000000001,0.02053533540023147,5,0.2524,0.062472393903227355,5,0.22600000000000003,0.05000499975002499,5,0.4742,0.1288902634026326,5,0.9305999999999999,0.03925302536111065,5
LR,LR_C=0.01,fine_buttery,0.6868000000000001,0.06555303196649259,5,0.3538,0.05796291918114545,5,0.3652,0.059738597238301466,5,0.8902000000000001,0.03925812017914257,5,0.2922,0.05920895202585501,5,0.36360000000000003,0.03491131621695177,5,0.39459999999999995,0.14164674369712843,5,0.9792,0.011366617790706274,5
LR,LR_C=1,fine_cabbage,0.7485999999999999,0.12571117690961298,5,0.306,0.09219273290232806,5,0.27799999999999997,0.06963117118072912,5,0.892,0.052311566598602234,5,0.2584,0.09140185993731201,5,0.20400000000000001,0.042801869118065404,5,0.5168,0.2612138970269384,5,0.9808,0.011562871615649816,5
LR,LR_C=0.01,fine_camphoreous,0.7102,0.09715297216246137,5,0.3558,0.10863562951444614,5,0.36219999999999997,0.09247540213483801,5,0.9289999999999999,0.025327850283827846,5,0.43339999999999995,0.13737648998282057,5,0.33080000000000004,0.11822732340707034,5,0.44719999999999993,0.20224663161595546,5,0.9736,0.013088162590677107,5
LR,LR_C=1,fine_caramellic,0.7462,0.08143218037115302,5,0.43079999999999996,0.0792287826487319,5,0.4474,0.08340743372146156,5,0.8981999999999999,0.012617448236470017,5,0.49820000000000003,0.04543897005875027,5,0.414,0.041024382993532046,5,0.5306,0.17676198686369196,5,0.9613999999999999,0.015501612819316571,5
LR,LR_C=0.01,fine_cedar,0.7088,0.07697532072034521,5,0.3024,0.06978753470355575,5,0.29300000000000004,0.05860460732741071,5,0.93,0.043092922852830486,5,0.2556,0.07779974293016655,5,0.22999999999999998,0.036918829883949476,5,0.4324,0.15799145546516116,5,0.986,0.005049752469181062,5
LR,LR_C=0.01,fine_celery,0.6328,0.09278308035412493,5,0.2488,0.15329285697644232,5,0.253,0.15090725628676707,5,0.7226,0.13732370516411213,5,0.2494,0.1610971756425295,5,0.2424,0.1269066586117529,5,0.2726,0.18491836036478365,5,0.9934,0.001516575088810299,5
LR,LR_C=0.1,fine_chamomile,0.6768,0.06016394268995344,5,0.3708,0.1650324210571971,5,0.37,0.16072803115822704,5,0.8789999999999999,0.061473571557214696,5,0.34140000000000004,0.18909336318337563,5,0.4018,0.22703898343676576,5,0.358,0.11794278273807177,5,0.9958,0.0027748873851023348,5
LR,LR_C=10,fine_cheesy,0.7014,0.059395286008234675,5,0.40380000000000005,0.08209872106190207,5,0.4206,0.0861817846183287,5,0.9016,0.03058267483396441,5,0.3886,0.0885200542250173,5,0.43620000000000003,0.07192496089675686,5,0.42460000000000003,0.12367012573778678,5,0.978,0.008774964387392135,5
LR,LR_C=0.01,fine_cherry,0.6275999999999999,0.08787377310665562,5,0.2084,0.07705387725481438,5,0.20600000000000002,0.07035623639735145,5,0.8964000000000001,0.025343638254994128,5,0.1862,0.08067031672182774,5,0.20620000000000002,0.05729048786666072,5,0.2754,0.18794759908016917,5,0.9802,0.015594870951694349,5
LR,LR_C=10,fine_chocolate,0.6567999999999999,0.05103626161857863,5,0.2366,0.055648899360185015,5,0.233,0.05853204250664759,5,0.8661999999999999,0.020909328061896253,5,0.1494,0.01887591057406237,5,0.20400000000000001,0.09054832963671942,5,0.3362,0.11096485930239357,5,0.9773999999999999,0.012381437719424977,5
LR,LR_C=0.01,fine_cinnamon,0.739,0.13206627124288775,5,0.375,0.11773487163962933,5,0.3548,0.10710835635000662,5,0.9416,0.031020960655659877,5,0.38839999999999997,0.19080697052256765,5,0.343,0.1717876596266449,5,0.495,0.2782157436235412,5,0.9826,0.015725775020646864,5
LR,LR_C=0.1,fine_citrus,0.7452,0.01657407614318217,5,0.4286,0.031341665558805264,5,0.472,0.03142451272494134,5,0.8710000000000001,0.014882876066137198,5,0.39980000000000004,0.04932747712989182,5,0.41400000000000003,0.05055689863905816,5,0.5564,0.0392466559084975,5,0.9339999999999999,0.014265342617687086,5
LR,LR_C=0.1,fine_clean,0.6258,0.06649210479447919,5,0.1912,0.11867897876203688,5,0.20020000000000002,0.11601594717968733,5,0.76,0.048399380161320234,5,0.1224,0.06461656134459647,5,0.1672,0.12378085473933356,5,0.286,0.1325084902940185,5,0.9658,0.018102486017119265,5
LR,LR_C=0.1,fine_clove,0.729,0.09361356739276631,5,0.34500000000000003,0.10790273397833809,5,0.335,0.09776246723564212,5,0.9202,0.057198776210684775,5,0.2866,0.11269560772275021,5,0.2684,0.06329928909553406,5,0.4668,0.18930715781501764,5,0.9916,0.0027928480087537847,5
LR,LR_C=1,fine_cocoa,0.7046,0.05568033764265443,5,0.3326,0.0838379389059631,5,0.3388,0.08248151308020482,5,0.8503999999999999,0.051631385803598176,5,0.2762,0.07098380096895347,5,0.2944,0.10617108834329618,5,0.4378,0.1178800237529667,5,0.9709999999999999,0.0154919333848297,5
LR,LR_C=0.01,fine_coconut,0.7036,0.08917566932745725,5,0.40099999999999997,0.10301941564578981,5,0.3948,0.11514642851604213,5,0.9246000000000001,0.014275853739794305,5,0.4226,0.10206272581114029,5,0.4391999999999999,0.1225712037959977,5,0.4182,0.18343718270841386,5,0.9890000000000001,0.007176350047203664,5
LR,LR_C=0.1,fine_coffee,0.7565999999999999,0.04318333011707176,5,0.371,0.024155744658362326,5,0.36619999999999997,0.0363414364052936,5,0.9262,0.01400714103591446,5,0.33740000000000003,0.07878324695009718,5,0.28700000000000003,0.06981403870282826,5,0.5468,0.10135926203361978,5,0.9662,0.01591225942473285,5
LR,LR_C=0.01,fine_cognac,0.7687999999999999,0.07242030102119153,5,0.43100000000000005,0.09161058890761482,5,0.4304,0.09386586173897303,5,0.944,0.019646882704388444,5,0.3982,0.1119004021440495,5,0.3646,0.08755169901264054,5,0.5631999999999999,0.1532308715631416,5,0.9747999999999999,0.01617714437099453,5
LR,LR_C=0.01,fine_cooked,0.6494,0.10980346078334689,5,0.168,0.08564169545262401,5,0.158,0.06272559286288173,5,0.7992,0.06711333697559674,5,0.1368,0.0440817422523203,5,0.11599999999999999,0.03352610922848042,5,0.3456,0.2514861825230166,5,0.9532,0.03374462920228932,5
LR,LR_C=0.01,fine_cooling,0.719,0.09169787347588819,5,0.258,0.11941524190822543,5,0.24100000000000002,0.10707707504410081,5,0.8623999999999998,0.05191627875724533,5,0.2618,0.11186911995720714,5,0.16160000000000002,0.07604472368284339,5,0.4806,0.17631590966217428,5,0.9570000000000001,0.008366600265340782,5
LR,LR_C=0.1,fine_cortex,0.5814,0.06451976441370498,5,0.094,0.11541230437002806,5,0.09559999999999999,0.11559757782929535,5,0.7288,0.05015675428095403,5,0.0512,0.050191632768819154,5,0.07759999999999999,0.11768092453749672,5,0.2294,0.12415031212204018,5,0.9334,0.03426076473168685,5
LR,LR_C=10,fine_coumarinic,0.7030000000000001,0.06036555309114628,5,0.33039999999999997,0.08515456535030873,5,0.3312,0.0827629144001104,5,0.9054,0.026884940022250375,5,0.29159999999999997,0.12005332148674605,5,0.2782,0.0735098632837798,5,0.4192,0.12300691037498664,5,0.9872,0.00286356421265523,5
LR,LR_C=0.01,fine_creamy,0.627,0.061351446600711845,5,0.27399999999999997,0.08337865434270333,5,0.2826,0.08260629515963054,5,0.7836000000000001,0.027781288667014698,5,0.259,0.05750217387195027,5,0.3508,0.13882795107614318,5,0.2792,0.13847996244944608,5,0.9753999999999999,0.0191520233917986,5
LR,LR_C=1,fine_cucumber,0.738,0.098066304100848,5,0.3396,0.06918670392495946,5,0.3238,0.06235543280260351,5,0.9618,0.03110787681600915,5,0.3924,0.17050747784188233,5,0.2618,0.06342081677178243,5,0.4902,0.20673824029433938,5,0.9853999999999999,0.011844830095868857,5
LR,LR_C=0.1,fine_dairy,0.6936,0.047342370029393344,5,0.2868,0.0652816972818569,5,0.2948,0.06258354416298266,5,0.8300000000000001,0.07092954250522138,5,0.19,0.047355041970206284,5,0.23020000000000002,0.056940319633806066,5,0.4242,0.09640383809786827,5,0.9625999999999999,0.010830512453249851,5
LR,LR_C=0.01,fine_dry,0.6052,0.055997321364508114,5,0.1548,0.054572887041093955,5,0.1806,0.040697665780729975,5,0.7214,0.05647388777125229,5,0.1538,0.09698298819896199,5,0.14300000000000002,0.01656804152578089,5,0.2616,0.12268577749682318,5,0.9484,0.012581732790041267,5
LR,LR_C=0.01,fine_earthy,0.6288,0.020608250774871717,5,0.24300000000000002,0.04818194682658641,5,0.2918,0.04448820068287772,5,0.744,0.023674881203503445,5,0.2332,0.024097717734258575,5,0.284,0.07678215938614907,5,0.3228,0.06815570408997325,5,0.9346,0.04004122875237471,5
LR,LR_C=0.01,fine_ethereal,0.7398,0.04176960617482521,5,0.499,0.03547534355013354,5,0.5196,0.03578826623350172,5,0.915,0.01590597372058688,5,0.5606,0.08274841388207994,5,0.5606,0.09808312800884766,5,0.507,0.09781104232140665,5,0.9725999999999999,0.015883954167649858,5
LR,LR_C=0.01,fine_fatty,0.7784,0.03662376277773765,5,0.5189999999999999,0.031733263305244855,5,0.5766,0.029804362096847503,5,0.8638,0.010709808588392258,5,0.5194,0.044196153678798776,5,0.539,0.038774991940682554,5,0.6312,0.08875922487268578,5,0.9252,0.01754137964927497,5
LR,LR_C=0.01,fine_fermented,0.6514,0.042370980635335814,5,0.27080000000000004,0.03361101010085831,5,0.28600000000000003,0.03425638626592128,5,0.8644000000000001,0.01774260409297354,5,0.2592,0.039372579290668765,5,0.2746,0.06287924935938724,5,0.3324,0.09824103012489231,5,0.9705999999999999,0.016180234856144705,5
LR,LR_C=0.1,fine_fishy,0.735,0.04953281740422204,5,0.4338,0.10077053140675599,5,0.4194,0.11064492758368999,5,0.9128000000000001,0.04025791847574835,5,0.433,0.09149590154755569,5,0.458,0.24422018753575633,5,0.48740000000000006,0.11440410831783969,5,0.9823999999999999,0.02016928357676594,5
LR,LR_C=0.1,fine_floral,0.7662,0.013971399357258385,5,0.4856,0.031855925665407986,5,0.608,0.024566236993076522,5,0.8496,0.014099645385611679,5,0.5934,0.02865833212174081,5,0.5336000000000001,0.04419049671592295,5,0.7116,0.041955929259164304,5,0.8208,0.03810118108405563,5
LR,LR_C=0.01,fine_fresh,0.6588,0.024066574330386135,5,0.23399999999999999,0.02044504830026087,5,0.324,0.017874562931719493,5,0.7556,0.015142654985173516,5,0.26,0.017392527130926067,5,0.24020000000000002,0.0193183850256692,5,0.512,0.08767268673880138,5,0.8056000000000001,0.04216989447461303,5
LR,LR_C=0.01,fine_fruit skin,0.5700000000000001,0.037993420483025724,5,0.0978,0.06637921361390174,5,0.1048,0.06506304634736987,5,0.7222,0.07250310338185532,5,0.0988,0.07296368959969063,5,0.0788,0.054669004015072374,5,0.1686,0.06287924935938723,5,0.9718,0.014237275020171572,5
LR,LR_C=0.1,fine_fruity,0.7644,0.014046351839534729,5,0.52,0.02769476484825244,5,0.712,0.019557607215607925,5,0.8492,0.0041472882706655705,5,0.7856,0.011081516141756046,5,0.6708000000000001,0.040714862151307825,5,0.7644,0.05650929127143602,5,0.764,0.055776339069537356,5
LR,LR_C=100,fine_garlic,0.8423999999999999,0.03729343105695697,5,0.5324,0.06213533616228366,5,0.5266,0.06420903363234806,5,0.9709999999999999,0.016837458240482734,5,0.5978,0.11036394338732196,5,0.4248,0.08117080756035387,5,0.7091999999999999,0.07521768409091036,5,0.975,0.007874007874011818,5
LR,LR_C=0.1,fine_gassy,0.6862,0.15521501216055097,5,0.21339999999999998,0.15382230007381895,5,0.18919999999999998,0.1268905039788242,5,0.9362,0.06757366350879612,5,0.23500000000000001,0.17804915051749054,5,0.1338,0.0861086522946446,5,0.387,0.3183967650589434,5,0.9858,0.008786353054595526,5
LR,LR_C=1,fine_geranium,0.6407999999999999,0.10121610543782052,5,0.186,0.11896007733689483,5,0.1802,0.1055210879398047,5,0.8428000000000001,0.06490531565288007,5,0.1662,0.09325609899625867,5,0.1382,0.08700402289549604,5,0.3016,0.20912986396017189,5,0.9804,0.007127411872482206,5
LR,LR_C=0.01,fine_grape,0.6696,0.05047078362775833,5,0.3968,0.10342968626076365,5,0.367,0.09974216761229926,5,0.8625999999999999,0.05972687837146691,5,0.3544,0.0657061640943983,5,0.5586,0.31534790311654204,5,0.3534,0.12012202129501487,5,0.9856,0.023426480742954142,5
LR,LR_C=0.1,fine_grapefruit,0.6606,0.04844378185071846,5,0.3434,0.09511992430610951,5,0.3406,0.08612955358063802,5,0.8772,0.0652816972818569,5,0.30260000000000004,0.15590638216570865,5,0.4008,0.18610937644299383,5,0.3306,0.10173150937639723,5,0.9904,0.007635443667528438,5
LR,LR_C=0.1,fine_grassy,0.5406000000000001,0.07038323664055243,5,0.054400000000000004,0.08923172081720715,5,0.0646,0.08086902991875196,5,0.7772,0.05668950520158031,5,0.08120000000000001,0.060619303856115005,5,0.0496,0.05733498059649101,5,0.1014,0.14783199924238324,5,0.9794,0.009289779329994865,5
LR,LR_C=0.1,fine_green,0.7208,0.011945710527214352,5,0.40780000000000005,0.0189525723847714,5,0.5992,0.016574076143182168,5,0.7952,0.01425482374496439,5,0.6178,0.018939376969689396,5,0.51,0.017262676501632098,5,0.73,0.05423559716643678,5,0.7118,0.03821910517005861,5
LR,LR_C=0.01,fine_hawthorn,0.6754,0.1472185450274523,5,0.2602,0.21344132683245765,5,0.2488,0.20537088401231565,5,0.9346,0.06927337150738372,5,0.2546,0.20590726067819945,5,0.2132,0.20627821019196382,5,0.3584,0.2963018730956657,5,0.9926,0.004219004621945797,5
LR,LR_C=0.01,fine_hay,0.635,0.08002187201009484,5,0.1806,0.07277224745739272,5,0.172,0.06232575711533715,5,0.7981999999999999,0.08389100070925369,5,0.1236,0.0399787443524681,5,0.1552,0.0884940675977774,5,0.3028,0.16736994951304732,5,0.967,0.021130546609115456,5
LR,LR_C=0.1,fine_hazelnut,0.7596,0.08392437071554364,5,0.2852,0.06540795058706549,5,0.251,0.10241826009066939,5,0.8914,0.09223231537807126,5,0.3076,0.0822088802989069,5,0.18919999999999998,0.11171705330879436,5,0.5564,0.2005213205621786,5,0.9629999999999999,0.03582596823534571,5
LR,LR_C=0.01,fine_herbal,0.6876,0.015043270920913418,5,0.29500000000000004,0.035440090293338715,5,0.4156000000000001,0.03045160094313596,5,0.77,0.024889756929307276,5,0.3792,0.03122819239085095,5,0.3132,0.04002749055336843,5,0.6298,0.05929755475565583,5,0.7454,0.07365663581782701,5
LR,LR_C=0.1,fine_honey,0.6446,0.09820539700036858,5,0.3126,0.09112244509449909,5,0.30920000000000003,0.0882082762556893,5,0.8305999999999999,0.04011608156338302,5,0.34540000000000004,0.1610133534834922,5,0.4016,0.11233788319173546,5,0.30700000000000005,0.21102132593650338,5,0.9823999999999999,0.015836666315863356,5
LR,LR_C=0.01,fine_hyacinth,0.6588,0.07856016802426019,5,0.21879999999999997,0.10554003979533075,5,0.21080000000000002,0.10230444760615248,5,0.8652000000000001,0.04940850129279375,5,0.13779999999999998,0.04777760981882623,5,0.1702,0.10838219410954919,5,0.3376,0.16168271398019024,5,0.9805999999999999,0.00850294066779255,5
LR,LR_C=0.01,fine_jasmin,0.6768,0.06706489394608778,5,0.3114,0.10461500848348673,5,0.3204,0.10300388342193703,5,0.8646,0.05729136060524307,5,0.301,0.12503599481749247,5,0.2952,0.10607874433645978,5,0.37520000000000003,0.13940480622991447,5,0.9788,0.014686728703152383,5
LR,LR_C=0.01,fine_juicy,0.6186,0.09323518649093807,5,0.10540000000000001,0.07844934671493448,5,0.09240000000000001,0.0692841973324365,5,0.8396000000000001,0.03276888768328882,5,0.09140000000000001,0.05920135133592814,5,0.0596,0.048562331080787294,5,0.2942,0.2358245110246176,5,0.9436,0.05945838881099958,5
LR,LR_C=0.1,fine_ketonic,0.7868,0.09926076767786958,5,0.4286,0.1476255397957955,5,0.4166,0.14226840829924262,5,0.9410000000000001,0.030116440692751212,5,0.3948,0.0716289047801235,5,0.3262,0.1153373313372561,5,0.5854,0.19788835236061775,5,0.9882,0.0025884358211089634,5
LR,LR_C=0.1,fine_lactonic,0.6668000000000001,0.05831980795578807,5,0.2864,0.0853598266165062,5,0.2922,0.0839952379602558,5,0.9103999999999999,0.05075726548977992,5,0.269,0.13242545072605946,5,0.2578,0.06676226479082326,5,0.3478,0.12000708312428895,5,0.986,0.007810249675906654,5
LR,LR_C=0.1,fine_lavender,0.6538,0.10769029668452029,5,0.1682,0.09841849419697499,5,0.1496,0.07407293702831014,5,0.8276,0.07386338741216789,5,0.15460000000000002,0.10172659435958721,5,0.10500000000000001,0.04810405388322278,5,0.329,0.2164566931282098,5,0.9792,0.009284395510748118,5
LR,LR_C=0.01,fine_leafy,0.5711999999999999,0.05715942616926798,5,0.11500000000000002,0.07810249675906654,5,0.1226,0.07884351590333855,5,0.7098,0.0300283199663251,5,0.0996,0.03332116444543917,5,0.15360000000000001,0.15008930674768275,5,0.1836,0.14227192273952016,5,0.9587999999999999,0.03270626851232038,5
LR,LR_C=0.01,fine_leathery,0.7190000000000001,0.0987395564097794,5,0.2464,0.08449733723615202,5,0.21939999999999998,0.08102653886227645,5,0.8141999999999999,0.08436942574179344,5,0.1626,0.08483984912763577,5,0.1572,0.06400937431345506,5,0.4692,0.21101113714683406,5,0.9692000000000001,0.01867351065011613,5
LR,LR_C=10,fine_lemon,0.703,0.053324478431579656,5,0.2852,0.06047892194806386,5,0.27999999999999997,0.07621351586168951,5,0.8710000000000001,0.03796709101313931,5,0.23899999999999996,0.0477336359394505,5,0.2218,0.07808136781588806,5,0.4364,0.12387211146985425,5,0.9698,0.021487205495363943,5
LR,LR_C=0.01,fine_lily,0.6526,0.11741720487219917,5,0.20700000000000002,0.1484048516727132,5,0.199,0.13879301135143657,5,0.8710000000000001,0.02888771365130862,5,0.1734,0.039348443425375794,5,0.16040000000000001,0.1295387972771092,5,0.3304,0.2471746346209497,5,0.9751999999999998,0.018912958520548816,5
LR,LR_C=0.1,fine_malty,0.7968,0.05059347784052799,5,0.4029999999999999,0.18817943564587497,5,0.3626,0.2260880359506004,5,0.9349999999999999,0.029874738492579312,5,0.534,0.12595038705776176,5,0.3484,0.30801103876322355,5,0.6264,0.13877607863028846,5,0.9678000000000001,0.04072714082770849,5
LR,LR_C=0.1,fine_meaty,0.7956000000000001,0.04359816509900389,5,0.52,0.028653097563788785,5,0.5448000000000001,0.02054750593137765,5,0.931,0.009999999999999955,5,0.5256000000000001,0.05705523639421712,5,0.48440000000000005,0.037017563399013714,5,0.6358,0.10000849963878074,5,0.9555999999999999,0.012700393694685256,5
LR,LR_C=0.01,fine_medicinal,0.6432,0.06041274699928818,5,0.278,0.08670640114778147,5,0.282,0.09670315403336127,5,0.8752000000000001,0.036265686261258076,5,0.2682,0.028804513535208322,5,0.2912,0.051910499901272396,5,0.29700000000000004,0.12483589227461786,5,0.9896,0.005176871642217974,5
LR,LR_C=0.1,fine_melon,0.6548,0.07146817473533235,5,0.25880000000000003,0.05103136290557013,5,0.263,0.058779248038742384,5,0.8656,0.03756727299126195,5,0.2352,0.05322311527898381,5,0.2602,0.06741439015521834,5,0.3396,0.16040199500006228,5,0.9698,0.01796385259347227,5
LR,LR_C=0.1,fine_metallic,0.6264,0.04811756436063654,5,0.1742,0.024529573987332104,5,0.1822,0.03244533864825577,5,0.747,0.04125530268947257,5,0.1292,0.02963443942442644,5,0.1584,0.0743121793517052,5,0.3116,0.1400546321975821,5,0.9410000000000001,0.04406245567373653,5
LR,LR_C=0.01,fine_milky,0.6314,0.05718653687713569,5,0.203,0.027267196408871975,5,0.2064,0.02123205124334434,5,0.7847999999999999,0.0438941909596247,5,0.1472,0.047065911230953564,5,0.18319999999999997,0.048375613691197764,5,0.29,0.13302067508474014,5,0.9730000000000001,0.020579115627256672,5
LR,LR_C=0.1,fine_mint,0.7108000000000001,0.040419054912256426,5,0.3882,0.03810774199555782,5,0.41340000000000005,0.036528071397214486,5,0.8664,0.014673104647619744,5,0.39,0.05840376700179535,5,0.3888,0.046959557067757784,5,0.4566,0.09147567982802858,5,0.9648,0.014096098751072976,5
LR,LR_C=0.01,fine_muguet,0.6832,0.12590949130228424,5,0.22719999999999999,0.11997791463431927,5,0.20539999999999997,0.10795971470877459,5,0.9099999999999999,0.030846393630374322,5,0.2512,0.135496125405858,5,0.1756,0.1537231277329472,5,0.3942,0.27073363293096775,5,0.9725999999999999,0.0222665668660438,5
LR,LR_C=0.1,fine_mushroom,0.6548,0.08274478835552122,5,0.22240000000000001,0.08597848568101206,5,0.2218,0.08061451482208398,5,0.8852,0.04774620403759864,5,0.18980000000000002,0.06397421355515048,5,0.1886,0.06255237805231709,5,0.3424,0.17706015926797308,5,0.9667999999999999,0.01699117417955571,5
LR,LR_C=0.1,fine_musk,0.7656,0.04853143311298355,5,0.5498000000000001,0.03256838958253843,5,0.5519999999999999,0.03579804463933748,5,0.8789999999999999,0.04047221268969612,5,0.5498000000000001,0.07530737015724291,5,0.5900000000000001,0.08577295611088614,5,0.5394,0.10204802790843143,5,0.9917999999999999,0.005495452665613621,5
LR,LR_C=0.01,fine_musty,0.637,0.06373382147651278,5,0.15360000000000001,0.043872542666228045,5,0.1664,0.04398067757549899,5,0.7494,0.01887591057406244,5,0.1324,0.011717508267545624,5,0.1246,0.029415982050579263,5,0.4064,0.20188437284742966,5,0.8676,0.0810820572013315,5
LR,LR_C=0.01,fine_natural,0.602,0.08331866537577279,5,0.08280000000000001,0.044611657669268466,5,0.07880000000000001,0.03232181925572878,5,0.7224,0.06764835548629398,5,0.0636,0.031053180191407126,5,0.0502,0.023815961034566718,5,0.3198,0.28526163429385315,5,0.8836,0.12628657885935463,5
LR,LR_C=0.01,fine_nutty,0.705,0.039635842365212816,5,0.4412,0.022873565528793275,5,0.47139999999999993,0.03779285646785647,5,0.8398,0.00580517010947998,5,0.46080000000000004,0.03797630840405636,5,0.5277999999999999,0.0647935181943379,5,0.44420000000000004,0.09366269267963635,5,0.966,0.015280706789936153,5
LR,LR_C=0.01,fine_odorless,0.8986000000000001,0.019320973060381857,5,0.665,0.06601514977639607,5,0.6674,0.06983408909694462,5,0.9747999999999999,0.013989281611290868,5,0.8044,0.07580435343698937,5,0.5642,0.09036426284765453,5,0.825,0.03535533905932735,5,0.9722,0.009654014708917733,5
LR,LR_C=0.01,fine_oily,0.6958,0.01797776404339537,5,0.3308,0.016858232410309197,5,0.3842,0.011410521460476724,5,0.8054,0.019806564568344467,5,0.3174,0.012340988615179918,5,0.3286,0.04418483902878906,5,0.47780000000000006,0.059251160326191085,5,0.9132,0.028030340704315364,5
LR,LR_C=0.1,fine_onion,0.8378,0.06003082541494829,5,0.5227999999999999,0.03825179734339287,5,0.5192,0.035702941055324844,5,0.9696,0.00931665175908169,5,0.5468,0.06485136852835105,5,0.425,0.0845310593805614,5,0.7144,0.1324152559186441,5,0.9616,0.01432829368766571,5
LR,LR_C=0.1,fine_orange,0.6792,0.029243802762294782,5,0.2612,0.042269374256073404,5,0.2658,0.043101044070880716,5,0.9046,0.026482069405543106,5,0.2266,0.06288720060552863,5,0.205,0.041109609582188934,5,0.39039999999999997,0.06083009123780762,5,0.9682000000000001,0.011344602240713453,5
LR,LR_C=0.1,fine_orangeflower,0.7859999999999999,0.04966387016735604,5,0.3848,0.09618055936622534,5,0.3592,0.10904448633470652,5,0.917,0.024929901724635762,5,0.26539999999999997,0.09258131560957641,5,0.2706,0.1100468082226831,5,0.5838,0.09854288406577111,5,0.9885999999999999,0.004722287581247041,5
LR,LR_C=0.01,fine_orris,0.6075999999999999,0.04744786612693978,5,0.1986,0.12514511576565823,5,0.1982,0.1247265007927345,5,0.8545999999999999,0.036170429911738695,5,0.164,0.07102112361825881,5,0.2144,0.17791093277255335,5,0.2332,0.09076177609544672,5,0.9823999999999999,0.012601587201618733,5
LR,LR_C=0.1,fine_ozone,0.608,0.10224480426897006,5,0.10740000000000001,0.10550497618596007,5,0.0934,0.08849745759059974,5,0.8328,0.06566353630440565,5,0.1726,0.11932853807870102,5,0.0598,0.0588956704690591,5,0.2354,0.2184943935207492,5,0.9812,0.019524343778985265,5
LR,LR_C=0.1,fine_peach,0.6599999999999999,0.08294576541331086,5,0.24939999999999998,0.08161678748884937,5,0.23959999999999998,0.10151502351868912,5,0.849,0.029706901555025922,5,0.197,0.08017480901130977,5,0.25420000000000004,0.12320998336173902,5,0.3606,0.2110492833439621,5,0.9593999999999999,0.05934475545488416,5
LR,LR_C=0.01,fine_pear,0.7292,0.0961597628948824,5,0.356,0.097082439194738,5,0.36160000000000003,0.08117758311258103,5,0.9108,0.028278967449325263,5,0.3026,0.06508302390024609,5,0.29619999999999996,0.05164010069703585,5,0.48900000000000005,0.20221523186941187,5,0.9696,0.01031018913502562,5
LR,LR_C=0.01,fine_phenolic,0.7612,0.08621020821225295,5,0.5072,0.0686927943819437,5,0.5142,0.06643192003848758,5,0.9164,0.030484422251372895,5,0.5206000000000001,0.08126684440779029,5,0.5274,0.0755003311251017,5,0.5422,0.18236830865037928,5,0.9802,0.010353743284435842,5
LR,LR_C=0.01,fine_pine,0.7482,0.07461367166947355,5,0.36760000000000004,0.06283549952057359,5,0.3584,0.05710341495917735,5,0.944,0.028469281690973496,5,0.3396,0.04601956105831518,5,0.28979999999999995,0.06158084117645682,5,0.5166000000000001,0.15438847107216264,5,0.9798,0.008642916174532774,5
LR,LR_C=1,fine_pineapple,0.7602,0.032614413991362785,5,0.4086,0.05479781017522506,5,0.4234,0.05544186144061183,5,0.9074,0.028130055101261337,5,0.3634,0.07217548060110164,5,0.3442,0.07308693453689244,5,0.5698000000000001,0.0710858635735686,5,0.9503999999999999,0.01774260409297348,5
LR,LR_C=1,fine_plum,0.6132,0.08750828532201964,5,0.12079999999999999,0.09423216011532369,5,0.11399999999999999,0.08441859984624242,5,0.7938000000000001,0.02372129844675453,5,0.11179999999999998,0.054361751259502294,5,0.0794,0.06770745896871333,5,0.27040000000000003,0.19404458250618595,5,0.9558,0.03769217425408091,5
LR,LR_C=0.1,fine_popcorn,0.8012,0.09236178863577732,5,0.45,0.09807650075323857,5,0.4346,0.08623688306055594,5,0.9858,0.00895544527089527,5,0.5608,0.1739531546135338,5,0.3436,0.0634176631546764,5,0.6108,0.1854513413270446,5,0.9916,0.0023021728866442627,5
LR,LR_C=1,fine_potato,0.7454,0.11028281824472931,5,0.275,0.0580689245638319,5,0.24539999999999998,0.07337097518774027,5,0.9076000000000001,0.057330620090837996,5,0.21259999999999998,0.13920416660430823,5,0.18180000000000002,0.06846678026605311,5,0.5244,0.24419008988900429,5,0.9666,0.028944775003444067,5
LR,LR_C=0.01,fine_powdery,0.6698000000000001,0.05654378834142615,5,0.2334,0.06791759713064058,5,0.2486,0.0623442058254013,5,0.8328,0.03651301137950688,5,0.203,0.06412877669190331,5,0.1852,0.050166722037621715,5,0.4058,0.1298988067689615,5,0.9342,0.02796783867230359,5
LR,LR_C=0.01,fine_pungent,0.736,0.03323401871576772,5,0.2986,0.027537247502246842,5,0.3034,0.023287335614019928,5,0.8664,0.01659216682654801,5,0.288,0.030975797003467077,5,0.2096,0.020305171754998786,5,0.561,0.08080532160693381,5,0.9114000000000001,0.01866279721799496,5
LR,LR_C=0.1,fine_radish,0.6744,0.06982692890282376,5,0.39,0.13639098210658945,5,0.38839999999999997,0.1318988248620889,5,0.8742000000000001,0.03983967871356398,5,0.3792,0.12156767662499764,5,0.45339999999999997,0.17104911575334145,5,0.3542,0.13972544506996568,5,0.9948,0.0031144823004794807,5
LR,LR_C=0.1,fine_raspberry,0.5938,0.10750209300288067,5,0.15599999999999997,0.1368283596335204,5,0.12279999999999999,0.10069111182224576,5,0.7724,0.08152177623187566,5,0.15860000000000002,0.17688640422598909,5,0.26539999999999997,0.41666509333036283,5,0.2042,0.21927767784250177,5,0.9833999999999999,0.015565988564816594,5
LR,LR_C=0.01,fine_ripe,0.6354,0.06189749591057783,5,0.1654,0.04174086726458855,5,0.16099999999999998,0.046502688094345684,5,0.8310000000000001,0.060749485594529924,5,0.1224,0.020731618364228106,5,0.12840000000000001,0.04127711230209788,5,0.31900000000000006,0.16143729432816942,5,0.9518000000000001,0.046906289556945355,5
LR,LR_C=0.01,fine_roasted,0.8088,0.05307259179651958,5,0.492,0.04526035793053344,5,0.5118,0.03647876094386975,5,0.931,0.011853269591129662,5,0.5035999999999999,0.02776328510821444,5,0.418,0.0451220566907139,5,0.6809999999999999,0.11865496196956951,5,0.937,0.01727715254317096,5
LR,LR_C=10,fine_rose,0.7108000000000001,0.07502133030012204,5,0.3862,0.07577400609707789,5,0.41,0.07615444832706754,5,0.8782,0.02275302177733764,5,0.434,0.05754997827975262,5,0.4194,0.14135522629177882,5,0.4806,0.1864746631582961,5,0.9408,0.0411424355137126,5
LR,LR_C=0.01,fine_rummy,0.6472,0.07118777985019618,5,0.22640000000000002,0.08360502377249826,5,0.23020000000000002,0.0817722446799646,5,0.8497999999999999,0.04515750214526928,5,0.1968,0.08447899147125278,5,0.194,0.05594193418179247,5,0.31880000000000003,0.152676782779832,5,0.9756,0.013483323032546521,5
LR,LR_C=0.1,fine_sandalwood,0.728,0.0961795196494555,5,0.4344,0.08343440537332306,5,0.4236000000000001,0.07873245836375237,5,0.9321999999999999,0.055585069937888885,5,0.40380000000000005,0.08467998582900212,5,0.4478,0.12687868221257662,5,0.4612,0.19354766854705333,5,0.9954000000000001,0.0026076809620810748,5
LR,LR_C=0.01,fine_savory,0.7114,0.11943743131866158,5,0.2688,0.13314540923366452,5,0.2602,0.12040224250403313,5,0.9099999999999999,0.011683321445547937,5,0.22799999999999998,0.044659825346725225,5,0.1916,0.06336244944760264,5,0.4704,0.2612093030502551,5,0.9526,0.02482539022855429,5
LR,LR_C=0.01,fine_sharp,0.643,0.04632493928760189,5,0.1804,0.03126179777300084,5,0.1834,0.02371286570619419,5,0.8061999999999999,0.0841795699680154,5,0.1224,0.02329806858947754,5,0.1326,0.02878888674471453,5,0.3366,0.11281311980439156,5,0.9498,0.022709029041330663,5
LR,LR_C=1,fine_smoky,0.7234,0.04304997096398556,5,0.346,0.0650807191109625,5,0.33520000000000005,0.07890627351484798,5,0.9216,0.032020306057250605,5,0.3032,0.08603022724600931,5,0.3012,0.15239652227003084,5,0.46699999999999997,0.09702834637362427,5,0.9795999999999999,0.013352902306240415,5
LR,LR_C=0.01,fine_soapy,0.5728000000000001,0.04231075513389002,5,0.13740000000000002,0.09851548101694474,5,0.14500000000000002,0.09737299420270489,5,0.8096,0.07267255327838698,5,0.129,0.11308403954581743,5,0.1418,0.11118992760137943,5,0.15899999999999997,0.0819176415676135,5,0.9869999999999999,0.010862780491200224,5
LR,LR_C=0.1,fine_solvent,0.7154,0.12618359639826407,5,0.298,0.09885848471426213,5,0.2852,0.07284710014818709,5,0.9208000000000001,0.02984459750105535,5,0.22199999999999998,0.09423640485502405,5,0.225,0.06698507296405672,5,0.44880000000000003,0.2595528847845849,5,0.9822,0.008378544026261378,5
LR,LR_C=10,fine_sour,0.642,0.03885871845545089,5,0.30460000000000004,0.04916096012081129,5,0.309,0.04576570768599564,5,0.8682000000000001,0.0430488095073488,5,0.2666,0.09441027486455066,5,0.34500000000000003,0.0731505297315064,5,0.2926,0.08083501716459272,5,0.9916,0.003507135583350006,5
LR,LR_C=0.01,fine_spicy,0.6642,0.018335757415498286,5,0.34500000000000003,0.033919021212293274,5,0.399,0.028319604517012587,5,0.8036,0.009235799911215033,5,0.3684,0.03752732337910608,5,0.42940000000000006,0.07018048161704221,5,0.3848,0.05629120712864487,5,0.9436,0.026235472170326925,5
LR,LR_C=0.1,fine_strawberry,0.5838,0.07243755931835365,5,0.0856,0.06649285675920384,5,0.0812,0.05399259208447025,5,0.8236000000000001,0.11417223830686686,5,0.11979999999999999,0.08325382874078525,5,0.0568,0.0385707142791004,5,0.20059999999999997,0.16161930577749675,5,0.9667999999999999,0.019942417105255857,5
LR,LR_C=0.01,fine_sulfurous,0.9228,0.0349671274199068,5,0.7407999999999999,0.03325206760488737,5,0.7548,0.028769775807259954,5,0.9789999999999999,0.003464101615137749,5,0.7365999999999999,0.01662227421263409,5,0.661,0.038548670534792745,5,0.8858,0.07624106505027327,5,0.9596,0.00920869154657708,5
LR,LR_C=0.01,fine_sweaty,0.6182000000000001,0.04157763822056273,5,0.22039999999999998,0.09899646458333751,5,0.21639999999999998,0.10486801228210631,5,0.8624,0.10500857107874575,5,0.1778,0.11537850753064889,5,0.2372,0.1473285444168916,5,0.24700000000000003,0.08792894858918764,5,0.9890000000000001,0.013546217184144121,5
LR,LR_C=0.01,fine_sweet,0.6702,0.016006248779773476,5,0.3162,0.02619541944691858,5,0.5354,0.02057425575810704,5,0.7373999999999999,0.015678010077812832,5,0.5162,0.015155856953666521,5,0.46399999999999997,0.025169425897306447,5,0.6416000000000001,0.07922941373000311,5,0.6984,0.06301428409495737,5
LR,LR_C=0.01,fine_tea,0.5506,0.03773989931094144,5,0.0602,0.026243094329747016,5,0.06639999999999999,0.019165072397463047,5,0.6662,0.07523097766213066,5,0.0444,0.018769656363396742,5,0.0508,0.021822007240398393,5,0.1322,0.09528221240084635,5,0.969,0.022671568097509254,5
LR,LR_C=0.01,fine_terpenic,0.7438,0.09354517625190516,5,0.3174,0.09069895258491135,5,0.2954,0.08241844453761549,5,0.9306000000000001,0.07651013004824912,5,0.3166,0.09654946918549061,5,0.2198,0.06626613011184522,5,0.5056,0.19098376894385555,5,0.9822,0.008228000972289729,5
LR,LR_C=0.01,fine_tobacco,0.6557999999999999,0.02007984063681779,5,0.2464,0.04311380289420084,5,0.25579999999999997,0.04902244383953129,5,0.795,0.014730919862656205,5,0.18039999999999998,0.08108205720133153,5,0.2138,0.06839005775695763,5,0.33740000000000003,0.0396080799837609,5,0.9736,0.00541294744108974,5
LR,LR_C=0.1,fine_tomato,0.7018,0.07654867732364816,5,0.2072,0.03594022815731698,5,0.175,0.03600694377477766,5,0.916,0.057122675007390905,5,0.187,0.09135918125727704,5,0.1222,0.03995872870850623,5,0.4356,0.17626202086666315,5,0.9678000000000001,0.03061372241332307,5
LR,LR_C=10,fine_tropical,0.6998,0.03138789575616688,5,0.3452,0.02792310870945426,5,0.39459999999999995,0.026604510895710896,5,0.806,0.011768602295939786,5,0.31579999999999997,0.03809461904258919,5,0.3484,0.059823072472082205,5,0.47940000000000005,0.0908889432219343,5,0.9202,0.03282834141408909,5
LR,LR_C=1,fine_vanilla,0.7506,0.0659150969050338,5,0.4944,0.051795752721627675,5,0.4936,0.06653044415904645,5,0.8756,0.027263528751795885,5,0.5136000000000001,0.06145974292168819,5,0.5226,0.11666319042440079,5,0.5136000000000001,0.13777808243693912,5,0.9878,0.006760177512462257,5
LR,LR_C=0.1,fine_vegetable,0.678,0.07407091196954448,5,0.296,0.03653080891521566,5,0.325,0.029958304357890497,5,0.8462,0.03628636107410054,5,0.3074,0.07437271004878067,5,0.29779999999999995,0.05512440475869105,5,0.43019999999999997,0.211706636646091,5,0.9262,0.06529701371425803,5
LR,LR_C=0.01,fine_vetiver,0.7243999999999999,0.053863716915935174,5,0.2732,0.05563901508833528,5,0.2468,0.07235813706833531,5,0.9231999999999999,0.043562598636904114,5,0.23020000000000002,0.057342828671072724,5,0.1844,0.08716822815682329,5,0.4678,0.11070094850542156,5,0.9818,0.009338094023943005,5
LR,LR_C=0.01,fine_violet,0.6888,0.09656966397373454,5,0.37239999999999995,0.12601309455766888,5,0.36619999999999997,0.1392648555810115,5,0.8997999999999999,0.05126109635971515,5,0.3708,0.13138188611829263,5,0.4048,0.09075626700123801,5,0.3854,0.19668324788857844,5,0.9926,0.004615192303685741,5
LR,LR_C=0.01,fine_warm,0.5182,0.03346938899950221,5,0.024399999999999998,0.049882862788737374,5,0.039,0.053916602266834285,5,0.6526,0.06593405796703249,5,0.0462,0.014737706741552432,5,0.0316,0.043362426131387063,5,0.05620000000000001,0.08454111425809338,5,0.9805999999999999,0.018862661530123524,5
LR,LR_C=0.01,fine_waxy,0.7894,0.04586719960930685,5,0.4946,0.013011533345459307,5,0.5374000000000001,0.007300684899377599,5,0.8942,0.008613942186943207,5,0.508,0.031874754901018494,5,0.4662,0.06680344302504176,5,0.6686,0.13338403202782553,5,0.9108,0.04143307857256083,5
LR,LR_C=10,fine_weedy,0.5498000000000001,0.10166464478863828,5,0.026999999999999996,0.051850747342733636,5,0.027000000000000003,0.028913664589601918,5,0.629,0.13396454754896908,5,0.0258,0.01953714411064217,5,0.0172,0.020462160198766895,5,0.19319999999999998,0.26209483016648766,5,0.9061999999999999,0.0820774024930127,5
LR,LR_C=10,fine_winey,0.6926,0.0924218588863046,5,0.3038,0.11073933357213236,5,0.3268,0.10257290090467364,5,0.8886,0.012300406497347954,5,0.2858,0.06238349140598016,5,0.2722,0.054883513007095305,5,0.43600000000000005,0.20195048898182938,5,0.9488,0.018033302526159728,5
LR,LR_C=0.01,fine_woody,0.7738,0.02274203157151976,5,0.489,0.019987496091306685,5,0.5602,0.016099689437998443,5,0.8596,0.022897598127314595,5,0.5966,0.05954242185198719,5,0.4958,0.046305507231861755,5,0.6548,0.07263401407054411,5,0.8924,0.03072946468782042,5
RF,RF_n_estimators=100_max_features=log2,fine_alcoholic,0.8166,0.05588201857485104,5,0.5831999999999999,0.10467903323970852,5,0.5822,0.10668270712725655,5,0.942,0.02396872962841373,5,0.6614,0.06436847054265002,5,0.5612,0.17916947284624132,5,0.646,0.11424753826669527,5,0.9872,0.007854934754662198,5
RF,RF_n_estimators=300_max_features=sqrt,fine_aldehydic,0.716,0.0732563990378998,5,0.37439999999999996,0.09497789216444004,5,0.3848,0.08832157154398917,5,0.9046,0.04565413453346806,5,0.387,0.08609587678861282,5,0.3512,0.10984853207940469,5,0.4588,0.15534220289412665,5,0.9732,0.01235718414526549,5
RF,RF_n_estimators=300_max_features=log2,fine_alliaceous,0.8112,0.06594467378037445,5,0.43620000000000003,0.03830404678359714,5,0.42060000000000003,0.05542833210552163,5,0.9632,0.004969909455915644,5,0.4586,0.03884327483619267,5,0.329,0.09524967191544545,5,0.6618,0.15047159200327478,5,0.9606,0.019475625792256333,5
RF,RF_n_estimators=300_max_features=log2,fine_almond,0.6768,0.057608159144343425,5,0.3632,0.08140454532764126,5,0.3652,0.0827629144001104,5,0.915,0.03133687923198479,5,0.3416,0.06921199318037302,5,0.4013999999999999,0.12501919852566645,5,0.3648,0.11848080013234212,5,0.9888,0.00676017751246223,5
RF,RF_n_estimators=300_max_features=log2,fine_amber,0.7203999999999999,0.05119863279424559,5,0.4218,0.04774096773212712,5,0.4168,0.05175615905377832,5,0.9196,0.016395121225535346,5,0.3876,0.06375186271788456,5,0.45119999999999993,0.19002552460130193,5,0.457,0.11654827326048206,5,0.9836,0.014536161804272847,5
RF,RF_n_estimators=300_max_features=sqrt,fine_animal,0.6524,0.0374205825716276,5,0.3392,0.0942507294401481,5,0.3482,0.08412906750939296,5,0.7978,0.03866135020922055,5,0.27280000000000004,0.08283537891505054,5,0.4034,0.15495257338940846,5,0.3182,0.07449295268681459,5,0.9868,0.005932958789676543,5
RF,RF_n_estimators=100_max_features=log2,fine_anisic,0.6772,0.10589948064084166,5,0.37879999999999997,0.1746802793677638,5,0.36960000000000004,0.1702389497148053,5,0.8482,0.0751977393277218,5,0.37839999999999996,0.18418278964116055,5,0.4506,0.2332312157495218,5,0.3652,0.22188780948939038,5,0.9896,0.013277801022759746,5
RF,RF_n_estimators=300_max_features=log2,fine_apple,0.7436,0.08136522598751876,5,0.45099999999999996,0.06235783832045496,5,0.4744,0.05190664697319603,5,0.9086000000000001,0.021466252583997942,5,0.504,0.042255177197593224,5,0.4646,0.08635855487443037,5,0.5328,0.19109604914806583,5,0.9548,0.030962881002904098,5
RF,RF_n_estimators=300_max_features=log2,fine_apricot,0.6076,0.04100365837336957,5,0.181,0.03265731158561586,5,0.182,0.044519658579104136,5,0.8484,0.049732283277565334,5,0.1464,0.04133158598457116,5,0.1894,0.08611213619461545,5,0.23700000000000002,0.09096702699330128,5,0.9783999999999999,0.012300406497347989,5
RF,RF_n_estimators=300_max_features=log2,fine_aromatic,0.5738000000000001,0.04039430652950982,5,0.11059999999999999,0.036156603822815,5,0.11120000000000001,0.04281588490268536,5,0.7196,0.0808752125190407,5,0.073,0.029300170647967222,5,0.1254,0.06884257403671075,5,0.20220000000000002,0.14447387307053133,5,0.9458,0.08189444425600552,5
RF,RF_n_estimators=300_max_features=log2,fine_balsamic,0.7232000000000001,0.053644198195145036,5,0.4242,0.06819604094080535,5,0.45380000000000004,0.06700895462548272,5,0.897,0.015083103128998378,5,0.5022,0.05480145983457011,5,0.445,0.08874401388262762,5,0.48760000000000003,0.11688584174312988,5,0.9587999999999999,0.016558985476169734,5
RF,RF_n_estimators=300_max_features=sqrt,fine_banana,0.7262000000000001,0.1098803895151451,5,0.3822,0.10361322309435222,5,0.37140000000000006,0.11429479428215444,5,0.9018,0.04107554016686814,5,0.41240000000000004,0.13004537669598254,5,0.384,0.15782426936311156,5,0.4806,0.24160980940350912,5,0.9718,0.027086897201414526,5
RF,RF_n_estimators=100_max_features=log2,fine_beefy,0.6242,0.13471154367759286,5,0.2068,0.23019817549233532,5,0.1988,0.21994476579359645,5,0.9408,0.027012959852633668,5,0.2884,0.1635827007968752,5,0.20460000000000003,0.27382439628345756,5,0.2582,0.27554890672982174,5,0.9902,0.010256705123966486,5
RF,RF_n_estimators=300_max_features=log2,fine_bergamot,0.6818,0.1521995400781487,5,0.31779999999999997,0.270024443338006,5,0.3134,0.26636028232452374,5,0.9488,0.05523314222457379,5,0.3396,0.27648110242835766,5,0.2932,0.2681617049468473,5,0.369,0.3043493058970235,5,0.9944,0.00517687164221792,5
RF,RF_n_estimators=300_max_features=log2,fine_berry,0.6724,0.03897178466531907,5,0.20579999999999998,0.04519070700929563,5,0.2118,0.05721625643119269,5,0.7936,0.05268586148104631,5,0.20579999999999998,0.058109379621537866,5,0.1514,0.06441506035082169,5,0.45099999999999996,0.1419929575718458,5,0.8939999999999999,0.07460562981437799,5
RF,RF_n_estimators=300_max_features=log2,fine_bitter,0.5964,0.04332782016210832,5,0.2092,0.09071218220283314,5,0.199,0.07497332859090625,5,0.7609999999999999,0.05902541825349483,5,0.18180000000000002,0.06430940833190738,5,0.2774,0.20399460777187226,5,0.20540000000000003,0.09521186900801812,5,0.9879999999999999,0.011979148550710956,5
RF,RF_n_estimators=300_max_features=log2,fine_black currant,0.7196,0.09815447009688354,5,0.3406,0.09153851648349995,5,0.3268,0.09237532137968452,5,0.9077999999999999,0.04264621905866923,5,0.3274,0.07995498733662586,5,0.2902,0.08141068725910622,5,0.44960000000000006,0.20029303532574466,5,0.9896,0.005504543577809174,5
RF,RF_n_estimators=300_max_features=log2,fine_brandy,0.6859999999999999,0.19684130664065402,5,0.1424,0.10166021837474086,5,0.1044,0.06065723369887552,5,0.8576,0.12194793971199346,5,0.10840000000000001,0.06308169306542112,5,0.0784,0.06031003233293778,5,0.41059999999999997,0.4266893483554517,5,0.9616,0.03623948123249005,5
RF,RF_n_estimators=100_max_features=log2,fine_burnt,0.6644,0.02510577622779265,5,0.2586,0.026987033923719747,5,0.2824,0.027409852243308424,5,0.8577999999999999,0.014855975228843073,5,0.24159999999999998,0.02068332661831747,5,0.2326,0.04982268559602142,5,0.3822,0.06778421645191453,5,0.9471999999999999,0.02284075305238421,5
RF,RF_n_estimators=300_max_features=log2,fine_buttery,0.6839999999999999,0.06873863542433759,5,0.3664,0.13323025181992265,5,0.37779999999999997,0.13433986750030683,5,0.8667999999999999,0.04492994547069923,5,0.3408,0.1524981967106497,5,0.3956,0.15408861087049877,5,0.3876,0.13744198776211003,5,0.9800000000000001,0.012165525060596441,5
RF,RF_n_estimators=300_max_features=sqrt,fine_cabbage,0.6788000000000001,0.1288262395632194,5,0.22560000000000002,0.1312889942074354,5,0.20939999999999998,0.11797796404413834,5,0.9418,0.03951202348652873,5,0.3304,0.10573693772755102,5,0.155,0.09040464589831652,5,0.372,0.26902323319743227,5,0.9853999999999999,0.012054044964243333,5
RF,RF_n_estimators=300_max_features=log2,fine_camphoreous,0.73,0.07011419257183239,5,0.465,0.07442445834535846,5,0.4708,0.07914985786468602,5,0.9282,0.026271657732240623,5,0.4636,0.13411301204581155,5,0.499,0.08083316151184487,5,0.47400000000000003,0.1438940582512009,5,0.9864,0.0067305274681855485,5
RF,RF_n_estimators=300_max_features=log2,fine_caramellic,0.7542,0.030597385509222873,5,0.5034,0.05662861467491499,5,0.5256000000000001,0.05413224547346986,5,0.9082000000000001,0.01380941707676323,5,0.5074,0.08636144973308404,5,0.5232,0.07077570204526407,5,0.5334,0.062444375247094897,5,0.9751999999999998,0.007791020472312984,5
RF,RF_n_estimators=300_max_features=log2,fine_cedar,0.6546000000000001,0.06376362599476292,5,0.3544,0.1109517913329929,5,0.3412,0.10238505750352442,5,0.9486000000000001,0.030377623343507278,5,0.35540000000000005,0.08963704591294827,5,0.44539999999999996,0.20549403884297957,5,0.31579999999999997,0.13056875583385177,5,0.9942,0.006140032573203495,5
RF,RF_n_estimators=100_max_features=log2,fine_celery,0.6006,0.0754506461204938,5,0.1552,0.09486938389174876,5,0.1384,0.08675713227164668,5,0.7372,0.07367971226871074,5,0.18939999999999999,0.09528798455209343,5,0.1794,0.1912192458932939,5,0.2162,0.154961930808828,5,0.985,0.011045361017187266,5
RF,RF_n_estimators=300_max_features=sqrt,fine_chamomile,0.7368,0.03484537272006142,5,0.41259999999999997,0.1226918905225606,5,0.409,0.1303667902496644,5,0.8952,0.06277897737300285,5,0.33940000000000003,0.17544600308926964,5,0.3714,0.16349709477541183,5,0.48,0.06723466367878997,5,0.9938,0.0037682887362833675,5
RF,RF_n_estimators=300_max_features=log2,fine_cheesy,0.7226,0.05792063535563123,5,0.4468,0.06141416774653879,5,0.461,0.05972018084366458,5,0.8902000000000001,0.021475567512873824,5,0.5067999999999999,0.06362546659946786,5,0.48019999999999996,0.088086321299053,5,0.4664,0.12224074607102169,5,0.9789999999999999,0.008746427842267954,5
RF,RF_n_estimators=300_max_features=log2,fine_cherry,0.631,0.060922081382697335,5,0.2496,0.08982928253080953,5,0.2592,0.08999833331790096,5,0.893,0.0327948166636132,5,0.2036,0.051597480558647435,5,0.254,0.06527633568147036,5,0.2752,0.12461420464778483,5,0.9868,0.003962322551231765,5
RF,RF_n_estimators=300_max_features=log2,fine_chocolate,0.6444,0.060723142211186666,5,0.2466,0.07092460785933187,5,0.2218,0.06485522338254644,5,0.8702,0.02108791122894823,5,0.2528,0.07378821044042197,5,0.302,0.26755092973114486,5,0.3084,0.139688224271053,5,0.9804,0.018119050747762693,5
RF,RF_n_estimators=300_max_features=log2,fine_cinnamon,0.7248,0.09064325678173749,5,0.3886,0.08690396998986873,5,0.3856,0.08143893417770152,5,0.9391999999999999,0.01946021582614131,5,0.3806,0.10867750457201342,5,0.35960000000000003,0.09081464639583198,5,0.4614,0.1872025640850039,5,0.9882,0.0071554175279993385,5
RF,RF_n_estimators=300_max_features=log2,fine_citrus,0.7422000000000001,0.04648870830642643,5,0.4694,0.042618071284374205,5,0.5044,0.048772943319016535,5,0.884,0.008306623862918076,5,0.5214000000000001,0.02572547375657056,5,0.503,0.07707788269017253,5,0.53,0.10772650555921694,5,0.9541999999999999,0.016813684902483517,5
RF,RF_n_estimators=300_max_features=sqrt,fine_clean,0.5658,0.06623971618296683,5,0.1612,0.18150812653983292,5,0.1612,0.16993439910742028,5,0.7718,0.07574100606672712,5,0.1758,0.13072757933963283,5,0.22560000000000002,0.27692833007837964,5,0.1406,0.13570482673803463,5,0.9911999999999999,0.010592450141492297,5
RF,RF_n_estimators=100_max_features=sqrt,fine_clove,0.7452,0.06953200701835092,5,0.471,0.11440279716860069,5,0.4673999999999999,0.10792497394023312,5,0.9138,0.06589916539683947,5,0.41079999999999994,0.046622955719259146,5,0.47000000000000003,0.17468686270008973,5,0.4952,0.1401880879390257,5,0.9955999999999999,0.002509980079602247,5
RF,RF_n_estimators=300_max_features=log2,fine_cocoa,0.702,0.04642736262162648,5,0.35140000000000005,0.035125489320435105,5,0.362,0.03145631892005167,5,0.8698,0.07712133297603202,5,0.391,0.09333005946639057,5,0.3256,0.0310531801914071,5,0.4258,0.09858346717376092,5,0.9783999999999999,0.006580273550544855,5
RF,RF_n_estimators=300_max_features=sqrt,fine_coconut,0.705,0.09425232092633053,5,0.531,0.10593630161564066,5,0.4854,0.14057133420438178,5,0.8858,0.04416106882764504,5,0.5368,0.0988898376983196,5,0.7882,0.2386706936345558,5,0.4144,0.1938434935714893,5,0.9958,0.007190271204899026,5
RF,RF_n_estimators=300_max_features=log2,fine_coffee,0.6924,0.08939407139178751,5,0.32080000000000003,0.11446265766615767,5,0.3274,0.10879246297423364,5,0.9458,0.004868264577855224,5,0.36619999999999997,0.12374853534486782,5,0.2894,0.09145928055697793,5,0.40780000000000005,0.18752519830678757,5,0.9772000000000001,0.011691877522451247,5
RF,RF_n_estimators=300_max_features=log2,fine_cognac,0.7522,0.07515118096211129,5,0.42800000000000005,0.03589568219159514,5,0.426,0.021529050141610977,5,0.9359999999999999,0.026429150572804996,5,0.3792,0.12382931801475773,5,0.3942,0.10388310738517594,5,0.525,0.16066113406795063,5,0.9789999999999999,0.011247221879202005,5
RF,RF_n_estimators=300_max_features=sqrt,fine_cooked,0.6874,0.13388913324090196,5,0.16040000000000001,0.10206027630768008,5,0.13240000000000002,0.07431554346164738,5,0.8358000000000001,0.05805772989017055,5,0.13740000000000002,0.058760530971052334,5,0.0794,0.04481406029361767,5,0.45339999999999997,0.32116008469297674,5,0.9216000000000001,0.05421992253775361,5
RF,RF_n_estimators=300_max_features=log2,fine_cooling,0.682,0.09067248755824453,5,0.28359999999999996,0.0737753346315691,5,0.279,0.0657114906237866,5,0.8964000000000001,0.05427522455043369,5,0.28440000000000004,0.10044550761482565,5,0.24980000000000002,0.05840119861783661,5,0.385,0.19362980142529712,5,0.9795999999999999,0.014432601983010562,5
RF,RF_n_estimators=300_max_features=log2,fine_cortex,0.5554,0.05305468876546162,5,0.11839999999999999,0.11263791546366615,5,0.11639999999999999,0.09683387836909146,5,0.7438,0.10099851484056585,5,0.11239999999999999,0.11536377247645813,5,0.1626,0.198075238230325,5,0.1272,0.10639407878260894,5,0.984,0.010653637876331268,5
RF,RF_n_estimators=300_max_features=log2,fine_coumarinic,0.6734,0.06857331842633839,5,0.45380000000000004,0.13743798601551174,5,0.43079999999999996,0.13444218088085302,5,0.9266,0.04908462080937367,5,0.4798,0.12335598891014574,5,0.6334,0.2594856450750214,5,0.35,0.13693063937629152,5,0.9968,0.0030331501776206357,5
RF,RF_n_estimators=100_max_features=sqrt,fine_creamy,0.6048,0.03329714702493292,5,0.22440000000000002,0.07646110122147078,5,0.2424,0.07608744968784271,5,0.7608,0.03747932763537794,5,0.254,0.05223504570688151,5,0.29,0.13227055605840626,5,0.2394,0.0761498522651226,5,0.9696,0.021501162759255614,5
RF,RF_n_estimators=300_max_features=log2,fine_cucumber,0.7178,0.0822477963230626,5,0.40659999999999996,0.10599433947150197,5,0.393,0.10918104231046705,5,0.9369999999999999,0.05558327086453259,5,0.4608,0.15319986945164152,5,0.42560000000000003,0.2038585293776054,5,0.4448,0.1751276677170115,5,0.9906,0.012239281024635364,5
RF,RF_n_estimators=300_max_features=log2,fine_dairy,0.6668000000000001,0.054043500996882106,5,0.292,0.11823070667132121,5,0.302,0.11944664080667987,5,0.8206,0.06685656287904727,5,0.2642,0.12281775116000128,5,0.2872,0.1515344845241505,5,0.3652,0.11027102974036289,5,0.9683999999999999,0.026120872879748836,5
RF,RF_n_estimators=300_max_features=log2,fine_dry,0.6157999999999999,0.04793954526275775,5,0.20659999999999998,0.028814926687395888,5,0.22400000000000003,0.023248655875125337,5,0.7548,0.03249923076012727,5,0.1584,0.05194035040313072,5,0.22719999999999999,0.07101901153916464,5,0.2676,0.11969461140753163,5,0.9635999999999999,0.024845522735495,5
RF,RF_n_estimators=300_max_features=log2,fine_earthy,0.6712,0.03288920795641024,5,0.2894,0.03578826623350174,5,0.3356,0.03182451884946575,5,0.759,0.041880783182743894,5,0.2976,0.04358095914502113,5,0.2914,0.056747687177540536,5,0.41740000000000005,0.08478679142413635,5,0.9252,0.025232915011944176,5
RF,RF_n_estimators=300_max_features=log2,fine_ethereal,0.7804,0.04311380289420082,5,0.524,0.05965735495309859,5,0.5466,0.05482517669830166,5,0.9120000000000001,0.02712931993250111,5,0.5922,0.06934839579975874,5,0.523,0.10956504917171352,5,0.5968,0.09690562419178775,5,0.9638,0.016754103974847497,5
RF,RF_n_estimators=300_max_features=sqrt,fine_fatty,0.7692,0.025820534463871996,5,0.505,0.017131841699011875,5,0.5650000000000001,0.019248376554920153,5,0.8586,0.021512786895239812,5,0.5542,0.03338712326631331,5,0.53,0.043686382317605556,5,0.6142000000000001,0.07111399299715915,5,0.9238,0.020216330032921365,5
RF,RF_n_estimators=300_max_features=log2,fine_fermented,0.6636,0.04409421730794189,5,0.3946,0.05965986925899183,5,0.3766,0.04281121348431972,5,0.8742000000000001,0.014342245291445838,5,0.4332,0.04889989775040435,5,0.5538000000000001,0.26088733200368314,5,0.34199999999999997,0.10238408079384215,5,0.9853999999999999,0.015026643005009497,5
RF,RF_n_estimators=300_max_features=sqrt,fine_fishy,0.7174,0.08654074185029845,5,0.40700000000000003,0.06622310774948575,5,0.39039999999999997,0.06540489278333844,5,0.9151999999999999,0.037318896017969214,5,0.4462,0.10392641627613261,5,0.442,0.19612750954417385,5,0.4492,0.184301926197205,5,0.9858,0.01413152504155161,5
RF,RF_n_estimators=300_max_features=sqrt,fine_floral,0.7774,0.012739701723352884,5,0.5086,0.0410950118627553,5,0.6248,0.03161803282938396,5,0.8634000000000001,0.018174157477033184,5,0.6326,0.027933850432763512,5,0.5534,0.05930682928634781,5,0.7247999999999999,0.03425930530527436,5,0.8298,0.04955501992734944,5
RF,RF_n_estimators=300_max_features=log2,fine_fresh,0.6721999999999999,0.042558195450465255,5,0.2754,0.02666083269517289,5,0.353,0.015652475842498525,5,0.7766,0.016379865689315046,5,0.2952,0.02480322559668399,5,0.29159999999999997,0.052988678035972896,5,0.4974,0.1519006254101674,5,0.8465999999999999,0.06962255381699235,5
RF,RF_n_estimators=300_max_features=log2,fine_fruit skin,0.5800000000000001,0.06825320505294973,5,0.1246,0.09228109232123338,5,0.1106,0.07944369075011558,5,0.7382,0.07341798144868876,5,0.1062,0.05472842040475863,5,0.1542,0.20040009980037435,5,0.1816,0.15875547234662496,5,0.9789999999999999,0.02743173344869039,5
RF,RF_n_estimators=300_max_features=log2,fine_fruity,0.7802,0.007395944834840255,5,0.5554,0.012895735729302122,5,0.7283999999999999,0.009208691546577092,5,0.8614,0.00981325634027769,5,0.8088000000000001,0.007362064927722333,5,0.7086,0.0372196184827303,5,0.7538,0.051353675623074906,5,0.806,0.04296510211788167,5
RF,RF_n_estimators=100_max_features=log2,fine_garlic,0.8346,0.048603497816515205,5,0.5514,0.0817881409496512,5,0.5478,0.09101483395578981,5,0.9753999999999999,0.01553383404057092,5,0.6002,0.1217033278098836,5,0.47400000000000003,0.13427211177307072,5,0.6912,0.10514608884785016,5,0.9778,0.014202112518917752,5
RF,RF_n_estimators=300_max_features=log2,fine_gassy,0.6854,0.17265659558788943,5,0.233,0.21490579331418685,5,0.21200000000000002,0.21413196865484616,5,0.9381999999999999,0.04847370421166509,5,0.24420000000000003,0.2110727362782792,5,0.189,0.202171956512272,5,0.3916,0.365497332411606,5,0.9794,0.03187946047222256,5
RF,RF_n_estimators=100_max_features=sqrt,fine_geranium,0.6388,0.08463864365642917,5,0.2622,0.09313538532695291,5,0.24779999999999996,0.08970618707759237,5,0.852,0.05329634133784421,5,0.25939999999999996,0.07875785675092994,5,0.30419999999999997,0.16646831530354353,5,0.2888,0.17954024618452544,5,0.9890000000000001,0.011895377253370329,5
RF,RF_n_estimators=300_max_features=log2,fine_grape,0.6528,0.045041092349098304,5,0.38580000000000003,0.09531369261548939,5,0.3458,0.08211698971589255,5,0.8282,0.05769055381949454,5,0.3518,0.08509817859390409,5,0.5978,0.34835283836937514,5,0.3182,0.10664989451471577,5,0.9878,0.01851215816699934,5
RF,RF_n_estimators=300_max_features=log2,fine_grapefruit,0.7048,0.037592552453910334,5,0.3742,0.1090536565182479,5,0.375,0.10843200634499023,5,0.9057999999999999,0.04249941176063499,5,0.37,0.11445304714161172,5,0.366,0.1819161894939535,5,0.42279999999999995,0.07458351024187583,5,0.9872,0.007155417527999351,5
RF,RF_n_estimators=300_max_features=log2,fine_grassy,0.558,0.037489998666310996,5,0.09459999999999999,0.05932368835465307,5,0.1052,0.059204729540806106,5,0.7472,0.04803332176728984,5,0.09159999999999999,0.05030208743183527,5,0.0902,0.05339194695831947,5,0.1336,0.0803822119625978,5,0.9826,0.008443932733033824,5
RF,RF_n_estimators=300_max_features=log2,fine_green,0.7382,0.026099808428415736,5,0.45199999999999996,0.05423559716643672,5,0.6234,0.038474666990111844,5,0.8208,0.017767948671695302,5,0.6762,0.025742960202742783,5,0.5624,0.05860290095208598,5,0.7076,0.06467843535522486,5,0.769,0.06936497675340202,5
RF,RF_n_estimators=300_max_features=log2,fine_hawthorn,0.6557999999999999,0.192134588244803,5,0.2056,0.19136169940716977,5,0.19,0.15524174696260024,5,0.9148,0.10540730524968368,5,0.257,0.23636835659622463,5,0.15460000000000002,0.10609335511708545,5,0.323,0.3907006526741413,5,0.9885999999999999,0.00760263112349929,5
RF,RF_n_estimators=300_max_features=log2,fine_hay,0.5982000000000001,0.020692993983471773,5,0.181,0.041315856520227186,5,0.1906,0.04115580153514205,5,0.7978,0.06409914195993578,5,0.135,0.02849561369755002,5,0.18460000000000001,0.060006666296337455,5,0.2144,0.0488344140949802,5,0.9826,0.014536161804272836,5
RF,RF_n_estimators=300_max_features=log2,fine_hazelnut,0.729,0.10791895106977274,5,0.2964,0.0847189471133819,5,0.27,0.11484554845530584,5,0.9129999999999999,0.05587038571551121,5,0.3494,0.06417787780847851,5,0.24359999999999998,0.14164850864022538,5,0.48360000000000003,0.23896506020755418,5,0.9738,0.026128528469854563,5
RF,RF_n_estimators=300_max_features=log2,fine_herbal,0.6971999999999999,0.013773162309360877,5,0.3466,0.058883783845809355,5,0.45380000000000004,0.044985553236566965,5,0.7894,0.026931394319641106,5,0.4506,0.05254807322823546,5,0.3938,0.09200380426917139,5,0.5644,0.061601948021146186,5,0.8295999999999999,0.07546721142323999,5
RF,RF_n_estimators=300_max_features=sqrt,fine_honey,0.6432,0.048659017663738334,5,0.40099999999999997,0.10934578181164557,5,0.3866,0.10832497403646124,5,0.8470000000000001,0.031344856037314905,5,0.37520000000000003,0.11504216618266538,5,0.593,0.1505257453062432,5,0.2928,0.097158118549095,5,0.9936,0.002880972058177606,5
RF,RF_n_estimators=300_max_features=log2,fine_hyacinth,0.6008,0.09145873386396729,5,0.2372,0.19331244139992648,5,0.19979999999999998,0.17583714055909805,5,0.835,0.05738902334070519,5,0.22080000000000002,0.11628284482244146,5,0.38360000000000005,0.3609526284708286,5,0.21339999999999998,0.20119716697806658,5,0.9884000000000001,0.023712865706194217,5
RF,RF_n_estimators=100_max_features=log2,fine_jasmin,0.686,0.04637887450122092,5,0.39560000000000006,0.10325357136680552,5,0.4002,0.10019331315012994,5,0.8484,0.07919153995219443,5,0.37439999999999996,0.11910625508343381,5,0.446,0.16022484201895787,5,0.38380000000000003,0.09143959754942058,5,0.9882,0.00794984276574074,5
RF,RF_n_estimators=300_max_features=sqrt,fine_juicy,0.624,0.07470609078247904,5,0.1776,0.10001649863897456,5,0.175,0.09549083725677558,5,0.8295999999999999,0.058474780888858414,5,0.1172,0.050440063441673025,5,0.142,0.0680147042925278,5,0.26580000000000004,0.1496786557930021,5,0.9823999999999999,0.009316651759081718,5
RF,RF_n_estimators=300_max_features=log2,fine_ketonic,0.8046,0.06308961879739013,5,0.5466,0.13553523527112793,5,0.5449999999999999,0.13890104391256392,5,0.9052,0.05202595506091168,5,0.5286,0.12518706003417449,5,0.499,0.15792878141744773,5,0.6157999999999999,0.12476858578985338,5,0.9938,0.002387467277262689,5
RF,RF_n_estimators=100_max_features=sqrt,fine_lactonic,0.7354,0.11684519673482516,5,0.396,0.17675830956421826,5,0.39580000000000004,0.1695205002352223,5,0.876,0.08354938659260162,5,0.3558,0.17880911609870456,5,0.34640000000000004,0.15610028827647948,5,0.48319999999999996,0.23421720688284198,5,0.9875999999999999,0.005813776741499425,5
RF,RF_n_estimators=300_max_features=log2,fine_lavender,0.654,0.15539144120574977,5,0.2452,0.17688329485850268,5,0.22359999999999997,0.16392162761515028,5,0.8632,0.12295202316350874,5,0.2484,0.1373546504491202,5,0.25339999999999996,0.18641968780147658,5,0.31379999999999997,0.3147748401635684,5,0.9944,0.00461519230368568,5
RF,RF_n_estimators=100_max_features=log2,fine_leafy,0.5804,0.027987497208575095,5,0.167,0.08346256645946135,5,0.1772,0.07306640815039425,5,0.7415999999999999,0.07000928509847817,5,0.15560000000000002,0.05454631059934301,5,0.2254,0.16009153631594644,5,0.1988,0.07620498671346909,5,0.962,0.040718546143004644,5
RF,RF_n_estimators=300_max_features=log2,fine_leathery,0.5974,0.007797435475847173,5,0.21539999999999998,0.08544179305234646,5,0.20600000000000002,0.0651805185619139,5,0.8135999999999999,0.0355710556492213,5,0.24220000000000003,0.06516670929239869,5,0.2852,0.23070478972054312,5,0.2044,0.020707486568871652,5,0.9902,0.007596051605933177,5
RF,RF_n_estimators=300_max_features=log2,fine_lemon,0.7104,0.08789653007940648,5,0.3568,0.0886775056031686,5,0.3452,0.08504822161573984,5,0.8724000000000001,0.052252272677846254,5,0.3598,0.11616669057866802,5,0.34740000000000004,0.1632706342242842,5,0.4391999999999999,0.18804972746590196,5,0.9822,0.013065221008463673,5
RF,RF_n_estimators=300_max_features=log2,fine_lily,0.6704000000000001,0.06720714247756708,5,0.2622,0.07601776108252598,5,0.2582,0.06907387349787183,5,0.8638,0.018430952227163934,5,0.2238,0.05935233778041098,5,0.2286,0.126875135467908,5,0.36239999999999994,0.14786243606812383,5,0.9785999999999999,0.014909728367747043,5
RF,RF_n_estimators=100_max_features=sqrt,fine_malty,0.7552,0.04662295571925915,5,0.5267999999999999,0.2235815287540543,5,0.4798,0.23024486964968402,5,0.9301999999999999,0.055328112203472106,5,0.6088,0.07788260396263079,5,0.6622,0.4636207501827329,5,0.5186,0.10395335492421588,5,0.992,0.013856406460551028,5
RF,RF_n_estimators=300_max_features=log2,fine_meaty,0.8054,0.05413224547346988,5,0.5429999999999999,0.03438749772809879,5,0.5654,0.02893613657695162,5,0.9400000000000001,0.011045361017187238,5,0.5726,0.02838661656485319,5,0.512,0.041719300090006295,5,0.6514,0.12170990099412621,5,0.959,0.013472193585307447,5
RF,RF_n_estimators=300_max_features=log2,fine_medicinal,0.6592,0.04042523964060074,5,0.34859999999999997,0.07358192712888134,5,0.34659999999999996,0.06566429775760949,5,0.8926000000000001,0.03223817612707026,5,0.3142,0.053279451949133264,5,0.41080000000000005,0.15744903937464974,5,0.327,0.08501470461043784,5,0.9917999999999999,0.0060166435825965295,5
RF,RF_n_estimators=300_max_features=log2,fine_melon,0.642,0.025806975801127924,5,0.332,0.034999999999999996,5,0.33740000000000003,0.03617734097470404,5,0.858,0.021130546609115463,5,0.30300000000000005,0.06442437426937106,5,0.417,0.09477605182745269,5,0.2966,0.05611416933360057,5,0.9875999999999999,0.006024948132556869,5
RF,RF_n_estimators=300_max_features=log2,fine_metallic,0.6060000000000001,0.06372597586541928,5,0.1658,0.05931863113727424,5,0.17519999999999997,0.059826415570381625,5,0.7398,0.046494085645380746,5,0.14020000000000002,0.045581794611445486,5,0.1688,0.04261103143553322,5,0.2472,0.14567841295126743,5,0.9648,0.021016660058153877,5
RF,RF_n_estimators=300_max_features=log2,fine_milky,0.6386000000000001,0.03860440389385651,5,0.24580000000000002,0.0740655115421476,5,0.2552,0.06966491225861123,5,0.8173999999999999,0.046008694830433926,5,0.2084,0.09318154323684492,5,0.23820000000000002,0.10196911297054612,5,0.2946,0.07841747254279495,5,0.9815999999999999,0.007162401831787984,5
RF,RF_n_estimators=300_max_features=log2,fine_mint,0.7203999999999999,0.03504711115056415,5,0.4514,0.045136459763698795,5,0.471,0.042679034665746615,5,0.8948,0.011819475453673903,5,0.4912000000000001,0.06502076591366793,5,0.49559999999999993,0.09055826853468435,5,0.46480000000000005,0.07663028122093772,5,0.976,0.011113055385446421,5
RF,RF_n_estimators=300_max_features=log2,fine_muguet,0.6646,0.05916755867872192,5,0.28700000000000003,0.11999583326099285,5,0.28759999999999997,0.11925309220309552,5,0.923,0.027120103244641224,5,0.22240000000000001,0.12008247166010533,5,0.2714,0.15760488571107178,5,0.34299999999999997,0.12068347028487372,5,0.9868,0.008814760348415648,5
RF,RF_n_estimators=300_max_features=log2,fine_mushroom,0.6902,0.07735761113167859,5,0.3024,0.08475435092076393,5,0.30579999999999996,0.08026954590627755,5,0.8524,0.061170254209051644,5,0.3082,0.10960930617424783,5,0.26139999999999997,0.04052530073916787,5,0.4034000000000001,0.1611452760710037,5,0.9766,0.008792041856133317,5
RF,RF_n_estimators=300_max_features=log2,fine_musk,0.8066000000000001,0.025598828098176676,5,0.6132,0.05735590640901769,5,0.6184000000000001,0.05567135708782391,5,0.9057999999999999,0.04060418697622207,5,0.6841999999999999,0.05396017049639483,5,0.6252,0.10729958061427822,5,0.6215999999999999,0.052557587463657456,5,0.9922000000000001,0.003563705936241092,5
RF,RF_n_estimators=100_max_features=sqrt,fine_musty,0.6008,0.02268700068321064,5,0.1612,0.038622532283629454,5,0.1966,0.037680233544923794,5,0.7418,0.030605555051330197,5,0.1522,0.020400980368599934,5,0.1634,0.04574166590757272,5,0.26339999999999997,0.06485599432589095,5,0.9384,0.03142928570616902,5
RF,RF_n_estimators=300_max_features=log2,fine_natural,0.663,0.12091112438481416,5,0.1034,0.06722573911828712,5,0.0772,0.02852542725359254,5,0.771,0.05689024520952606,5,0.0632,0.02943976902083303,5,0.0426,0.014774978849392644,5,0.48819999999999997,0.30534685195691796,5,0.8380000000000001,0.06875681784376005,5
RF,RF_n_estimators=300_max_features=log2,fine_nutty,0.6914,0.02455198566307822,5,0.4084,0.03741390115986303,5,0.43920000000000003,0.028101601377857447,5,0.8544,0.02476489450815413,5,0.48840000000000006,0.04750052631287365,5,0.49660000000000004,0.1276804605254853,5,0.42400000000000004,0.07865430693865406,5,0.9586,0.03135761470520358,5
RF,RF_n_estimators=300_max_features=log2,fine_odorless,0.906,0.027083205127901678,5,0.7253999999999999,0.054779558231150445,5,0.7318,0.05554007562112243,5,0.9795999999999999,0.014170391667134725,5,0.8484,0.047721064531294766,5,0.6576000000000001,0.07188045631463394,5,0.8300000000000001,0.054198708471696985,5,0.9814,0.006542170893518435,5
RF,RF_n_estimators=300_max_features=log2,fine_oily,0.694,0.023864199127563435,5,0.38280000000000003,0.03849285648013148,5,0.4304,0.03470302580467587,5,0.8294,0.015883954167649823,5,0.4,0.025739075352467507,5,0.4274,0.04892136547562834,5,0.4378,0.04925139591930365,5,0.95,0.007416198487095664,5
RF,RF_n_estimators=300_max_features=sqrt,fine_onion,0.828,0.04935078520145345,5,0.5439999999999999,0.06884039511798286,5,0.5476,0.07745837591894113,5,0.9756,0.0071274118724821795,5,0.6466000000000001,0.05206054167985578,5,0.47140000000000004,0.09923356287063365,5,0.6876,0.10886826902270468,5,0.9683999999999999,0.017672011770027727,5
RF,RF_n_estimators=300_max_features=log2,fine_orange,0.7178,0.06317990186760344,5,0.3464,0.08470714255598517,5,0.3516,0.07816840794080429,5,0.8949999999999999,0.04584212036980842,5,0.3036,0.0672889292528868,5,0.2866,0.05259087373299668,5,0.4584,0.12837951549994256,5,0.9778,0.0021679483388678776,5
RF,RF_n_estimators=300_max_features=log2,fine_orangeflower,0.7041999999999999,0.19164341887996053,5,0.2992,0.2923998974008028,5,0.2822,0.2864763515545393,5,0.9126,0.06323211209504233,5,0.34719999999999995,0.16723994738100104,5,0.24000000000000005,0.2773887164251639,5,0.41419999999999996,0.3895544891282861,5,0.9938,0.00831865373723418,5
RF,RF_n_estimators=300_max_features=log2,fine_orris,0.6288,0.09060463564299565,5,0.24020000000000002,0.1407060766278415,5,0.22480000000000003,0.13387008627770433,5,0.8406,0.07457412419867898,5,0.251,0.08383614972074993,5,0.2906,0.24477397737504697,5,0.2734,0.18919117315562056,5,0.9846,0.016905620367203368,5
RF,RF_n_estimators=100_max_features=log2,fine_ozone,0.5598,0.0631363603638981,5,0.0994,0.11047081062434547,5,0.086,0.09804080783020916,5,0.876,0.07859707373687648,5,0.185,0.078835271294009,5,0.1386,0.21360898857491928,5,0.1388,0.14948478183413855,5,0.9810000000000001,0.032687918257362274,5
RF,RF_n_estimators=100_max_features=log2,fine_peach,0.6448,0.026817904466978792,5,0.3032,0.09945199847162452,5,0.2954,0.08547104772962598,5,0.8462,0.02153369452741449,5,0.321,0.028757607689096822,5,0.3746,0.24467079923848697,5,0.308,0.06412487816752557,5,0.9815999999999999,0.018420097719610503,5
RF,RF_n_estimators=300_max_features=log2,fine_pear,0.7126,0.05868389898430403,5,0.368,0.07023887812315913,5,0.3802,0.06723986912539316,5,0.9042,0.026357162214472235,5,0.3224,0.038901156795139155,5,0.33799999999999997,0.05728437832428663,5,0.4492,0.12299065005113194,5,0.976,0.007778174593052034,5
RF,RF_n_estimators=300_max_features=log2,fine_phenolic,0.7136,0.07444326698902998,5,0.473,0.06824221567329126,5,0.4746,0.08201402319115919,5,0.9048,0.037137582042992515,5,0.48819999999999997,0.06533146255824984,5,0.5694,0.1093357215186327,5,0.441,0.15567112770196018,5,0.9858,0.007395944834840239,5
RF,RF_n_estimators=300_max_features=log2,fine_pine,0.7392,0.05229913957227213,5,0.4992,0.11001227204271347,5,0.49660000000000004,0.09924867757305385,5,0.9507999999999999,0.03527321930303494,5,0.437,0.04240872551728003,5,0.5482,0.21105141553659384,5,0.4852,0.10696588241116886,5,0.993,0.004636809247747885,5
RF,RF_n_estimators=300_max_features=log2,fine_pineapple,0.757,0.04571651780264982,5,0.4144,0.04219952606368938,5,0.42539999999999994,0.049399392708817776,5,0.9056000000000001,0.03030346514839518,5,0.43520000000000003,0.09963282591596002,5,0.3658,0.10738808127534452,5,0.562,0.11506737156987641,5,0.952,0.02588435821108953,5
RF,RF_n_estimators=100_max_features=log2,fine_plum,0.581,0.015748015748023644,5,0.1346,0.03495425582100125,5,0.144,0.03530580688781946,5,0.8088000000000001,0.047483681407405644,5,0.11179999999999998,0.0464510495037518,5,0.1242,0.03930903204099536,5,0.1802,0.03007823133098089,5,0.9823999999999999,0.0085322916030806,5
RF,RF_n_estimators=300_max_features=log2,fine_popcorn,0.7904,0.13823277469543907,5,0.5344,0.12353461053486182,5,0.5,0.16672282387243806,5,0.9853999999999999,0.010139033484509253,5,0.6022000000000001,0.18434532812089377,5,0.5918,0.2514054494238341,5,0.5856,0.27832229519030627,5,0.9954000000000001,0.0037148351242013663,5
RF,RF_n_estimators=300_max_features=log2,fine_potato,0.6402,0.1197129901055019,5,0.2274,0.15889241643325838,5,0.21479999999999996,0.16198055438848208,5,0.9381999999999999,0.02901206645518375,5,0.253,0.09340503198436367,5,0.2294,0.15120284388859886,5,0.29,0.2466140709691967,5,0.9906,0.008820430828479978,5
RF,RF_n_estimators=300_max_features=log2,fine_powdery,0.6102000000000001,0.062033861720837566,5,0.2158,0.08446715337928704,5,0.2364,0.08216933734672566,5,0.8426,0.0567741138195921,5,0.2394,0.10379691710258065,5,0.24500000000000002,0.072691127381545,5,0.2468,0.1354592189553742,5,0.9732,0.013899640283115272,5
RF,RF_n_estimators=300_max_features=log2,fine_pungent,0.6990000000000001,0.06515750148678205,5,0.333,0.06479583319936554,5,0.3466,0.06992352965919268,5,0.8862,0.027040710049848968,5,0.3404,0.062400320511997384,5,0.3224,0.11847700198772756,5,0.4492,0.17471605535840146,5,0.9484,0.048613784053496555,5
RF,RF_n_estimators=300_max_features=log2,fine_radish,0.615,0.04782781617427248,5,0.316,0.15359036428109676,5,0.2942,0.12888638407527772,5,0.8962,0.04469004363390131,5,0.33799999999999997,0.10948059188732949,5,0.4732,0.3131240968050846,5,0.23420000000000002,0.09644532129657718,5,0.9955999999999999,0.004560701700396543,5
RF,RF_n_estimators=300_max_features=log2,fine_raspberry,0.573,0.049994999749975,5,0.09559999999999999,0.07319357895334809,5,0.097,0.07098239218285053,5,0.784,0.09855455342093537,5,0.0934,0.08614116321480689,5,0.0716,0.05636310850192704,5,0.164,0.1037954719628944,5,0.9823999999999999,0.009710818709048177,5
RF,RF_n_estimators=100_max_features=log2,fine_ripe,0.6439999999999999,0.05300943312279427,5,0.18580000000000002,0.04830838436544946,5,0.1864,0.038894729720104756,5,0.7868,0.09900858548631022,5,0.12200000000000003,0.052096065110524434,5,0.13620000000000002,0.029911536236041092,5,0.32480000000000003,0.11208345105322196,5,0.9635999999999999,0.010406728592598145,5
RF,RF_n_estimators=300_max_features=log2,fine_roasted,0.7976,0.057760713291994635,5,0.5196,0.01803607496103301,5,0.5408000000000001,0.018047160441465596,5,0.9394,0.014926486525636207,5,0.5496000000000001,0.04544007042248064,5,0.4875999999999999,0.07557314337778995,5,0.6424000000000001,0.13898489126520194,5,0.9528000000000001,0.024201239637671422,5
RF,RF_n_estimators=300_max_features=log2,fine_rose,0.719,0.08876373133211564,5,0.417,0.06747962655498325,5,0.4324,0.09688291903116875,5,0.8936,0.025025986494042543,5,0.4976,0.07088582368852044,5,0.47400000000000003,0.12524575841121333,5,0.48679999999999995,0.20754083935457135,5,0.9518000000000001,0.03263740185737826,5
RF,RF_n_estimators=300_max_features=log2,fine_rummy,0.6088,0.05697982098953977,5,0.2012,0.07143668525344662,5,0.21000000000000002,0.0718366201877566,5,0.8176,0.05769142050599897,5,0.19519999999999998,0.04633788946423866,5,0.2088,0.05492449362533986,5,0.2338,0.12135567559863034,5,0.9836,0.009449867723941976,5
RF,RF_n_estimators=300_max_features=log2,fine_sandalwood,0.6886,0.07641858412716113,5,0.5266,0.12677263111571044,5,0.47940000000000005,0.13531555712481844,5,0.9603999999999999,0.036800815208361884,5,0.6195999999999999,0.14433052345224834,5,0.8,0.27386127875258304,5,0.378,0.1535464099222121,5,0.9987999999999999,0.0017888543819998305,5
RF,RF_n_estimators=100_max_features=log2,fine_savory,0.7638,0.026451843035977696,5,0.3438,0.025351528553521192,5,0.33399999999999996,0.01927433526739639,5,0.8821999999999999,0.023004347415217025,5,0.2656,0.030352924076602564,5,0.2352,0.010825894882179493,5,0.5774,0.05574764569019932,5,0.9503999999999999,0.003781534080237783,5
RF,RF_n_estimators=300_max_features=log2,fine_sharp,0.6424,0.07108656694481733,5,0.2178,0.08161923792832179,5,0.22160000000000002,0.0874517009554417,5,0.8210000000000001,0.0649576785299475,5,0.1728,0.048360107526762175,5,0.19619999999999999,0.04323424568556735,5,0.31379999999999997,0.1544998381876175,5,0.9705999999999999,0.01683151805393682,5
RF,RF_n_estimators=100_max_features=sqrt,fine_smoky,0.6944,0.09201521613298529,5,0.4226,0.07624827866909521,5,0.4044,0.0830258995735668,5,0.9,0.042561719890060815,5,0.3558,0.09404892343881453,5,0.5189999999999999,0.1607420293513803,5,0.3962,0.190064988885381,5,0.9932000000000001,0.006140032573203525,5
RF,RF_n_estimators=100_max_features=sqrt,fine_soapy,0.5482,0.07652907944043232,5,0.0936,0.1443461118284798,5,0.0772,0.11313354940069723,5,0.7908000000000001,0.09745614398281925,5,0.13340000000000002,0.1017167636134772,5,0.15,0.2912378752841052,5,0.1058,0.16460012150663803,5,0.991,0.014439529078193663,5
RF,RF_n_estimators=300_max_features=sqrt,fine_solvent,0.6632,0.1397630137053434,5,0.29359999999999997,0.18089859037593412,5,0.2794,0.17308466136547165,5,0.9134,0.054523389476443945,5,0.3672,0.16392894802322133,5,0.3124,0.19305517346085288,5,0.3344,0.28554912011771283,5,0.9924,0.006804410334481622,5
RF,RF_n_estimators=300_max_features=log2,fine_sour,0.678,0.028133609793270366,5,0.4262,0.07244101048439344,5,0.4242,0.06736987457313544,5,0.8218,0.07587950975065667,5,0.3478,0.08210176611985882,5,0.5242,0.11792667213145634,5,0.361,0.05605800567269586,5,0.9949999999999999,0.002121320343559592,5
RF,RF_n_estimators=300_max_features=sqrt,fine_spicy,0.67,0.0351069793630839,5,0.3368,0.03687411015875503,5,0.3892,0.02625261891697666,5,0.8148,0.00501996015920439,5,0.4058,0.03355890343858096,5,0.40780000000000005,0.10459541098920162,5,0.41559999999999997,0.1299434492385053,5,0.9241999999999999,0.06226315122124804,5
RF,RF_n_estimators=300_max_features=log2,fine_strawberry,0.5606,0.08081027162434236,5,0.04240000000000001,0.05822628272524359,5,0.0386,0.04007867263271078,5,0.7998000000000001,0.08701551585780547,5,0.10540000000000001,0.08773710731497819,5,0.0218,0.02240981927637972,5,0.1686,0.20513361499276514,5,0.953,0.04345112196480086,5
RF,RF_n_estimators=300_max_features=sqrt,fine_sulfurous,0.9272,0.01948589233265949,5,0.7516,0.01105893304075945,5,0.7652,0.012911235417263545,5,0.9810000000000001,0.0012247448713915779,5,0.7682,0.028119388329051562,5,0.6724,0.044404954678504034,5,0.8934,0.0469339962074401,5,0.9612,0.008927485648266264,5
RF,RF_n_estimators=300_max_features=log2,fine_sweaty,0.5970000000000001,0.07250172411743047,5,0.1996,0.14460567070485167,5,0.1988,0.14044109085306905,5,0.8042,0.1000034999387522,5,0.1876,0.1371670514372894,5,0.2242,0.17340472888592168,5,0.19980000000000003,0.1447262933954988,5,0.9942,0.003346640106136334,5
RF,RF_n_estimators=300_max_features=sqrt,fine_sweet,0.6812,0.024128820940941126,5,0.33340000000000003,0.04352355683994588,5,0.5532,0.024509181952892617,5,0.754,0.018601075237738313,5,0.5554,0.019424211695716252,5,0.4524,0.04559385923564707,5,0.7234,0.0726519098166043,5,0.6392,0.09782228784893555,5
RF,RF_n_estimators=100_max_features=log2,fine_tea,0.523,0.03832753579347358,5,0.0338,0.05451788697299263,5,0.0386,0.052913136365178734,5,0.6864,0.11838200876822455,5,0.06420000000000001,0.0276983754036225,5,0.0372,0.0557377789295555,5,0.056600000000000004,0.08785101023892668,5,0.9902,0.012132600710482472,5
RF,RF_n_estimators=300_max_features=sqrt,fine_terpenic,0.632,0.09649352309870336,5,0.3024,0.13787784448561707,5,0.268,0.15192925985471,5,0.9400000000000001,0.056643622765497614,5,0.3896,0.15001433264858396,5,0.46319999999999995,0.3246177752372781,5,0.2694,0.19708703661073199,5,0.9944,0.006655824516917483,5
RF,RF_n_estimators=300_max_features=log2,fine_tobacco,0.6746000000000001,0.0887006200654764,5,0.28959999999999997,0.10705746120658756,5,0.28659999999999997,0.11828059857812691,5,0.8612,0.05238988451981929,5,0.2704,0.11276879000858349,5,0.2824,0.10696401263976589,5,0.37679999999999997,0.20102039697503335,5,0.9725999999999999,0.03183237345847777,5
RF,RF_n_estimators=100_max_features=sqrt,fine_tomato,0.5922,0.07828920742988776,5,0.11240000000000001,0.08142358380715013,5,0.10619999999999999,0.07017620679404096,5,0.8211999999999999,0.0836074159390182,5,0.1778,0.08818559973147543,5,0.0752,0.04595867709149166,5,0.1994,0.16899497033935656,5,0.986,0.013057564857200603,5
RF,RF_n_estimators=300_max_features=sqrt,fine_tropical,0.7048,0.019084024732744384,5,0.3426,0.04825246107713056,5,0.3944,0.04954089220028239,5,0.8206,0.021042813500100184,5,0.3666,0.025105776227792666,5,0.33399999999999996,0.06886581154680456,5,0.49860000000000004,0.047579407310306014,5,0.9116,0.03205152102475014,5
RF,RF_n_estimators=300_max_features=log2,fine_vanilla,0.7608,0.10075564500314609,5,0.5244,0.055563477213003844,5,0.5146,0.06375970514360936,5,0.9224,0.03585805348872131,5,0.5732,0.09738172313119131,5,0.5756,0.12085859506050861,5,0.5332,0.2102229768602852,5,0.9890000000000001,0.008860022573334686,5
RF,RF_n_estimators=100_max_features=log2,fine_vegetable,0.7455999999999999,0.019743353311937707,5,0.3764,0.03518948706645211,5,0.4034,0.04139202821800353,5,0.851,0.03798025802966586,5,0.37120000000000003,0.025003999680051178,5,0.3198,0.06380595583485918,5,0.5730000000000001,0.0701569668671615,5,0.9186,0.03863677005133841,5
RF,RF_n_estimators=300_max_features=log2,fine_vetiver,0.6002,0.03469437994834321,5,0.254,0.09046822646653355,5,0.2306,0.0828057968985264,5,0.9161999999999999,0.052475708666010416,5,0.23900000000000002,0.07410465572418512,5,0.37839999999999996,0.21655322671343413,5,0.20539999999999997,0.07323455468561271,5,0.9954000000000001,0.005504543577809172,5
RF,RF_n_estimators=300_max_features=log2,fine_violet,0.7128,0.03655406954088695,5,0.42119999999999996,0.036002777670618734,5,0.42140000000000005,0.03294389169481952,5,0.9294,0.05181988035493712,5,0.4312,0.06559496931930069,5,0.4394,0.1200220813017338,5,0.434,0.07612161322515439,5,0.9917999999999999,0.004658325879540839,5
RF,RF_n_estimators=100_max_features=log2,fine_warm,0.5542,0.04801770506802672,5,0.1008,0.07930762888902934,5,0.11280000000000001,0.08362236542935149,5,0.6436,0.10214352647133348,5,0.0962,0.05173200170107474,5,0.11299999999999999,0.06986057543421755,5,0.123,0.10540161289088512,5,0.9852000000000001,0.011300442469213376,5
RF,RF_n_estimators=300_max_features=log2,fine_waxy,0.7502,0.03703646851415514,5,0.476,0.027613402542968155,5,0.525,0.03138470965295045,5,0.8902000000000001,0.014359665734271136,5,0.5524,0.015741664460913903,5,0.5064,0.05508448057302528,5,0.5624,0.09320568652179971,5,0.9378,0.021822007240398344,5
RF,RF_n_estimators=300_max_features=sqrt,fine_weedy,0.54,0.12272937708633579,5,0.019999999999999997,0.06927842376959799,5,0.016,0.03577708763999664,5,0.6759999999999999,0.12370125302518158,5,0.036,0.021011901389450693,5,0.0086,0.019230184606498193,5,0.125,0.27950849718747367,5,0.9554,0.058028441302519884,5
RF,RF_n_estimators=300_max_features=sqrt,fine_winey,0.7094,0.05357518082097346,5,0.3764,0.05074248712863808,5,0.3964,0.04442746898035043,5,0.8956,0.022864820139244495,5,0.34199999999999997,0.07778495998584818,5,0.37720000000000004,0.10323129370496137,5,0.4566,0.11899915966089845,5,0.962,0.014404860290887908,5
RF,RF_n_estimators=300_max_features=sqrt,fine_woody,0.774,0.019685019685029545,5,0.5086,0.04866518262577469,5,0.5786,0.041331585984571165,5,0.8640000000000001,0.016170961628796235,5,0.6154,0.04075291400624014,5,0.5324,0.05802413291036759,5,0.6368,0.03149126863116191,5,0.9106,0.021030929603800208,5
SVM,SVM_C=10,fine_alcoholic,0.7884,0.0698197679744068,5,0.5088,0.04296161077054727,5,0.503,0.05340880077290636,5,0.9428000000000001,0.025361387974635753,5,0.5436,0.05913374671031761,5,0.4828,0.13519504428787324,5,0.5938,0.14896711046402153,5,0.9836,0.01108151614175608,5
SVM,SVM_C=1,fine_aldehydic,0.6838,0.11050882317715628,5,0.3422,0.1277329244948224,5,0.3436,0.12789956997582128,5,0.898,0.02129553943904686,5,0.3316,0.08317631874518132,5,0.3662,0.11617099465873573,5,0.3888,0.23655168568412274,5,0.9785999999999999,0.017601136326953454,5
SVM,SVM_C=10,fine_alliaceous,0.7876000000000001,0.06331113646113144,5,0.402,0.014000000000000014,5,0.3888,0.03871304689636298,5,0.9349999999999999,0.014882876066137172,5,0.4184,0.04219360141064044,5,0.3068,0.09486674865304495,5,0.6155999999999999,0.14806012292308823,5,0.9593999999999999,0.02093561558684148,5
SVM,SVM_C=10,fine_almond,0.6396,0.06684534389170267,5,0.297,0.08315948532789269,5,0.2948,0.08221739475317859,5,0.8824,0.027951744131628,5,0.28640000000000004,0.11373785649466057,5,0.35340000000000005,0.12681403707791974,5,0.2902,0.14029682818937853,5,0.9894000000000001,0.008018728078691762,5
SVM,SVM_C=0.1,fine_amber,0.7012,0.08445827372140637,5,0.3116,0.08892581177588427,5,0.3108,0.0838283961435503,5,0.908,0.016385969608173904,5,0.3054,0.0791599646285924,5,0.2682,0.08441682296793691,5,0.42919999999999997,0.17950821708211578,5,0.9734,0.016905620367203347,5
SVM,SVM_C=1,fine_animal,0.6612,0.021924871721403488,5,0.3784,0.04186645435190326,5,0.3846,0.040370781513366816,5,0.774,0.05554277630799528,5,0.2838,0.08547338767125123,5,0.46420000000000006,0.06748110846748148,5,0.3324,0.044668781044483435,5,0.99,0.0030822070014845035,5
SVM,SVM_C=1,fine_anisic,0.667,0.09157510578754466,5,0.3568,0.1722112075330755,5,0.359,0.16856452770378472,5,0.8352,0.07616232664513344,5,0.3338,0.18399646735739247,5,0.4072,0.20481137663713897,5,0.3442,0.18381430847461247,5,0.99,0.005916079783099612,5
SVM,SVM_C=1,fine_apple,0.7518,0.021753160689885986,5,0.4446,0.02116128540519218,5,0.477,0.020976176963403027,5,0.921,0.015968719422671272,5,0.4768,0.029903177088730883,5,0.426,0.057306195127577626,5,0.5554,0.059521424714131285,5,0.9481999999999999,0.01782414093301553,5
SVM,SVM_C=1,fine_apricot,0.6576000000000001,0.1352601197692801,5,0.1788,0.13918943925456412,5,0.1654,0.11702905622109408,5,0.8328,0.0655568455616956,5,0.137,0.059820565025750144,5,0.1152,0.07203263149434427,5,0.3484,0.29453488757700674,5,0.967,0.025109759058979452,5
SVM,SVM_C=10,fine_aromatic,0.5056,0.018889150324988162,5,0.013000000000000001,0.028142494558940575,5,0.0232,0.03177577693778706,5,0.6352,0.0877108887197023,5,0.0852,0.0539786995026742,5,0.0214,0.02991320778519081,5,0.026600000000000002,0.03717257053258491,5,0.9847999999999999,0.016300306745580032,5
SVM,SVM_C=10,fine_balsamic,0.692,0.05616048432839589,5,0.3814,0.0643645865363866,5,0.4104,0.06329533948088122,5,0.8644000000000001,0.029039628096792183,5,0.4572,0.07292598988015178,5,0.426,0.08426743143112883,5,0.4242,0.13363083476503468,5,0.9602,0.026032671779899964,5
SVM,SVM_C=10,fine_banana,0.7062,0.08317872324098273,5,0.33920000000000006,0.07148916001744601,5,0.3388,0.06748110846748148,5,0.8936,0.027437201023428035,5,0.3606,0.08072050544935902,5,0.319,0.11450327506233172,5,0.44139999999999996,0.17982852943846256,5,0.9712,0.01766918221084385,5
SVM,SVM_C=10,fine_beefy,0.6538,0.031443600302764343,5,0.207,0.08175573374387878,5,0.1984,0.08811810256695272,5,0.8946,0.023943683927081915,5,0.2052,0.07766401998351617,5,0.153,0.10136074190730848,5,0.3276,0.06265620480048245,5,0.9800000000000001,0.009300537618869129,5
SVM,SVM_C=1,fine_bergamot,0.7144,0.13263973763544618,5,0.3674,0.1977076123977021,5,0.3534,0.1987594022933255,5,0.9474,0.04487538300672205,5,0.4162,0.27018641712713837,5,0.3508,0.19166037670838487,5,0.43739999999999996,0.2630233829909424,5,0.9914,0.009449867723941964,5
SVM,SVM_C=10,fine_berry,0.614,0.029757352032733053,5,0.16219999999999998,0.028604195496465187,5,0.18119999999999997,0.036533546228090144,5,0.771,0.06675327707311456,5,0.16160000000000002,0.021766947420343522,5,0.1512,0.06035478440024452,5,0.3018,0.11569442510337308,5,0.9262,0.05892113372975775,5
SVM,SVM_C=10,fine_bitter,0.5668,0.025252722625491265,5,0.2366,0.1010979722843144,5,0.1988,0.0668258931852018,5,0.7406,0.05233354564712772,5,0.2004,0.08444702481437698,5,0.46719999999999995,0.3134153793290942,5,0.13740000000000002,0.05241469259663745,5,0.9968,0.0028635642126552453,5
SVM,SVM_C=1,fine_black currant,0.7744,0.07256927724595308,5,0.4356,0.0960484252864148,5,0.4166,0.10213128805610944,5,0.8865999999999999,0.03467419789987946,5,0.341,0.13251792331605564,5,0.3794,0.18542195123555358,5,0.558,0.14681280598094976,5,0.9906,0.005128352561983266,5
SVM,SVM_C=10,fine_brandy,0.6486,0.1170397368418094,5,0.182,0.09843779761859771,5,0.1688,0.07156605340522837,5,0.8118000000000001,0.13420208642193307,5,0.144,0.09590620417887469,5,0.1252,0.033692729185983136,5,0.312,0.2398958107179031,5,0.9856,0.005813776741499463,5
SVM,SVM_C=1,fine_burnt,0.6514,0.038435660525090495,5,0.2404,0.07287866628856485,5,0.26680000000000004,0.07024741988144477,5,0.8619999999999999,0.021529050141611012,5,0.2524,0.06990922685883459,5,0.21939999999999998,0.07727418715198496,5,0.356,0.08156592425762121,5,0.9470000000000001,0.019377822375076063,5
SVM,SVM_C=10,fine_buttery,0.6756,0.09260831496145473,5,0.3362,0.1279792952004347,5,0.33120000000000005,0.1398810208713105,5,0.8573999999999999,0.05388227909062494,5,0.32199999999999995,0.12001041621459363,5,0.391,0.1887246671741667,5,0.3778,0.19829699947301271,5,0.9736,0.027336788399517593,5
SVM,SVM_C=1,fine_cabbage,0.781,0.09308329603102802,5,0.35700000000000004,0.08516748205741438,5,0.32880000000000004,0.06912090855884348,5,0.9,0.050314013952377105,5,0.2848,0.09218025819013526,5,0.2346,0.046187660689842265,5,0.5798,0.18948799434264957,5,0.9826,0.00563914887194869,5
SVM,SVM_C=1,fine_camphoreous,0.6950000000000001,0.05659505278732405,5,0.381,0.10509043724335723,5,0.394,0.10306308747558461,5,0.9304,0.022995651762887682,5,0.41880000000000006,0.13037331015203993,5,0.39459999999999995,0.11928243793618573,5,0.40800000000000003,0.11380026362008128,5,0.9822,0.007496665925596528,5
SVM,SVM_C=1,fine_caramellic,0.797,0.030446674695276642,5,0.5082,0.020510972673181558,5,0.5264,0.01821537811850196,5,0.9048,0.02092128103152388,5,0.5092,0.04850463895340321,5,0.4556,0.03253920712002675,5,0.6315999999999999,0.06904201619304,5,0.9621999999999999,0.009576011695899292,5
SVM,SVM_C=10,fine_cedar,0.6748000000000001,0.0762443440525263,5,0.36639999999999995,0.13730003641660113,5,0.36239999999999994,0.13376397123291456,5,0.859,0.0338452360015409,5,0.361,0.1582134633967666,5,0.4112,0.19331761430350836,5,0.3566,0.15179855071771928,5,0.9936,0.004159326868617067,5
SVM,SVM_C=0.1,fine_celery,0.5549999999999999,0.058749468082698444,5,0.1226,0.14373865172597106,5,0.11779999999999999,0.14151395690885052,5,0.732,0.12873810624675197,5,0.1946,0.07487856836238256,5,0.1562,0.19442273529605536,5,0.11560000000000001,0.12092683738525536,5,0.9949999999999999,0.00848528137423863,5
SVM,SVM_C=1,fine_chamomile,0.6684,0.07736148912734295,5,0.39,0.11983321743156193,5,0.3688,0.10723199149507576,5,0.8798,0.0599057593224558,5,0.3614,0.21401004649314945,5,0.5065999999999999,0.28621285785233336,5,0.33999999999999997,0.15578992265226912,5,0.9968,0.002588435821108971,5
SVM,SVM_C=1,fine_cheesy,0.646,0.08400892809695887,5,0.40259999999999996,0.09003499319708978,5,0.3756,0.12139316290467099,5,0.9019999999999999,0.030091527046662177,5,0.4664,0.0850576275239323,5,0.6342000000000001,0.12935107266659987,5,0.3004,0.17541465161154585,5,0.992,0.0071414284285429026,5
SVM,SVM_C=1,fine_cherry,0.6454000000000001,0.08411480250229447,5,0.21260000000000004,0.066293287744688,5,0.2132,0.05646857533177192,5,0.9062000000000001,0.014822280526288801,5,0.1992,0.05168849001470249,5,0.17980000000000002,0.05592584375760459,5,0.3182,0.18838975556011534,5,0.9730000000000001,0.021552262062252286,5
SVM,SVM_C=1,fine_chocolate,0.5884,0.05039642844488086,5,0.22000000000000003,0.04540374433898597,5,0.18980000000000002,0.03324454842526816,5,0.8865999999999999,0.015175638372075183,5,0.269,0.03090307428072487,5,0.3672,0.22006294554058847,5,0.18580000000000002,0.11167676571247934,5,0.9916,0.011653325705565765,5
SVM,SVM_C=1,fine_cinnamon,0.7352000000000001,0.12784052565599063,5,0.3752,0.13293494649639725,5,0.36619999999999997,0.1256789560745951,5,0.9324,0.04355800730061006,5,0.3992,0.16376415969313918,5,0.3252,0.10146526499250864,5,0.4848,0.26356346484291027,5,0.986,0.01027131929208704,5
SVM,SVM_C=1,fine_citrus,0.7534,0.006348228099241569,5,0.4646,0.01512613632095121,5,0.5062,0.016724233913695426,5,0.8870000000000001,0.017204650534085264,5,0.4828,0.062005644904314955,5,0.46299999999999997,0.03344398301638129,5,0.5606,0.020119642143934843,5,0.9461999999999999,0.007886697661252114,5
SVM,SVM_C=10,fine_clean,0.5468,0.06969361520254204,5,0.1034,0.12643298620217747,5,0.11000000000000001,0.1287089740461014,5,0.7607999999999999,0.06573583497606157,5,0.13979999999999998,0.05800603416886902,5,0.1386,0.11509257143708276,5,0.1014,0.142482630520355,5,0.9924,0.0039115214431215874,5
SVM,SVM_C=1,fine_clove,0.687,0.1540097399517316,5,0.3106,0.18765473615126263,5,0.2872,0.17967387122227874,5,0.9097999999999999,0.06596741619921158,5,0.3988,0.16421540731612244,5,0.30979999999999996,0.20681199191536256,5,0.3798,0.3140536578357272,5,0.9944,0.006107372593841,5
SVM,SVM_C=10,fine_cocoa,0.6786,0.04096705993844324,5,0.366,0.0864436232465993,5,0.3686,0.08233650466226994,5,0.8564,0.060243671866844234,5,0.41180000000000005,0.0996729652413331,5,0.4136,0.1754460030892696,5,0.3746,0.09139091858603896,5,0.9826,0.014380542409798034,5
SVM,SVM_C=10,fine_coconut,0.6986,0.09155490156184974,5,0.41719999999999996,0.17197732408663646,5,0.42400000000000004,0.17258621034138272,5,0.901,0.032046840717924144,5,0.41459999999999997,0.15467158756539612,5,0.45360000000000006,0.15820493039093314,5,0.40540000000000004,0.18329839060941042,5,0.992,0.0014142135623730963,5
SVM,SVM_C=10,fine_coffee,0.6952,0.10858268738615749,5,0.34459999999999996,0.0812668444077903,5,0.3346,0.0862252863143985,5,0.9174,0.007765307463326893,5,0.3718,0.05830694641292749,5,0.36160000000000003,0.11559757782929538,5,0.4142,0.23997645717861574,5,0.9763999999999999,0.02685702887513804,5
SVM,SVM_C=0.1,fine_cognac,0.7838,0.045433467840348685,5,0.43499999999999994,0.06359638354497842,5,0.4298,0.07440228491115042,5,0.943,0.019118054294305114,5,0.3604,0.07764856727590021,5,0.3538,0.11331681252135536,5,0.5972000000000001,0.10544524645521008,5,0.9708,0.017369513522260804,5
SVM,SVM_C=0.1,fine_cooked,0.632,0.1039062077067583,5,0.1712,0.10409707008364837,5,0.1684,0.0930043009758151,5,0.8380000000000001,0.04934571916590131,5,0.1464,0.03404849482723135,5,0.1342,0.06557972247577752,5,0.298,0.23484356495335354,5,0.9662,0.028411265371327623,5
SVM,SVM_C=1,fine_cooling,0.7030000000000001,0.09319334740205448,5,0.2536,0.05538772427171925,5,0.23700000000000002,0.0426790346657466,5,0.8684000000000001,0.04693932253452326,5,0.24699999999999997,0.0880851860416949,5,0.182,0.03221024681681282,5,0.442,0.2080624906127964,5,0.9640000000000001,0.022000000000000023,5
SVM,SVM_C=10,fine_cortex,0.5269999999999999,0.035686131760110935,5,0.0536,0.07510193073416953,5,0.0612,0.07438884324950885,5,0.7048,0.0615646002179824,5,0.096,0.09112354251234969,5,0.06420000000000001,0.09204455442881997,5,0.06999999999999999,0.07050177302735017,5,0.9842000000000001,0.012872451204024837,5
SVM,SVM_C=10,fine_coumarinic,0.6452,0.05853375094763701,5,0.3588,0.0453343137148893,5,0.3324,0.06807569316576953,5,0.8842000000000001,0.0529310872739263,5,0.3396,0.13437187205661758,5,0.5248,0.27684147088180266,5,0.2962,0.12105866346528035,5,0.9949999999999999,0.0043011626335213125,5
SVM,SVM_C=1,fine_creamy,0.6182,0.04783513353174631,5,0.22139999999999999,0.06170332243890923,5,0.24700000000000003,0.05964897316802696,5,0.7747999999999999,0.04435312841277378,5,0.229,0.07520638270785267,5,0.24500000000000002,0.07138627319029898,5,0.2714,0.11239795371802816,5,0.9646000000000001,0.020947553556441807,5
SVM,SVM_C=10,fine_cucumber,0.7116,0.08594940372102647,5,0.30300000000000005,0.07174956445860839,5,0.2884,0.06464750575234904,5,0.9164,0.06314903007964572,5,0.4138,0.17169944670848536,5,0.2378,0.09287195486259564,5,0.4384,0.18161580327713775,5,0.9847999999999999,0.010473776778220943,5
SVM,SVM_C=10,fine_dairy,0.611,0.021412613105363885,5,0.2646,0.07846846500346494,5,0.2726,0.06747073439647742,5,0.8148,0.09485884249768178,5,0.22360000000000002,0.08037288099850597,5,0.3414,0.13674355560683657,5,0.2354,0.03913182847759609,5,0.9869999999999999,0.0064031242374328464,5
SVM,SVM_C=10,fine_dry,0.61,0.05602231698171718,5,0.1204,0.04169292505929514,5,0.1396,0.02443972176601035,5,0.6648,0.06577765578066769,5,0.1,0.02876629972728505,5,0.095,0.0160312195418814,5,0.33199999999999996,0.14490686664199182,5,0.8884000000000001,0.04596520423102673,5
SVM,SVM_C=1,fine_earthy,0.6527999999999999,0.046359465052996464,5,0.24459999999999998,0.0460358555910499,5,0.2904,0.04612808255282242,5,0.7602,0.030946728421595765,5,0.25739999999999996,0.04198571185534431,5,0.24900000000000003,0.05654644109048774,5,0.40540000000000004,0.14616360696151423,5,0.9004,0.06587336335727821,5
SVM,SVM_C=0.1,fine_ethereal,0.7514000000000001,0.035125489320435146,5,0.5288,0.06499384586251224,5,0.5514,0.06140684000988814,5,0.916,0.02117781858454734,5,0.5836,0.06337428500582869,5,0.5886,0.08977081931229097,5,0.526,0.07234293331072494,5,0.9766,0.009099450532861892,5
SVM,SVM_C=1,fine_fatty,0.781,0.03257299494980464,5,0.5174000000000001,0.01092245393673055,5,0.5744,0.0077974354758472,5,0.8652,0.017626684316683034,5,0.5612,0.041966653428644966,5,0.529,0.052335456432518086,5,0.644,0.09598176910226235,5,0.9182,0.03145155004129367,5
SVM,SVM_C=10,fine_fermented,0.636,0.07592101158440916,5,0.30839999999999995,0.058286362041218516,5,0.2886,0.09079812773400121,5,0.8555999999999999,0.02005741758053613,5,0.3156,0.05689288180431715,5,0.45760000000000006,0.19494563344686636,5,0.2918,0.17363812945318202,5,0.9805999999999999,0.024684002916869056,5
SVM,SVM_C=10,fine_fishy,0.6582,0.051804439964157525,5,0.39,0.053164838004079354,5,0.3806,0.07106194480873713,5,0.8834,0.05170880002475403,5,0.3794,0.066214046848082,5,0.5109999999999999,0.07331780138547525,5,0.3218,0.10596556044300433,5,0.9948,0.0025884358211089547,5
SVM,SVM_C=1,fine_floral,0.7794000000000001,0.014741099009232652,5,0.515,0.03446012188022556,5,0.6292,0.025459772190654043,5,0.8618,0.018019433953373794,5,0.6226,0.040967059938443254,5,0.5608,0.05120253899954571,5,0.7228,0.04628930762065902,5,0.836,0.041273478166977885,5
SVM,SVM_C=1,fine_fresh,0.6484,0.03742726279064504,5,0.24,0.022989127865145294,5,0.3246,0.023125743231299612,5,0.757,0.011269427669584695,5,0.2638,0.01327403480483609,5,0.2706,0.03476780119593415,5,0.44539999999999996,0.13556105635469207,5,0.851,0.06214096877262214,5
SVM,SVM_C=10,fine_fruit skin,0.5274,0.03997249054037037,5,0.0852,0.11676985912469022,5,0.0756,0.10468189910390431,5,0.6792,0.08918351865675628,5,0.11339999999999999,0.08055619156837045,5,0.15,0.22360679774997896,5,0.056400000000000006,0.08249121165312097,5,0.9986,0.0026076809620810483,5
SVM,SVM_C=1,fine_fruity,0.777,0.008514693182963213,5,0.5534000000000001,0.01510959959760679,5,0.7247999999999999,0.011606032913963341,5,0.8554,0.007700649323271385,5,0.7996000000000001,0.006066300355241224,5,0.721,0.010000000000000028,5,0.729,0.023420076857260764,5,0.8251999999999999,0.01591225942473288,5
SVM,SVM_C=1,fine_garlic,0.7652,0.09837530177844431,5,0.5154,0.07751322467811543,5,0.5034000000000001,0.08440556853667892,5,0.9682000000000001,0.021111608181282614,5,0.5426,0.10370053037472857,5,0.5582,0.1802115423606379,5,0.5452,0.20636787540700222,5,0.9853999999999999,0.011781341180018482,5
SVM,SVM_C=10,fine_gassy,0.6808,0.16204844954519004,5,0.2628,0.21294764614806144,5,0.24979999999999997,0.20055348413827168,5,0.9560000000000001,0.046984039843334026,5,0.29819999999999997,0.27266407904232637,5,0.21459999999999999,0.20394680679039814,5,0.3726,0.3279859753099208,5,0.9892,0.007854934754662184,5
SVM,SVM_C=1,fine_geranium,0.6517999999999999,0.09117126740371662,5,0.2506,0.08133756819576055,5,0.24780000000000002,0.0692906920155947,5,0.8784000000000001,0.056438462062674936,5,0.1978,0.06258753869581389,5,0.23159999999999997,0.06573659559180109,5,0.3168,0.18896878049032334,5,0.9869999999999999,0.007449832212875711,5
SVM,SVM_C=10,fine_grape,0.6304000000000001,0.050500495047078514,5,0.3262,0.026938819573247823,5,0.3132,0.045931470692761406,5,0.8092,0.06468152750206195,5,0.2864,0.04640366364846638,5,0.4528,0.1032603505707781,5,0.2682,0.10685597783933287,5,0.993,0.005338539126015652,5
SVM,SVM_C=1,fine_grapefruit,0.6874,0.04527471700629389,5,0.3778,0.07264778042032666,5,0.3722,0.05687442307399699,5,0.8934,0.05588649210676943,5,0.37360000000000004,0.12867905812524433,5,0.422,0.21801032085660535,5,0.3856,0.09580344461448136,5,0.9896,0.005983310120660665,5
SVM,SVM_C=1,fine_grassy,0.554,0.06896013341054383,5,0.0714,0.09325127344974973,5,0.078,0.08988603896045258,5,0.7806,0.053798698869024726,5,0.0994,0.06902390890119163,5,0.05620000000000001,0.06513217330935611,5,0.1288,0.14654930910789035,5,0.9789999999999999,0.01587450786638756,5
SVM,SVM_C=10,fine_green,0.734,0.017349351572897496,5,0.4476,0.03897178466531907,5,0.6192,0.024417207047490123,5,0.8102,0.02585923432741191,5,0.652,0.02717535648340241,5,0.5711999999999999,0.041865260061296636,5,0.6782,0.0273989050876125,5,0.7898,0.03480948146697964,5
SVM,SVM_C=0.1,fine_hawthorn,0.6184000000000001,0.15666141835180739,5,0.1514,0.19644923008248216,5,0.1402,0.17872380927005777,5,0.9342,0.04454997194162973,5,0.21200000000000002,0.19571790924695676,5,0.1112,0.14393470741971862,5,0.2528,0.31919461148333944,5,0.9843999999999999,0.019768662069042504,5
SVM,SVM_C=0.1,fine_hay,0.6195999999999999,0.10671129274823729,5,0.1466,0.1281241585338222,5,0.14279999999999998,0.11691749227553591,5,0.7992,0.08063932043364455,5,0.1488,0.09078105529239017,5,0.1086,0.10321482451663617,5,0.2684,0.2305673437414761,5,0.9712,0.022015903342811123,5
SVM,SVM_C=1,fine_hazelnut,0.7288,0.08830458651734915,5,0.3416,0.06731493147883312,5,0.32720000000000005,0.06354683312329576,5,0.8938,0.09104229786203771,5,0.3008,0.019942417105255805,5,0.2802,0.0835745176474265,5,0.4708,0.18100055248534466,5,0.9865999999999999,0.0071274118724821735,5
SVM,SVM_C=1,fine_herbal,0.6878,0.0229499455337044,5,0.3282,0.025390943267236066,5,0.43979999999999997,0.017166828478201796,5,0.7792,0.026300190113381316,5,0.41559999999999997,0.03812217202626316,5,0.37720000000000004,0.0213236957397164,5,0.5346,0.0697481182541866,5,0.8412,0.03275973137863005,5
SVM,SVM_C=1,fine_honey,0.6606,0.06376754660483655,5,0.3524,0.1611251066718033,5,0.3672,0.15203354892917548,5,0.8470000000000001,0.04134610017885604,5,0.3478,0.14927558407187694,5,0.4128,0.20543295743380616,5,0.3384,0.12331382728631857,5,0.9827999999999999,0.008613942186943207,5
SVM,SVM_C=0.1,fine_hyacinth,0.6948000000000001,0.09854795786823792,5,0.2254,0.08141437219557737,5,0.2008,0.07596841448918096,5,0.8648,0.04219834119962539,5,0.1488,0.05148980481609927,5,0.161,0.1141424548535732,5,0.41979999999999995,0.2097467520606696,5,0.9698,0.01626960356001342,5
SVM,SVM_C=1,fine_jasmin,0.6826,0.07164705157925204,5,0.3936,0.05468820713828533,5,0.3746,0.09406008717835634,5,0.8699999999999999,0.05331510105026527,5,0.359,0.08325563044022909,5,0.5218,0.2833323137236556,5,0.3766,0.14970237139070308,5,0.9882,0.009038805230781355,5
SVM,SVM_C=0.1,fine_juicy,0.6043999999999999,0.07916312272769434,5,0.123,0.089509776002401,5,0.11800000000000002,0.08065048046974053,5,0.8554,0.040172129642327886,5,0.0986,0.07151433422748196,5,0.08259999999999999,0.056336489063483534,5,0.2318,0.1692518832982369,5,0.9772000000000001,0.013989281611290868,5
SVM,SVM_C=10,fine_ketonic,0.7842,0.08221739475317866,5,0.5316,0.10865909994105416,5,0.5262,0.11237748884896828,5,0.9262,0.040158436224534445,5,0.5189999999999999,0.14531861546271352,5,0.5186,0.13554076877456464,5,0.5738,0.16625642844714303,5,0.9944,0.0032093613071762397,5
SVM,SVM_C=1,fine_lactonic,0.7388,0.0582254240001736,5,0.3734,0.06844925127421046,5,0.37039999999999995,0.06325582977085983,5,0.8937999999999999,0.062363450834603464,5,0.3196,0.08882173157510496,5,0.30179999999999996,0.0592933385803161,5,0.49400000000000005,0.11940058626321737,5,0.9843999999999999,0.005683308895353107,5
SVM,SVM_C=0.1,fine_lavender,0.6652,0.1328352362891714,5,0.1634,0.07531799253830389,5,0.1384,0.047982288398949885,5,0.8282,0.12882041763633592,5,0.188,0.15410061648157025,5,0.1026,0.04541255333054948,5,0.3538,0.2751421450814106,5,0.9766,0.013183322798141588,5
SVM,SVM_C=10,fine_leafy,0.569,0.057840297371296395,5,0.1172,0.054200553502708804,5,0.1302,0.054636983811334236,5,0.701,0.062453983059529546,5,0.1296,0.03825963930828412,5,0.14540000000000003,0.06570616409439833,5,0.1764,0.1524936064233514,5,0.9614,0.038500649345173395,5
SVM,SVM_C=1,fine_leathery,0.6456,0.07535449555268746,5,0.2232,0.11706493924313975,5,0.21760000000000002,0.11940393628352461,5,0.8144,0.03982838184008984,5,0.183,0.05590617139457861,5,0.198,0.13491849391391825,5,0.3074,0.1554454888377273,5,0.9833999999999999,0.011148990985734962,5
SVM,SVM_C=1,fine_lemon,0.6626000000000001,0.04076518122123342,5,0.2902,0.06465833279632255,5,0.29359999999999997,0.06915417557891933,5,0.8625999999999999,0.05009790414777852,5,0.253,0.08140945890988344,5,0.2842,0.10564894698954648,5,0.3424,0.08898763959112525,5,0.983,0.010862780491200224,5
SVM,SVM_C=0.1,fine_lily,0.6678,0.1294244953631267,5,0.2318,0.15402175171059446,5,0.2238,0.14044109085306908,5,0.8661999999999999,0.029243802762294827,5,0.1836,0.07345951265833446,5,0.1794,0.118670973704609,5,0.35700000000000004,0.2720202198366879,5,0.9789999999999999,0.01713184169901183,5
SVM,SVM_C=1,fine_malty,0.6994,0.06388505302494474,5,0.515,0.15440207252495025,5,0.4622,0.16349525987012586,5,0.945,0.02730384588295207,5,0.5974,0.06934551175094177,5,0.7686,0.36129461662194745,5,0.4022,0.13071036684211393,5,0.9970000000000001,0.006164414002968989,5
SVM,SVM_C=1,fine_meaty,0.795,0.07555461600723015,5,0.48460000000000003,0.06790655343926683,5,0.504,0.062277604321296746,5,0.9318,0.014342245291445802,5,0.4972,0.05756908892800023,5,0.4288,0.02450918195289267,5,0.646,0.1681695572926325,5,0.9442,0.017935997323817815,5
SVM,SVM_C=0.1,fine_medicinal,0.633,0.039127995093027654,5,0.3168,0.038068359565392375,5,0.3126,0.04364974226728034,5,0.8792,0.03202655148466664,5,0.27619999999999995,0.03795655411124672,5,0.4042,0.0817049570099636,5,0.2726,0.08172698452775556,5,0.9936,0.0041593268686170495,5
SVM,SVM_C=10,fine_melon,0.6884,0.09418757879890535,5,0.29,0.06596969000988258,5,0.282,0.07381395532011545,5,0.8582000000000001,0.02910670025956226,5,0.286,0.03128098463923413,5,0.279,0.10355916183515587,5,0.4196,0.2211567317537497,5,0.9568,0.04351091817004094,5
SVM,SVM_C=10,fine_metallic,0.6112,0.06232335035923534,5,0.144,0.04910702597388687,5,0.1552,0.04391696710839672,5,0.7372,0.07019045519157147,5,0.1614,0.037547303498387204,5,0.1262,0.04996698910280667,5,0.2852,0.16929175998848853,5,0.9372,0.048771918149689335,5
SVM,SVM_C=10,fine_milky,0.6300000000000001,0.0501398045468867,5,0.1988,0.06878735348884997,5,0.1966,0.07558637443349166,5,0.7727999999999999,0.04454997194162981,5,0.1396,0.061784302213426345,5,0.18980000000000002,0.11000545441022459,5,0.2922,0.11050429855892485,5,0.9682000000000001,0.021241468875762823,5
SVM,SVM_C=1,fine_mint,0.7322,0.05657472934093455,5,0.4286,0.048319768211364585,5,0.4478,0.049246319659442574,5,0.874,0.012668859459319906,5,0.4404,0.0795883157253626,5,0.4306,0.06825173990456215,5,0.4986,0.1289391329271296,5,0.9658,0.019791412279066865,5
SVM,SVM_C=1,fine_muguet,0.6878,0.11773359758369738,5,0.3018,0.15749507928821138,5,0.2952,0.14988061916071738,5,0.916,0.038059164467970086,5,0.23759999999999998,0.16161157136789434,5,0.2682,0.17151880363388733,5,0.3902,0.2439768431634445,5,0.9862,0.012153188881935445,5
SVM,SVM_C=10,fine_mushroom,0.6672,0.10026814050335232,5,0.2802,0.0497915655508039,5,0.26739999999999997,0.032577599666028204,5,0.8968,0.023562682360037047,5,0.29219999999999996,0.07247551310615194,5,0.3026,0.17451590185424362,5,0.3614,0.22784819507733653,5,0.9730000000000001,0.02789265136196264,5
SVM,SVM_C=10,fine_musk,0.7472,0.08169883720102754,5,0.6252,0.12064907790779006,5,0.6048,0.13288227872820366,5,0.883,0.04739725730461625,5,0.6024,0.10310577093451175,5,0.8192,0.12659462863802715,5,0.4974,0.16398414557511345,5,0.9975999999999999,0.002190890230020669,5
SVM,SVM_C=0.1,fine_musty,0.624,0.04238513890504556,5,0.1462,0.03787743391519546,5,0.1736,0.03382750360283773,5,0.7516,0.016697305171793502,5,0.1552,0.01160603291396331,5,0.1176,0.02798749720857512,5,0.3754,0.15894432987684717,5,0.8722,0.08344579078659393,5
SVM,SVM_C=0.1,fine_natural,0.5366000000000001,0.022006817125609063,5,0.0474,0.03181666230137913,5,0.059399999999999994,0.036997297198579256,5,0.766,0.062477996126636494,5,0.06860000000000001,0.022875751353780706,5,0.041999999999999996,0.028310775333784132,5,0.10579999999999998,0.06016394268995342,5,0.968,0.021505813167606608,5
SVM,SVM_C=0.1,fine_nutty,0.6992,0.03012806001056157,5,0.4286,0.03143723906452345,5,0.4614,0.029585469406450186,5,0.8378,0.01925357109733155,5,0.45760000000000006,0.05762638284674825,5,0.5128,0.07654867732364812,5,0.4344,0.07786077317879654,5,0.9638,0.021253235047869707,5
SVM,SVM_C=10,fine_odorless,0.8907999999999999,0.028499122793517722,5,0.6557999999999999,0.08433089588045418,5,0.6576000000000001,0.08865833294169245,5,0.9574,0.027844209451877093,5,0.696,0.07123903424387505,5,0.5646,0.13324526257995067,5,0.8099999999999999,0.05755432216610669,5,0.9714,0.012934450123604018,5
SVM,SVM_C=10,fine_oily,0.6852,0.0413424721079908,5,0.3424,0.04369553752959219,5,0.3892,0.03914971264262358,5,0.796,0.0202977831301844,5,0.3548,0.04972625061272971,5,0.376,0.08714069083958423,5,0.4412,0.11664990355761122,5,0.9289999999999999,0.03972404813208237,5
SVM,SVM_C=1,fine_onion,0.8192,0.061900726974729495,5,0.5078,0.04271065440847286,5,0.5096,0.041088927949022955,5,0.9686,0.012481987021303945,5,0.5402,0.07808777112967176,5,0.42400000000000004,0.058970331523572075,5,0.6746000000000001,0.1365679318141708,5,0.9642,0.01395349418604531,5
SVM,SVM_C=10,fine_orange,0.6714,0.0969396719614833,5,0.267,0.10204900783447139,5,0.2622,0.10932383088787181,5,0.8924,0.0360458041941084,5,0.2592,0.05505179379457129,5,0.2464,0.041076757418277314,5,0.3664,0.20743987080597598,5,0.9762000000000001,0.01605303709582708,5
SVM,SVM_C=0.1,fine_orangeflower,0.6908,0.13828123516949073,5,0.3226,0.22021194336366048,5,0.31880000000000003,0.21483877676062113,5,0.905,0.06281719509815759,5,0.33499999999999996,0.22589046017926473,5,0.2834,0.19190570601209334,5,0.3872,0.27814600482480417,5,0.9945999999999999,0.0028809720581775954,5
SVM,SVM_C=0.1,fine_orris,0.6166,0.10121165940740225,5,0.1452,0.11077544854343854,5,0.13679999999999998,0.10085484618995756,5,0.8652000000000001,0.06348779410248871,5,0.166,0.07614788243936925,5,0.1072,0.09444151629447718,5,0.2554,0.2193861891733388,5,0.9778,0.018886503117305744,5
SVM,SVM_C=1,fine_ozone,0.6264000000000001,0.09595207136899128,5,0.221,0.15340632320735675,5,0.20380000000000004,0.14759471535254914,5,0.8748000000000001,0.07189714876126868,5,0.1998,0.07484450547635411,5,0.246,0.23668016393436944,5,0.2642,0.2041083045836205,5,0.9888,0.01495660389259542,5
SVM,SVM_C=10,fine_peach,0.6202,0.06839371316137176,5,0.25539999999999996,0.04591622806808068,5,0.24780000000000002,0.06249959999872,5,0.8416,0.022611943746613204,5,0.2612,0.07012631460443361,5,0.3282,0.08845168172510912,5,0.2528,0.14697176599605785,5,0.9878,0.010256705123966512,5
SVM,SVM_C=0.1,fine_pear,0.7098,0.011454256850621096,5,0.3574,0.04159687488261588,5,0.3684,0.04391241282371079,5,0.9056000000000001,0.032439173848913,5,0.296,0.04518296139032943,5,0.3252,0.0916662424232607,5,0.44700000000000006,0.030298514815086247,5,0.9730000000000001,0.008972179222463163,5
SVM,SVM_C=0.1,fine_phenolic,0.6734,0.09781768756211726,5,0.4224,0.1343402396901241,5,0.4182,0.14841394813156888,5,0.9196,0.035739334073258806,5,0.5136000000000001,0.11300575206598996,5,0.5602,0.05175615905377833,5,0.3564,0.19900075376741663,5,0.99,0.004123105625617667,5
SVM,SVM_C=1,fine_pine,0.7534,0.02484552273549506,5,0.488,0.03859404099080584,5,0.4948,0.03834970664816097,5,0.9436,0.041046315303568955,5,0.45280000000000004,0.10129511340632381,5,0.4808,0.06135715117245908,5,0.5146,0.04984776825495799,5,0.9916,0.0011401754250991018,5
SVM,SVM_C=1,fine_pineapple,0.7572,0.06796101823839899,5,0.4034,0.05794221259151225,5,0.41479999999999995,0.048313559173383196,5,0.9156000000000001,0.026585710447531736,5,0.4354,0.09820539700036857,5,0.3444,0.07388707600115191,5,0.564,0.15468354792931277,5,0.9501999999999999,0.021580083410404134,5
SVM,SVM_C=1,fine_plum,0.5884,0.061117100716575196,5,0.159,0.14349390230947096,5,0.1646,0.14293809849022057,5,0.8042,0.016300306745579966,5,0.13779999999999998,0.0887986486383661,5,0.1628,0.17310892524650484,5,0.1936,0.12555994584261335,5,0.9836,0.016318700928689162,5
SVM,SVM_C=10,fine_popcorn,0.7754,0.094780272208936,5,0.5682,0.1334173901708469,5,0.5640000000000001,0.13197537649122276,5,0.976,0.016911534525287784,5,0.5780000000000001,0.20898923417248072,5,0.6033999999999999,0.1398045063651383,5,0.5538000000000001,0.18955526898506408,5,0.9972,0.001483239697419127,5
SVM,SVM_C=1,fine_potato,0.6836,0.12943840233871864,5,0.2538,0.15863227918680362,5,0.23820000000000002,0.1537032855862229,5,0.9308,0.034866889737973465,5,0.2976,0.1241221172877743,5,0.2064,0.15634033388732416,5,0.3832,0.2692873929466435,5,0.984,0.014159802258506321,5
SVM,SVM_C=1,fine_powdery,0.631,0.08889881888979181,5,0.1964,0.11994915589532092,5,0.2124,0.12186590991741703,5,0.8198000000000001,0.04017088497904915,5,0.2002,0.06900507227733335,5,0.1802,0.07551622342252028,5,0.3108,0.19995299447620185,5,0.9516,0.03159588580812379,5
SVM,SVM_C=10,fine_pungent,0.6876,0.07114281411358422,5,0.3066,0.05789473205741605,5,0.3188,0.047473150306252036,5,0.8378,0.015352524222420243,5,0.2808,0.04046850627339735,5,0.29860000000000003,0.11976142951718635,5,0.4258,0.16731317939720108,5,0.9492,0.0302522726419024,5
SVM,SVM_C=10,fine_radish,0.6561999999999999,0.053312287514230706,5,0.41080000000000005,0.11904284942826257,5,0.3948,0.1195792624161899,5,0.8478,0.055291952398156485,5,0.38180000000000003,0.10016336655684052,5,0.5612,0.16608642328619158,5,0.3154,0.10681432488201197,5,0.9972,0.0016431676725155253,5
SVM,SVM_C=10,fine_raspberry,0.5236,0.03412916641232245,5,0.1096,0.1686543803166701,5,0.08080000000000001,0.11572899377424829,5,0.7278,0.06347204108897084,5,0.1008,0.07204651275391474,5,0.2666,0.43460073630862617,5,0.0486,0.06826272775094766,5,0.999,0.0010000000000000148,5
SVM,SVM_C=0.1,fine_ripe,0.6158,0.10814665968026939,5,0.1582,0.059145583097979515,5,0.1518,0.03577988261579403,5,0.8256,0.06621404684808203,5,0.131,0.02904307146291521,5,0.1494,0.041070670800462956,5,0.2632,0.2480981660552935,5,0.969,0.03218695387886215,5
SVM,SVM_C=1,fine_roasted,0.8154,0.05919712830872793,5,0.4976,0.04416786161905513,5,0.5152,0.03381863391682168,5,0.9324,0.013483323032546497,5,0.515,0.057497826045860234,5,0.41900000000000004,0.04106701839676216,5,0.6950000000000001,0.13522019080004286,5,0.9352,0.021323695739716347,5
SVM,SVM_C=10,fine_rose,0.748,0.06397265040624782,5,0.46699999999999997,0.08388086790204306,5,0.49939999999999996,0.08370961712969421,5,0.8838000000000001,0.028490349243208642,5,0.4838,0.09061843079638933,5,0.4772,0.04637024908279018,5,0.5376000000000001,0.13616827824423722,5,0.9581999999999999,0.010616025621672177,5
SVM,SVM_C=0.1,fine_rummy,0.5997999999999999,0.030392433268825333,5,0.188,0.019824227601599027,5,0.196,0.014370107863199907,5,0.8524,0.044947747440778375,5,0.22960000000000003,0.10307909584391976,5,0.20539999999999997,0.07377533463156911,5,0.2184,0.07291296181064105,5,0.9808,0.013461054936371087,5
SVM,SVM_C=1,fine_sandalwood,0.708,0.12337139052470791,5,0.3982,0.1712912723988003,5,0.3848,0.17961263875351313,5,0.9481999999999999,0.04965581536940061,5,0.5286,0.20248654276272288,5,0.42279999999999995,0.16225504614649125,5,0.42119999999999996,0.24860651640695183,5,0.9954000000000001,0.003507135583350038,5
SVM,SVM_C=0.1,fine_savory,0.71,0.10897935584320546,5,0.2682,0.05216991470186625,5,0.25460000000000005,0.03389395226290379,5,0.9016,0.021593980642762498,5,0.21600000000000003,0.0619394865978077,5,0.2096,0.054252188895933036,5,0.477,0.25847243566771294,5,0.943,0.04163532154313209,5
SVM,SVM_C=0.1,fine_sharp,0.674,0.09994748621151012,5,0.203,0.05057173123396113,5,0.194,0.019339079605813735,5,0.8178000000000001,0.08307647079648968,5,0.1534,0.04626337644400806,5,0.1424,0.022006817125609045,5,0.40499999999999997,0.24147670695120882,5,0.943,0.0423733406754766,5
SVM,SVM_C=1,fine_smoky,0.7062,0.04097194161862482,5,0.43,0.05909314681077664,5,0.42519999999999997,0.045350854457220535,5,0.9202,0.031799371062962836,5,0.386,0.08795169128561428,5,0.4824,0.19163193888284907,5,0.4218,0.08837533592581134,5,0.991,0.007348469228349535,5
SVM,SVM_C=1,fine_soapy,0.5751999999999999,0.08609703827658652,5,0.11839999999999999,0.1367234434908659,5,0.1236,0.13197461877194416,5,0.8148,0.06213050780413761,5,0.1176,0.10111033577236306,5,0.1048,0.11989453698980618,5,0.16540000000000002,0.17425498558147484,5,0.9856,0.0081424811943289,5
SVM,SVM_C=10,fine_solvent,0.6674,0.08951703748449233,5,0.3242,0.10489613910912068,5,0.32439999999999997,0.10460066921392042,5,0.915,0.04504442251822082,5,0.33520000000000005,0.1364100436184961,5,0.3356,0.03868203717489555,5,0.3426,0.18149187309629047,5,0.9926,0.00270185121722126,5
SVM,SVM_C=10,fine_sour,0.6222,0.0772508899625111,5,0.3646,0.11637138823611241,5,0.31320000000000003,0.13976301370534336,5,0.8315999999999999,0.01631870092868918,5,0.3416,0.05511170474590673,5,0.65,0.2528724975160407,5,0.2486,0.15852539228779722,5,0.9965999999999999,0.0049295030175465345,5
SVM,SVM_C=1,fine_spicy,0.6862,0.02715142721847229,5,0.30700000000000005,0.03720886991027812,5,0.3724,0.0328527015631896,5,0.807,0.006964194138592036,5,0.3814,0.051149780058178156,5,0.313,0.06836665854054885,5,0.4972,0.11056988740158868,5,0.876,0.0653337585020179,5
SVM,SVM_C=1,fine_strawberry,0.5357999999999999,0.0599808302710124,5,0.029400000000000003,0.052137318688248634,5,0.029200000000000004,0.040288956303185616,5,0.7926,0.13180971132659383,5,0.0842,0.0920717111820998,5,0.0172,0.023721298446754555,5,0.0972,0.13652545550189532,5,0.9747999999999999,0.02309112383579459,5
SVM,SVM_C=10,fine_sulfurous,0.8996000000000001,0.04744786612693981,5,0.73,0.03306055050963308,5,0.7464000000000001,0.030468016016800346,5,0.9705999999999999,0.006913754406977423,5,0.7214,0.0247345911629847,5,0.686,0.05613822227324266,5,0.8333999999999999,0.10505855510142902,5,0.9652,0.011840608092492565,5
SVM,SVM_C=0.1,fine_sweaty,0.5778000000000001,0.08286857064050282,5,0.199,0.2407155998268496,5,0.1858,0.21191790863445215,5,0.8518000000000001,0.10439923371366285,5,0.2326,0.161229029644168,5,0.2834,0.41497325215006325,5,0.1582,0.1675311911257125,5,0.9972,0.004086563348340524,5
SVM,SVM_C=1,fine_sweet,0.6826,0.016979399282660103,5,0.34059999999999996,0.02274423003752819,5,0.5496000000000001,0.02329806858947749,5,0.7512000000000001,0.014754660280738439,5,0.5418000000000001,0.021856349191939687,5,0.47759999999999997,0.022029525641738146,5,0.6586000000000001,0.10067422708916121,5,0.7068,0.0719214849679844,5
SVM,SVM_C=0.1,fine_tea,0.5152,0.033988233257996776,5,0.0254,0.05679612662849466,5,0.027600000000000003,0.0617154761789942,5,0.6782,0.0848127348928214,5,0.0728,0.02890847626562147,5,0.0236,0.05277120426899503,5,0.0334,0.07468467044849297,5,0.9969999999999999,0.00670820393249937,5
SVM,SVM_C=0.1,fine_terpenic,0.6182000000000001,0.09228055049684085,5,0.252,0.1502381442909889,5,0.2508,0.15573117863806205,5,0.9364000000000001,0.041416180412973846,5,0.3028,0.10923232122407725,5,0.2886,0.11067881459430258,5,0.2414,0.1855648134749689,5,0.9952,0.0016431676725155065,5
SVM,SVM_C=0.1,fine_tobacco,0.658,0.07259132179537715,5,0.3318,0.12585984268224715,5,0.3392,0.1251067544139804,5,0.8078,0.054650709053039745,5,0.2678,0.14328363479476644,5,0.3702,0.13669747620201333,5,0.32720000000000005,0.1459030500023903,5,0.9892,0.002280350850198291,5
SVM,SVM_C=1,fine_tomato,0.6014,0.07632692840669013,5,0.1384,0.12331788191499236,5,0.1328,0.12279128633579828,5,0.89,0.05597767412102793,5,0.2082,0.11280159573339378,5,0.1042,0.11348656308127406,5,0.2166,0.15415998183705135,5,0.9864,0.011802542099056469,5
SVM,SVM_C=1,fine_tropical,0.705,0.0317175030543074,5,0.33540000000000003,0.04827318096003204,5,0.3866,0.04459035770208621,5,0.8215999999999999,0.00976217188949262,5,0.3568,0.03225213171249303,5,0.322,0.06286493458200684,5,0.5048,0.08617830353401021,5,0.9046,0.039702644748177675,5
SVM,SVM_C=10,fine_vanilla,0.7615999999999999,0.05572521870751156,5,0.5546,0.08062753871972035,5,0.5586,0.0790841324160542,5,0.8922000000000001,0.04785080981550888,5,0.5751999999999999,0.05630896909019026,5,0.6066,0.1105047510290847,5,0.5316,0.11289286957111151,5,0.992,0.0033911649915626453,5
SVM,SVM_C=1,fine_vegetable,0.7268,0.0389191469587914,5,0.363,0.034604912945996574,5,0.3956,0.02653865105840911,5,0.8554,0.03473902704452156,5,0.3258,0.046202813767128946,5,0.323,0.018801595676963167,5,0.52,0.09074690077352508,5,0.9328,0.015270887335056785,5
SVM,SVM_C=1,fine_vetiver,0.6364,0.06206287134833512,5,0.253,0.056484511151288185,5,0.2466,0.06004831388140719,5,0.9116,0.04603585559104989,5,0.27759999999999996,0.08987380040924052,5,0.26339999999999997,0.08125453833479089,5,0.2808,0.12832653661655488,5,0.9928000000000001,0.006300793600809334,5
SVM,SVM_C=0.1,fine_violet,0.6908,0.04025791847574831,5,0.3894,0.06250839943559587,5,0.391,0.058395205282625734,5,0.8928,0.035414686219137986,5,0.41739999999999994,0.08147576326736684,5,0.4178,0.12307802403353739,5,0.38980000000000004,0.0814383202184328,5,0.9924,0.0035777087639996302,5
SVM,SVM_C=0.1,fine_warm,0.5396,0.051403307286593904,5,0.0526,0.07157024521405526,5,0.064,0.07418557811326942,5,0.7062,0.058392636522082146,5,0.06659999999999999,0.0434315553486172,5,0.0462,0.05405737692489342,5,0.1048,0.11798601612055556,5,0.9745999999999999,0.02281008548866051,5
SVM,SVM_C=1,fine_waxy,0.7584,0.05735241930380966,5,0.4646,0.0583206652911299,5,0.5138,0.05250428553937285,5,0.8897999999999999,0.012891857895586677,5,0.4932,0.035195170123185994,5,0.46880000000000005,0.05600178568581542,5,0.5928,0.14225751298261896,5,0.9238,0.03325206760488735,5
SVM,SVM_C=1,fine_weedy,0.5,0.0,5,0.0,0.0,5,0.0,0.0,5,0.583,0.20896411175127655,5,0.0536,0.05895167512463069,5,0.0,0.0,5,0.0,0.0,5,1.0,0.0,5
SVM,SVM_C=10,fine_winey,0.7108,0.030849635330097498,5,0.3518,0.05054898614215719,5,0.3782,0.04914468435141283,5,0.8894,0.019882152800941865,5,0.3346,0.06633475710364815,5,0.3222,0.062731172474297,5,0.4692,0.0657624512925119,5,0.9526,0.013501851724856103,5
SVM,SVM_C=0.1,fine_woody,0.7554000000000001,0.025274493071078607,5,0.4718,0.05274182401093083,5,0.5439999999999999,0.04706378650300038,5,0.8382,0.021993180761317777,5,0.5416000000000001,0.04816949241999544,5,0.503,0.09025242379016755,5,0.615,0.07803524844581455,5,0.8958,0.05234691968014926,5
XGB,XGB_n_estimators=300_max_depth=6,fine_alcoholic,0.7998000000000001,0.03385557561170682,5,0.6126,0.07575156764054448,5,0.6148,0.07459021383532827,5,0.9401999999999999,0.01745565810847584,5,0.655,0.06080707195713342,5,0.6454,0.15460045278070825,5,0.6084,0.06981618723476674,5,0.9917999999999999,0.0058051701094799955,5
XGB,XGB_n_estimators=100_max_depth=6,fine_aldehydic,0.6914,0.04473030292765742,5,0.3646,0.06611580748958602,5,0.3798,0.06513217330935613,5,0.8922000000000001,0.032166753022336625,5,0.37079999999999996,0.06771779677455553,5,0.3708,0.0762935121750205,5,0.404,0.0927227048785787,5,0.9783999999999999,0.009710818709048153,5
XGB,XGB_n_estimators=300_max_depth=6,fine_alliaceous,0.7578,0.04699680840227346,5,0.4204,0.019437077969694933,5,0.42400000000000004,0.024145392935299263,5,0.9391999999999999,0.017383900597967027,5,0.4418,0.034419471233590994,5,0.3644,0.06653044415904646,5,0.5412,0.10352391028163495,5,0.9742,0.009628083921528743,5
XGB,XGB_n_estimators=300_max_depth=6,fine_almond,0.6486,0.055662375084072714,5,0.2992,0.10313680235493052,5,0.3088,0.09972562358792249,5,0.9076000000000001,0.043963621324909066,5,0.3236,0.11817910136737374,5,0.3176,0.11219759355708125,5,0.3096,0.11201249930253321,5,0.9875999999999999,0.005128352561983237,5
XGB,XGB_n_estimators=100_max_depth=6,fine_amber,0.6884,0.07804357757048304,5,0.39320000000000005,0.10034789484588107,5,0.39,0.11242330719205873,5,0.8906000000000001,0.030859358386071487,5,0.3718,0.08832723249372189,5,0.4548,0.13363644712427822,5,0.388,0.15865686244219002,5,0.9890000000000001,0.006782329983125283,5
XGB,XGB_n_estimators=100_max_depth=6,fine_animal,0.6546000000000001,0.022831995094603545,5,0.3612,0.09230222099169663,5,0.3618,0.07591574276788707,5,0.792,0.03937638886439434,5,0.27220000000000005,0.08235107771000937,5,0.4596,0.20185341215842748,5,0.3228,0.04655856526999086,5,0.9865999999999999,0.010502380682492903,5
XGB,XGB_n_estimators=300_max_depth=3,fine_anisic,0.6437999999999999,0.06162142484558434,5,0.3348,0.13397649047500834,5,0.33340000000000003,0.1272430744677289,5,0.8238,0.07384239974432036,5,0.35300000000000004,0.15987338740390786,5,0.41740000000000005,0.19633211657800667,5,0.2952,0.12424854123892161,5,0.9922000000000001,0.004266145801540279,5
XGB,XGB_n_estimators=100_max_depth=6,fine_apple,0.7636000000000001,0.06858060950443647,5,0.4412,0.02571380951940026,5,0.46099999999999997,0.02765863337187866,5,0.8997999999999999,0.02723416971379887,5,0.5035999999999999,0.03764040382355112,5,0.4152,0.0977813888222089,5,0.5886,0.16505393058028034,5,0.9385999999999999,0.029483893908369675,5
XGB,XGB_n_estimators=100_max_depth=6,fine_apricot,0.5269999999999999,0.04996498774141749,5,0.046799999999999994,0.08254513916639791,5,0.0538,0.08518920119357852,5,0.8218,0.021300234740490514,5,0.1018,0.011388590782006354,5,0.052000000000000005,0.07429670248402684,5,0.0618,0.10826449094693975,5,0.9926,0.00832466215530696,5
XGB,XGB_n_estimators=300_max_depth=6,fine_aromatic,0.5222,0.013827508813954857,5,0.0744,0.05004298152588432,5,0.0696,0.04007867263271078,5,0.6778000000000001,0.01896575861915361,5,0.09559999999999999,0.049832720174600144,5,0.1476,0.11068107335945021,5,0.0502,0.02934620929523948,5,0.9945999999999999,0.004335896677735736,5
XGB,XGB_n_estimators=300_max_depth=3,fine_balsamic,0.6970000000000001,0.03883941297187691,5,0.3994,0.044903229282536004,5,0.4276,0.04178875446815806,5,0.8724000000000001,0.007765307463326875,5,0.4744,0.03779947089576783,5,0.4534000000000001,0.10347608419340186,5,0.43100000000000005,0.09207062506576134,5,0.9629999999999999,0.019052558883257686,5
XGB,XGB_n_estimators=100_max_depth=6,fine_banana,0.6970000000000001,0.056475658473363576,5,0.3722,0.05868730697518843,5,0.38180000000000003,0.05446742145539844,5,0.883,0.041267420563926675,5,0.3814,0.09131155458100579,5,0.37839999999999996,0.08446774532328892,5,0.4138,0.12077748134482687,5,0.9804,0.010334408546211057,5
XGB,XGB_n_estimators=300_max_depth=6,fine_beefy,0.6365999999999999,0.03530297437893871,5,0.2686,0.08643089725323926,5,0.2722,0.08148128619505218,5,0.8676,0.02963612660251005,5,0.2642,0.15605672045765923,5,0.27640000000000003,0.12858771325441634,5,0.28040000000000004,0.06975170248818303,5,0.993,0.0025495097567963944,5
XGB,XGB_n_estimators=100_max_depth=3,fine_bergamot,0.6826000000000001,0.13408877656239546,5,0.2962,0.1456646834342491,5,0.28959999999999997,0.12664635802106589,5,0.9186,0.06543546439049701,5,0.3184,0.3143299222154964,5,0.2548,0.07213667583136886,5,0.3722,0.2699698131273198,5,0.9934,0.003286335345031003,5
XGB,XGB_n_estimators=300_max_depth=3,fine_berry,0.579,0.038929423319643434,5,0.184,0.09699226773305179,5,0.1956,0.08756883007097903,5,0.7676000000000001,0.0583035161889916,5,0.19,0.059728552636071804,5,0.25820000000000004,0.16107824185780031,5,0.17880000000000001,0.08327184398102398,5,0.9792,0.013971399357258385,5
XGB,XGB_n_estimators=100_max_depth=3,fine_bitter,0.6288,0.06806394052653723,5,0.2658,0.0953661365475188,5,0.2658,0.10205733682592351,5,0.7594000000000001,0.05066853066746653,5,0.2118,0.10586642527260472,5,0.30019999999999997,0.08028823076889913,5,0.26539999999999997,0.13901366839271598,5,0.992,0.00430116263352132,5
XGB,XGB_n_estimators=300_max_depth=3,fine_black currant,0.6662,0.05813948744184111,5,0.3444,0.13796122643699568,5,0.3482,0.13663345124822104,5,0.8624,0.04484751944087882,5,0.32320000000000004,0.09801377454215301,5,0.3652,0.16681037138019927,5,0.33799999999999997,0.11443775600735975,5,0.9948,0.0016431676725155073,5
XGB,XGB_n_estimators=100_max_depth=6,fine_brandy,0.5556,0.06034732802701376,5,0.11699999999999999,0.1561297537306711,5,0.11879999999999999,0.14995566011324812,5,0.7864,0.10845413777260875,5,0.1532,0.12452389328960126,5,0.1404,0.2093855295859769,5,0.1192,0.12154299650740884,5,0.9924,0.006228964600958986,5
XGB,XGB_n_estimators=100_max_depth=6,fine_burnt,0.6542,0.04106945336865345,5,0.2642,0.04138477981094015,5,0.2898,0.03605828614895612,5,0.837,0.019455076458343715,5,0.2278,0.01364551208273255,5,0.25620000000000004,0.038661350209220575,5,0.3484,0.09318959169349333,5,0.9602,0.013386560424545188,5
XGB,XGB_n_estimators=100_max_depth=6,fine_buttery,0.6606,0.0700092850984782,5,0.3186,0.10500857107874575,5,0.335,0.10345772083319833,5,0.842,0.04709564735726645,5,0.332,0.1441665703275208,5,0.339,0.07895251737595199,5,0.3402,0.1438617391803672,5,0.9815999999999999,0.004979959839195499,5
XGB,XGB_n_estimators=300_max_depth=6,fine_cabbage,0.646,0.09744485620082777,5,0.2974,0.06520966186080095,5,0.2706,0.0719569315632622,5,0.9512,0.051382876525161575,5,0.3548,0.09393455168360576,5,0.3854,0.15721259491529296,5,0.2986,0.20158943424693665,5,0.9932000000000001,0.007259476565152619,5
XGB,XGB_n_estimators=100_max_depth=6,fine_camphoreous,0.755,0.06860757975617561,5,0.47400000000000003,0.11689097484408281,5,0.4868,0.11348656308127408,5,0.9038,0.031180121872757316,5,0.4574,0.12548426196141094,5,0.4546,0.1019303683894059,5,0.5274,0.13619030802520418,5,0.983,0.004690415759823443,5
XGB,XGB_n_estimators=300_max_depth=6,fine_caramellic,0.7068,0.04966084977122322,5,0.4664,0.048247279716062755,5,0.4756,0.03977813469734348,5,0.8952,0.01169187752245124,5,0.49260000000000004,0.07193608274016594,5,0.5692,0.12266091472021558,5,0.4324,0.11075332952105774,5,0.9815999999999999,0.013145341380123996,5
XGB,XGB_n_estimators=300_max_depth=6,fine_cedar,0.6172,0.07723794404306732,5,0.24300000000000002,0.10591506030777682,5,0.2448,0.10356495546274329,5,0.893,0.05106368572674714,5,0.27480000000000004,0.09096812628607892,5,0.2682,0.07261335965233948,5,0.2408,0.15515540596447164,5,0.9942,0.0016431676725155069,5
XGB,XGB_n_estimators=300_max_depth=3,fine_celery,0.5762,0.04028895630318559,5,0.2912,0.17148236060889757,5,0.2346,0.1320730858275069,5,0.7402,0.08529185189688399,5,0.1956,0.0945716659470478,5,0.5952,0.3905197818292948,5,0.1544,0.07956632453494379,5,0.9982,0.002489979919597784,5
XGB,XGB_n_estimators=100_max_depth=6,fine_chamomile,0.6274,0.0917349442688009,5,0.3302,0.2125857474056057,5,0.3116,0.1959854586442576,5,0.8827999999999999,0.0729773937599857,5,0.331,0.23219496118563815,5,0.46340000000000003,0.3583612702288014,5,0.2578,0.18187275771813652,5,0.9974000000000001,0.001673320053068158,5
XGB,XGB_n_estimators=100_max_depth=6,fine_cheesy,0.7216,0.0430673890548289,5,0.47700000000000004,0.0683556874005375,5,0.4894,0.06482129279796879,5,0.8864000000000001,0.01740114938732499,5,0.485,0.08445412956155549,5,0.5426,0.10954131640618527,5,0.45899999999999996,0.09019977827023741,5,0.984,0.0072801098892805345,5
XGB,XGB_n_estimators=300_max_depth=6,fine_cherry,0.6006,0.04618766068984224,5,0.2754,0.10715549449281637,5,0.268,0.10452990002865209,5,0.8826,0.018487833837418612,5,0.2254,0.0655842969010113,5,0.39540000000000003,0.13761467944954128,5,0.20659999999999998,0.09180577323894179,5,0.9945999999999999,0.0025099800796022542,5
XGB,XGB_n_estimators=100_max_depth=6,fine_chocolate,0.5993999999999999,0.059939969969962446,5,0.2314,0.13629306658814308,5,0.23020000000000002,0.13137046852318066,5,0.8337999999999999,0.027151427218472315,5,0.2514,0.02358601280420242,5,0.2932,0.2042931716920563,5,0.2056,0.12420466979948862,5,0.993,0.0062849025449882535,5
XGB,XGB_n_estimators=100_max_depth=6,fine_cinnamon,0.6902,0.045756966682681255,5,0.3658,0.11850400837102518,5,0.37,0.11566546589194202,5,0.901,0.040589407485204815,5,0.34900000000000003,0.1268838051131822,5,0.3678,0.16856660404718368,5,0.3906,0.09017926590963136,5,0.99,0.004636809247747827,5
XGB,XGB_n_estimators=300_max_depth=6,fine_citrus,0.7373999999999999,0.03868849958320954,5,0.44580000000000003,0.03930267166491359,5,0.4848,0.035548558339263236,5,0.8657999999999999,0.021147103820618112,5,0.5065999999999999,0.028041041350135333,5,0.46519999999999995,0.08156408523363698,5,0.5282,0.09417377554287604,5,0.9468,0.020849460424672842,5
XGB,XGB_n_estimators=100_max_depth=6,fine_clean,0.5578,0.03498856956207264,5,0.19960000000000003,0.1456770400577936,5,0.1776,0.10880395213410218,5,0.7798,0.051518928560287426,5,0.1748,0.12016530281241751,5,0.38,0.3196787449925315,5,0.1234,0.06411552074186093,5,0.9926,0.0072318738927058,5
XGB,XGB_n_estimators=100_max_depth=6,fine_clove,0.7636000000000001,0.08355716606012915,5,0.46420000000000006,0.12830705358630912,5,0.45359999999999995,0.13408131860926784,5,0.9044000000000001,0.07457412419867893,5,0.4164,0.12460056179648629,5,0.4346,0.17474209567245097,5,0.5334,0.16874774072561688,5,0.9944,0.004037325847637269,5
XGB,XGB_n_estimators=100_max_depth=3,fine_cocoa,0.6826000000000001,0.03288312637204675,5,0.3476,0.07458753247024599,5,0.3612,0.07059178422451157,5,0.8560000000000001,0.07096477999684071,5,0.373,0.08921042539972557,5,0.3498,0.1049914282215458,5,0.38360000000000005,0.06533605436510533,5,0.9815999999999999,0.00581377674149947,5
XGB,XGB_n_estimators=300_max_depth=6,fine_coconut,0.682,0.037841775856849,5,0.4614,0.10154210949157991,5,0.453,0.09067524469225323,5,0.8958,0.020054924582256623,5,0.5072,0.07300479436311014,5,0.6035999999999999,0.17244506371595567,5,0.3688,0.07447617068566295,5,0.9952,0.002774887385102304,5
XGB,XGB_n_estimators=300_max_depth=6,fine_coffee,0.639,0.051312766442670014,5,0.3242,0.052284797025521676,5,0.3176,0.04940951325402833,5,0.8928,0.02209524835796151,5,0.309,0.07133372274037014,5,0.42779999999999996,0.1579294146129846,5,0.2894,0.11014218083913176,5,0.9885999999999999,0.008532291603080607,5
XGB,XGB_n_estimators=300_max_depth=3,fine_cognac,0.7138,0.08975355146176667,5,0.41720000000000007,0.13802608449130185,5,0.4098,0.13299511269215875,5,0.9044000000000001,0.03725989801381637,5,0.4002,0.17942463598959874,5,0.4628,0.23104804695127806,5,0.4446,0.1846721419164244,5,0.9823999999999999,0.014774978849392679,5
XGB,XGB_n_estimators=100_max_depth=3,fine_cooked,0.6426000000000001,0.07951918007625584,5,0.1692,0.08158553793412163,5,0.1678,0.06460030959678136,5,0.7936,0.07334711991619026,5,0.1072,0.061034416520517346,5,0.11339999999999999,0.040445024415866046,5,0.3296,0.16472036911080545,5,0.9554,0.009099450532861876,5
XGB,XGB_n_estimators=300_max_depth=3,fine_cooling,0.6594,0.0929155530576018,5,0.2988,0.08409934601410406,5,0.2954,0.07951603611850884,5,0.8436,0.053896196526285606,5,0.2692,0.08946340033779177,5,0.3172,0.07097323439156485,5,0.3308,0.19362515332466493,5,0.9879999999999999,0.007713624310270749,5
XGB,XGB_n_estimators=100_max_depth=3,fine_cortex,0.5714,0.0627040668537536,5,0.17980000000000002,0.12064493358612288,5,0.1518,0.10657251052687085,5,0.6636,0.11240462623931455,5,0.1688,0.12378287442130272,5,0.3508,0.3948274306580028,5,0.1544,0.12615189257399195,5,0.9888,0.009808159868191406,5
XGB,XGB_n_estimators=100_max_depth=6,fine_coumarinic,0.657,0.05075923561284193,5,0.37479999999999997,0.06852152946337375,5,0.3624,0.0526858614810463,5,0.9178000000000001,0.042287113876451767,5,0.382,0.10294901650817263,5,0.4828,0.18669413488377187,5,0.3196,0.10418637146959288,5,0.9949999999999999,0.00374165738677396,5
XGB,XGB_n_estimators=100_max_depth=6,fine_creamy,0.5946,0.045676033102711525,5,0.2156,0.0439124128237108,5,0.2254,0.06864619435919225,5,0.7086,0.03988483421051164,5,0.2192,0.056099910873369484,5,0.31,0.10824047302187843,5,0.21139999999999998,0.10368847573380563,5,0.9776,0.01368575902169842,5
XGB,XGB_n_estimators=300_max_depth=3,fine_cucumber,0.687,0.04848711168960264,5,0.394,0.11216282806705617,5,0.3848,0.11391531942631773,5,0.901,0.054483942588619626,5,0.4242,0.052637439147435745,5,0.45099999999999996,0.21075934142998265,5,0.3804,0.09923356287063365,5,0.994,0.0051478150704934835,5
XGB,XGB_n_estimators=100_max_depth=6,fine_dairy,0.6298,0.07402161846379744,5,0.2754,0.1511929231148072,5,0.28979999999999995,0.15032863998586563,5,0.7902,0.07901075876107001,5,0.24779999999999996,0.13711199801622032,5,0.312,0.15245163167378697,5,0.2742,0.1485065655114278,5,0.9856,0.004505552130427491,5
XGB,XGB_n_estimators=300_max_depth=6,fine_dry,0.5576,0.04086930388445589,5,0.1312,0.07877626546111462,5,0.1494,0.08365584259332996,5,0.6886,0.030311713907332893,5,0.1298,0.052869651029678645,5,0.1834,0.07172377569537176,5,0.1342,0.08820827625568929,5,0.9810000000000001,0.00943398113205657,5
XGB,XGB_n_estimators=300_max_depth=6,fine_earthy,0.631,0.029120439557122114,5,0.24900000000000003,0.045027769209677694,5,0.2986,0.038643240029790464,5,0.7292,0.0383040467835972,5,0.2726,0.05029214650420085,5,0.288,0.054281672781888356,5,0.31880000000000003,0.06457708571931686,5,0.9428000000000001,0.014855975228843053,5
XGB,XGB_n_estimators=100_max_depth=6,fine_ethereal,0.7373999999999999,0.020598543637840062,5,0.5138,0.058929619038307034,5,0.5349999999999999,0.05228766584960547,5,0.8994,0.023394443784796472,5,0.569,0.07673004626611407,5,0.5926,0.11208166665427491,5,0.4976,0.04411689018958613,5,0.977,0.012589678312014192,5
XGB,XGB_n_estimators=100_max_depth=3,fine_fatty,0.7608,0.03460057802985378,5,0.49379999999999996,0.014669696656713815,5,0.5526,0.01871630305375504,5,0.8518000000000001,0.013292855223765917,5,0.5406000000000001,0.03220714206507616,5,0.5292,0.0594743642252694,5,0.5966,0.0926353064441415,5,0.9248000000000001,0.023972901368002977,5
XGB,XGB_n_estimators=100_max_depth=6,fine_fermented,0.6702,0.03361844731691215,5,0.39180000000000004,0.03305601306872926,5,0.396,0.02680485030736042,5,0.8522000000000001,0.023700210969525175,5,0.4274,0.037507332616436476,5,0.48460000000000003,0.10583619418705494,5,0.35259999999999997,0.07347992923241012,5,0.9875999999999999,0.006877499545619778,5
XGB,XGB_n_estimators=100_max_depth=6,fine_fishy,0.7096,0.03325357123678595,5,0.49239999999999995,0.0800393653148249,5,0.488,0.07077075667251269,5,0.8924,0.03836404566778642,5,0.5115999999999999,0.08973460870812335,5,0.5972000000000001,0.1654862532055155,5,0.4242,0.06605830757747282,5,0.9949999999999999,0.002549509756796389,5
XGB,XGB_n_estimators=300_max_depth=3,fine_floral,0.7638,0.011388590782006384,5,0.4868,0.023562682360037016,5,0.6073999999999999,0.014638989036132257,5,0.8582000000000001,0.013046072205840356,5,0.6256,0.025976912826585073,5,0.5432,0.055119869375752355,5,0.6992,0.05855937158132766,5,0.8284,0.0459923906749801,5
XGB,XGB_n_estimators=100_max_depth=3,fine_fresh,0.6428,0.05234214363206764,5,0.2254,0.05578799153939852,5,0.309,0.06063414879422323,5,0.7516,0.017052858997833733,5,0.2662,0.030752235691084314,5,0.2552,0.03711738137315182,5,0.4478,0.1844605648912526,5,0.8378,0.09152431370952749,5
XGB,XGB_n_estimators=300_max_depth=3,fine_fruit skin,0.5454000000000001,0.03228467128530191,5,0.13820000000000002,0.10491282095149286,5,0.1274,0.0916149551110516,5,0.683,0.12978636291999243,5,0.11599999999999999,0.06898550572402874,5,0.23079999999999998,0.2013000248385479,5,0.09519999999999999,0.06522806144597583,5,0.9958,0.005167204273105561,5
XGB,XGB_n_estimators=100_max_depth=3,fine_fruity,0.7656000000000001,0.013630847369111016,5,0.5378000000000001,0.027743467699622548,5,0.71,0.020396078054371103,5,0.8555999999999999,0.003974921382870366,5,0.8022,0.0068337398253079645,5,0.72,0.07077782138495084,5,0.714,0.08925525194631406,5,0.8172,0.08897864912438262,5
XGB,XGB_n_estimators=100_max_depth=6,fine_garlic,0.8396000000000001,0.05377080992508855,5,0.533,0.061542668125455814,5,0.5292,0.055916902632388354,5,0.9606,0.024182638400306926,5,0.5524,0.11639931271274757,5,0.4282,0.05247570866601041,5,0.7024,0.10964168915152671,5,0.9766,0.005176871642217911,5
XGB,XGB_n_estimators=300_max_depth=6,fine_gassy,0.6444,0.1431390931926006,5,0.244,0.25235589947532433,5,0.24379999999999996,0.2476382442192643,5,0.8800000000000001,0.13171370467798704,5,0.19140000000000001,0.19029661058463446,5,0.2158,0.23678724627817266,5,0.295,0.28628918945709425,5,0.9938,0.00356370593624113,5
XGB,XGB_n_estimators=100_max_depth=3,fine_geranium,0.6178,0.07274063513607786,5,0.2492,0.15261618524914058,5,0.2424,0.14774065114246657,5,0.7988,0.08578286542194774,5,0.23559999999999998,0.08690972327651265,5,0.301,0.24959967948697373,5,0.2434,0.15073752021311745,5,0.9926,0.007092249290598873,5
XGB,XGB_n_estimators=100_max_depth=3,fine_grape,0.637,0.04727049819919397,5,0.331,0.056947344099615396,5,0.307,0.054626001134990644,5,0.8012,0.07137016183251936,5,0.34859999999999997,0.06002749370080344,5,0.4782,0.22743614488466865,5,0.2864,0.11226887369168713,5,0.9875999999999999,0.018379336223052253,5
XGB,XGB_n_estimators=300_max_depth=6,fine_grapefruit,0.6412,0.06411864003548426,5,0.2964,0.11137010370831125,5,0.3008,0.11275060975444877,5,0.8586,0.05883281397315617,5,0.3164,0.08536861249897412,5,0.32999999999999996,0.11679897259822108,5,0.29100000000000004,0.1310267148332736,5,0.9914,0.0036469165057620803,5
XGB,XGB_n_estimators=300_max_depth=3,fine_grassy,0.5349999999999999,0.02687005768508879,5,0.1262,0.10294755946597277,5,0.1018,0.06652593479238003,5,0.7404,0.06545838372584521,5,0.098,0.052825183388228766,5,0.3082,0.39869938550241085,5,0.075,0.05479507277118993,5,0.9949999999999999,0.003999999999999997,5
XGB,XGB_n_estimators=100_max_depth=3,fine_green,0.7205999999999999,0.01422322045107931,5,0.429,0.026870057685088794,5,0.6013999999999999,0.018297540818372298,5,0.8113999999999999,0.01582087228947882,5,0.664,0.02689795531262554,5,0.571,0.050887130003567725,5,0.6436,0.06693504313885217,5,0.7979999999999999,0.05301886456724625,5
XGB,XGB_n_estimators=100_max_depth=3,fine_hawthorn,0.627,0.15099172162737926,5,0.1678,0.20729737094329007,5,0.1594,0.19469668718291025,5,0.8699999999999999,0.13170041761513135,5,0.2364,0.2404969854280922,5,0.11679999999999999,0.14666526514481878,5,0.262,0.305007376959968,5,0.992,0.004636809247747863,5
XGB,XGB_n_estimators=100_max_depth=6,fine_hay,0.5512,0.028621670111997264,5,0.11359999999999999,0.04661866578957403,5,0.1156,0.042676691530623596,5,0.7826,0.07316624904968139,5,0.089,0.025563646062328436,5,0.16099999999999998,0.10612492638395563,5,0.11599999999999999,0.06406246951218786,5,0.9868,0.009038805230781351,5
XGB,XGB_n_estimators=100_max_depth=6,fine_hazelnut,0.6916,0.07917259626916376,5,0.3782,0.16932719805158297,5,0.3834,0.16668923180577683,5,0.8774000000000001,0.05491174737704131,5,0.3296,0.1414878086620893,5,0.3826,0.18605187448666033,5,0.39,0.15568718637061946,5,0.9928000000000001,0.00327108544675923,5
XGB,XGB_n_estimators=300_max_depth=6,fine_herbal,0.6826000000000001,0.03824003138074026,5,0.3316,0.06165062854505217,5,0.438,0.051831457629512974,5,0.764,0.033339166156339355,5,0.41980000000000006,0.04898673289779591,5,0.3972,0.07504465337384136,5,0.5130000000000001,0.11260772620029233,5,0.8524,0.05791631894380028,5
XGB,XGB_n_estimators=100_max_depth=6,fine_honey,0.6556,0.04375271420152125,5,0.41600000000000004,0.1123521250355328,5,0.4086,0.10512516349571115,5,0.8324,0.02654806960967214,5,0.40700000000000003,0.12040348832155984,5,0.5838,0.1629684018452657,5,0.31920000000000004,0.08501588086939993,5,0.9922000000000001,0.004969909455915679,5
XGB,XGB_n_estimators=100_max_depth=3,fine_hyacinth,0.5766,0.05240038167799925,5,0.213,0.16856304458569796,5,0.19540000000000002,0.1338723272375587,5,0.7944,0.07483515216794852,5,0.16999999999999998,0.09592444943808642,5,0.343,0.3859300454745653,5,0.1586,0.10580075614096526,5,0.9952,0.003701351104664346,5
XGB,XGB_n_estimators=300_max_depth=3,fine_jasmin,0.6978,0.07215746669610847,5,0.3518,0.09533467365025171,5,0.3618,0.08951368610441644,5,0.8324,0.056919241034996244,5,0.3578,0.12010079100488891,5,0.3292,0.06495152038251298,5,0.4136,0.14566674294429735,5,0.9826,0.004827007354458848,5
XGB,XGB_n_estimators=100_max_depth=3,fine_juicy,0.5202,0.030161233396530717,5,0.032799999999999996,0.052798674225779565,5,0.0388,0.05404350099688214,5,0.7232000000000001,0.058980505253854856,5,0.076,0.026296387584609414,5,0.0334,0.04719957626928445,5,0.0472,0.06482052144190141,5,0.9938,0.005540758070878071,5
XGB,XGB_n_estimators=100_max_depth=3,fine_ketonic,0.7752,0.07767045770432926,5,0.5032,0.14643496850137946,5,0.496,0.15316820818955876,5,0.9156000000000001,0.04994797293184176,5,0.46299999999999997,0.08036479328661271,5,0.4852,0.1958678125675579,5,0.5576000000000001,0.1551267223917272,5,0.993,0.0050990195135927644,5
XGB,XGB_n_estimators=100_max_depth=3,fine_lactonic,0.6922,0.06434050046432652,5,0.3358,0.09253755994189601,5,0.3328,0.08463273598318795,5,0.8545999999999999,0.08409102211294611,5,0.28359999999999996,0.14141357784880487,5,0.3218,0.16250446147721603,5,0.3968,0.13366637572703166,5,0.9872,0.006685805860178706,5
XGB,XGB_n_estimators=100_max_depth=3,fine_lavender,0.6056,0.12378731760564167,5,0.1764,0.2036143413416648,5,0.1782,0.1980611016832937,5,0.8692,0.08289270172940441,5,0.2484,0.1829953551323093,5,0.1544,0.1699597011058798,5,0.21719999999999998,0.24794999495866096,5,0.9944,0.0037815340802378134,5
XGB,XGB_n_estimators=100_max_depth=6,fine_leafy,0.5426,0.02963612660250995,5,0.1236,0.06779601758215595,5,0.1234,0.061683060883843954,5,0.7262,0.061868408739840716,5,0.1226,0.027437201023428025,5,0.23559999999999998,0.14952692065310513,5,0.0994,0.062348215692191226,5,0.986,0.010222524150130414,5
XGB,XGB_n_estimators=300_max_depth=6,fine_leathery,0.6072,0.01613071604114339,5,0.229,0.04980461825975578,5,0.23199999999999998,0.04673328578219169,5,0.745,0.08019039842774195,5,0.186,0.06282117477411577,5,0.2624,0.10265135167156839,5,0.2226,0.032646592471496934,5,0.9922000000000001,0.003701351104664357,5
XGB,XGB_n_estimators=300_max_depth=6,fine_lemon,0.6195999999999999,0.05414148132439675,5,0.3196,0.10464129204095293,5,0.2848,0.12325461451807798,5,0.8390000000000001,0.03908324449172559,5,0.33740000000000003,0.13313076278606684,5,0.5598,0.3426312887055121,5,0.2468,0.11189593379564781,5,0.9932000000000001,0.006610597552415355,5
XGB,XGB_n_estimators=300_max_depth=3,fine_lily,0.5808,0.06014731914225271,5,0.177,0.0787273777030583,5,0.166,0.0726050962398646,5,0.8114000000000001,0.04670974202454986,5,0.1958,0.04651021393199563,5,0.25339999999999996,0.1674882085401835,5,0.173,0.1265286528814719,5,0.9892,0.008467585252006667,5
XGB,XGB_n_estimators=100_max_depth=6,fine_malty,0.7704000000000001,0.023447814397081903,5,0.591,0.1947729447330917,5,0.5732,0.1974175777381538,5,0.9388,0.04417804884781582,5,0.6324,0.0419797570264527,5,0.6868000000000001,0.3443496769273931,5,0.5432,0.043973855869141154,5,0.9972,0.004147288270665548,5
XGB,XGB_n_estimators=100_max_depth=6,fine_meaty,0.7988000000000001,0.021440615662802195,5,0.5446,0.03167491120745249,5,0.571,0.030618621784789725,5,0.9248000000000001,0.013274034804836073,5,0.586,0.03141655614480999,5,0.5216000000000001,0.04627418286690754,5,0.6352,0.04776190950956628,5,0.962,0.008455767262643897,5
XGB,XGB_n_estimators=100_max_depth=6,fine_medicinal,0.6258,0.03562583332358699,5,0.2864,0.04527471700629392,5,0.286,0.04060172410132358,5,0.8734,0.04114972660905536,5,0.2404,0.03020430432901907,5,0.3496,0.09447380589348563,5,0.2594,0.07454730042060544,5,0.9924,0.004560701700396534,5
XGB,XGB_n_estimators=300_max_depth=6,fine_melon,0.6224000000000001,0.04877294331901659,5,0.3054,0.06821510096745441,5,0.292,0.06262587324740469,5,0.8562,0.045035541520003934,5,0.3086,0.08817482633949443,5,0.453,0.2322164938155772,5,0.25780000000000003,0.10673424942350979,5,0.9872,0.011278297743897369,5
XGB,XGB_n_estimators=100_max_depth=6,fine_metallic,0.5548,0.04545547271781471,5,0.11259999999999999,0.05343500725180077,5,0.1234,0.05894743421048959,5,0.7230000000000001,0.050174694817208404,5,0.11499999999999999,0.03464823227814084,5,0.154,0.03478505426185218,5,0.12840000000000001,0.10408073789131203,5,0.9818,0.01346105493637109,5
XGB,XGB_n_estimators=100_max_depth=3,fine_milky,0.5826,0.0452581484376018,5,0.1772,0.06872917866525105,5,0.1628,0.06017640733709516,5,0.7365999999999999,0.05398425696441512,5,0.20259999999999997,0.11077815669165109,5,0.3184,0.38377767001220897,5,0.1824,0.09625642835675961,5,0.9823999999999999,0.010382677881933885,5
XGB,XGB_n_estimators=300_max_depth=6,fine_mint,0.6881999999999999,0.031148033645801716,5,0.42940000000000006,0.06379890281188227,5,0.4452,0.0583112339090848,5,0.8602000000000001,0.012457929201917977,5,0.417,0.041140004861448434,5,0.5236000000000001,0.09735142525921234,5,0.3942,0.06409134106882147,5,0.9822,0.007854934754662226,5
XGB,XGB_n_estimators=100_max_depth=6,fine_muguet,0.6034,0.05867111725542643,5,0.2258,0.13692771815815818,5,0.22640000000000002,0.13276407646648997,5,0.8932,0.03447752891377227,5,0.2112,0.07986676405113706,5,0.2684,0.18431576167002103,5,0.21459999999999999,0.11677885082496746,5,0.9922000000000001,0.004764451699828642,5
XGB,XGB_n_estimators=300_max_depth=3,fine_mushroom,0.6216,0.07763568767003996,5,0.2758,0.11560363316090025,5,0.274,0.11969962405956001,5,0.8318,0.06365296536690182,5,0.2952,0.12043338407601106,5,0.3492,0.11534816860271341,5,0.25339999999999996,0.1610801042959682,5,0.9906,0.006693280212272634,5
XGB,XGB_n_estimators=100_max_depth=6,fine_musk,0.7764,0.054975449065923956,5,0.5940000000000001,0.08152300288875527,5,0.5936,0.07442983272855046,5,0.8868,0.03953732413808505,5,0.6404,0.08124223039774328,5,0.6594,0.1471455062174853,5,0.5596,0.1130168129085226,5,0.9936,0.0043931765272977805,5
XGB,XGB_n_estimators=300_max_depth=3,fine_musty,0.567,0.03519943181359607,5,0.1258,0.048889671710904345,5,0.157,0.0524785670536077,5,0.7232000000000001,0.02914961406262525,5,0.12940000000000002,0.02994661917479167,5,0.1584,0.048479892739155275,5,0.174,0.09042953057491783,5,0.9603999999999999,0.02214271889357762,5
XGB,XGB_n_estimators=100_max_depth=3,fine_natural,0.5448000000000001,0.04482410066024753,5,0.073,0.07716540675717326,5,0.08080000000000001,0.07726059797852977,5,0.7226,0.09524599729122481,5,0.0728,0.0459096939654361,5,0.0816,0.0939909570118317,5,0.11019999999999999,0.1099781796539659,5,0.9795999999999999,0.024865638942122518,5
XGB,XGB_n_estimators=100_max_depth=6,fine_nutty,0.6986,0.01854184456843496,5,0.454,0.029189039038652834,5,0.47919999999999996,0.012969194269498786,5,0.8164,0.02042792206760151,5,0.4702,0.037137582042992494,5,0.5724,0.1111319036100795,5,0.42560000000000003,0.05109598810082845,5,0.9715999999999999,0.015026643005009532,5
XGB,XGB_n_estimators=100_max_depth=3,fine_odorless,0.8916000000000001,0.03931666313409627,5,0.687,0.05656854249492379,5,0.6928,0.05667627369543622,5,0.9720000000000001,0.024667792767087995,5,0.8412,0.051659461863244424,5,0.6144000000000001,0.07878007362271251,5,0.805,0.08177713616898057,5,0.9782,0.007791020472312993,5
XGB,XGB_n_estimators=100_max_depth=3,fine_oily,0.7068,0.03789063208762819,5,0.36360000000000003,0.02565735761920936,5,0.4128,0.019408760908414528,5,0.8092,0.019639246421387917,5,0.37839999999999996,0.035746328482796665,5,0.3686,0.030286960890785995,5,0.4842000000000001,0.09140678311810345,5,0.9292,0.016589153082662126,5
XGB,XGB_n_estimators=300_max_depth=6,fine_onion,0.7508,0.07460361921515604,5,0.4972,0.06428607936404274,5,0.5064,0.06974453383599317,5,0.9722,0.005848076606885386,5,0.61,0.03826225293941802,5,0.5246000000000001,0.053007546632531516,5,0.5204,0.1583707675046124,5,0.9814,0.009528903399657273,5
XGB,XGB_n_estimators=300_max_depth=3,fine_orange,0.6496,0.0909109454356295,5,0.2572,0.1694718265671318,5,0.2684,0.16888546414656294,5,0.8728,0.05526934050628787,5,0.2792,0.12395644396319216,5,0.236,0.15675936973591084,5,0.31799999999999995,0.18431901692446168,5,0.9814,0.009396807968666819,5
XGB,XGB_n_estimators=300_max_depth=6,fine_orangeflower,0.6354,0.1574112448333981,5,0.2844,0.29098505116242657,5,0.2762,0.29139183241813754,5,0.8844,0.07868481429094179,5,0.30879999999999996,0.18868147762830348,5,0.325,0.3010398644698074,5,0.2732,0.3167344313458832,5,0.998,0.0015811388300842144,5
XGB,XGB_n_estimators=100_max_depth=3,fine_orris,0.5898,0.045328798792820445,5,0.2232,0.10239482408793915,5,0.2162,0.09743561977018465,5,0.8454,0.03001333037168648,5,0.196,0.025179356624028343,5,0.30720000000000003,0.16549229589319253,5,0.1868,0.09120142542745702,5,0.9932000000000001,0.00601664358259653,5
XGB,XGB_n_estimators=100_max_depth=3,fine_ozone,0.531,0.03087069808086629,5,0.1018,0.10731588885155824,5,0.09359999999999999,0.08981814961353858,5,0.8629999999999999,0.10430004793862757,5,0.16440000000000002,0.09836310283841194,5,0.18,0.20493901531919198,5,0.0654,0.06091223194071942,5,0.9968,0.0013038404810405946,5
XGB,XGB_n_estimators=100_max_depth=3,fine_peach,0.6526,0.05816614135388387,5,0.252,0.04985478913805573,5,0.25539999999999996,0.05594908399607628,5,0.8539999999999999,0.0335261092284804,5,0.30660000000000004,0.06605149506256462,5,0.238,0.05401851534427801,5,0.3292,0.1287505339794752,5,0.976,0.015684387141358135,5
XGB,XGB_n_estimators=100_max_depth=6,fine_pear,0.6799999999999999,0.0409023226724351,5,0.34199999999999997,0.0774951611392608,5,0.3588,0.07622138807447683,5,0.8666,0.023383755044902452,5,0.31,0.06699626855280823,5,0.3426,0.08115294202923266,5,0.38,0.08184436449750222,5,0.9802,0.004604345773288547,5
XGB,XGB_n_estimators=100_max_depth=3,fine_phenolic,0.6784,0.08880765732750752,5,0.4474,0.1369992700710482,5,0.43879999999999997,0.15138593065407366,5,0.9029999999999999,0.044726949370597596,5,0.4814,0.11412186468858633,5,0.6083999999999999,0.12163387686002612,5,0.36619999999999997,0.18069781404322524,5,0.9911999999999999,0.005263078946776297,5
XGB,XGB_n_estimators=300_max_depth=6,fine_pine,0.7253999999999999,0.06942838036422856,5,0.3872,0.10812585259779456,5,0.38680000000000003,0.11170810176527038,5,0.9396000000000001,0.03525336863336603,5,0.3566,0.07276194060083885,5,0.3536,0.1247349189281013,5,0.46580000000000005,0.14073094897711733,5,0.9856,0.008354639429682188,5
XGB,XGB_n_estimators=100_max_depth=6,fine_pineapple,0.7148,0.05327945194913327,5,0.39980000000000004,0.057608159144343425,5,0.4126,0.05392402062161166,5,0.9,0.022135943621178662,5,0.4382,0.08831591023139601,5,0.4178,0.14130534314030732,5,0.46319999999999995,0.12494678867421925,5,0.9666,0.021801376103356425,5
XGB,XGB_n_estimators=100_max_depth=6,fine_plum,0.5609999999999999,0.04121892769104991,5,0.13479999999999998,0.07849012676763874,5,0.13799999999999998,0.08218576519081634,5,0.806,0.032148094811356984,5,0.1456,0.055993749651188744,5,0.1654,0.09776400155476453,5,0.1286,0.0874030891902569,5,0.9934,0.005224940191045248,5
XGB,XGB_n_estimators=100_max_depth=3,fine_popcorn,0.7916000000000001,0.06338611835410016,5,0.6264000000000001,0.1663078470788435,5,0.6138,0.1618076017991738,5,0.9879999999999999,0.007348469228349548,5,0.6487999999999999,0.2140308388994446,5,0.7048,0.2909565259622131,5,0.5856,0.1275119602233453,5,0.9972,0.003701351104664346,5
XGB,XGB_n_estimators=300_max_depth=6,fine_potato,0.6086,0.12185770390090236,5,0.19260000000000002,0.15140442529860215,5,0.1792,0.1482099861682741,5,0.8686,0.034486229135699965,5,0.21799999999999997,0.11598491281196877,5,0.22080000000000002,0.12908020762301245,5,0.2232,0.2488387027775221,5,0.994,0.005147815070493498,5
XGB,XGB_n_estimators=100_max_depth=6,fine_powdery,0.6234,0.057077140783329386,5,0.193,0.08479681597795993,5,0.2192,0.08014486883138558,5,0.8076000000000001,0.050202589574642444,5,0.19039999999999999,0.09657794779347924,5,0.1768,0.06107126984106357,5,0.2926,0.11696708938842586,5,0.9538,0.008258329128825034,5
XGB,XGB_n_estimators=100_max_depth=6,fine_pungent,0.6256,0.031085366332086233,5,0.3134,0.05138871471441953,5,0.3134,0.028970674828177546,5,0.8506,0.03324605239723957,5,0.33280000000000004,0.05628232404583165,5,0.45220000000000005,0.18742918662791028,5,0.2702,0.07584985168080423,5,0.9810000000000001,0.015540270267920096,5
XGB,XGB_n_estimators=300_max_depth=6,fine_radish,0.6176,0.03859144983024092,5,0.31920000000000004,0.09467681870447486,5,0.308,0.09182864476839457,5,0.8150000000000001,0.07509327533141699,5,0.3212,0.11108195172934261,5,0.44580000000000003,0.1285795473627124,5,0.23820000000000002,0.0763491977691973,5,0.9968,0.0008366600265340954,5
XGB,XGB_n_estimators=300_max_depth=3,fine_raspberry,0.5304,0.033019691094860346,5,0.1056,0.11411310178940892,5,0.096,0.09554841704601914,5,0.6900000000000001,0.1023498900829893,5,0.10640000000000001,0.08367078343125514,5,0.19,0.20736441353327723,5,0.06520000000000001,0.06340898989890945,5,0.9960000000000001,0.004123105625617658,5
XGB,XGB_n_estimators=100_max_depth=6,fine_ripe,0.5690000000000001,0.05308483775994798,5,0.126,0.06305156619783524,5,0.1336,0.061508535992982304,5,0.7602,0.10526252894548943,5,0.1186,0.057334980596491,5,0.142,0.05066063560596136,5,0.1554,0.11322676362062108,5,0.983,0.00946044396421225,5
XGB,XGB_n_estimators=100_max_depth=6,fine_roasted,0.804,0.03604857833535184,5,0.5136000000000001,0.02839542216625773,5,0.5356,0.02793385043276345,5,0.9228,0.019408760908414514,5,0.5434,0.057395992891490256,5,0.4622,0.0765617397921442,5,0.6614,0.08808121252571405,5,0.9468,0.018660117898877258,5
XGB,XGB_n_estimators=100_max_depth=6,fine_rose,0.7203999999999999,0.06831764047447775,5,0.43099999999999994,0.09855962662266937,5,0.46020000000000005,0.10407545339800348,5,0.8897999999999999,0.03176003778335287,5,0.5198,0.07417344538310186,5,0.473,0.10320610447061743,5,0.48339999999999994,0.15259193949878214,5,0.9570000000000001,0.03023243291566194,5
XGB,XGB_n_estimators=100_max_depth=6,fine_rummy,0.561,0.024667792767087988,5,0.1538,0.06451898945271849,5,0.1602,0.06176730526743092,5,0.7822,0.04864360184032429,5,0.146,0.05160426338976267,5,0.2118,0.091671696831683,5,0.1312,0.04918536367660607,5,0.991,0.0029154759474226384,5
XGB,XGB_n_estimators=300_max_depth=3,fine_sandalwood,0.7482,0.09984337734672244,5,0.576,0.08351945881050711,5,0.5532,0.09635714815207015,5,0.933,0.05497272050753899,5,0.5908,0.13660783286473732,5,0.7150000000000001,0.17102631376487068,5,0.49820000000000003,0.20059586237008975,5,0.9984,0.001140175425099143,5
XGB,XGB_n_estimators=300_max_depth=3,fine_savory,0.6980000000000001,0.05319774431308153,5,0.33419999999999994,0.06455772610617572,5,0.34619999999999995,0.06141416774653875,5,0.8705999999999999,0.03658961601328993,5,0.2818,0.0694672584747664,5,0.3016,0.052927308641192015,5,0.4224,0.10991041806853434,5,0.9734,0.007569676347110267,5
XGB,XGB_n_estimators=100_max_depth=6,fine_sharp,0.597,0.03621463792446368,5,0.1884,0.04686469886812462,5,0.1982,0.04132432697576573,5,0.7814,0.06262826837778611,5,0.1486,0.04220544988505631,5,0.21339999999999998,0.08785670150876372,5,0.21319999999999997,0.08035981582855947,5,0.9805999999999999,0.011058933040759436,5
XGB,XGB_n_estimators=100_max_depth=3,fine_smoky,0.6492,0.07157653246700345,5,0.28959999999999997,0.07728065734710075,5,0.2806,0.07862124394843928,5,0.8640000000000001,0.027685736399814222,5,0.2828,0.10674830209422535,5,0.33199999999999996,0.16110090005955893,5,0.3096,0.1490630738982663,5,0.9888,0.008043631020876085,5
XGB,XGB_n_estimators=100_max_depth=6,fine_soapy,0.5258,0.02842885857715715,5,0.06180000000000001,0.06820337235063967,5,0.0648,0.062078176519611145,5,0.7584,0.09987642364442173,5,0.0938,0.08287158741088528,5,0.0918,0.10166710382419675,5,0.060399999999999995,0.057691420505998986,5,0.9917999999999999,0.005215361924162113,5
XGB,XGB_n_estimators=100_max_depth=3,fine_solvent,0.6881999999999999,0.14453615464651048,5,0.2886,0.15773173428324436,5,0.27080000000000004,0.15336785843194134,5,0.8876,0.06656049879620794,5,0.3244,0.16026790071626945,5,0.265,0.11103377864415855,5,0.389,0.2986528084582497,5,0.9874,0.010968135666557013,5
XGB,XGB_n_estimators=100_max_depth=6,fine_sour,0.6759999999999999,0.0538702144046225,5,0.40359999999999996,0.04695529789065341,5,0.3946,0.06058300091609858,5,0.8126,0.05190183041088244,5,0.30179999999999996,0.057893868414539404,5,0.5024,0.14820020242901155,5,0.35819999999999996,0.1114481942428858,5,0.9938,0.003563705936241112,5
XGB,XGB_n_estimators=300_max_depth=6,fine_spicy,0.6517999999999999,0.039429684249306374,5,0.30060000000000003,0.03130974289258855,5,0.3586,0.03877886022048609,5,0.7906000000000001,0.01781291666179344,5,0.3804,0.031069277429641,5,0.3716,0.05774772722800441,5,0.3734,0.11120161869325462,5,0.9304,0.03356039332308247,5
XGB,XGB_n_estimators=100_max_depth=6,fine_strawberry,0.5072,0.018899735447883953,5,0.028800000000000003,0.07446609966958119,5,0.026600000000000002,0.05947940820149441,5,0.7476,0.11535727111890264,5,0.0786,0.06429852253356992,5,0.0666,0.14892212730148602,5,0.0166,0.03711872842649651,5,0.9978,0.0008366600265340797,5
XGB,XGB_n_estimators=100_max_depth=6,fine_sulfurous,0.9289999999999999,0.018641351882307217,5,0.7416,0.021938550544646312,5,0.7548,0.019344249791604772,5,0.9795999999999999,0.004098780306383819,5,0.7786000000000001,0.006268971207462992,5,0.651,0.028766299727285078,5,0.9007999999999999,0.0407087214242845,5,0.9571999999999999,0.005761944116355179,5
XGB,XGB_n_estimators=100_max_depth=6,fine_sweaty,0.5589999999999999,0.06818357573492317,5,0.1278,0.12295405646012661,5,0.1222,0.11379015774661709,5,0.7838,0.12695944234282064,5,0.13399999999999998,0.08327064308626421,5,0.16660000000000003,0.16650015015008246,5,0.1222,0.13823422152274742,5,0.9958,0.0033466401061362522,5
XGB,XGB_n_estimators=100_max_depth=6,fine_sweet,0.6576000000000001,0.03209828655863113,5,0.2914,0.05815754465243524,5,0.5258,0.03493136126749144,5,0.7314,0.023114930239998627,5,0.5218,0.021311968468445183,5,0.43479999999999996,0.050246392905361884,5,0.6834,0.09823848533034295,5,0.6315999999999999,0.11386966233374013,5
XGB,XGB_n_estimators=100_max_depth=6,fine_tea,0.5349999999999999,0.040773766075750215,5,0.083,0.09717767233269173,5,0.0844,0.09640694995694034,5,0.6294000000000001,0.07917259626916372,5,0.0548,0.04246998940428406,5,0.11139999999999999,0.12726664920551653,5,0.0756,0.08401368936072265,5,0.9949999999999999,0.004847679857416328,5
XGB,XGB_n_estimators=100_max_depth=6,fine_terpenic,0.6476,0.0490591479746642,5,0.29300000000000004,0.06570768600399803,5,0.28500000000000003,0.04657789175134487,5,0.8977999999999999,0.09828122913354309,5,0.29460000000000003,0.06947157692178867,5,0.33039999999999997,0.19156800359141402,5,0.3026,0.10123635710553794,5,0.9924,0.004335896677735772,5
XGB,XGB_n_estimators=300_max_depth=3,fine_tobacco,0.6338,0.02706843179794506,5,0.26880000000000004,0.026404545063303014,5,0.2798,0.030490982273452597,5,0.8462,0.0701334442331189,5,0.23600000000000004,0.046856162881738404,5,0.2914,0.055256673805070815,5,0.28300000000000003,0.05875797818169035,5,0.985,0.006041522986797304,5
XGB,XGB_n_estimators=100_max_depth=6,fine_tomato,0.5724,0.0515587044057548,5,0.14379999999999998,0.09092964313137934,5,0.1308,0.08392377493892897,5,0.8375999999999999,0.11445435771520455,5,0.1546,0.10684240731095496,5,0.19580000000000003,0.19528492005272707,5,0.1516,0.107537435342303,5,0.9936,0.005899152481501044,5
XGB,XGB_n_estimators=300_max_depth=6,fine_tropical,0.6764,0.019578048932414063,5,0.3342,0.024345430782797828,5,0.38639999999999997,0.0254125953023299,5,0.8056000000000001,0.02379705864177335,5,0.3532,0.03524485778095864,5,0.369,0.0464327470649756,5,0.41459999999999997,0.05257661076942863,5,0.9385999999999999,0.017615334229017565,5
XGB,XGB_n_estimators=300_max_depth=6,fine_vanilla,0.7394000000000001,0.08007371603716168,5,0.538,0.10226925246622273,5,0.524,0.10489280242228254,5,0.9134,0.04307319351986802,5,0.5688,0.04371155453652958,5,0.6576000000000001,0.22002568031936637,5,0.487,0.16619867628835075,5,0.992,0.007937253933193783,5
XGB,XGB_n_estimators=300_max_depth=6,fine_vegetable,0.6886,0.04911517077237948,5,0.349,0.03029026246172193,5,0.377,0.027449954462621606,5,0.8315999999999999,0.034348216838723994,5,0.3538,0.03215898008332977,5,0.376,0.09946607461843461,5,0.42679999999999996,0.12254672578245411,5,0.9506,0.02596728711282713,5
XGB,XGB_n_estimators=100_max_depth=6,fine_vetiver,0.6118,0.08719919724401133,5,0.1924,0.12948860953767324,5,0.19,0.12627153281717934,5,0.885,0.08224354077980835,5,0.22400000000000003,0.08935882720806043,5,0.1842,0.11893779886982946,5,0.23040000000000002,0.1769754220223814,5,0.9936,0.004159326868617084,5
XGB,XGB_n_estimators=100_max_depth=3,fine_violet,0.7186,0.03624637912950756,5,0.43179999999999996,0.08276291440011037,5,0.4372,0.08317571761036989,5,0.8924,0.07299863012413314,5,0.394,0.07836772294765239,5,0.43899999999999995,0.11425191464478832,5,0.44560000000000005,0.07272757386301296,5,0.9917999999999999,0.0038987177379236205,5
XGB,XGB_n_estimators=100_max_depth=3,fine_warm,0.5582,0.038906297690733775,5,0.119,0.08975243729281117,5,0.1258,0.08787035905241312,5,0.5964,0.0498628117939612,5,0.087,0.05846793993292392,5,0.15460000000000002,0.13090951073165005,5,0.1422,0.10596320115964786,5,0.9746,0.0407406430975261,5
XGB,XGB_n_estimators=100_max_depth=3,fine_waxy,0.7384000000000001,0.024306377763870967,5,0.4518,0.023931151246858143,5,0.5054000000000001,0.021466252583998008,5,0.8814,0.009914635646356354,5,0.5286,0.030582674833964353,5,0.48100000000000004,0.05118593556827891,5,0.5422,0.06419267871027039,5,0.9348000000000001,0.018965758619153592,5
XGB,XGB_n_estimators=300_max_depth=3,fine_weedy,0.49939999999999996,0.0005477225575051678,5,-0.0018000000000000002,0.0016431676725154984,5,0.0,0.0,5,0.61,0.14046529820564224,5,0.0418,0.030515569796417046,5,0.0,0.0,5,0.0,0.0,5,0.9994,0.0005477225575051709,5
XGB,XGB_n_estimators=300_max_depth=3,fine_winey,0.6782,0.03685376507224191,5,0.33740000000000003,0.054030546915610614,5,0.35860000000000003,0.04594344349306002,5,0.8858,0.03489555845662886,5,0.35,0.08719805043692204,5,0.365,0.13567792746058582,5,0.394,0.08855789067045353,5,0.9625999999999999,0.020107212636265612,5
XGB,XGB_n_estimators=100_max_depth=6,fine_woody,0.7318,0.029456747953567463,5,0.4838,0.05393700028737232,5,0.5462,0.0427983644547312,5,0.8482,0.014272350892547461,5,0.5962,0.030954805765825776,5,0.5826,0.09340663787975668,5,0.5258,0.07323045814413563,5,0.9372,0.026042273326267018,5
