Model,Config,Label,Bal.Acc_mean,Bal.Acc_std,Bal.Acc_count,MCC_mean,MCC_std,MCC_count,F1_mean,F1_std,F1_count,ROC_AUC_mean,ROC_AUC_std,ROC_AUC_count,PR_AUC_mean,PR_AUC_std,PR_AUC_count,Precision_mean,Precision_std,Precision_count,Sensitivity_mean,Sensitivity_std,Sensitivity_count,Specificity_mean,Specificity_std,Specificity_count
KNN,KNN_n_neighbors=11_metric=cosine,fine_alcoholic,0.8346,0.05313943921420325,5,0.5050000000000001,0.05031401395237709,5,0.49400000000000005,0.05325410782277738,5,0.9086000000000001,0.04834563061952964,5,0.5327999999999999,0.07139817924849345,5,0.3948,0.07904871915470864,5,0.6942,0.11284148173433386,5,0.9756,0.008820430828479959,5
KNN,KNN_n_neighbors=11_metric=cosine,fine_aldehydic,0.633,0.07217686609987993,5,0.26739999999999997,0.13159331290001022,5,0.2692,0.13110949622357645,5,0.8092,0.031156058800817545,5,0.2514,0.07739702836672738,5,0.3254,0.19709718415035768,5,0.2878,0.15960482448848468,5,0.9778,0.019447364860052385,5
KNN,KNN_n_neighbors=11_metric=cosine,fine_alliaceous,0.7518,0.10743463128805349,5,0.409,0.030878795313289013,5,0.3898,0.06377068291934783,5,0.9018,0.03409838705862786,5,0.41600000000000004,0.06003748828856851,5,0.4034,0.1861432244267838,5,0.5412,0.25982725030296566,5,0.9621999999999999,0.04606191485381388,5
KNN,KNN_n_neighbors=11_metric=cosine,fine_almond,0.5664,0.036322169538726565,5,0.2192,0.13572656335441488,5,0.19,0.11053280056164325,5,0.7838,0.020228692493584482,5,0.1958,0.0776447036184697,5,0.4202,0.29931204452878274,5,0.14020000000000002,0.0728265061636215,5,0.9934,0.0074363969770313,5
KNN,KNN_n_neighbors=11_metric=cosine,fine_amber,0.6742,0.02399374918598588,5,0.35960000000000003,0.04922194632478485,5,0.369,0.04670117771534247,5,0.8566,0.03329113996245848,5,0.2678,0.047913463661062944,5,0.389,0.08558913482446238,5,0.3608,0.04847886137276739,5,0.9879999999999999,0.004183300132670385,5
KNN,KNN_n_neighbors=11_metric=cosine,fine_animal,0.634,0.057008771254956875,5,0.2954,0.020032473636573195,5,0.2924,0.02052559377947447,5,0.704,0.033948490393535896,5,0.19319999999999998,0.03535109616405125,5,0.37939999999999996,0.12746097441962384,5,0.2836,0.12730593073380359,5,0.9843999999999999,0.01402854233340016,5
KNN,KNN_n_neighbors=11_metric=cosine,fine_anisic,0.6686,0.07893858372177698,5,0.3854,0.18247547780455323,5,0.3892,0.17930895125453164,5,0.7817999999999999,0.09874056916992122,5,0.33,0.18996841842790607,5,0.45499999999999996,0.21647517178651227,5,0.3442,0.15754903998438072,5,0.9934,0.0016733200530681645,5
KNN,KNN_n_neighbors=11_metric=cosine,fine_apple,0.7727999999999999,0.06469698601944297,5,0.4372,0.07484450547635411,5,0.4638,0.0646312617856096,5,0.8858,0.025820534463871978,5,0.41340000000000005,0.05202691611079788,5,0.38039999999999996,0.036528071397214514,5,0.611,0.13887584383181975,5,0.9342,0.015073154945133355,5
KNN,KNN_n_neighbors=11_metric=cosine,fine_apricot,0.6612,0.09189504883289415,5,0.1572,0.07566835534092173,5,0.1426,0.060521070710951565,5,0.734,0.08356135470419325,5,0.0692,0.02324220299369231,5,0.0922,0.042044024545706854,5,0.403,0.2072607053929905,5,0.9192,0.05878945483673071,5
KNN,KNN_n_neighbors=11_metric=cosine,fine_aromatic,0.5778,0.07207773581349511,5,0.08399999999999999,0.058253755243760884,5,0.08,0.055104446281584216,5,0.6634,0.056993859318351096,5,0.045,0.017507141400011597,5,0.074,0.06755368235707065,5,0.2088,0.19737705033767222,5,0.9468,0.060209633780650085,5
KNN,KNN_n_neighbors=11_metric=cosine,fine_balsamic,0.6934,0.03989110176467927,5,0.3786,0.058705195681472686,5,0.40440000000000004,0.06065723369887552,5,0.86,0.03333916615633931,5,0.40659999999999996,0.06022707032556041,5,0.4262,0.13409958985768744,5,0.43760000000000004,0.122314349117346,5,0.9491999999999999,0.050534146871199864,5
KNN,KNN_n_neighbors=11_metric=cosine,fine_banana,0.7378,0.056113278285981505,5,0.3296,0.03837056163258496,5,0.325,0.049457052075512965,5,0.8462,0.03911777089763682,5,0.274,0.10630380990350251,5,0.252,0.07591113225344488,5,0.521,0.1328589477603974,5,0.9548,0.02310194796981412,5
KNN,KNN_n_neighbors=11_metric=cosine,fine_beefy,0.7363999999999999,0.17359521882816936,5,0.21480000000000002,0.13696970467953853,5,0.1666,0.12194998974989707,5,0.8366,0.11175329972756957,5,0.1452,0.09879119393954097,5,0.12279999999999999,0.1255575565228951,5,0.5112,0.3735929603191152,5,0.961,0.033030289129827445,5
KNN,KNN_n_neighbors=11_metric=cosine,fine_bergamot,0.6394,0.16113131290968866,5,0.275,0.22298206205881227,5,0.258,0.2062183309019836,5,0.7826000000000001,0.09242997349345065,5,0.31260000000000004,0.21836048177268708,5,0.317,0.24574275167337084,5,0.2822,0.32442826633941746,5,0.9970000000000001,0.0031622776601683777,5
KNN,KNN_n_neighbors=11_metric=cosine,fine_berry,0.6288,0.039041004085448465,5,0.2062,0.0628545941041703,5,0.22139999999999999,0.07268975168481456,5,0.702,0.016970562748477115,5,0.137,0.016926310879810755,5,0.2088,0.1012803041069684,5,0.3298,0.16015992007990013,5,0.9278000000000001,0.09568280932330527,5
KNN,KNN_n_neighbors=11_metric=cosine,fine_bitter,0.5762,0.04025170803829322,5,0.217,0.06910499258374896,5,0.18380000000000002,0.05676882947533796,5,0.6584,0.07819718665016027,5,0.11139999999999999,0.05078188653447211,5,0.4232,0.3498166662696333,5,0.15860000000000002,0.08622238688414975,5,0.9936,0.007127411872482187,5
KNN,KNN_n_neighbors=11_metric=cosine,fine_black currant,0.6466000000000001,0.05305468876546159,5,0.2702,0.11705212514089611,5,0.2676,0.11602499730661492,5,0.8573999999999999,0.06258833757178729,5,0.22139999999999999,0.10052512123842477,5,0.2732,0.1718187999026882,5,0.3026,0.10296747059144457,5,0.9907999999999999,0.006058052492344408,5
KNN,KNN_n_neighbors=11_metric=cosine,fine_brandy,0.6642,0.18191948768617394,5,0.11500000000000002,0.10514989300993131,5,0.08180000000000001,0.058092168146833705,5,0.7034,0.1671071512533201,5,0.0612,0.06118578266231462,5,0.0476,0.03256224807963971,5,0.37160000000000004,0.3859576401627515,5,0.9568,0.029243802762294775,5
KNN,KNN_n_neighbors=11_metric=cosine,fine_burnt,0.6594,0.09485146282477674,5,0.25379999999999997,0.09086638542387389,5,0.2656,0.0885906315588731,5,0.817,0.02658006772000399,5,0.2242,0.028769775807259947,5,0.248,0.07463243262818113,5,0.3676,0.22317773186409076,5,0.9513999999999999,0.037280021459221255,5
KNN,KNN_n_neighbors=11_metric=cosine,fine_buttery,0.6971999999999999,0.1046312572800308,5,0.33399999999999996,0.10733359213219316,5,0.339,0.09868383859579033,5,0.8416,0.042834565481629436,5,0.2524,0.09934938349078974,5,0.31720000000000004,0.08829326135102272,5,0.422,0.2254406795589474,5,0.9728,0.019829271292712752,5
KNN,KNN_n_neighbors=11_metric=cosine,fine_cabbage,0.7036,0.1172467483557646,5,0.23420000000000002,0.11433809513893431,5,0.2122,0.11003953834872264,5,0.8172,0.05913712877710582,5,0.1058,0.039933695045662874,5,0.1518,0.08746827996479636,5,0.43520000000000003,0.25234638891809014,5,0.9724,0.02557928849675058,5
KNN,KNN_n_neighbors=11_metric=cosine,fine_camphoreous,0.6974,0.05403054691561061,5,0.39239999999999997,0.05968500649241819,5,0.40280000000000005,0.06594846472814965,5,0.865,0.040835033978190875,5,0.33799999999999997,0.09209777413162601,5,0.4162,0.059784613405122915,5,0.41159999999999997,0.11311631182106321,5,0.9837999999999999,0.007155417527999333,5
KNN,KNN_n_neighbors=11_metric=cosine,fine_caramellic,0.7074,0.07278255285437578,5,0.4356,0.06425573904329479,5,0.44239999999999996,0.08243360965043325,5,0.858,0.016807736313971613,5,0.4266,0.054619593553961926,5,0.516,0.11770514007467985,5,0.43979999999999997,0.16215640597891903,5,0.9751999999999998,0.019031552748002473,5
KNN,KNN_n_neighbors=11_metric=cosine,fine_cedar,0.6994,0.10882462956518618,5,0.3022,0.09122061170590778,5,0.28700000000000003,0.09634573161277048,5,0.8290000000000001,0.0582022336341141,5,0.2762,0.1133476951684506,5,0.27080000000000004,0.14318065511793135,5,0.41740000000000005,0.2374106147584813,5,0.982,0.02190890230020666,5
KNN,KNN_n_neighbors=11_metric=cosine,fine_celery,0.567,0.050154760491901464,5,0.16960000000000003,0.10075614125203486,5,0.1586,0.09431224734889951,5,0.6594,0.1028824572023822,5,0.1024,0.06337822970074188,5,0.2466,0.18495350767152266,5,0.13779999999999998,0.10330392054515646,5,0.9965999999999999,0.003130495168499703,5
KNN,KNN_n_neighbors=11_metric=cosine,fine_chamomile,0.713,0.08344159634139314,5,0.33740000000000003,0.06990922685883459,5,0.3304,0.05484797170360997,5,0.7672,0.08097962706755324,5,0.18180000000000002,0.048782168873472594,5,0.2774,0.018406520583749652,5,0.43360000000000004,0.1709657860508938,5,0.9928000000000001,0.003768288736283312,5
KNN,KNN_n_neighbors=11_metric=cosine,fine_cheesy,0.719,0.029690065678607068,5,0.43479999999999996,0.07000857090385433,5,0.4526,0.06117025420905167,5,0.8535999999999999,0.039189284249651714,5,0.40940000000000004,0.10389321440787168,5,0.46159999999999995,0.1305461604184512,5,0.46040000000000003,0.06312923253137169,5,0.977,0.010198039027185597,5
KNN,KNN_n_neighbors=11_metric=cosine,fine_cherry,0.6786,0.04731067532809063,5,0.2172,0.06457708571931688,5,0.2098,0.05961291806311783,5,0.782,0.05564620382380095,5,0.13520000000000001,0.04345342334039978,5,0.14279999999999998,0.04314742170744388,5,0.3972,0.09296881197476926,5,0.9593999999999999,0.0037815340802378134,5
KNN,KNN_n_neighbors=11_metric=cosine,fine_chocolate,0.6464000000000001,0.05547341705718154,5,0.2452,0.09649455943212551,5,0.248,0.10162184804460113,5,0.7992,0.049129420920666245,5,0.142,0.05744997824194539,5,0.2262,0.1082159877282465,5,0.31120000000000003,0.11407541365254828,5,0.9815999999999999,0.01145862120850497,5
KNN,KNN_n_neighbors=11_metric=cosine,fine_cinnamon,0.7406,0.07367021107611943,5,0.358,0.09512097560475292,5,0.35140000000000005,0.08852570248238643,5,0.8310000000000001,0.053103672189407,5,0.3102,0.08871978358855484,5,0.27640000000000003,0.07183870822892072,5,0.499,0.14804222370661688,5,0.9822,0.0045497252664309235,5
KNN,KNN_n_neighbors=11_metric=cosine,fine_citrus,0.6916,0.05779532853094619,5,0.3906,0.0410158505946177,5,0.42679999999999996,0.047599369743726645,5,0.8676,0.011907980517283364,5,0.3896,0.02742808779335519,5,0.4566,0.048345630619529616,5,0.42860000000000004,0.14199225330981968,5,0.9541999999999999,0.025917175772062786,5
KNN,KNN_n_neighbors=11_metric=cosine,fine_clean,0.6088,0.07303218468593145,5,0.17099999999999999,0.10268154654074899,5,0.1396,0.10313971107192418,5,0.6948000000000001,0.06241954822008886,5,0.099,0.06211280061307815,5,0.325,0.4149240894428763,5,0.2918,0.20946885209978117,5,0.9254,0.07974208424665111,5
KNN,KNN_n_neighbors=11_metric=cosine,fine_clove,0.7036,0.09597551771154977,5,0.3492,0.09962780736320558,5,0.3392,0.10182681375747744,5,0.8666,0.04267669153062367,5,0.2298,0.052241745759497735,5,0.326,0.07565381682373998,5,0.4144,0.19469925526308518,5,0.9932000000000001,0.005540758070878058,5
KNN,KNN_n_neighbors=11_metric=cosine,fine_cocoa,0.7369999999999999,0.05606246516163911,5,0.3854,0.025314027731674786,5,0.3906,0.01013903348450927,5,0.8257999999999999,0.05334041619635153,5,0.2988,0.05737333875590647,5,0.3318,0.03338712326631331,5,0.49939999999999996,0.1229910565854282,5,0.9743999999999999,0.010691117808723245,5
KNN,KNN_n_neighbors=11_metric=cosine,fine_coconut,0.6798,0.13544999077150208,5,0.32480000000000003,0.212729170543205,5,0.3202,0.2069497523554933,5,0.8162,0.02291724241700993,5,0.32080000000000003,0.14703979053303906,5,0.3302,0.24009518945618216,5,0.371,0.2802668371391806,5,0.9884000000000001,0.011886967653695379,5
KNN,KNN_n_neighbors=11_metric=cosine,fine_coffee,0.6966,0.07731946714767246,5,0.37120000000000003,0.04889478499799338,5,0.35300000000000004,0.049623583103198025,5,0.89,0.010793516572461461,5,0.3484,0.01186591757935305,5,0.42960000000000004,0.22339494175115066,5,0.4152,0.17352146841241287,5,0.9785999999999999,0.01947562579225635,5
KNN,KNN_n_neighbors=11_metric=cosine,fine_cognac,0.7322,0.06952481571352773,5,0.4282,0.09889489370033216,5,0.4316,0.1019892151161092,5,0.8827999999999999,0.046316303824895225,5,0.3532,0.09301451499631656,5,0.4234,0.12779593107763645,5,0.48200000000000004,0.14422031757002893,5,0.9827999999999999,0.011987493482792804,5
KNN,KNN_n_neighbors=11_metric=cosine,fine_cooked,0.6544,0.0656490670154573,5,0.1612,0.04334397305277863,5,0.1518,0.03795655411124672,5,0.7192000000000001,0.024097717734258593,5,0.0784,0.029703535143144156,5,0.1008,0.030449958949069208,5,0.374,0.1672229051296502,5,0.9349999999999999,0.03952214569073903,5
KNN,KNN_n_neighbors=11_metric=cosine,fine_cooling,0.7405999999999999,0.09894847143842088,5,0.2658,0.09524809709385275,5,0.2378,0.08687174454332088,5,0.8196,0.06957226458869946,5,0.159,0.06482283548256741,5,0.1632,0.07724118072634571,5,0.534,0.21856234808401925,5,0.9471999999999999,0.03199531215662691,5
KNN,KNN_n_neighbors=11_metric=cosine,fine_cortex,0.631,0.10146181547754798,5,0.11779999999999999,0.09310853881358036,5,0.1026,0.08630932742177985,5,0.6342000000000001,0.10438965465983686,5,0.0486,0.043735569048544455,5,0.0776,0.08995721205106348,5,0.34619999999999995,0.2143494809884083,5,0.9158,0.04223979166615295,5
KNN,KNN_n_neighbors=11_metric=cosine,fine_coumarinic,0.6532,0.12078576075018117,5,0.22600000000000003,0.16632348000207306,5,0.22399999999999998,0.1573292725464654,5,0.7878000000000001,0.045079929015028365,5,0.164,0.06765722430014404,5,0.1782,0.12199262272776987,5,0.3216,0.24918928548394692,5,0.9852000000000001,0.009808159868191396,5
KNN,KNN_n_neighbors=11_metric=cosine,fine_creamy,0.6066,0.03585108087631389,5,0.25939999999999996,0.0543258686078741,5,0.2596,0.06071490755984069,5,0.7302,0.02965973701838911,5,0.1926,0.029534725324607304,5,0.3824,0.14160437846337945,5,0.2378,0.09622473694430136,5,0.9757999999999999,0.029978325503603423,5
KNN,KNN_n_neighbors=11_metric=cosine,fine_cucumber,0.6816000000000001,0.08935770811743102,5,0.36479999999999996,0.18336220984706741,5,0.34619999999999995,0.17761953721367482,5,0.8834,0.0530122627323151,5,0.3206,0.06178834841618605,5,0.4232,0.2972115408257223,5,0.37160000000000004,0.18239599776310883,5,0.9917999999999999,0.008584870412533871,5
KNN,KNN_n_neighbors=11_metric=cosine,fine_dairy,0.6194,0.1019843125191321,5,0.24900000000000003,0.1148281324414884,5,0.2424,0.11544825680797435,5,0.7794000000000001,0.06653044415904644,5,0.2012,0.09766882818996037,5,0.323,0.10987037817355505,5,0.2542,0.21988565210126831,5,0.9847999999999999,0.01713767778901215,5
KNN,KNN_n_neighbors=11_metric=cosine,fine_dry,0.5662,0.026480181268261762,5,0.125,0.05967411499134276,5,0.1542,0.05344342803376296,5,0.6764,0.08031375971774699,5,0.0994,0.023447814397081875,5,0.1534,0.07486187280585492,5,0.1732,0.05294053267582411,5,0.9586,0.025304149857286243,5
KNN,KNN_n_neighbors=11_metric=cosine,fine_earthy,0.6436,0.04730010570812715,5,0.2286,0.06488682454859385,5,0.27359999999999995,0.06179239435399796,5,0.719,0.06798896969362019,5,0.21259999999999998,0.032776515983246296,5,0.2408,0.08961138320548344,5,0.39120000000000005,0.13122956983850861,5,0.8959999999999999,0.060099916805266856,5
KNN,KNN_n_neighbors=11_metric=cosine,fine_ethereal,0.7372,0.0315388649129927,5,0.5016,0.053988887745535154,5,0.5269999999999999,0.0529386437302657,5,0.884,0.031843366656181364,5,0.5218,0.08389696061240837,5,0.5624,0.04821099459666849,5,0.49779999999999996,0.06331429538421791,5,0.9762000000000001,0.003563705936241083,5
KNN,KNN_n_neighbors=11_metric=cosine,fine_fatty,0.7644,0.02035436071214227,5,0.4934,0.017472836060582742,5,0.5556,0.016562004709575452,5,0.8465999999999999,0.010876580344942976,5,0.4958,0.04130617387267915,5,0.5172,0.037930199050360915,5,0.607,0.0549818151755651,5,0.9218,0.015514509338035784,5
KNN,KNN_n_neighbors=11_metric=cosine,fine_fermented,0.6426000000000001,0.045615786740995715,5,0.3738,0.046186578136943636,5,0.3632,0.06384120926173001,5,0.8130000000000001,0.032256782232578586,5,0.3526,0.03297423236407482,5,0.5364,0.12969695447465218,5,0.29359999999999997,0.09439703385170532,5,0.9916,0.004219004621945778,5
KNN,KNN_n_neighbors=11_metric=cosine,fine_fishy,0.6888,0.05890840347522588,5,0.4184,0.06640256019160708,5,0.41059999999999997,0.06637996685747893,5,0.8244,0.05031202639528645,5,0.3804,0.10505379574294309,5,0.502,0.1537611784554216,5,0.38480000000000003,0.12217896709335858,5,0.9922000000000001,0.006760177512462219,5
KNN,KNN_n_neighbors=11_metric=cosine,fine_floral,0.7466,0.018447222013083728,5,0.4586,0.035373719058080386,5,0.5866,0.02638749703931765,5,0.8337999999999999,0.019537144110642196,5,0.5534,0.037620473149602984,5,0.5306,0.04439932431918303,5,0.6616,0.05339756548757628,5,0.8314,0.0370985174905952,5
KNN,KNN_n_neighbors=11_metric=cosine,fine_fresh,0.6566000000000001,0.036239481232490135,5,0.23220000000000002,0.022253089673121795,5,0.31379999999999997,0.012716131487209476,5,0.7288,0.023145193885556494,5,0.233,0.020506096654409875,5,0.24459999999999998,0.06439953415980584,5,0.5302,0.17663578346416678,5,0.7838,0.10560634450637901,5
KNN,KNN_n_neighbors=11_metric=cosine,fine_fruit skin,0.5602,0.05736462324464444,5,0.0984,0.10155441890927247,5,0.1028,0.10450454535569255,5,0.6306,0.08317030720154878,5,0.06420000000000001,0.034521008096520006,5,0.08940000000000001,0.09845709725560672,5,0.1308,0.12182446388143885,5,0.9896,0.011717508267545626,5
KNN,KNN_n_neighbors=11_metric=cosine,fine_fruity,0.7572,0.011122050170719433,5,0.5118,0.015188811671753661,5,0.701,0.019339079605813703,5,0.8390000000000001,0.0062849025449882735,5,0.7564,0.013501851724856118,5,0.6884,0.019086644545335832,5,0.717,0.05473572873361598,5,0.7976,0.035830154897795216,5
KNN,KNN_n_neighbors=11_metric=cosine,fine_garlic,0.8048,0.09759200786949718,5,0.5347999999999999,0.139383284507146,5,0.539,0.13646794495411735,5,0.9284000000000001,0.039208417463600834,5,0.5172000000000001,0.10786426655755833,5,0.484,0.09713907555664711,5,0.626,0.19653116801159048,5,0.9837999999999999,0.005449770637375474,5
KNN,KNN_n_neighbors=11_metric=cosine,fine_gassy,0.6672,0.1400489200243972,5,0.20600000000000002,0.19502563934006215,5,0.1908,0.1945294322204226,5,0.773,0.14095211953000208,5,0.1518,0.12268333220124077,5,0.15100000000000002,0.16776024558875685,5,0.3584,0.28650619539549227,5,0.9763999999999999,0.024419254697881324,5
KNN,KNN_n_neighbors=11_metric=cosine,fine_geranium,0.626,0.11437875676890355,5,0.2244,0.16260781039052216,5,0.2072,0.13914452917739883,5,0.7874000000000001,0.05860290095208604,5,0.124,0.058855755878248636,5,0.2636,0.2875852916962201,5,0.2624,0.23516122129296746,5,0.9896,0.008294576541331096,5
KNN,KNN_n_neighbors=11_metric=cosine,fine_grape,0.6438,0.03350671574475781,5,0.38280000000000003,0.08959185230812007,5,0.35960000000000003,0.07127973063922169,5,0.7784,0.055329015895820885,5,0.2894,0.06028100861797189,5,0.5608,0.24226576316103765,5,0.2946,0.07172029001614535,5,0.993,0.00784219357067906,5
KNN,KNN_n_neighbors=11_metric=cosine,fine_grapefruit,0.6718,0.0707757020452641,5,0.313,0.07392563831310485,5,0.3168,0.07065904046900152,5,0.8096,0.070970416371894,5,0.2408,0.04839628084884211,5,0.3054,0.06512142504583265,5,0.3566,0.14803141558466565,5,0.9872,0.0073280283842245145,5
KNN,KNN_n_neighbors=11_metric=cosine,fine_grassy,0.6066,0.026726391451148062,5,0.07039999999999999,0.017868967513541455,5,0.06,0.012000000000000002,5,0.6088,0.02984459750105538,5,0.022600000000000002,0.0049799598391954926,5,0.033,0.007071067811865476,5,0.3452,0.06131231523927309,5,0.8684,0.016180234856144705,5
KNN,KNN_n_neighbors=11_metric=cosine,fine_green,0.7182000000000001,0.0313001597440013,5,0.404,0.060216276869298375,5,0.5966,0.042406367446410694,5,0.7938,0.02554799405041418,5,0.6166,0.0369972971985793,5,0.5,0.059468479045625466,5,0.7524,0.08822017909752848,5,0.6838,0.09100659316774802,5
KNN,KNN_n_neighbors=11_metric=cosine,fine_hawthorn,0.7058,0.2065337744776868,5,0.1726,0.1279230237291161,5,0.1298,0.08738535346383855,5,0.7708,0.18092456991796335,5,0.13340000000000002,0.131488782791537,5,0.091,0.05972018084366456,5,0.43499999999999994,0.4339573711783221,5,0.9768000000000001,0.021370540470470118,5
KNN,KNN_n_neighbors=11_metric=cosine,fine_hay,0.6136,0.08016108781697014,5,0.1286,0.09648212269638351,5,0.1278,0.08905167039421552,5,0.6801999999999999,0.05389526880905224,5,0.058800000000000005,0.02681790446697877,5,0.09040000000000001,0.07017691928262454,5,0.2758,0.18252314921675006,5,0.9512,0.04206185920760035,5
KNN,KNN_n_neighbors=11_metric=cosine,fine_hazelnut,0.6886,0.08018915138595743,5,0.3054,0.09542693540086049,5,0.29900000000000004,0.09960421677820673,5,0.844,0.07050886469090255,5,0.2604,0.07140938313695197,5,0.2698,0.084048795351272,5,0.3902,0.16606083222722934,5,0.9874,0.00856154191720162,5
KNN,KNN_n_neighbors=11_metric=cosine,fine_herbal,0.6596,0.019629060089571274,5,0.2964,0.03527463678055379,5,0.4102,0.027453597214208564,5,0.7388,0.02595573154430447,5,0.344,0.02440286868382487,5,0.3776,0.04299185969459801,5,0.46020000000000005,0.07130708239719254,5,0.859,0.05036367738757763,5
KNN,KNN_n_neighbors=11_metric=cosine,fine_honey,0.6522,0.09799846937580199,5,0.2664,0.04058694371346529,5,0.2514,0.052295315277756986,5,0.7992,0.02995329698046606,5,0.2492,0.072716573076569,5,0.3296,0.16376293842014436,5,0.3456,0.2399787490591615,5,0.9586,0.045014442126944096,5
KNN,KNN_n_neighbors=11_metric=cosine,fine_hyacinth,0.5546,0.06213935950748125,5,0.1058,0.10889306681327328,5,0.09419999999999999,0.10327729663386817,5,0.775,0.03004163777159957,5,0.1436,0.05093917942016734,5,0.1592,0.21263983634305214,5,0.11800000000000002,0.13406901207960026,5,0.9914,0.012601587201618691,5
KNN,KNN_n_neighbors=11_metric=cosine,fine_jasmin,0.6904,0.05418763696637822,5,0.3494,0.09070446516021138,5,0.3312,0.06946725847476637,5,0.7811999999999999,0.05301603531008331,5,0.2868,0.09296612286204045,5,0.40780000000000005,0.33988409789220797,5,0.4029999999999999,0.11926441212700459,5,0.9778,0.014131525041551586,5
KNN,KNN_n_neighbors=11_metric=cosine,fine_juicy,0.5444,0.05207014499691738,5,0.0524,0.05668597710192531,5,0.055200000000000006,0.05735590640901772,5,0.6192,0.033454446640170304,5,0.027000000000000003,0.015116216457830975,5,0.0452,0.05147523676487559,5,0.11739999999999999,0.137560168653575,5,0.9715999999999999,0.03895253521916126,5
KNN,KNN_n_neighbors=11_metric=cosine,fine_ketonic,0.671,0.07176350047203664,5,0.3508,0.0592342806151978,5,0.3456,0.06187729793712715,5,0.8854,0.06064899009876416,5,0.3292,0.06362153723386446,5,0.3882,0.06875099999272738,5,0.348,0.14603937825121008,5,0.9945999999999999,0.0028809720581775417,5
KNN,KNN_n_neighbors=11_metric=cosine,fine_lactonic,0.7123999999999999,0.12074684260882348,5,0.3016,0.14008140490443405,5,0.2942,0.12533036343999004,5,0.8252,0.10524115164706252,5,0.186,0.10923369443537098,5,0.227,0.0933273807625608,5,0.4438000000000001,0.24369386533107476,5,0.9812,0.0059749476985158576,5
KNN,KNN_n_neighbors=11_metric=cosine,fine_lavender,0.6542,0.12942063204914434,5,0.2548,0.11894830810061989,5,0.23680000000000004,0.11031636324680036,5,0.7262000000000001,0.14499896551355115,5,0.1606,0.11558027513377876,5,0.259,0.06755738301621815,5,0.3154,0.2624124615943381,5,0.9936,0.004615192303685757,5
KNN,KNN_n_neighbors=11_metric=cosine,fine_leafy,0.5758,0.03581480140947312,5,0.1268,0.01427235089254745,5,0.1412,0.01991732913821529,5,0.658,0.045227204202780445,5,0.0918,0.0206082507748717,5,0.1528,0.06677349773675181,5,0.2152,0.15615601173185745,5,0.9369999999999999,0.08561541917201596,5
KNN,KNN_n_neighbors=11_metric=cosine,fine_leathery,0.6364000000000001,0.10986264151202625,5,0.22999999999999998,0.1380489043781225,5,0.23120000000000002,0.13064914848555273,5,0.7024,0.07343228172949552,5,0.16319999999999998,0.08695228576639029,5,0.2102,0.0734350052767752,5,0.2834,0.22374829608289756,5,0.9894000000000001,0.006308724118234997,5
KNN,KNN_n_neighbors=11_metric=cosine,fine_lemon,0.6754,0.09419819531179986,5,0.2298,0.08909377082602353,5,0.223,0.08578752823108962,5,0.7902,0.05600178568581544,5,0.1328,0.07293627355438445,5,0.175,0.08391364608929826,5,0.3922,0.22355580958677856,5,0.9587999999999999,0.04338432896795795,5
KNN,KNN_n_neighbors=11_metric=cosine,fine_lily,0.6564,0.09567549320489546,5,0.24980000000000002,0.12678406839977963,5,0.251,0.12134867119173576,5,0.735,0.04958326330527268,5,0.11839999999999999,0.07152482086660547,5,0.2162,0.09238073392217667,5,0.33080000000000004,0.19638024340549132,5,0.9826,0.006877499545619799,5
KNN,KNN_n_neighbors=11_metric=cosine,fine_malty,0.7186,0.1210384236513348,5,0.28959999999999997,0.13511957667192417,5,0.1988,0.11335431178389291,5,0.8268000000000001,0.0586489556599263,5,0.3814,0.10023123265729102,5,0.43899999999999995,0.5122704363907798,5,0.4692,0.27142070665297446,5,0.9681999999999998,0.02956687335515884,5
KNN,KNN_n_neighbors=11_metric=cosine,fine_meaty,0.8018000000000001,0.025955731544304438,5,0.5064,0.03708503741402991,5,0.5316,0.033530583054876925,5,0.9022,0.017655027612552755,5,0.4648,0.030670833050310185,5,0.4478,0.02925235033292196,5,0.655,0.05278257288158663,5,0.9481999999999999,0.004969909455915676,5
KNN,KNN_n_neighbors=11_metric=cosine,fine_medicinal,0.6538,0.05835837557711832,5,0.308,0.045803929962395136,5,0.3054,0.05886255176255952,5,0.8036,0.05248618865949404,5,0.20579999999999998,0.04478504214578791,5,0.3452,0.09594112778157239,5,0.318,0.12111564721372711,5,0.9902,0.0054497706373754975,5
KNN,KNN_n_neighbors=11_metric=cosine,fine_melon,0.6526,0.07739056790074612,5,0.284,0.0501597448159378,5,0.2784,0.05834637949350413,5,0.8038000000000001,0.01442913718834219,5,0.246,0.04761302342846964,5,0.3316,0.1392885494216951,5,0.3306,0.17558701546526725,5,0.9743999999999999,0.021361179742701485,5
KNN,KNN_n_neighbors=11_metric=cosine,fine_metallic,0.5858,0.09803927784311756,5,0.1284,0.09704535022349087,5,0.128,0.0876156378736125,5,0.6998,0.07319289583012824,5,0.098,0.04514975082987724,5,0.1514,0.12953493737212368,5,0.2222,0.28059704203715335,5,0.9498,0.08884368294932396,5
KNN,KNN_n_neighbors=11_metric=cosine,fine_milky,0.5854,0.03539491488900626,5,0.20939999999999998,0.08211150954646979,5,0.2084,0.07913469529858569,5,0.6921999999999999,0.022196846622887633,5,0.13620000000000002,0.06822169742831088,5,0.2848,0.12417608465401056,5,0.1812,0.07446274236153272,5,0.9902,0.00909395403551172,5
KNN,KNN_n_neighbors=11_metric=cosine,fine_mint,0.716,0.051860389508757064,5,0.3956,0.05064385451365249,5,0.4162,0.0541174648334528,5,0.8602000000000001,0.033229504961705306,5,0.3748,0.07144018477019778,5,0.3994,0.08064924054199146,5,0.46900000000000003,0.12256834827964355,5,0.9629999999999999,0.02335594142825335,5
KNN,KNN_n_neighbors=11_metric=cosine,fine_muguet,0.5814,0.09122115982599652,5,0.0974,0.0967822297738588,5,0.0924,0.09252459132576593,5,0.7588,0.05870008517881385,5,0.1308,0.0454004405264971,5,0.0832,0.0971117912511143,5,0.1854,0.20998761868262616,5,0.9782,0.03084963533009748,5
KNN,KNN_n_neighbors=11_metric=cosine,fine_mushroom,0.6796,0.06362625244346869,5,0.23879999999999998,0.10676469453897201,5,0.2394,0.10687516081859244,5,0.7984,0.07943739673478732,5,0.2324,0.0852689861555771,5,0.177,0.08996388164146765,5,0.41100000000000003,0.12934063553268943,5,0.9484,0.0452139359047628,5
KNN,KNN_n_neighbors=11_metric=cosine,fine_musk,0.7802,0.06575484773003434,5,0.5516,0.0669051567519276,5,0.5546,0.06885709839951143,5,0.8712,0.043665776072342975,5,0.5558,0.08682856672777689,5,0.5616000000000001,0.07374822031751002,5,0.5700000000000001,0.1349518432626987,5,0.9907999999999999,0.004324349662087925,5
KNN,KNN_n_neighbors=11_metric=cosine,fine_musty,0.6178,0.023145193885556487,5,0.16040000000000001,0.05420608821894455,5,0.19319999999999998,0.051586820022172346,5,0.6938000000000001,0.029235252692596934,5,0.1012,0.033833415435039954,5,0.1424,0.059492016271093046,5,0.3286,0.04268840592010902,5,0.9067999999999999,0.03196404229755677,5
KNN,KNN_n_neighbors=11_metric=cosine,fine_natural,0.5556,0.058926225061512294,5,0.0436,0.04167493251344266,5,0.047599999999999996,0.03332866633995426,5,0.5932000000000001,0.07473085038991596,5,0.0364,0.016410362579784763,5,0.028000000000000004,0.018694919095839913,5,0.1916,0.16908074993919325,5,0.9193999999999999,0.060314177437813046,5
KNN,KNN_n_neighbors=11_metric=cosine,fine_nutty,0.7081999999999999,0.01430734077318358,5,0.4258,0.02948219801846532,5,0.46559999999999996,0.026763781496642054,5,0.8315999999999999,0.016056151469141033,5,0.4126,0.041271055232450726,5,0.4808,0.056737994324790854,5,0.45640000000000003,0.034746222816300486,5,0.9597999999999999,0.012153188881935484,5
KNN,KNN_n_neighbors=11_metric=cosine,fine_odorless,0.8842000000000001,0.02924380276229481,5,0.7125999999999999,0.034896991274320506,5,0.7214,0.0345369367489359,5,0.9244,0.02881492668739586,5,0.7445999999999999,0.06623669677754164,5,0.674,0.07318811378905735,5,0.7849999999999999,0.06274950199005569,5,0.9836,0.00610737259384099,5
KNN,KNN_n_neighbors=11_metric=cosine,fine_oily,0.688,0.022704625079485386,5,0.3442,0.01792205345377588,5,0.3968,0.014342245291445826,5,0.7934,0.012700393694685216,5,0.333,0.018152134860671344,5,0.3654,0.02786216072023132,5,0.4418,0.060524375254933455,5,0.9338,0.01804716044146552,5
KNN,KNN_n_neighbors=11_metric=cosine,fine_onion,0.8042,0.012853015210447639,5,0.5408,0.04524046860942092,5,0.5536,0.04796144284735393,5,0.9269999999999999,0.016777961735562508,5,0.5706,0.06805365530226865,5,0.4984,0.08020785497692855,5,0.6326,0.029888124732073806,5,0.9751999999999998,0.008927485648266294,5
KNN,KNN_n_neighbors=11_metric=cosine,fine_orange,0.687,0.08955445270895242,5,0.23479999999999998,0.08476850830349679,5,0.22800000000000004,0.06949100661236678,5,0.8375999999999999,0.05636310850192701,5,0.18280000000000002,0.056512830401599955,5,0.16399999999999998,0.03501428280002319,5,0.4152,0.19513764372872808,5,0.9586,0.017854971296532556,5
KNN,KNN_n_neighbors=11_metric=cosine,fine_orangeflower,0.7716000000000001,0.10584564232881764,5,0.39699999999999996,0.12948165893283883,5,0.37859999999999994,0.12140345958826708,5,0.8472,0.05384886256923169,5,0.2886,0.16472795755426584,5,0.3022,0.10216261547160976,5,0.5514,0.21214216931105423,5,0.9916,0.0023021728866442614,5
KNN,KNN_n_neighbors=11_metric=cosine,fine_orris,0.6144000000000001,0.05301226273231507,5,0.2594,0.0951619671927814,5,0.2552,0.09621954063494588,5,0.7306,0.07478836807953491,5,0.1476,0.08621658773113212,5,0.3246,0.14432013026601662,5,0.23700000000000002,0.10666302077102448,5,0.9924,0.005770615218501382,5
KNN,KNN_n_neighbors=11_metric=cosine,fine_ozone,0.6486000000000001,0.09103186255372346,5,0.1422,0.06245958693427294,5,0.11639999999999999,0.0672666336306493,5,0.7096,0.07353434571681454,5,0.09,0.058425165810633346,5,0.10600000000000001,0.10587020355132976,5,0.34140000000000004,0.21316495959702197,5,0.9561999999999999,0.034945672121165415,5
KNN,KNN_n_neighbors=11_metric=cosine,fine_peach,0.5866,0.04914061456677155,5,0.1826,0.055315458960402755,5,0.18380000000000002,0.06309675110494993,5,0.7732,0.05929755475565578,5,0.164,0.06604165352260648,5,0.2326,0.06347282883250123,5,0.187,0.11156388304464845,5,0.9862,0.013827508813954894,5
KNN,KNN_n_neighbors=11_metric=cosine,fine_pear,0.7102,0.06255557529109615,5,0.3606,0.05598035369663182,5,0.3694,0.05147620809655661,5,0.8534,0.04576898513185537,5,0.26880000000000004,0.031744290825280685,5,0.33520000000000005,0.07285739495754705,5,0.4466,0.13793222973620053,5,0.9736,0.015469324484281816,5
KNN,KNN_n_neighbors=11_metric=cosine,fine_phenolic,0.6944,0.0929666606908089,5,0.4464,0.1198595010835603,5,0.44719999999999993,0.1231206725127832,5,0.8667999999999999,0.03742592684223069,5,0.43499999999999994,0.10383159442096608,5,0.5556,0.10797592324217467,5,0.4008,0.19139148361408354,5,0.9878,0.006760177512462247,5
KNN,KNN_n_neighbors=11_metric=cosine,fine_pine,0.7550000000000001,0.048723710860319354,5,0.47400000000000003,0.07072481884034765,5,0.47359999999999997,0.07015910489736883,5,0.8855999999999999,0.0788752179077814,5,0.3672,0.11067610401527514,5,0.46259999999999996,0.14159378517435006,5,0.5202,0.1014825108085132,5,0.9898,0.00593295878967652,5
KNN,KNN_n_neighbors=11_metric=cosine,fine_pineapple,0.6966,0.07498866581024097,5,0.32880000000000004,0.04172169699329113,5,0.3402,0.047420459719408024,5,0.857,0.030561413579872264,5,0.3282,0.05731230234426113,5,0.32320000000000004,0.08593427721229754,5,0.4406,0.17982435875042066,5,0.953,0.03196873472629158,5
KNN,KNN_n_neighbors=11_metric=cosine,fine_plum,0.5904,0.07216162415023651,5,0.1026,0.06443058280040621,5,0.1014,0.060094092887737316,5,0.6668000000000001,0.024671846303023184,5,0.0718,0.030817202987941654,5,0.0756,0.049003061128872344,5,0.2172,0.18266143544820837,5,0.9642,0.04248176079213287,5
KNN,KNN_n_neighbors=11_metric=cosine,fine_popcorn,0.7198,0.13409399688278373,5,0.44820000000000004,0.17149256543652266,5,0.43920000000000003,0.17140507577081837,5,0.8795999999999999,0.038226953841497775,5,0.4332,0.21971959402838884,5,0.48579999999999995,0.1222812332289792,5,0.44299999999999995,0.2690213746154755,5,0.9968,0.0017888543819998349,5
KNN,KNN_n_neighbors=11_metric=cosine,fine_potato,0.6712,0.08523320949019814,5,0.2904,0.07949087998003293,5,0.2676,0.06316090562998602,5,0.779,0.06166846844214636,5,0.1524,0.05596695453569008,5,0.3164,0.24775855182011378,5,0.3548,0.17747027920189903,5,0.9878,0.008348652585896744,5
KNN,KNN_n_neighbors=11_metric=cosine,fine_powdery,0.6176,0.09538763022530748,5,0.18380000000000002,0.06845582517215026,5,0.189,0.060864603835069864,5,0.77,0.0442944691807002,5,0.1738,0.07561216833288145,5,0.2004,0.04531335344023878,5,0.28080000000000005,0.23410724038354733,5,0.954,0.044328320518603,5
KNN,KNN_n_neighbors=11_metric=cosine,fine_pungent,0.6844,0.05590438265467206,5,0.3304,0.050232459625226385,5,0.3418,0.043631410703757915,5,0.8114000000000001,0.02500599928017271,5,0.305,0.021482551058940858,5,0.3488,0.14328712433432392,5,0.4138,0.14400069444276997,5,0.9554,0.035599157293396695,5
KNN,KNN_n_neighbors=11_metric=cosine,fine_radish,0.6584,0.05856876300554759,5,0.502,0.11800635576103517,5,0.4476,0.13867335721038848,5,0.787,0.055348893394538606,5,0.33520000000000005,0.10668739381951366,5,0.8366,0.1709467753425024,5,0.3176,0.11717636280410823,5,0.9992000000000001,0.0008366600265340797,5
KNN,KNN_n_neighbors=11_metric=cosine,fine_raspberry,0.5439999999999999,0.04654030511288039,5,0.039,0.04028026812224566,5,0.0396,0.03681439935677343,5,0.6512,0.06882368778262322,5,0.036,0.018748333259252674,5,0.026000000000000002,0.025797286679028864,5,0.12,0.12549900398011132,5,0.9676,0.033916072885875184,5
KNN,KNN_n_neighbors=11_metric=cosine,fine_ripe,0.5906,0.04590533738030905,5,0.1226,0.06588854225128979,5,0.1338,0.05998083027101242,5,0.6961999999999999,0.06731047466776623,5,0.0646,0.03246228580984401,5,0.0986,0.04573073364817145,5,0.217,0.0876726867388014,5,0.9638,0.010034938963441655,5
KNN,KNN_n_neighbors=11_metric=cosine,fine_roasted,0.7654,0.055324497286464304,5,0.47800000000000004,0.056488936969994435,5,0.5074,0.046902025542613836,5,0.909,0.029740544715926125,5,0.46159999999999995,0.04807598152924182,5,0.46319999999999995,0.04740464112299557,5,0.575,0.11897478724502933,5,0.9559999999999998,0.011916375287813,5
KNN,KNN_n_neighbors=11_metric=cosine,fine_rose,0.7415999999999999,0.04530231782149786,5,0.40259999999999996,0.04213430906043198,5,0.43739999999999996,0.03566931454345598,5,0.8460000000000001,0.03628360511305346,5,0.3982,0.04861789793892779,5,0.3742,0.0619330283451407,5,0.553,0.11096170510586073,5,0.9301999999999999,0.02627165773224061,5
KNN,KNN_n_neighbors=11_metric=cosine,fine_rummy,0.6248,0.08272363628371274,5,0.1962,0.07374415231053917,5,0.19659999999999997,0.07028371077283839,5,0.7338,0.05588559742903352,5,0.1604,0.09904695856006887,5,0.187,0.05076908508137605,5,0.2732,0.1796335158037052,5,0.9766,0.017657859439920827,5
KNN,KNN_n_neighbors=11_metric=cosine,fine_sandalwood,0.6694,0.13421922366039823,5,0.3538,0.2683574109280383,5,0.35219999999999996,0.26628030343981507,5,0.9052,0.0728642573557159,5,0.3568,0.11204329520323827,5,0.38079999999999997,0.29020975173139857,5,0.34199999999999997,0.26949860853073065,5,0.9970000000000001,0.0030822070014844714,5
KNN,KNN_n_neighbors=11_metric=cosine,fine_savory,0.704,0.07476295874294972,5,0.2732,0.07416670411984075,5,0.27440000000000003,0.05789473205741607,5,0.8221999999999999,0.022465529150233664,5,0.1548,0.02612852846985456,5,0.2004,0.02741897153432273,5,0.45499999999999996,0.1588993392056745,5,0.9533999999999999,0.010691117808723286,5
KNN,KNN_n_neighbors=11_metric=cosine,fine_sharp,0.5852,0.07448288393986902,5,0.1422,0.12415997744845156,5,0.15360000000000001,0.12400322576449374,5,0.7468,0.06441428413015235,5,0.09759999999999999,0.04383833938460716,5,0.14020000000000002,0.12190652156468085,5,0.1914,0.1609931675568873,5,0.9792,0.0157543644746464,5
KNN,KNN_n_neighbors=11_metric=cosine,fine_smoky,0.6576000000000001,0.04600326075399438,5,0.3382,0.09786827882414198,5,0.3432,0.09907926120031375,5,0.8640000000000001,0.05313661637703328,5,0.25220000000000004,0.0744593849021062,5,0.3782,0.118284403029309,5,0.3236,0.09250027026987541,5,0.9916,0.0046151923036857525,5
KNN,KNN_n_neighbors=11_metric=cosine,fine_soapy,0.6157999999999999,0.15702611247814804,5,0.078,0.09835903618885253,5,0.05620000000000001,0.05725556741488115,5,0.7253999999999999,0.0823243584852017,5,0.0536,0.03476060989108218,5,0.0334,0.032354288741989055,5,0.2782,0.357527901009138,5,0.9534,0.04535195695887882,5
KNN,KNN_n_neighbors=11_metric=cosine,fine_solvent,0.6536,0.08850875662893481,5,0.29700000000000004,0.11148542505637228,5,0.2864,0.09614208235731114,5,0.8462,0.0773834607652049,5,0.2226,0.09101538331512976,5,0.3352,0.1993519500782473,5,0.31880000000000003,0.1856978729011186,5,0.9888,0.01130044246921331,5
KNN,KNN_n_neighbors=11_metric=cosine,fine_sour,0.6841999999999999,0.036636047821783355,5,0.3752,0.07917512235544698,5,0.38079999999999997,0.07809417391841726,5,0.7308,0.02398332754227404,5,0.2586,0.08174533625840685,5,0.3996,0.11475539203017869,5,0.3774,0.07440967679005198,5,0.991,0.004743416490252518,5
KNN,KNN_n_neighbors=11_metric=cosine,fine_spicy,0.6628000000000001,0.05533714846285452,5,0.3048,0.059166713615004855,5,0.367,0.058796258384356405,5,0.7807999999999999,0.01840380395461768,5,0.3272,0.048874328639890295,5,0.3524,0.014152738250953393,5,0.40140000000000003,0.1355776530258582,5,0.924,0.02526855753698651,5
KNN,KNN_n_neighbors=11_metric=cosine,fine_strawberry,0.6104,0.0643179601666595,5,0.11240000000000001,0.039696347439027696,5,0.1028,0.04078847876545532,5,0.6534,0.07287523584867492,5,0.0672,0.016037456157383563,5,0.07599999999999998,0.04471576903062274,5,0.2686,0.1730023121232777,5,0.9526,0.0465059136024656,5
KNN,KNN_n_neighbors=11_metric=cosine,fine_sulfurous,0.8824,0.01942421169571626,5,0.6954,0.015241391012633965,5,0.7163999999999999,0.018022208521710124,5,0.962,0.013057564857200592,5,0.6788000000000001,0.033252067604887366,5,0.6524,0.06318860656795655,5,0.8038000000000001,0.05148494925704014,5,0.961,0.012509996003196758,5
KNN,KNN_n_neighbors=11_metric=cosine,fine_sweaty,0.6237999999999999,0.09074249280243518,5,0.1994,0.13774360239227085,5,0.2004,0.13226980003009,5,0.6844,0.10649319227067991,5,0.08020000000000001,0.05428812024743535,5,0.16840000000000002,0.10831574216151595,5,0.2554,0.1825590315487021,5,0.992,0.0036742346141747854,5
KNN,KNN_n_neighbors=11_metric=cosine,fine_sweet,0.6597999999999999,0.02029039181484672,5,0.29059999999999997,0.036246379129507546,5,0.53,0.021965882636488774,5,0.7226,0.019501282009139836,5,0.48979999999999996,0.019253571097331522,5,0.4208,0.028278967449325308,5,0.7218,0.06089909687343479,5,0.5976,0.06982334853041643,5
KNN,KNN_n_neighbors=11_metric=cosine,fine_tea,0.5506,0.039449968314309185,5,0.11059999999999999,0.08365285410552349,5,0.11779999999999999,0.08201341353705503,5,0.6232,0.05269440197971699,5,0.038,0.010770329614269008,5,0.13340000000000002,0.09511729600866502,5,0.10900000000000001,0.07952043762455033,5,0.9924,0.0027018512172212444,5
KNN,KNN_n_neighbors=11_metric=cosine,fine_terpenic,0.6923999999999999,0.13834485895760634,5,0.2858,0.13514695705046414,5,0.2598,0.13026396278326557,5,0.8582000000000001,0.0843812775442515,5,0.215,0.04797395126524393,5,0.2714,0.15353110434045605,5,0.39720000000000005,0.2831028081810564,5,0.9878,0.007854934754662198,5
KNN,KNN_n_neighbors=11_metric=cosine,fine_tobacco,0.6234,0.10080823379069785,5,0.2232,0.15019221018415033,5,0.2012,0.1424612227941344,5,0.7654,0.03914460371494395,5,0.20540000000000003,0.09993147652266525,5,0.3258,0.393712077538904,5,0.2712,0.21840947781632558,5,0.976,0.020603397778036523,5
KNN,KNN_n_neighbors=11_metric=cosine,fine_tomato,0.672,0.0954908372567756,5,0.1748,0.10166464478863829,5,0.1502,0.08998166479900223,5,0.764,0.13403357788255899,5,0.127,0.10972921215428462,5,0.0978,0.06385687120427998,5,0.37720000000000004,0.20115093835227318,5,0.9666,0.025715753926338583,5
KNN,KNN_n_neighbors=11_metric=cosine,fine_tropical,0.6992,0.031156058800817513,5,0.3124,0.049399392708817796,5,0.3648,0.04615950606321519,5,0.7672000000000001,0.017253985046939143,5,0.27199999999999996,0.03520653348456791,5,0.29300000000000004,0.05939696961966998,5,0.5092,0.08639270802561982,5,0.889,0.04884158064600291,5
KNN,KNN_n_neighbors=11_metric=cosine,fine_vanilla,0.7276,0.03973411632338137,5,0.5542,0.09816669496321036,5,0.5496000000000001,0.09184116723996925,5,0.873,0.03719542982679461,5,0.513,0.08578169968005996,5,0.6908000000000001,0.14400416660638674,5,0.4598,0.0781229799738848,5,0.9952,0.0025884358211089383,5
KNN,KNN_n_neighbors=11_metric=cosine,fine_vegetable,0.6676,0.06671056887780227,5,0.323,0.04954795656734998,5,0.34340000000000004,0.05798534297561755,5,0.8071999999999999,0.033899852507053754,5,0.3028,0.08523614256874837,5,0.3804,0.12477700108593733,5,0.3854,0.17460326457429143,5,0.9498,0.043095243357010996,5
KNN,KNN_n_neighbors=11_metric=cosine,fine_vetiver,0.5934,0.0725417121386034,5,0.2512,0.16569610737733098,5,0.2162,0.14133541665131213,5,0.7654,0.08225144375632566,5,0.1848,0.05426969688509417,5,0.42000000000000004,0.37682887362833545,5,0.19039999999999999,0.1495336082624906,5,0.9968,0.0050695167422546384,5
KNN,KNN_n_neighbors=11_metric=cosine,fine_violet,0.7358,0.07059532562429328,5,0.4582,0.12458812142415501,5,0.4614,0.12653181418125642,5,0.8392,0.0561444565384687,5,0.3468,0.08491878472988175,5,0.4598,0.13226564179710465,5,0.47919999999999996,0.14146094867489048,5,0.9928000000000001,0.0016431676725155203,5
KNN,KNN_n_neighbors=11_metric=cosine,fine_warm,0.5182,0.029183899670880163,5,0.032600000000000004,0.05221398280154465,5,0.0508,0.05509264923744365,5,0.5708,0.04953988292275228,5,0.0316,0.009939818911831344,5,0.0458,0.050410316404482125,5,0.057800000000000004,0.06148333107436519,5,0.9785999999999999,0.011349008767288902,5
KNN,KNN_n_neighbors=11_metric=cosine,fine_waxy,0.7462,0.012872451204024828,5,0.4584,0.02686633581268573,5,0.513,0.024207436873820425,5,0.8632,0.010377861051295682,5,0.4638,0.026508489206290127,5,0.47680000000000006,0.051109685970469464,5,0.5606,0.037898548784880914,5,0.9318,0.017340703561274515,5
KNN,KNN_n_neighbors=11_metric=cosine,fine_weedy,0.5292,0.031822947695020344,5,0.020999999999999998,0.023140872930812267,5,0.022399999999999996,0.022277791632026724,5,0.5366,0.023818060374430138,5,0.0104,0.0024083189157584587,5,0.0126,0.012521980673998822,5,0.1058,0.10254852509909637,5,0.9526,0.04327585932133526,5
KNN,KNN_n_neighbors=11_metric=cosine,fine_winey,0.694,0.08798579430794497,5,0.3224,0.07025524891422705,5,0.3366,0.0718387082289207,5,0.8472,0.03282072515956949,5,0.2698,0.05817817460182124,5,0.3168,0.07306298652532621,5,0.4372,0.20694008794817884,5,0.951,0.03477067730142739,5
KNN,KNN_n_neighbors=11_metric=cosine,fine_woody,0.7596,0.03842915559832143,5,0.48440000000000005,0.03992868642968362,5,0.5554,0.03255456957172063,5,0.8433999999999999,0.01924318061028376,5,0.5568,0.03987104212332553,5,0.5174,0.04064849320700583,5,0.6102000000000001,0.09856825046636468,5,0.909,0.024869660230891755,5
KNN,KNN_n_neighbors=11_metric=euclidean,fine_alcoholic,0.8321999999999999,0.06171466600411931,5,0.5298,0.08317872324098274,5,0.5226,0.09023469399294268,5,0.914,0.042614551505325,5,0.532,0.06575712889109438,5,0.4404,0.11519678814967023,5,0.6852,0.1299988461487255,5,0.9792,0.01147606204235586,5
KNN,KNN_n_neighbors=11_metric=euclidean,fine_aldehydic,0.6614,0.06581261277293288,5,0.24159999999999998,0.06795807531117991,5,0.2542,0.061136732002945664,5,0.8082,0.0367110337637065,5,0.23900000000000002,0.07107390519733668,5,0.20659999999999998,0.05106172735033549,5,0.3654,0.14866842300905728,5,0.9568,0.02118253997989853,5
KNN,KNN_n_neighbors=11_metric=euclidean,fine_alliaceous,0.6984,0.07993935201138425,5,0.3794,0.06030588694315011,5,0.3686,0.0835062871884507,5,0.8972,0.04119101843848973,5,0.3996,0.054660772039919085,5,0.43220000000000003,0.17212989281353777,5,0.41880000000000006,0.18053863852372432,5,0.9782,0.02357328996979422,5
KNN,KNN_n_neighbors=11_metric=euclidean,fine_almond,0.5674,0.03613585477057377,5,0.2334,0.12538460830580442,5,0.2,0.1060117917969506,5,0.805,0.03861346915261559,5,0.193,0.09072761431890514,5,0.4524,0.26703052259994553,5,0.14020000000000002,0.0728265061636215,5,0.9954000000000001,0.00550454357780914,5
KNN,KNN_n_neighbors=11_metric=euclidean,fine_amber,0.6792,0.03474478378116633,5,0.3652,0.06423939601210459,5,0.377,0.06302777165662769,5,0.8336,0.029517791245281175,5,0.2508,0.042393395712068176,5,0.38580000000000003,0.0656711504391388,5,0.3712,0.06865274939869488,5,0.9878,0.003420526275297417,5
KNN,KNN_n_neighbors=11_metric=euclidean,fine_animal,0.6326,0.007503332592921649,5,0.3504,0.05341160922496154,5,0.34459999999999996,0.03591378565397973,5,0.7176,0.03005494967555265,5,0.1968,0.04431365478043985,5,0.49079999999999996,0.14022553262512502,5,0.2738,0.017669182210843817,5,0.9917999999999999,0.004969909455915643,5
KNN,KNN_n_neighbors=11_metric=euclidean,fine_anisic,0.6746000000000001,0.07177952354258137,5,0.42800000000000005,0.19001447313296954,5,0.42400000000000004,0.180076372686702,5,0.792,0.10590325774026027,5,0.3464,0.1882585987411996,5,0.5431999999999999,0.26155534787115325,5,0.3548,0.1411194529467855,5,0.9942,0.004086563348340495,5
KNN,KNN_n_neighbors=11_metric=euclidean,fine_apple,0.7702,0.06338532953294479,5,0.3966,0.06220369763928829,5,0.4196,0.04524157380109582,5,0.8798,0.02540078738937047,5,0.3896,0.05616760632250586,5,0.3202,0.03873241536491109,5,0.6302,0.14131418895496653,5,0.9103999999999999,0.023276597689524975,5
KNN,KNN_n_neighbors=11_metric=euclidean,fine_apricot,0.6582,0.11517464998861512,5,0.1508,0.09962278855763876,5,0.1328,0.08305540319569824,5,0.7333999999999999,0.08641354060562502,5,0.07139999999999999,0.023891421054428725,5,0.0846,0.05509355679206054,5,0.3792,0.2808339366956921,5,0.9373999999999999,0.06167090075554272,5
KNN,KNN_n_neighbors=11_metric=euclidean,fine_aromatic,0.5822,0.0831155821732604,5,0.06,0.07045920805686082,5,0.0534,0.056769710233539154,5,0.65,0.051361464153585105,5,0.0458,0.0204621601987669,5,0.0304,0.03291352305664041,5,0.2364,0.2233580085871111,5,0.9284000000000001,0.06256836261242578,5
KNN,KNN_n_neighbors=11_metric=euclidean,fine_balsamic,0.6998,0.030310064335134588,5,0.39,0.055249434386245064,5,0.41600000000000004,0.05111262075065219,5,0.8592000000000001,0.030202648890453366,5,0.4138,0.05531003525581951,5,0.43599999999999994,0.1478225287295546,5,0.44820000000000004,0.10018582734099668,5,0.9513999999999999,0.04247116668988502,5
KNN,KNN_n_neighbors=11_metric=euclidean,fine_banana,0.7026,0.08228487102742517,5,0.35340000000000005,0.09533782040722351,5,0.3588,0.09134385584153978,5,0.8460000000000001,0.04381780460041331,5,0.25860000000000005,0.08928773711994274,5,0.3404,0.11209504895400153,5,0.42960000000000004,0.17527492690056956,5,0.9757999999999999,0.014939879517586477,5
KNN,KNN_n_neighbors=11_metric=euclidean,fine_beefy,0.6106,0.10895549550160376,5,0.1646,0.15251163890011804,5,0.16,0.14693195704134618,5,0.8242,0.06705743806618326,5,0.1196,0.07879911167011973,5,0.13820000000000002,0.12291948584337636,5,0.2332,0.22353232428443093,5,0.9878,0.011322543883774527,5
KNN,KNN_n_neighbors=11_metric=euclidean,fine_bergamot,0.6422000000000001,0.16363740403709656,5,0.3164,0.24975648139738035,5,0.2864,0.24559987785013251,5,0.779,0.09666178148575577,5,0.2728,0.24956702506541203,5,0.4444,0.3685977482296928,5,0.2868,0.32771206874327957,5,0.9978,0.0017888543819998429,5
KNN,KNN_n_neighbors=11_metric=euclidean,fine_berry,0.6382,0.04013352713131509,5,0.1784,0.04745840283869654,5,0.19319999999999998,0.05108522291230607,5,0.7222,0.045096563061945226,5,0.133,0.018179658962697846,5,0.147,0.056511060864223736,5,0.37239999999999995,0.14604211721280952,5,0.9036,0.09192007397734185,5
KNN,KNN_n_neighbors=11_metric=euclidean,fine_bitter,0.5912,0.04676751008980488,5,0.2076,0.07280315927210851,5,0.1936,0.05864128238706927,5,0.6588,0.0783945151142604,5,0.1014,0.039323021247101554,5,0.2948,0.18848262519394196,5,0.192,0.10071742649611337,5,0.9902,0.009497368056467025,5
KNN,KNN_n_neighbors=11_metric=euclidean,fine_black currant,0.6848,0.03664969304100648,5,0.29900000000000004,0.10730563824888234,5,0.29359999999999997,0.11644011336305028,5,0.8583999999999999,0.060611880023638945,5,0.21200000000000002,0.09454099639838794,5,0.26080000000000003,0.14767430379046992,5,0.382,0.07167635593415726,5,0.9879999999999999,0.00644204936336259,5
KNN,KNN_n_neighbors=11_metric=euclidean,fine_brandy,0.6768,0.20686638199572205,5,0.1092,0.12153682569493085,5,0.0696,0.06686404115815915,5,0.7272000000000001,0.17723487241510907,5,0.0626,0.06915779059513108,5,0.0388,0.03684698088039236,5,0.4,0.4448572804844268,5,0.9536,0.03880463889794619,5
KNN,KNN_n_neighbors=11_metric=euclidean,fine_burnt,0.6826000000000001,0.06418177311355616,5,0.254,0.03794074327158074,5,0.2684,0.022589820716420024,5,0.7884,0.024265201420964944,5,0.2164,0.03887544211967241,5,0.2062,0.024953957601951647,5,0.4344,0.16071963165711897,5,0.9308,0.033588688572196435,5
KNN,KNN_n_neighbors=11_metric=euclidean,fine_buttery,0.6641999999999999,0.052959418425809784,5,0.3198,0.08591391039872415,5,0.337,0.08457245414436074,5,0.8398,0.037890632087628204,5,0.2226,0.07056769799277854,5,0.33399999999999996,0.08058225611137976,5,0.3492,0.10677406052033424,5,0.9794,0.006913754406977459,5
KNN,KNN_n_neighbors=11_metric=euclidean,fine_cabbage,0.6914,0.11406489381049716,5,0.1998,0.08121083671530542,5,0.1734,0.05981471390887028,5,0.7802,0.07639829841037037,5,0.0992,0.051770648054665115,5,0.11680000000000001,0.04326314829043305,5,0.413,0.2439139192420146,5,0.9702,0.017935997323817787,5
KNN,KNN_n_neighbors=11_metric=euclidean,fine_camphoreous,0.7154,0.06517131270735617,5,0.385,0.09645206063117574,5,0.3912,0.10232643842135813,5,0.8608,0.03889344417765033,5,0.3326,0.101544571494492,5,0.3762,0.12037940023110265,5,0.4566,0.14012779881236986,5,0.9747999999999999,0.021040437257813807,5
KNN,KNN_n_neighbors=11_metric=euclidean,fine_caramellic,0.6976,0.052156495281028996,5,0.42219999999999996,0.03506707857806236,5,0.43620000000000003,0.055224088946763075,5,0.8562,0.014855975228843079,5,0.4138,0.054485777960858725,5,0.4986,0.08666487177628546,5,0.4184,0.11635420061175274,5,0.9766,0.013277801022759774,5
KNN,KNN_n_neighbors=11_metric=euclidean,fine_cedar,0.6772,0.11602887571634918,5,0.27640000000000003,0.1071041549147371,5,0.2636,0.10191810437797595,5,0.8356,0.04380981625161193,5,0.26080000000000003,0.12212984893137305,5,0.2584,0.15627315828382043,5,0.37120000000000003,0.24876635624617735,5,0.9833999999999999,0.019320973060381826,5
KNN,KNN_n_neighbors=11_metric=euclidean,fine_celery,0.588,0.09175783345306274,5,0.1564,0.09981382669750719,5,0.131,0.09126335518706288,5,0.6548,0.10107769289017236,5,0.0972,0.058636166313973836,5,0.229,0.21784168563431563,5,0.1948,0.21916934092158055,5,0.9812,0.03759920211919396,5
KNN,KNN_n_neighbors=11_metric=euclidean,fine_chamomile,0.6852,0.10553056429300468,5,0.3346,0.12418856630141117,5,0.3246,0.11310083996151399,5,0.788,0.06870225614927067,5,0.2468,0.12310848874062259,5,0.3322,0.15723294820106884,5,0.37639999999999996,0.21504952917874526,5,0.9945999999999999,0.004560701700396582,5
KNN,KNN_n_neighbors=11_metric=euclidean,fine_cheesy,0.7596,0.034882660448996766,5,0.44800000000000006,0.056841885964489275,5,0.46580000000000005,0.05341067309068476,5,0.8560000000000001,0.030487702438852255,5,0.38380000000000003,0.10343210333353957,5,0.4056,0.055500450448622465,5,0.5513999999999999,0.06947517542259248,5,0.9682000000000001,0.006058052492344373,5
KNN,KNN_n_neighbors=11_metric=euclidean,fine_cherry,0.6306,0.07811721961257964,5,0.18280000000000002,0.072589255403262,5,0.186,0.05824517147369387,5,0.7796000000000001,0.038141840542899874,5,0.1288,0.0476571085988229,5,0.145,0.026343879744638976,5,0.2888,0.16891329136571817,5,0.9725999999999999,0.013483323032546544,5
KNN,KNN_n_neighbors=11_metric=euclidean,fine_chocolate,0.6834,0.07922625827337798,5,0.252,0.11507823425826451,5,0.23900000000000002,0.12002083152519816,5,0.7692,0.029123873368767452,5,0.1496,0.07818439742045724,5,0.2076,0.1566358835005568,5,0.40499999999999997,0.18613704628579447,5,0.962,0.04775458093209487,5
KNN,KNN_n_neighbors=11_metric=euclidean,fine_cinnamon,0.7402,0.0772379440430674,5,0.3816,0.10045546276833331,5,0.3794,0.09375926620873266,5,0.8230000000000001,0.05245474239761357,5,0.3064,0.09837326872682436,5,0.312,0.07241892017974308,5,0.49539999999999995,0.15616433651765693,5,0.9858,0.00277488738510231,5
KNN,KNN_n_neighbors=11_metric=euclidean,fine_citrus,0.7476,0.028174456516497387,5,0.42679999999999996,0.01976613265158362,5,0.46719999999999995,0.024943937139112585,5,0.8618,0.0223651514638287,5,0.3928,0.042996511486398506,5,0.4082,0.05985983628444034,5,0.5706,0.09925371529570062,5,0.925,0.044401576548586646,5
KNN,KNN_n_neighbors=11_metric=euclidean,fine_clean,0.5953999999999999,0.07165402989364934,5,0.1588,0.11178193056124948,5,0.1542,0.10064392679143636,5,0.6954,0.08059962779070386,5,0.0992,0.06449573629318453,5,0.1956,0.185052154810475,5,0.24180000000000001,0.17370434652017203,5,0.9490000000000001,0.06636264009214826,5
KNN,KNN_n_neighbors=11_metric=euclidean,fine_clove,0.6938,0.08204084348664385,5,0.3816,0.11798008306489699,5,0.37120000000000003,0.10777151757305826,5,0.8492000000000001,0.07192843665755569,5,0.2612,0.10908345429074018,5,0.41,0.20432816741702547,5,0.393,0.16723486478602484,5,0.9949999999999999,0.004301162633521339,5
KNN,KNN_n_neighbors=11_metric=euclidean,fine_cocoa,0.678,0.039943710393502495,5,0.369,0.06893837828089662,5,0.3782,0.06781740189656338,5,0.8208,0.05403424839858513,5,0.2742,0.05869582608669887,5,0.40800000000000003,0.1117094445425274,5,0.3712,0.08202255787281934,5,0.9852000000000001,0.007823042886243184,5
KNN,KNN_n_neighbors=11_metric=euclidean,fine_coconut,0.7178,0.09065153059932303,5,0.3688,0.10156377306894422,5,0.36960000000000004,0.09678481285821652,5,0.8193999999999999,0.02390188277102868,5,0.33680000000000004,0.15898490494383424,5,0.3378,0.10520076045352522,5,0.4532,0.18760517050443998,5,0.9826,0.010163660757817525,5
KNN,KNN_n_neighbors=11_metric=euclidean,fine_coffee,0.6886,0.07219626029095969,5,0.3706,0.035613199800074116,5,0.3492,0.03529447548838204,5,0.8859999999999999,0.01936491673103709,5,0.32599999999999996,0.04151505750929413,5,0.4572,0.2592367643680194,5,0.3974,0.1626231840790236,5,0.9798,0.018539147768977964,5
KNN,KNN_n_neighbors=11_metric=euclidean,fine_cognac,0.7372,0.12028798776270222,5,0.4042,0.14473838468077502,5,0.40360000000000007,0.14149664306972093,5,0.8678000000000001,0.049266621560646956,5,0.318,0.11903570892803554,5,0.3754,0.09426982550105838,5,0.4934,0.24592336204598372,5,0.9812,0.00931128347758783,5
KNN,KNN_n_neighbors=11_metric=euclidean,fine_cooked,0.6476,0.06280366231359437,5,0.1498,0.038777570836760776,5,0.1398,0.035765905552634904,5,0.698,0.03047950130825632,5,0.0742,0.024004166305039633,5,0.0954,0.03289832822500255,5,0.36920000000000003,0.16918540126145637,5,0.9259999999999999,0.047449973656473174,5
KNN,KNN_n_neighbors=11_metric=euclidean,fine_cooling,0.7402,0.07957512174040332,5,0.267,0.07311292635368932,5,0.2392,0.07494131037018235,5,0.8272,0.042363899726063976,5,0.164,0.04876986774638619,5,0.16599999999999998,0.0764591394144611,5,0.5349999999999999,0.18496215829190574,5,0.9460000000000001,0.03459046111285592,5
KNN,KNN_n_neighbors=11_metric=euclidean,fine_cortex,0.6308,0.0891106054294325,5,0.1022,0.06402889972504602,5,0.08399999999999999,0.05463057751845572,5,0.6384000000000001,0.08932133003935847,5,0.0392,0.03177577693778706,5,0.0602,0.05665421431808934,5,0.3594,0.2054964719891804,5,0.9024000000000001,0.049540892200282384,5
KNN,KNN_n_neighbors=11_metric=euclidean,fine_coumarinic,0.6237999999999999,0.09489309774688563,5,0.201,0.13688681455859802,5,0.20140000000000002,0.1311537265959302,5,0.7968,0.043700114416326145,5,0.15760000000000002,0.06480200614178547,5,0.1806,0.12718804975311163,5,0.2604,0.19499948717881288,5,0.9872,0.00892748564826628,5
KNN,KNN_n_neighbors=11_metric=euclidean,fine_creamy,0.6118,0.04606191485381387,5,0.23200000000000004,0.035756118357562254,5,0.22880000000000003,0.033862959114643244,5,0.7253999999999999,0.029913207785190795,5,0.1958,0.022664950915455343,5,0.34240000000000004,0.21858247871227007,5,0.2666,0.13610584116782057,5,0.9566000000000001,0.045014442126944075,5
KNN,KNN_n_neighbors=11_metric=euclidean,fine_cucumber,0.7572,0.10676235291524817,5,0.4572,0.16855770525253355,5,0.437,0.1746840004121728,5,0.8754,0.05475216890681136,5,0.35,0.13217791040866095,5,0.46180000000000004,0.26408275218196287,5,0.5234,0.2158107967642027,5,0.9907999999999999,0.00864291617453278,5
KNN,KNN_n_neighbors=11_metric=euclidean,fine_dairy,0.6033999999999999,0.0866215908420066,5,0.22760000000000002,0.14616018609730902,5,0.22519999999999998,0.15468419440912506,5,0.7891999999999999,0.07801730577250154,5,0.207,0.13952598324326548,5,0.3048,0.1389053634673622,5,0.2234,0.18022430468724246,5,0.9836,0.019819182626940008,5
KNN,KNN_n_neighbors=11_metric=euclidean,fine_dry,0.57,0.023780243901188186,5,0.1366,0.037567272991261946,5,0.1608,0.0348883934855132,5,0.6752,0.06988347444138711,5,0.0988,0.028621670111997316,5,0.1698,0.06124295877894863,5,0.174,0.06489607075933027,5,0.9658,0.021924871721403522,5
KNN,KNN_n_neighbors=11_metric=euclidean,fine_earthy,0.6676,0.05063891783993809,5,0.25220000000000004,0.03491704454847232,5,0.296,0.02755902755904134,5,0.7184,0.062247891530557126,5,0.21259999999999998,0.029602364770403043,5,0.2372,0.035597752738059193,5,0.4436,0.14830812519885753,5,0.8922000000000001,0.05238988451981925,5
KNN,KNN_n_neighbors=11_metric=euclidean,fine_ethereal,0.7454,0.043781274536038854,5,0.4932,0.05694471002648094,5,0.509,0.050184659010498414,5,0.8798,0.03220558957696632,5,0.5168,0.07164984298656907,5,0.549,0.17456374193972812,5,0.5258,0.11429216946055405,5,0.9652,0.02960067566796405,5
KNN,KNN_n_neighbors=11_metric=euclidean,fine_fatty,0.7588,0.01570668647423767,5,0.47919999999999996,0.016177144370994528,5,0.544,0.013619838471876242,5,0.8363999999999999,0.011567194992737038,5,0.492,0.028301943396169826,5,0.5012000000000001,0.035095583767762006,5,0.5998,0.04290920647133899,5,0.9174,0.014791889669680433,5
KNN,KNN_n_neighbors=11_metric=euclidean,fine_fermented,0.6666000000000001,0.047626673198954375,5,0.3972,0.048545854611902764,5,0.3902,0.048246243377075476,5,0.8141999999999999,0.05298773442977158,5,0.3482,0.06037549171642415,5,0.5224,0.14234043698120363,5,0.3452,0.10661003705092689,5,0.9879999999999999,0.01230853362509117,5
KNN,KNN_n_neighbors=11_metric=euclidean,fine_fishy,0.6526,0.0662102711065285,5,0.3866,0.11653025358249246,5,0.378,0.11962650208043366,5,0.8004,0.04638210861959598,5,0.3244,0.1412278301185712,5,0.5114,0.12853909910995953,5,0.31,0.13234991499808377,5,0.9954000000000001,0.0015165750888103083,5
KNN,KNN_n_neighbors=11_metric=euclidean,fine_floral,0.7466,0.01293445012360401,5,0.43899999999999995,0.02007485989988474,5,0.5738,0.012969194269498725,5,0.8314,0.015630099167951595,5,0.5454000000000001,0.02954318872430665,5,0.485,0.03779550237792851,5,0.712,0.07228761996358711,5,0.7807999999999999,0.0570718844966591,5
KNN,KNN_n_neighbors=11_metric=euclidean,fine_fresh,0.6646,0.02696850014368613,5,0.2374,0.04192016221342661,5,0.3248,0.0375393127267935,5,0.727,0.024849547279578377,5,0.2298,0.015270887335056856,5,0.23700000000000002,0.04469339996017309,5,0.5542,0.1128702795247713,5,0.7748,0.09186239709478518,5
KNN,KNN_n_neighbors=11_metric=euclidean,fine_fruit skin,0.5422,0.028586710198971816,5,0.0816,0.05376151039544927,5,0.0866,0.05326631205555722,5,0.6546000000000001,0.057160300908935084,5,0.05960000000000001,0.04721546356862337,5,0.09440000000000001,0.07202638405473373,5,0.09519999999999999,0.06522806144597583,5,0.9896,0.010761040841851716,5
KNN,KNN_n_neighbors=11_metric=euclidean,fine_fruity,0.7572,0.015546703830716043,5,0.5086,0.03245458365162005,5,0.702,0.020940391591371874,5,0.8362,0.009782637681116499,5,0.752,0.014832396974191352,5,0.6786,0.03541609803465086,5,0.729,0.034799425282610666,5,0.7849999999999999,0.038360135557633256,5
KNN,KNN_n_neighbors=11_metric=euclidean,fine_garlic,0.7764,0.0851428211888706,5,0.516,0.11181010687768796,5,0.5227999999999999,0.11109320411258289,5,0.9269999999999999,0.04573292030911649,5,0.5038,0.08532994784950942,5,0.499,0.06271762112835592,5,0.567,0.17286121600868137,5,0.9862,0.003898717737923566,5
KNN,KNN_n_neighbors=11_metric=euclidean,fine_gassy,0.655,0.1031091654509918,5,0.19119999999999998,0.07610321937999733,5,0.1746,0.07857671410793404,5,0.799,0.1654750736515926,5,0.13740000000000002,0.09528536089032774,5,0.1484,0.08379916467364099,5,0.32999999999999996,0.22488886144049022,5,0.9802,0.02248777445635741,5
KNN,KNN_n_neighbors=11_metric=euclidean,fine_geranium,0.5804,0.05006296035993078,5,0.1738,0.12139481043273637,5,0.17880000000000001,0.11718660332990284,5,0.7902,0.05880221084279059,5,0.125,0.03497141690009143,5,0.2048,0.16111083141738175,5,0.1698,0.10166710382419675,5,0.9914,0.006107372593840987,5
KNN,KNN_n_neighbors=11_metric=euclidean,fine_grape,0.6386000000000001,0.046923341739479714,5,0.3428,0.12813157300212935,5,0.3166,0.10295290185322609,5,0.772,0.04905609034564414,5,0.30060000000000003,0.04753735373366928,5,0.5086,0.35590279571815675,5,0.28819999999999996,0.10004099159844428,5,0.9888,0.013553597308463916,5
KNN,KNN_n_neighbors=11_metric=euclidean,fine_grapefruit,0.6932,0.05187195774211728,5,0.3096,0.08206887351487163,5,0.31,0.08174655956063227,5,0.7948000000000001,0.06091551526499635,5,0.2142,0.04040668261562684,5,0.26539999999999997,0.10349541052626443,5,0.4058,0.10350217389021353,5,0.9810000000000001,0.00800000000000003,5
KNN,KNN_n_neighbors=11_metric=euclidean,fine_grassy,0.6155999999999999,0.05390083487294053,5,0.0716,0.028823601440486235,5,0.0588,0.013349157276772192,5,0.6182,0.05240896869811502,5,0.0328,0.021879213879844952,5,0.032,0.007280109889280519,5,0.3774,0.12108385524090318,5,0.8538,0.014166862743741085,5
KNN,KNN_n_neighbors=11_metric=euclidean,fine_green,0.7136,0.036732819113158184,5,0.3966,0.06642514584101414,5,0.5912,0.04611073627692361,5,0.7932,0.029752310834622542,5,0.6136,0.04577990825678886,5,0.5012000000000001,0.05568392945904592,5,0.7354,0.09704792630448118,5,0.6914,0.09261101446372344,5
KNN,KNN_n_neighbors=11_metric=euclidean,fine_hawthorn,0.5984,0.13046570430576768,5,0.1062,0.11348436015592633,5,0.093,0.08893536979177633,5,0.7686,0.16376904469404469,5,0.11580000000000001,0.1277524950832664,5,0.0706,0.06666558332453111,5,0.21280000000000002,0.27954731263240573,5,0.9846,0.018928814014618045,5
KNN,KNN_n_neighbors=11_metric=euclidean,fine_hay,0.583,0.059527304659290584,5,0.12079999999999999,0.07863014689036261,5,0.131,0.07038110541899721,5,0.6788000000000001,0.060956541896666036,5,0.0534,0.022700220263248548,5,0.10200000000000001,0.052773099207835045,5,0.19340000000000002,0.11788256868595968,5,0.9732,0.011882760622010375,5
KNN,KNN_n_neighbors=11_metric=euclidean,fine_hazelnut,0.6944,0.07308419801844994,5,0.34080000000000005,0.10241435446264358,5,0.3366,0.11399254361579972,5,0.8385999999999999,0.06366553227610683,5,0.29000000000000004,0.1093503543661382,5,0.3226,0.09668660713873457,5,0.3996,0.1498375787311047,5,0.9896,0.007266360849833967,5
KNN,KNN_n_neighbors=11_metric=euclidean,fine_herbal,0.6536,0.022400892839349006,5,0.2922,0.025351528553521182,5,0.4,0.020248456731316575,5,0.73,0.02268259244442754,5,0.3322,0.017796066981218082,5,0.3868,0.0743619526370845,5,0.4466,0.10543386552716351,5,0.8608,0.06621706728631216,5
KNN,KNN_n_neighbors=11_metric=euclidean,fine_honey,0.6544,0.10043057303431066,5,0.26159999999999994,0.06588474785563042,5,0.2616,0.061524791750968165,5,0.8039999999999999,0.02748636025376945,5,0.2484,0.07542413406861227,5,0.2812,0.08665852525862645,5,0.3458,0.23712591591810459,5,0.9628,0.03833014479492608,5
KNN,KNN_n_neighbors=11_metric=euclidean,fine_hyacinth,0.5806,0.06632721914870247,5,0.1512,0.10275553513071693,5,0.1252,0.08272665833937692,5,0.787,0.06401952827067692,5,0.1216,0.0477681902525101,5,0.273,0.4109647186803266,5,0.1748,0.14288351899361942,5,0.9872,0.011840608092492527,5
KNN,KNN_n_neighbors=11_metric=euclidean,fine_jasmin,0.6768000000000001,0.04337856613582334,5,0.2926,0.07165402989364937,5,0.2986,0.07663745820419673,5,0.8018000000000001,0.041008535696852165,5,0.2914,0.09689840039959381,5,0.2662,0.09684885130965673,5,0.37960000000000005,0.0931895916934933,5,0.9742,0.015319921670818075,5
KNN,KNN_n_neighbors=11_metric=euclidean,fine_juicy,0.5272,0.04585520690172489,5,0.020999999999999998,0.031804087787578504,5,0.026000000000000002,0.02746816338964074,5,0.6003999999999999,0.08071740828346756,5,0.0238,0.019524343778985247,5,0.018,0.021988633427296022,5,0.10200000000000001,0.13674611511849252,5,0.9526,0.0514859204054856,5
KNN,KNN_n_neighbors=11_metric=euclidean,fine_ketonic,0.6801999999999999,0.0697581536452908,5,0.3608,0.08604766121167967,5,0.339,0.08864818103040807,5,0.8827999999999999,0.061540230743798774,5,0.2922,0.05310084745086467,5,0.4276,0.22603274099121123,5,0.368,0.14466340242093023,5,0.9926,0.006877499545619719,5
KNN,KNN_n_neighbors=11_metric=euclidean,fine_lactonic,0.7398,0.10493188266680441,5,0.32480000000000003,0.10975290428959046,5,0.3108,0.0938706556917549,5,0.8211999999999999,0.08128468490435331,5,0.21600000000000003,0.07813769896791178,5,0.2314,0.06364982325191486,5,0.501,0.2130797972591489,5,0.9782,0.007496665925596532,5
KNN,KNN_n_neighbors=11_metric=euclidean,fine_lavender,0.6772,0.11544132708869906,5,0.3094,0.12221824741011467,5,0.2932,0.11404692016884979,5,0.7112,0.15812400197313498,5,0.20860000000000004,0.11927405417776324,5,0.3166,0.14237029184489297,5,0.3606,0.23378579939765376,5,0.994,0.0035355339059327737,5
KNN,KNN_n_neighbors=11_metric=euclidean,fine_leafy,0.6018,0.057893868414539355,5,0.1722,0.04226937425607339,5,0.18580000000000002,0.03377425054682932,5,0.658,0.046373483802707775,5,0.088,0.01394632568098135,5,0.18560000000000001,0.055716245386781056,5,0.23760000000000003,0.13327903060871954,5,0.9658,0.022015903342811102,5
KNN,KNN_n_neighbors=11_metric=euclidean,fine_leathery,0.6098,0.03480948146697968,5,0.1996,0.0696584524663016,5,0.20099999999999998,0.06732013071882735,5,0.6604,0.07644802155713383,5,0.15560000000000002,0.0828148537401353,5,0.2064,0.12303373521112004,5,0.233,0.07214568594171103,5,0.9868,0.007918333157931695,5
KNN,KNN_n_neighbors=11_metric=euclidean,fine_lemon,0.7051999999999999,0.05145580628072986,5,0.282,0.0881362581461228,5,0.2774,0.08663890581026516,5,0.7988,0.058661742217564615,5,0.1366,0.07427852987236622,5,0.20460000000000003,0.07564258060114025,5,0.4412,0.0988594962560502,5,0.9696,0.009370165420098,5
KNN,KNN_n_neighbors=11_metric=euclidean,fine_lily,0.6295999999999999,0.07318674743421791,5,0.24559999999999998,0.10401105710452135,5,0.24180000000000001,0.10339584130901978,5,0.7342000000000001,0.04914977110831746,5,0.12940000000000002,0.08006747154743929,5,0.2738,0.15461953304805962,5,0.2726,0.15292089458278746,5,0.9868,0.00887130204648675,5
KNN,KNN_n_neighbors=11_metric=euclidean,fine_malty,0.7392,0.10417149322151431,5,0.3296,0.19796666386035808,5,0.2494,0.19893793001838536,5,0.826,0.058111960903070546,5,0.391,0.05680228868628448,5,0.441,0.5105722279952172,5,0.5092,0.23398546963433434,5,0.9692000000000001,0.028787149911028036,5
KNN,KNN_n_neighbors=11_metric=euclidean,fine_meaty,0.7944,0.028032124428947567,5,0.496,0.024269322199023217,5,0.5206,0.026931394319641137,5,0.8994,0.02183575050232988,5,0.45519999999999994,0.03876467464070866,5,0.4438,0.04975640662266519,5,0.6426000000000001,0.07147237228468073,5,0.9468,0.01751285242329184,5
KNN,KNN_n_neighbors=11_metric=euclidean,fine_medicinal,0.6638,0.08754541678466099,5,0.3132,0.035095583767762,5,0.2974,0.041776787813330045,5,0.8103999999999999,0.0740358021500409,5,0.209,0.025149552679918582,5,0.3612,0.1300872783941612,5,0.3404,0.18681220516872019,5,0.9878,0.01190378091196237,5
KNN,KNN_n_neighbors=11_metric=euclidean,fine_melon,0.6799999999999999,0.043017438324474855,5,0.327,0.04238513890504548,5,0.333,0.04597281805589038,5,0.8022,0.017991664736760716,5,0.2638,0.02824358334206196,5,0.33799999999999997,0.13328540805354502,5,0.3868,0.10074323798647727,5,0.9732,0.018281137820168655,5
KNN,KNN_n_neighbors=11_metric=euclidean,fine_metallic,0.5686,0.06528629258887352,5,0.14020000000000002,0.10127043003759785,5,0.148,0.10115582039606026,5,0.7060000000000001,0.09171968163922073,5,0.09659999999999999,0.059529824457997524,5,0.1854,0.10353405236925677,5,0.15460000000000002,0.14328747328360564,5,0.9826,0.014993331851193064,5
KNN,KNN_n_neighbors=11_metric=euclidean,fine_milky,0.6076,0.055455387474978496,5,0.146,0.03492849839314597,5,0.1386,0.0513156896085398,5,0.6954,0.0303611593981521,5,0.0988,0.0290637230925427,5,0.154,0.10683398335735686,5,0.2598,0.15169113355763417,5,0.9558,0.048478861372767405,5
KNN,KNN_n_neighbors=11_metric=euclidean,fine_mint,0.7104,0.0262164070764855,5,0.3798,0.029089517012147185,5,0.4056,0.026782456944798753,5,0.8528,0.029701851794122214,5,0.3696,0.05977708591090735,5,0.3734,0.061998387075794165,5,0.45920000000000005,0.0627670295617054,5,0.9613999999999999,0.014064138793399359,5
KNN,KNN_n_neighbors=11_metric=euclidean,fine_muguet,0.58,0.04389760813529594,5,0.152,0.1164624402972907,5,0.1592,0.11521154456043022,5,0.7534,0.08275445607337407,5,0.10300000000000001,0.05979966555090421,5,0.1602,0.14690370995995983,5,0.1746,0.08270006045947005,5,0.9862,0.006260990336999427,5
KNN,KNN_n_neighbors=11_metric=euclidean,fine_mushroom,0.6578,0.06740326401592132,5,0.2326,0.08209933008252869,5,0.2286,0.08928213707119695,5,0.7974,0.08564636594742357,5,0.209,0.06083995397762888,5,0.2118,0.09772256648287539,5,0.3604,0.15087179988321212,5,0.9554,0.04801874633932042,5
KNN,KNN_n_neighbors=11_metric=euclidean,fine_musk,0.7876,0.047395147430934335,5,0.6357999999999999,0.09400638276202314,5,0.638,0.09341306118525394,5,0.8534,0.033306155587218396,5,0.5664,0.10677921145990918,5,0.7134,0.1039341137451992,5,0.58,0.09418333185866812,5,0.9954000000000001,0.0018165902124584762,5
KNN,KNN_n_neighbors=11_metric=euclidean,fine_musty,0.617,0.015362291495737236,5,0.1586,0.043969307476920766,5,0.1914,0.042629801782321265,5,0.6900000000000001,0.021424285285628526,5,0.11059999999999999,0.034904154480519936,5,0.14100000000000001,0.05406015168310205,5,0.32799999999999996,0.03822302970723279,5,0.906,0.03342154993413678,5
KNN,KNN_n_neighbors=11_metric=euclidean,fine_natural,0.6042,0.08128776045629499,5,0.08299999999999999,0.04575478117093338,5,0.0758,0.022376326776305352,5,0.6155999999999999,0.06822243032903473,5,0.0326,0.01680178561939177,5,0.0494,0.009370165420097986,5,0.2974,0.22440209446437884,5,0.9112,0.06307297360993849,5
KNN,KNN_n_neighbors=11_metric=euclidean,fine_nutty,0.6961999999999999,0.030995160912632803,5,0.4242,0.02502398849104596,5,0.4586,0.03444270604932196,5,0.8208,0.020079840636817784,5,0.40540000000000004,0.03730013404801652,5,0.509,0.037940743271580736,5,0.42560000000000003,0.07172726120520707,5,0.9666,0.009528903399657259,5
KNN,KNN_n_neighbors=11_metric=euclidean,fine_odorless,0.8821999999999999,0.02927797807226449,5,0.6836,0.13161800788645905,5,0.6839999999999999,0.14171273760675154,5,0.9039999999999999,0.030008332176247307,5,0.7213999999999999,0.08105738707853836,5,0.6374000000000001,0.2186568087208811,5,0.79,0.06274950199005566,5,0.9743999999999999,0.0246434575496216,5
KNN,KNN_n_neighbors=11_metric=euclidean,fine_oily,0.6884,0.029254059547351673,5,0.3274,0.012340988615179915,5,0.3802,0.010232301793829187,5,0.7936,0.018928814014618007,5,0.3202,0.021718655575334308,5,0.335,0.034554305086342,5,0.4548,0.07785370896752447,5,0.9225999999999999,0.01974335331193761,5
KNN,KNN_n_neighbors=11_metric=euclidean,fine_onion,0.767,0.06019551478307999,5,0.525,0.03975550276376846,5,0.5322,0.04023307097401343,5,0.9208000000000001,0.012235195135346212,5,0.558,0.07595722480449112,5,0.55,0.11213161909113774,5,0.5546,0.13384431254259554,5,0.9800000000000001,0.014713938969562202,5
KNN,KNN_n_neighbors=11_metric=euclidean,fine_orange,0.6588,0.07903606771594848,5,0.2082,0.07445602729128112,5,0.20099999999999998,0.07717512552629895,5,0.8426,0.02110213259365037,5,0.1792,0.046515588784836435,5,0.1678,0.039047407084209826,5,0.3566,0.1778223832929927,5,0.961,0.022792542640082993,5
KNN,KNN_n_neighbors=11_metric=euclidean,fine_orangeflower,0.8173999999999999,0.05211813503954261,5,0.3884,0.10826495277789579,5,0.3494,0.12794842711030097,5,0.8455999999999999,0.054715628480352906,5,0.23500000000000001,0.13946863446667856,5,0.2532,0.11554522923946277,5,0.6517999999999999,0.10694952080304054,5,0.983,0.011747340124470734,5
KNN,KNN_n_neighbors=11_metric=euclidean,fine_orris,0.6117999999999999,0.052992452292755815,5,0.2234,0.11845589896666185,5,0.2246,0.11326429269633038,5,0.7514,0.09350026737929683,5,0.16319999999999998,0.08786182333641841,5,0.24860000000000002,0.17253782194058206,5,0.2358,0.10413788935829264,5,0.9879999999999999,0.008000000000000005,5
KNN,KNN_n_neighbors=11_metric=euclidean,fine_ozone,0.6826000000000001,0.10449545444659301,5,0.1738,0.09248891825510773,5,0.10700000000000001,0.05393051084497532,5,0.6974,0.08462741872466628,5,0.0944,0.050312026395286445,5,0.2404,0.4253290490902309,5,0.4232,0.23409015357336155,5,0.9423999999999999,0.034180403742495515,5
KNN,KNN_n_neighbors=11_metric=euclidean,fine_peach,0.5820000000000001,0.06092618484691125,5,0.16,0.11538847429444589,5,0.1724,0.1168772860738989,5,0.7814,0.05215170179390122,5,0.16160000000000002,0.02629258450590203,5,0.1716,0.11313841080729391,5,0.1766,0.12567139690478496,5,0.9875999999999999,0.005856620185738531,5
KNN,KNN_n_neighbors=11_metric=euclidean,fine_pear,0.6946,0.0901737212274175,5,0.3564,0.0558730704364813,5,0.3538,0.06911729161360418,5,0.8638,0.046105314227320914,5,0.2732,0.045212830037501525,5,0.3786,0.08617018045704673,5,0.41200000000000003,0.19692511266976592,5,0.9773999999999999,0.017271363582531656,5
KNN,KNN_n_neighbors=11_metric=euclidean,fine_phenolic,0.6988000000000001,0.04513535199818434,5,0.47379999999999994,0.08469769772549902,5,0.47939999999999994,0.08487814795340436,5,0.8603999999999999,0.03908708226511672,5,0.4404,0.10711115721529664,5,0.5890000000000001,0.08945948803788221,5,0.40800000000000003,0.08948184173339307,5,0.9896,0.0030495901363953573,5
KNN,KNN_n_neighbors=11_metric=euclidean,fine_pine,0.7529999999999999,0.08901966074974675,5,0.46699999999999997,0.10933663612897551,5,0.4668,0.10526727886670201,5,0.8884000000000001,0.09032884367686768,5,0.368,0.12240506525466993,5,0.4514,0.10606271729500424,5,0.5154,0.1802145943035691,5,0.9906,0.0032863353450310107,5
KNN,KNN_n_neighbors=11_metric=euclidean,fine_pineapple,0.6738,0.06081693843001306,5,0.31920000000000004,0.030646370095004694,5,0.32999999999999996,0.027175356483402396,5,0.853,0.030765240125830276,5,0.31320000000000003,0.07020113959188981,5,0.3516,0.1292625235712192,5,0.3856,0.14445518336148414,5,0.9618,0.024570307283385783,5
KNN,KNN_n_neighbors=11_metric=euclidean,fine_plum,0.5664,0.04374128484624106,5,0.09759999999999999,0.06413111569277428,5,0.10600000000000001,0.0618991114637359,5,0.6934,0.01786896751354142,5,0.0758,0.03067083305031019,5,0.0824,0.04755312818311746,5,0.1506,0.09196086123998623,5,0.9822,0.005540758070878022,5
KNN,KNN_n_neighbors=11_metric=euclidean,fine_popcorn,0.6944,0.13915746476563884,5,0.41580000000000006,0.2194976081874242,5,0.393,0.21463224361684338,5,0.8800000000000001,0.03824264635194592,5,0.4426,0.20495194558725222,5,0.5096,0.32491891296137254,5,0.393,0.2788323869280611,5,0.9962,0.003701351104664354,5
KNN,KNN_n_neighbors=11_metric=euclidean,fine_potato,0.6965999999999999,0.11170631137048614,5,0.2516,0.10265135167156837,5,0.22400000000000003,0.10290529626797641,5,0.8046,0.059685006492418174,5,0.16560000000000002,0.07562605371166739,5,0.2166,0.17544030323731205,5,0.4202,0.23943308042123168,5,0.9732,0.023931151246858136,5
KNN,KNN_n_neighbors=11_metric=euclidean,fine_powdery,0.62,0.07692528842974848,5,0.1988,0.058117983447466603,5,0.2144,0.05033189843429315,5,0.7674000000000001,0.039240285421999734,5,0.1724,0.05502999182264159,5,0.207,0.034183329270274426,5,0.2786,0.1807119254504251,5,0.9616,0.02705180215808177,5
KNN,KNN_n_neighbors=11_metric=euclidean,fine_pungent,0.6448,0.04543897005875021,5,0.28280000000000005,0.05047474616082778,5,0.2976,0.05062904304843219,5,0.8106,0.025754611237601668,5,0.3164,0.020255863348670196,5,0.331,0.132143861000048,5,0.328,0.12038479970494614,5,0.962,0.03357826678076161,5
KNN,KNN_n_neighbors=11_metric=euclidean,fine_radish,0.6584,0.05887953804166606,5,0.5124000000000001,0.13455965219931273,5,0.4566,0.14220337548736317,5,0.7754,0.05452797447182503,5,0.34340000000000004,0.11352664885391447,5,0.85,0.14897818632269624,5,0.3176,0.11717636280410823,5,0.9994,0.0005477225575051797,5
KNN,KNN_n_neighbors=11_metric=euclidean,fine_raspberry,0.524,0.04054626986542659,5,0.024999999999999998,0.04339930875025545,5,0.030000000000000006,0.04146685423323067,5,0.6218,0.06729561649914503,5,0.0318,0.018780308836651223,5,0.021799999999999996,0.032049960998416206,5,0.06999999999999999,0.10954451150103323,5,0.9785999999999999,0.03072946468782036,5
KNN,KNN_n_neighbors=11_metric=euclidean,fine_ripe,0.605,0.08189627586160436,5,0.1256,0.10456959405104335,5,0.1292,0.09336594668293147,5,0.6898,0.04407039822828923,5,0.05940000000000001,0.02610172408098745,5,0.0886,0.06511758595034065,5,0.2484,0.1703593261315623,5,0.9616,0.01950128200913977,5
KNN,KNN_n_neighbors=11_metric=euclidean,fine_roasted,0.7864,0.07661788303000812,5,0.479,0.048698049242243795,5,0.4988,0.03723842101915709,5,0.9064,0.02767309162345257,5,0.44480000000000003,0.03688766731578454,5,0.4366,0.06389679178174755,5,0.6302,0.18104612671913198,5,0.9423999999999999,0.029364945087638056,5
KNN,KNN_n_neighbors=11_metric=euclidean,fine_rose,0.7332,0.05285546329377881,5,0.39859999999999995,0.02455198566307824,5,0.4272,0.01847159982243012,5,0.8496,0.040128543457244994,5,0.3932,0.04462846625193386,5,0.3934,0.11770004248087591,5,0.5354,0.13942668324248414,5,0.931,0.03539774004085569,5
KNN,KNN_n_neighbors=11_metric=euclidean,fine_rummy,0.5964,0.06163846201845072,5,0.2254,0.06962973502750101,5,0.21960000000000002,0.08585045136747974,5,0.7378,0.05277973095801078,5,0.1516,0.07266911310866538,5,0.3174,0.10723712043877344,5,0.202,0.1285359871786886,5,0.991,0.005291502622129207,5
KNN,KNN_n_neighbors=11_metric=euclidean,fine_sandalwood,0.719,0.11562222969654233,5,0.5254,0.26898011078888334,5,0.5134000000000001,0.25776403938486064,5,0.8646,0.0897234640436937,5,0.44239999999999996,0.2536460131758432,5,0.6484,0.36173235962517925,5,0.4412,0.2296632317111296,5,0.9978,0.0022803508501982555,5
KNN,KNN_n_neighbors=11_metric=euclidean,fine_savory,0.6597999999999999,0.068386402157154,5,0.2524,0.0634531323103911,5,0.2634,0.05307353389402291,5,0.8141999999999999,0.02862167011199727,5,0.16060000000000002,0.016697305171793443,5,0.2246,0.042682549127248705,5,0.3518,0.1488731003237321,5,0.9672000000000001,0.013700364958642543,5
KNN,KNN_n_neighbors=11_metric=euclidean,fine_sharp,0.5970000000000001,0.07084842976382753,5,0.15940000000000001,0.09222689412530383,5,0.16960000000000003,0.08888644441083239,5,0.7436,0.06588854225128979,5,0.098,0.03871046370169183,5,0.158,0.07858116822750855,5,0.22039999999999998,0.15620915466130658,5,0.9746,0.01906043021550145,5
KNN,KNN_n_neighbors=11_metric=euclidean,fine_smoky,0.6868000000000001,0.11427248137675138,5,0.3294,0.08923452246748452,5,0.29779999999999995,0.09789126620899334,5,0.8654,0.026292584505902047,5,0.2964,0.0956206044741404,5,0.39080000000000004,0.2237659491522336,5,0.3896,0.2385546059081652,5,0.9846,0.014926486525636216,5
KNN,KNN_n_neighbors=11_metric=euclidean,fine_soapy,0.5551999999999999,0.08123853765301295,5,0.0508,0.08249060552572032,5,0.047599999999999996,0.07348673349659789,5,0.7156,0.08729432971275967,5,0.05820000000000001,0.031956220051814636,5,0.0308,0.05000699951006859,5,0.135,0.18674849396983098,5,0.9756,0.030319960422137714,5
KNN,KNN_n_neighbors=11_metric=euclidean,fine_solvent,0.6288,0.07727354010267676,5,0.23879999999999998,0.1372322848312306,5,0.2424,0.1326359679724923,5,0.852,0.08030255288594505,5,0.2164,0.09691903837740035,5,0.24020000000000002,0.15364634717428202,5,0.269,0.15623219898599647,5,0.9890000000000001,0.006519202405202669,5
KNN,KNN_n_neighbors=11_metric=euclidean,fine_sour,0.6766,0.04896733605169878,5,0.3492,0.0932239239680459,5,0.3518,0.09470322064217247,5,0.7218,0.031059620087824657,5,0.2562,0.08278103647575333,5,0.368,0.13291726750125435,5,0.364,0.10066280345788112,5,0.9894000000000001,0.007436396977031265,5
KNN,KNN_n_neighbors=11_metric=euclidean,fine_spicy,0.679,0.04168333000133266,5,0.31779999999999997,0.03941065845681851,5,0.3826,0.03938019806958822,5,0.7768,0.015642889758609148,5,0.31379999999999997,0.04117887808088025,5,0.3436,0.00981325634027767,5,0.44580000000000003,0.10585461728238406,5,0.9122,0.023742367194532224,5
KNN,KNN_n_neighbors=11_metric=euclidean,fine_strawberry,0.595,0.055583270864532616,5,0.0954,0.04663475099107961,5,0.08959999999999999,0.048931584891560576,5,0.6784,0.053115910987198554,5,0.05740000000000001,0.0200074985942771,5,0.066,0.05041825066382212,5,0.2486,0.15924760594746787,5,0.9418,0.058117983447466555,5
KNN,KNN_n_neighbors=11_metric=euclidean,fine_sulfurous,0.8746,0.027978563222581666,5,0.6774,0.03348581789355007,5,0.6990000000000001,0.03035621847332109,5,0.9645999999999999,0.011928956366757289,5,0.694,0.04668511540094979,5,0.6344,0.07820358048069151,5,0.791,0.0655972560401729,5,0.9581999999999999,0.013935566009315902,5
KNN,KNN_n_neighbors=11_metric=euclidean,fine_sweaty,0.6342000000000001,0.09190865030017577,5,0.2116,0.15312674488801753,5,0.2104,0.1499909997299838,5,0.7100000000000001,0.11442246282963847,5,0.10900000000000001,0.08497940927071687,5,0.1768,0.13803151813987993,5,0.27759999999999996,0.18422350555778705,5,0.9907999999999999,0.0044944410108488635,5
KNN,KNN_n_neighbors=11_metric=euclidean,fine_sweet,0.6576000000000001,0.02519523764523767,5,0.28959999999999997,0.042051159318144855,5,0.532,0.022494443758404006,5,0.7252,0.020885401600160804,5,0.4894,0.022244100341438866,5,0.40679999999999994,0.03477355316903925,5,0.7786,0.05410452846111869,5,0.5367999999999999,0.0913192203208065,5
KNN,KNN_n_neighbors=11_metric=euclidean,fine_tea,0.5496000000000001,0.05967243919934896,5,0.098,0.11867392299911554,5,0.10540000000000001,0.11796101050770971,5,0.633,0.06966347680097515,5,0.04240000000000001,0.02500599928017275,5,0.10859999999999999,0.12397499747933048,5,0.1078,0.12059104444360699,5,0.9916,0.004159326868617108,5
KNN,KNN_n_neighbors=11_metric=euclidean,fine_terpenic,0.6890000000000001,0.12309549138778396,5,0.24779999999999996,0.08012303039700883,5,0.22139999999999999,0.08929333681748039,5,0.8664,0.08576304565487403,5,0.2118,0.10321676220459543,5,0.2152,0.09858600306331523,5,0.4,0.27143046991817266,5,0.9778,0.028865203966021068,5
KNN,KNN_n_neighbors=11_metric=euclidean,fine_tobacco,0.6254,0.08338045334489372,5,0.2104,0.13606726277837736,5,0.215,0.1378731300870478,5,0.7602,0.031268194703244406,5,0.20540000000000003,0.0953692822663566,5,0.20779999999999998,0.1551296232187779,5,0.274,0.18229646184169349,5,0.977,0.019659603251337525,5
KNN,KNN_n_neighbors=11_metric=euclidean,fine_tomato,0.6968,0.05582741262139952,5,0.18619999999999998,0.07201180458785907,5,0.153,0.07266016790511842,5,0.7678,0.12318766171983299,5,0.13319999999999999,0.09675329451755119,5,0.0972,0.0542835149930437,5,0.434,0.12079942052841149,5,0.9593999999999999,0.026670208098175753,5
KNN,KNN_n_neighbors=11_metric=euclidean,fine_tropical,0.6884,0.04064849320700582,5,0.3066,0.032416045409642415,5,0.3578,0.03242221460665512,5,0.7752,0.030946728421595706,5,0.267,0.03104029639033752,5,0.30219999999999997,0.05008692444141483,5,0.4814,0.13045420652474182,5,0.8958,0.06118169660936183,5
KNN,KNN_n_neighbors=11_metric=euclidean,fine_vanilla,0.7405999999999999,0.022567675999092193,5,0.5606,0.07753257379966179,5,0.5608000000000001,0.06925460273512511,5,0.8720000000000001,0.037316216314090635,5,0.4998,0.0789759457050056,5,0.6684,0.13269626972903192,5,0.487,0.0430987238790199,5,0.9942,0.003271085446759215,5
KNN,KNN_n_neighbors=11_metric=euclidean,fine_vegetable,0.6782,0.06448410656898336,5,0.3302,0.05007194823451549,5,0.3498,0.07503465865851594,5,0.8048,0.03474478378116637,5,0.3006,0.08894829959026761,5,0.3836,0.16377362425006048,5,0.40940000000000004,0.1534822465303398,5,0.9474,0.02791594526431086,5
KNN,KNN_n_neighbors=11_metric=euclidean,fine_vetiver,0.6314,0.038500649345173416,5,0.344,0.07234984450570713,5,0.33120000000000005,0.07716022291310468,5,0.7485999999999999,0.02753724750224686,5,0.1768,0.04735715363068182,5,0.4666,0.1028484321708406,5,0.2658,0.07760927779589243,5,0.9975999999999999,0.001140175425099159,5
KNN,KNN_n_neighbors=11_metric=euclidean,fine_violet,0.6724,0.06940316995642203,5,0.3604,0.06671056887780227,5,0.35540000000000005,0.07450033556971404,5,0.8371999999999999,0.04974133090298247,5,0.3276,0.09134440322209127,5,0.41079999999999994,0.09719670776317478,5,0.35259999999999997,0.1413003892422098,5,0.9932000000000001,0.0030331501776206192,5
KNN,KNN_n_neighbors=11_metric=euclidean,fine_warm,0.5206,0.03511837126063788,5,0.0518,0.07549635752802912,5,0.059199999999999996,0.06577005397595474,5,0.5646,0.05298395983691668,5,0.036,0.012509996003196801,5,0.101,0.13997678378931272,5,0.0578,0.07450637556612186,5,0.9833999999999999,0.012541929676090531,5
KNN,KNN_n_neighbors=11_metric=euclidean,fine_waxy,0.7384000000000001,0.0351752754075928,5,0.4516,0.032439173848912976,5,0.5032,0.030441747650225358,5,0.8615999999999999,0.01395707705789433,5,0.4648,0.04048703496182452,5,0.48460000000000003,0.07482847051757768,5,0.5428,0.08810051078172018,5,0.9342,0.022709029041330663,5
KNN,KNN_n_neighbors=11_metric=euclidean,fine_weedy,0.5157999999999999,0.03422279941793186,5,0.011800000000000001,0.025282404948896775,5,0.014199999999999999,0.022320394261750844,5,0.5248,0.029235252692597018,5,0.0098,0.002683281572999747,5,0.008,0.012668859459319927,5,0.0626,0.09743100122650902,5,0.969,0.04287190222045201,5
KNN,KNN_n_neighbors=11_metric=euclidean,fine_winey,0.7001999999999999,0.0495600645681581,5,0.3248,0.05132445810722213,5,0.35,0.04778598120788145,5,0.8374,0.03482527817548623,5,0.2354,0.028710625210886655,5,0.2944,0.04127105523245074,5,0.45120000000000005,0.11074384858763038,5,0.9491999999999999,0.015122830422906927,5
KNN,KNN_n_neighbors=11_metric=euclidean,fine_woody,0.7586,0.03851363394955093,5,0.4788,0.04455558326405346,5,0.5494,0.04110109487592758,5,0.8422000000000001,0.013498148021117566,5,0.5616,0.041524691449786814,5,0.51,0.06113509630318737,5,0.6132,0.09862403358208378,5,0.9039999999999999,0.030594117081556675,5
KNN,KNN_n_neighbors=21_metric=cosine,fine_alcoholic,0.783,0.06513447627792822,5,0.5176000000000001,0.0980525369381129,5,0.5206,0.0993846064539172,5,0.9292,0.03421549356651165,5,0.542,0.06455617708631763,5,0.493,0.12623589030065893,5,0.5801999999999999,0.13301014998863808,5,0.986,0.008093207028119342,5
KNN,KNN_n_neighbors=21_metric=cosine,fine_aldehydic,0.626,0.06960244248587832,5,0.2576,0.10320513553113528,5,0.25460000000000005,0.08036354895100144,5,0.8320000000000001,0.03021588985947624,5,0.2454,0.08548567131396935,5,0.33340000000000003,0.23971191042582762,5,0.2782,0.15854242334466823,5,0.9738,0.02359449088240728,5
KNN,KNN_n_neighbors=21_metric=cosine,fine_alliaceous,0.7528,0.07607036216556354,5,0.4262,0.029098109904253232,5,0.42539999999999994,0.03427535557802426,5,0.9349999999999999,0.03728270376461445,5,0.4344,0.04763192206913342,5,0.3936,0.10142632794299515,5,0.5306,0.17059689328941488,5,0.975,0.018587630295441124,5
KNN,KNN_n_neighbors=21_metric=cosine,fine_almond,0.6054,0.07383969122362306,5,0.2472,0.09502999526465315,5,0.22119999999999998,0.05643314628832952,5,0.8094000000000001,0.04240636744641067,5,0.173,0.07277362159464103,5,0.3936,0.343332637539748,5,0.223,0.16022484201895784,5,0.9884000000000001,0.012895735729302183,5
KNN,KNN_n_neighbors=21_metric=cosine,fine_amber,0.6614,0.037898548784880914,5,0.3412,0.05078090192188399,5,0.3432,0.048638462146741446,5,0.8946,0.027871132018631804,5,0.2852,0.023972901368002997,5,0.3944,0.1260924264180843,5,0.3372,0.08649103999837209,5,0.9858,0.012988456413292519,5
KNN,KNN_n_neighbors=21_metric=cosine,fine_animal,0.647,0.051546095875439506,5,0.3068,0.05309613921934439,5,0.3142,0.05303018008643758,5,0.7432,0.05786795313470143,5,0.198,0.023717082451262844,5,0.3538,0.08961417298619676,5,0.3094,0.10882003492004587,5,0.9842000000000001,0.007661592523751171,5
KNN,KNN_n_neighbors=21_metric=cosine,fine_anisic,0.673,0.06930728677419133,5,0.3828,0.15142060625951806,5,0.3888,0.14923370932869023,5,0.7939999999999999,0.11852425912023246,5,0.34740000000000004,0.18411626761370112,5,0.4372,0.17463877003689646,5,0.354,0.13844132331063583,5,0.9922000000000001,0.0021679483388678633,5
KNN,KNN_n_neighbors=21_metric=cosine,fine_apple,0.7354,0.051262071749003706,5,0.3952,0.05680845007567094,5,0.4282,0.0511145771771615,5,0.8848,0.0230260721791625,5,0.403,0.05873244418547555,5,0.3686,0.05224748797789228,5,0.5324,0.11354866797985787,5,0.9381999999999999,0.01779606698121802,5
KNN,KNN_n_neighbors=21_metric=cosine,fine_apricot,0.6698000000000001,0.1379391170045684,5,0.14300000000000002,0.09962931295557548,5,0.11679999999999999,0.06994426352460936,5,0.77,0.10883244001675241,5,0.06639999999999999,0.026302091171615992,5,0.0712,0.04186526006129664,5,0.41059999999999997,0.3258877107225739,5,0.9294,0.05174263232577177,5
KNN,KNN_n_neighbors=21_metric=cosine,fine_aromatic,0.5626,0.11241129836453273,5,0.0698,0.12164168693338646,5,0.0722,0.10511517492731486,5,0.6712,0.07091332737927337,5,0.046,0.029206163733020464,5,0.0504,0.0703086054476975,5,0.1458,0.24364153997214846,5,0.9789999999999999,0.019824227601599045,5
KNN,KNN_n_neighbors=21_metric=cosine,fine_balsamic,0.7156,0.0442074654328881,5,0.38,0.042935998882056986,5,0.4024,0.049697082409332634,5,0.8725999999999999,0.021314314438892944,5,0.41100000000000003,0.06006662967072485,5,0.3942,0.14799222952574237,5,0.49879999999999997,0.14472629339549875,5,0.9318,0.05950798265779137,5
KNN,KNN_n_neighbors=21_metric=cosine,fine_banana,0.7262000000000001,0.10727161786791509,5,0.3638,0.13427844205232647,5,0.3614,0.14127207792058558,5,0.8695999999999999,0.029185612894027102,5,0.28600000000000003,0.10550118482747008,5,0.3332,0.1315131172164967,5,0.48579999999999995,0.23474070801631317,5,0.9666,0.034493477644331506,5
KNN,KNN_n_neighbors=21_metric=cosine,fine_beefy,0.6508,0.10152930611404766,5,0.20939999999999998,0.13286572168923028,5,0.1964,0.1302125185994035,5,0.8614,0.08425437674091478,5,0.2068,0.0733873286065108,5,0.17200000000000001,0.13708026845611299,5,0.3194,0.21569608248644667,5,0.9826,0.019994999374843718,5
KNN,KNN_n_neighbors=21_metric=cosine,fine_bergamot,0.666,0.15833192981834085,5,0.3452,0.2752393503843518,5,0.3292,0.2526167057025327,5,0.8606,0.07901771953176069,5,0.3678,0.3357509493657464,5,0.4034,0.3742429692058356,5,0.3358,0.3180058175568491,5,0.9968,0.002588435821108971,5
KNN,KNN_n_neighbors=21_metric=cosine,fine_berry,0.6294000000000001,0.04841280822261814,5,0.166,0.0599458088610038,5,0.1826,0.05976035475128975,5,0.7368,0.026696441710460244,5,0.1156,0.02628307440159921,5,0.135,0.05244044240850758,5,0.33999999999999997,0.12697834461040985,5,0.9186,0.048304244119952856,5
KNN,KNN_n_neighbors=21_metric=cosine,fine_bitter,0.5572,0.03229860678109813,5,0.1466,0.08462446454778899,5,0.125,0.0321403173599764,5,0.6794,0.06307772982598532,5,0.09159999999999999,0.04581811868682519,5,0.30060000000000003,0.39379982224475424,5,0.1252,0.07334984662560652,5,0.9885999999999999,0.01008959860450356,5
KNN,KNN_n_neighbors=21_metric=cosine,fine_black currant,0.721,0.039749213828703577,5,0.2992,0.043717273473994234,5,0.2822,0.06160113635315504,5,0.8705999999999999,0.08014237331150106,5,0.1698,0.045400440526497096,5,0.21959999999999996,0.0825578584993579,5,0.45899999999999996,0.08804828220925152,5,0.983,0.009513148795220224,5
KNN,KNN_n_neighbors=21_metric=cosine,fine_brandy,0.6125999999999999,0.021232051243344343,5,0.12179999999999999,0.028199290771223306,5,0.11279999999999998,0.03303331651530012,5,0.7548,0.15025544915243505,5,0.047799999999999995,0.007529940238806681,5,0.0748,0.02550882200337758,5,0.255,0.05160426338976266,5,0.9705999999999999,0.01497664849023309,5
KNN,KNN_n_neighbors=21_metric=cosine,fine_burnt,0.6638,0.07016195550296471,5,0.229,0.06331666447310692,5,0.2454,0.053153551151357704,5,0.8320000000000001,0.036619666847201096,5,0.22559999999999997,0.04313119520718154,5,0.1948,0.05341535359800589,5,0.3984,0.16746432455899377,5,0.9294,0.03810249335673451,5
KNN,KNN_n_neighbors=21_metric=cosine,fine_buttery,0.6576000000000001,0.07927673050775993,5,0.2878,0.10832682031703875,5,0.2992,0.11872952455055144,5,0.8513999999999999,0.04768437899354461,5,0.23900000000000002,0.06529548223269356,5,0.2962,0.05460952297905558,5,0.3376,0.167843081477909,5,0.9776,0.011781341180018523,5
KNN,KNN_n_neighbors=21_metric=cosine,fine_cabbage,0.6888,0.11345351470976998,5,0.2242,0.12687277091637908,5,0.20400000000000001,0.11510647245050991,5,0.851,0.03876209488662864,5,0.15860000000000002,0.08114986136771893,5,0.148,0.09005831444125523,5,0.4016,0.23212561254631084,5,0.9763999999999999,0.012759310326189289,5
KNN,KNN_n_neighbors=21_metric=cosine,fine_camphoreous,0.7083999999999999,0.08802442842756775,5,0.3772,0.07164984298656907,5,0.38079999999999997,0.07139467767277896,5,0.8812,0.025984610830258777,5,0.34199999999999997,0.09226862955522858,5,0.3774,0.0721408344836681,5,0.4394,0.19099162285294083,5,0.9778,0.016902662512160646,5
KNN,KNN_n_neighbors=21_metric=cosine,fine_caramellic,0.735,0.07345406728017177,5,0.43879999999999997,0.06124704074483925,5,0.45339999999999997,0.07480842198576305,5,0.8824,0.014808781178746585,5,0.4572,0.06357436590324754,5,0.4546,0.07901455562110062,5,0.5034,0.16308372083074385,5,0.9667999999999999,0.018185158784019478,5
KNN,KNN_n_neighbors=21_metric=cosine,fine_cedar,0.6786,0.09421146427054405,5,0.27,0.09730621768417472,5,0.261,0.08594765849050223,5,0.8782,0.06385295607879087,5,0.2334,0.10549075788902078,5,0.2258,0.08980089086417797,5,0.3712,0.19205389868471817,5,0.986,0.007382411530116699,5
KNN,KNN_n_neighbors=21_metric=cosine,fine_celery,0.5936,0.1055120846159339,5,0.11099999999999999,0.11913647636219565,5,0.10300000000000001,0.10664426848171447,5,0.6562,0.08989827584553553,5,0.059,0.0378615900352851,5,0.0736,0.07420781629990199,5,0.1996,0.22226178258981008,5,0.9879999999999999,0.01248999599679679,5
KNN,KNN_n_neighbors=21_metric=cosine,fine_chamomile,0.7016,0.0926676858457143,5,0.3774,0.1057511229254801,5,0.3506,0.07678411294011281,5,0.8272,0.0712439471113161,5,0.23959999999999998,0.11535076939491994,5,0.4282,0.324834111509244,5,0.4086,0.1897809263334964,5,0.9945999999999999,0.00450555213042752,5
KNN,KNN_n_neighbors=21_metric=cosine,fine_cheesy,0.7046,0.04453425647745788,5,0.40540000000000004,0.06512526391501229,5,0.4262,0.06540412831006924,5,0.8736,0.02575461123760173,5,0.4182,0.10701728832296212,5,0.4276,0.058166141353883885,5,0.43260000000000004,0.09171041380344983,5,0.977,0.005830951894845315,5
KNN,KNN_n_neighbors=21_metric=cosine,fine_cherry,0.5422,0.028137164036199536,5,0.13140000000000002,0.08094318995443657,5,0.1248,0.07762216178386169,5,0.8128,0.03395143590483324,5,0.1462,0.033566352199784835,5,0.22159999999999996,0.12485511603454622,5,0.0882,0.057755519216781355,5,0.9962,0.0017888543819998273,5
KNN,KNN_n_neighbors=21_metric=cosine,fine_chocolate,0.6342000000000001,0.08425971754047122,5,0.19419999999999998,0.097916801418347,5,0.1934,0.09102362330735908,5,0.8384,0.030054949675552545,5,0.122,0.05021453972705515,5,0.1592,0.07391684517077281,5,0.2914,0.1759298155515432,5,0.9773999999999999,0.01197079780131637,5
KNN,KNN_n_neighbors=21_metric=cosine,fine_cinnamon,0.6900000000000001,0.08762134443159386,5,0.2988,0.03139585959963511,5,0.2794,0.034085187398634025,5,0.8466000000000001,0.04715188225299178,5,0.3048,0.13839869941585434,5,0.292,0.14876995664447845,5,0.40099999999999997,0.19286912661180378,5,0.9792,0.01826745740380964,5
KNN,KNN_n_neighbors=21_metric=cosine,fine_citrus,0.742,0.04242051390542077,5,0.4096,0.02993826982308763,5,0.4518,0.025449950884039035,5,0.8676,0.0159311016568221,5,0.399,0.03524202037341219,5,0.3876,0.02185863673699713,5,0.5572,0.10426504687573875,5,0.9263999999999999,0.019603571103245426,5
KNN,KNN_n_neighbors=21_metric=cosine,fine_clean,0.5955999999999999,0.061836882198248,5,0.1412,0.08020099750003114,5,0.134,0.08451035439518641,5,0.7332,0.04166173304124542,5,0.09319999999999999,0.07059532562429328,5,0.1834,0.18914095273102544,5,0.2412,0.1412788023731798,5,0.95,0.04243819034784587,5
KNN,KNN_n_neighbors=21_metric=cosine,fine_clove,0.7326,0.08870907507126878,5,0.3842,0.06056566684186676,5,0.374,0.05102450391723569,5,0.8614,0.04413955142499757,5,0.28500000000000003,0.08925245094673871,5,0.3376,0.049692051678311706,5,0.4728,0.18125037930994795,5,0.9932000000000001,0.003962322551231804,5
KNN,KNN_n_neighbors=21_metric=cosine,fine_cocoa,0.7184,0.099846382007562,5,0.3416,0.08614986941371414,5,0.3456,0.06405700586196642,5,0.8378,0.08174778284455184,5,0.2556,0.060694316043596694,5,0.2874,0.03545137514963276,5,0.46419999999999995,0.21038940087371322,5,0.9722,0.011344602240713434,5
KNN,KNN_n_neighbors=21_metric=cosine,fine_coconut,0.6843999999999999,0.10248804808366682,5,0.36960000000000004,0.11636923992189689,5,0.35459999999999997,0.1017855588971245,5,0.8446,0.0320437201335925,5,0.3612,0.12103594507418035,5,0.43620000000000003,0.2278611419263934,5,0.3816,0.2157621375496637,5,0.9874,0.013630847369111012,5
KNN,KNN_n_neighbors=21_metric=cosine,fine_coffee,0.7038,0.06541177264071049,5,0.362,0.040447496832313384,5,0.35459999999999997,0.06283549952057357,5,0.9146000000000001,0.024975988468927478,5,0.34740000000000004,0.02183575050232988,5,0.37839999999999996,0.1681986920282081,5,0.43499999999999994,0.1603355855697668,5,0.9728,0.03233728498189048,5
KNN,KNN_n_neighbors=21_metric=cosine,fine_cognac,0.7614,0.07746805793357675,5,0.4126,0.07949087998003292,5,0.40920000000000006,0.07252034197382137,5,0.9016,0.043119601111327524,5,0.364,0.09378432704881984,5,0.3516,0.12143846178208947,5,0.5492,0.16294385536128694,5,0.974,0.011979148550710915,5
KNN,KNN_n_neighbors=21_metric=cosine,fine_cooked,0.6512,0.0722128797376202,5,0.2082,0.04888967171090435,5,0.1878,0.07692983816439494,5,0.7766,0.05232876837839776,5,0.11040000000000001,0.02884961004935769,5,0.2222,0.1673893664484097,5,0.3424,0.17211711129344465,5,0.9602,0.03273682941275775,5
KNN,KNN_n_neighbors=21_metric=cosine,fine_cooling,0.7158,0.06248759876967591,5,0.26020000000000004,0.05854656266596699,5,0.24420000000000003,0.050370626361005276,5,0.8535999999999999,0.04949040311009802,5,0.20460000000000003,0.07677108830803428,5,0.1682,0.03906020993287158,5,0.47140000000000004,0.13630407183939885,5,0.9603999999999999,0.01633401359127631,5
KNN,KNN_n_neighbors=21_metric=cosine,fine_cortex,0.5035999999999999,0.02040343108401135,5,0.023,0.06137589103222861,5,0.0236,0.05277120426899503,5,0.6534,0.11372027084033874,5,0.0424,0.04082033806817381,5,0.05,0.1118033988749895,5,0.0154,0.03443544685349676,5,0.9917999999999999,0.016709278859364338,5
KNN,KNN_n_neighbors=21_metric=cosine,fine_coumarinic,0.6482,0.1411796727578018,5,0.1612,0.15172738711254471,5,0.1432,0.13499518509932124,5,0.8333999999999999,0.06483286203770432,5,0.1586,0.07993935201138423,5,0.0962,0.0955991631762538,5,0.31920000000000004,0.3039271294241434,5,0.9773999999999999,0.023125743231299633,5
KNN,KNN_n_neighbors=21_metric=cosine,fine_creamy,0.6186,0.04045120517364104,5,0.2678,0.05557607398872287,5,0.2832,0.06196127823084349,5,0.7442,0.023826455884163735,5,0.2052,0.02815492852059831,5,0.3438,0.07345202515928338,5,0.2578,0.08935994628467497,5,0.9789999999999999,0.01111305538544645,5
KNN,KNN_n_neighbors=21_metric=cosine,fine_cucumber,0.7002,0.09492997419150603,5,0.39320000000000005,0.1918950233851832,5,0.3604,0.21516923571923569,5,0.8976000000000001,0.07532463076577275,5,0.3262,0.15626483929534501,5,0.5028,0.3734524066062502,5,0.4116000000000001,0.18940116155926814,5,0.9890000000000001,0.012589678312014178,5
KNN,KNN_n_neighbors=21_metric=cosine,fine_dairy,0.6324,0.07827707199429468,5,0.27480000000000004,0.10288683103293637,5,0.2786,0.1098990445818343,5,0.799,0.08087335778858205,5,0.2118,0.07996999437288965,5,0.33140000000000003,0.11978230253255279,5,0.281,0.16167869371070515,5,0.9842000000000001,0.007596051605933184,5
KNN,KNN_n_neighbors=21_metric=cosine,fine_dry,0.5444,0.025035974117257772,5,0.1166,0.05593567734460717,5,0.1296,0.060060802525440826,5,0.6972,0.051871957742117274,5,0.0916,0.023933240482642545,5,0.1874,0.06546984038471457,5,0.1028,0.054370948124894784,5,0.9856,0.00477493455452532,5
KNN,KNN_n_neighbors=21_metric=cosine,fine_earthy,0.6487999999999999,0.04896120913539614,5,0.23959999999999998,0.04871139497078686,5,0.28979999999999995,0.045350854457220535,5,0.7264,0.05687969760819757,5,0.2284,0.04174685616905782,5,0.24180000000000001,0.023952035404115456,5,0.38180000000000003,0.12599285694038376,5,0.9156000000000001,0.02965299310356373,5
KNN,KNN_n_neighbors=21_metric=cosine,fine_ethereal,0.8033999999999999,0.038383590243748704,5,0.5278,0.05557607398872284,5,0.5514,0.053374151047112676,5,0.9014,0.027618834153526454,5,0.5396000000000001,0.08117758311258105,5,0.484,0.060004166522000794,5,0.6506000000000001,0.08066783745706835,5,0.9564,0.01270039369468523,5
KNN,KNN_n_neighbors=21_metric=cosine,fine_fatty,0.7634000000000001,0.03170646621747684,5,0.4958,0.039334463260606495,5,0.558,0.03432928778754371,5,0.8448,0.015319921670818058,5,0.5124000000000001,0.06038046041560135,5,0.5236000000000001,0.019411336893681498,5,0.6006,0.0687262686314338,5,0.9256,0.008203657720797482,5
KNN,KNN_n_neighbors=21_metric=cosine,fine_fermented,0.665,0.03825571852677716,5,0.4024,0.08084738709445101,5,0.4056,0.07893224942949492,5,0.8337999999999999,0.03411304735727958,5,0.3676,0.02718087562975115,5,0.517,0.11201562391023849,5,0.3406,0.07775474262062734,5,0.9896,0.005941380311005181,5
KNN,KNN_n_neighbors=21_metric=cosine,fine_fishy,0.6832,0.05363487671282557,5,0.4422,0.09541593158377693,5,0.4282,0.0919004896613723,5,0.851,0.0488006147502262,5,0.3912,0.09088289167934747,5,0.5730000000000001,0.19771064715892261,5,0.3724,0.11011493994912773,5,0.9938,0.006760177512462222,5
KNN,KNN_n_neighbors=21_metric=cosine,fine_floral,0.7544000000000001,0.021337759957408872,5,0.4742,0.025762375666851838,5,0.5942000000000001,0.016558985476169748,5,0.8404,0.016318700928689187,5,0.5696,0.042027372032997744,5,0.542,0.07662571369977575,5,0.6824,0.10026614583198058,5,0.8268000000000001,0.0667360472308632,5
KNN,KNN_n_neighbors=21_metric=cosine,fine_fresh,0.6486,0.04809677743882644,5,0.23760000000000003,0.028710625210886652,5,0.3134,0.03008820366854758,5,0.7432000000000001,0.013553597308463918,5,0.24780000000000002,0.013535139452550906,5,0.2716,0.06835788176940535,5,0.47319999999999995,0.20275773721365112,5,0.8240000000000001,0.11663618649458668,5
KNN,KNN_n_neighbors=21_metric=cosine,fine_fruit skin,0.562,0.060315835400000864,5,0.08099999999999999,0.09380565014965783,5,0.08299999999999999,0.09272000862812729,5,0.6946,0.048921365475628344,5,0.069,0.04870318264754369,5,0.06839999999999999,0.09174584459254817,5,0.149,0.13721151555172037,5,0.975,0.02667395733669827,5
KNN,KNN_n_neighbors=21_metric=cosine,fine_fruity,0.7544000000000001,0.00896102672688798,5,0.502,0.019039432764659775,5,0.6991999999999999,0.011344602240713446,5,0.836,0.00624499799839841,5,0.7614,0.013501851724856155,5,0.6704,0.029108418026406017,5,0.733,0.034197953155123174,5,0.7758,0.03270626851232038,5
KNN,KNN_n_neighbors=21_metric=cosine,fine_garlic,0.8034000000000001,0.05866685606030038,5,0.5158,0.06933757999815106,5,0.5208,0.0629460086105545,5,0.9471999999999999,0.035625833323586965,5,0.5508,0.09731238359016803,5,0.4508,0.052270450543304106,5,0.6258,0.12004040986267915,5,0.9812,0.003962322551231797,5
KNN,KNN_n_neighbors=21_metric=cosine,fine_gassy,0.621,0.15362616964566944,5,0.156,0.19420736340314187,5,0.14679999999999999,0.1769878526905166,5,0.8234,0.12218551468975362,5,0.13199999999999998,0.10526157893552612,5,0.1072,0.13218812352098808,5,0.2536,0.3114069684512535,5,0.9888,0.01084896308409242,5
KNN,KNN_n_neighbors=21_metric=cosine,fine_geranium,0.615,0.03406611219379168,5,0.22359999999999997,0.051679783281279354,5,0.22519999999999998,0.04712430370838386,5,0.8308,0.05385350499271146,5,0.1416,0.0486805916151396,5,0.2428,0.11331240002753448,5,0.24059999999999998,0.07031927189611678,5,0.9898,0.004658325879540854,5
KNN,KNN_n_neighbors=21_metric=cosine,fine_grape,0.6198,0.03955628900693289,5,0.41340000000000005,0.05863275535057172,5,0.3498,0.08621890743914586,5,0.7876,0.055369666786066196,5,0.3114,0.060735492094820445,5,0.7866,0.22923306916760505,5,0.2412,0.08048105367103489,5,0.998,0.0023452078799117235,5
KNN,KNN_n_neighbors=21_metric=cosine,fine_grapefruit,0.6592,0.07758672566876369,5,0.2996,0.13971506719033563,5,0.29660000000000003,0.1482642910481145,5,0.8352,0.07090627616791059,5,0.231,0.08084553172563094,5,0.32120000000000004,0.16141313453371756,5,0.3344,0.16090929121713263,5,0.984,0.015411035007422452,5
KNN,KNN_n_neighbors=21_metric=cosine,fine_grassy,0.5254000000000001,0.02428579831918239,5,0.028800000000000003,0.027653209578636616,5,0.0356,0.033049962178495755,5,0.6736000000000001,0.06913248151194927,5,0.0416,0.030021658848238215,5,0.0232,0.021695621678117453,5,0.0774,0.07323114091696237,5,0.9738,0.027444489428663097,5
KNN,KNN_n_neighbors=21_metric=cosine,fine_green,0.7146,0.029971653274385775,5,0.39859999999999995,0.06414280941773598,5,0.5940000000000001,0.03967996975805298,5,0.7924,0.02998833106393219,5,0.6254,0.04432042418569575,5,0.5098,0.06373931282968148,5,0.7192000000000001,0.0342666018157622,5,0.7104,0.06724804829881678,5
KNN,KNN_n_neighbors=21_metric=cosine,fine_hawthorn,0.6412,0.14701258449534174,5,0.1978,0.19743150711069396,5,0.19,0.18384232374510498,5,0.8184000000000001,0.16717894604285546,5,0.20459999999999998,0.20573478072508788,5,0.1444,0.1369554672147118,5,0.2906,0.297675662424727,5,0.9924,0.005029910535983745,5
KNN,KNN_n_neighbors=21_metric=cosine,fine_hay,0.6083999999999999,0.09430959654245163,5,0.131,0.09101098834756165,5,0.1324,0.07018760574346442,5,0.7362,0.10395046897441111,5,0.0656,0.023490423580684962,5,0.09319999999999999,0.041751646674113345,5,0.2524,0.19955525550583725,5,0.9652,0.017908098726553877,5
KNN,KNN_n_neighbors=21_metric=cosine,fine_hazelnut,0.7192000000000001,0.0398208488106419,5,0.4018,0.07575090758532206,5,0.3928,0.07168472640667606,5,0.8654,0.05521141186385293,5,0.2882,0.08311257425925395,5,0.40440000000000004,0.20746276774399783,5,0.4478,0.0850394026319564,5,0.9906,0.006268971207463008,5
KNN,KNN_n_neighbors=21_metric=cosine,fine_herbal,0.6662,0.02852542725359252,5,0.28080000000000005,0.041408936233619915,5,0.40199999999999997,0.032039038687201586,5,0.7378,0.02787830697872456,5,0.3398,0.026677706048309307,5,0.3338,0.04981164522478654,5,0.5284,0.09331827259438528,5,0.8044,0.06540871501566138,5
KNN,KNN_n_neighbors=21_metric=cosine,fine_honey,0.6554,0.09474597616785635,5,0.26020000000000004,0.07523097766213063,5,0.266,0.07243272740964542,5,0.8122,0.027059194370860323,5,0.2378,0.0645306128903174,5,0.265,0.04106093033529561,5,0.3452,0.21478524157865223,5,0.9656,0.02630209117161599,5
KNN,KNN_n_neighbors=21_metric=cosine,fine_hyacinth,0.615,0.09604426063019073,5,0.183,0.11406138698087097,5,0.1664,0.11486862060632573,5,0.8528,0.04079460748677451,5,0.16519999999999999,0.04742045971940803,5,0.20940000000000003,0.18804733446661773,5,0.24619999999999997,0.20851426809693385,5,0.9843999999999999,0.019359752064528106,5
KNN,KNN_n_neighbors=21_metric=cosine,fine_jasmin,0.6706,0.0620870356837883,5,0.3346,0.09532470823453908,5,0.3306,0.08066783745706836,5,0.8099999999999999,0.04440720662234907,5,0.31399999999999995,0.07893985051924028,5,0.379,0.22276893858884367,5,0.359,0.13546770832932845,5,0.982,0.015329709716755903,5
KNN,KNN_n_neighbors=21_metric=cosine,fine_juicy,0.5614,0.07348333144326,5,0.0654,0.07854807445125565,5,0.0668,0.0673030459934764,5,0.6900000000000001,0.07519640948875156,5,0.0356,0.021407942451342678,5,0.04240000000000001,0.04330473415228409,5,0.158,0.15261716810372283,5,0.9652,0.018740330840195978,5
KNN,KNN_n_neighbors=21_metric=cosine,fine_ketonic,0.7452,0.048858980750727886,5,0.4316,0.09790965223102369,5,0.42780000000000007,0.10455955240914144,5,0.8936,0.06766313619689827,5,0.3014,0.058875291931335685,5,0.3972,0.1410414832593588,5,0.49879999999999997,0.09834988561254152,5,0.992,0.003535533905932778,5
KNN,KNN_n_neighbors=21_metric=cosine,fine_lactonic,0.6906,0.1357453498282722,5,0.24620000000000003,0.13153972783915896,5,0.23220000000000002,0.11825269552953117,5,0.8442000000000001,0.09686949984386214,5,0.20500000000000002,0.09327915093953204,5,0.18180000000000002,0.08855619684697395,5,0.406,0.2836661770461893,5,0.9756,0.01594678651014057,5
KNN,KNN_n_neighbors=21_metric=cosine,fine_lavender,0.656,0.13957077057894318,5,0.25060000000000004,0.14510616802879195,5,0.242,0.12622994890278613,5,0.7274,0.14081299655926652,5,0.18939999999999999,0.12555596361782262,5,0.22759999999999997,0.05613198731561177,5,0.3206,0.2805633618275915,5,0.9922000000000001,0.005167204273105535,5
KNN,KNN_n_neighbors=21_metric=cosine,fine_leafy,0.5908,0.021288494545176298,5,0.1654,0.021349473061413018,5,0.1852,0.014788509052639492,5,0.6866,0.03444270604932196,5,0.0974,0.03058267483396442,5,0.183,0.06330876716537764,5,0.2118,0.053166718913244974,5,0.9698,0.014342245291445843,5
KNN,KNN_n_neighbors=21_metric=cosine,fine_leathery,0.6327999999999999,0.05288383495927658,5,0.244,0.1308109322648531,5,0.24980000000000002,0.13122194938347775,5,0.7422000000000001,0.04973630464761127,5,0.1268,0.09376139930696425,5,0.23620000000000002,0.1538934696470256,5,0.2772,0.10212590268878902,5,0.9888,0.0046583258795408105,5
KNN,KNN_n_neighbors=21_metric=cosine,fine_lemon,0.6706000000000001,0.11346497256863018,5,0.24180000000000001,0.1184744698236713,5,0.2364,0.10457915662310537,5,0.8009999999999999,0.05400462943118859,5,0.131,0.06265381073805489,5,0.1956,0.0700307075503311,5,0.36819999999999997,0.24114663588779336,5,0.9730000000000001,0.023119256043393682,5
KNN,KNN_n_neighbors=21_metric=cosine,fine_lily,0.6708000000000001,0.07979473666852968,5,0.2172,0.08130006150059177,5,0.2084,0.07187349998434749,5,0.7594,0.03648698398059231,5,0.1206,0.05837636508039877,5,0.1538,0.06886000290444375,5,0.37220000000000003,0.17199476736226604,5,0.9692000000000001,0.01498999666444257,5
KNN,KNN_n_neighbors=21_metric=cosine,fine_malty,0.5469999999999999,0.10509519494249012,5,0.033600000000000005,0.07513188404399294,5,0.0222,0.04964070910049533,5,0.835,0.031535694062442936,5,0.4008,0.10245828419410509,5,0.0124,0.027727242920997392,5,0.1,0.223606797749979,5,0.994,0.013416407864998758,5
KNN,KNN_n_neighbors=21_metric=cosine,fine_meaty,0.7545999999999999,0.05258611984164644,5,0.4648,0.036887667315784564,5,0.493,0.029681644159311675,5,0.9118,0.017655027612552766,5,0.4758,0.04073941580337157,5,0.45999999999999996,0.049086658065099514,5,0.5522,0.12001541567648714,5,0.9568,0.01602186006679619,5
KNN,KNN_n_neighbors=21_metric=cosine,fine_medicinal,0.6602,0.06826199528288052,5,0.3216,0.0642207131695063,5,0.312,0.07424621202458749,5,0.8352,0.03414234906974032,5,0.24379999999999996,0.06259552699674316,5,0.3766,0.17352751943135708,5,0.331,0.14029433345648715,5,0.9896,0.006767569726275457,5
KNN,KNN_n_neighbors=21_metric=cosine,fine_melon,0.6766,0.06031832225783475,5,0.2884,0.03682118955166983,5,0.2942,0.04426285124119321,5,0.8286,0.014808781178746627,5,0.23959999999999998,0.045654134533468047,5,0.2722,0.07834028337962533,5,0.3886,0.14672525345011334,5,0.9644,0.030204304329019046,5
KNN,KNN_n_neighbors=21_metric=cosine,fine_metallic,0.612,0.06931810730249348,5,0.1476,0.058011205814049414,5,0.15899999999999997,0.051088159097779196,5,0.7272000000000001,0.0664281566807329,5,0.0998,0.030400657887618157,5,0.1262,0.027743467699622562,5,0.276,0.17423547285211471,5,0.9480000000000001,0.0372155881318568,5
KNN,KNN_n_neighbors=21_metric=cosine,fine_milky,0.5926,0.06022291922515877,5,0.15739999999999998,0.06700223876856652,5,0.15460000000000002,0.07713818768936694,5,0.7314,0.03542315626818143,5,0.11739999999999999,0.04754261246502973,5,0.1844,0.0987841080336306,5,0.2098,0.1386802076721837,5,0.9756,0.025244801445049998,5
KNN,KNN_n_neighbors=21_metric=cosine,fine_mint,0.7123999999999999,0.07008780207710896,5,0.351,0.04688816481800071,5,0.3672,0.04177559095931499,5,0.8583999999999999,0.02427550205454049,5,0.3654,0.06879898255061624,5,0.33340000000000003,0.08629194632177443,5,0.4774,0.16788180365959854,5,0.9474,0.030615355624261462,5
KNN,KNN_n_neighbors=21_metric=cosine,fine_muguet,0.6586000000000001,0.14572336806428815,5,0.19140000000000001,0.14192533248155523,5,0.1748,0.11996332772976916,5,0.7982,0.07296368959969064,5,0.1426,0.1030281514926867,5,0.1352,0.08000437488037764,5,0.33819999999999995,0.307826574551321,5,0.9795999999999999,0.01934683436637632,5
KNN,KNN_n_neighbors=21_metric=cosine,fine_mushroom,0.6758,0.08726797809047718,5,0.25339999999999996,0.05880731247047429,5,0.23879999999999998,0.054842501766421976,5,0.8099999999999999,0.06585590330410783,5,0.2152,0.055872175543825016,5,0.2372,0.13304961480590616,5,0.393,0.1997223072167954,5,0.959,0.03166228039797511,5
KNN,KNN_n_neighbors=21_metric=cosine,fine_musk,0.7744,0.08789937428673762,5,0.5468,0.11907224697636305,5,0.5512,0.11908484370397435,5,0.8806,0.0465918447799612,5,0.5492,0.11884107034186456,5,0.5612,0.07776374476579688,5,0.5574,0.17756914146326214,5,0.9916,0.0023021728866442557,5
KNN,KNN_n_neighbors=21_metric=cosine,fine_musty,0.6262000000000001,0.054815143892906065,5,0.16240000000000002,0.0648251494406299,5,0.18860000000000002,0.06208300894769841,5,0.7238,0.015449919093639304,5,0.12179999999999999,0.025538206671573478,5,0.13879999999999998,0.047735730852266206,5,0.354,0.15835403373454054,5,0.8987999999999999,0.06813369210603516,5
KNN,KNN_n_neighbors=21_metric=cosine,fine_natural,0.5296000000000001,0.027835229476330905,5,0.0358,0.0308496353300975,5,0.048,0.0329772648956823,5,0.6275999999999999,0.07397837521870831,5,0.0294,0.012856904759700137,5,0.033600000000000005,0.022600884938426637,5,0.09219999999999999,0.07384239974432033,5,0.9672000000000001,0.02228676737438609,5
KNN,KNN_n_neighbors=21_metric=cosine,fine_nutty,0.6992,0.02004245493945288,5,0.4218,0.03040888028191766,5,0.4598,0.028376046236218328,5,0.8358000000000001,0.017020575783445263,5,0.4088,0.021300234740490538,5,0.4922000000000001,0.045898801727278275,5,0.43479999999999996,0.04491881565669336,5,0.9635999999999999,0.00873498712076901,5
KNN,KNN_n_neighbors=21_metric=cosine,fine_odorless,0.885,0.03576310948449537,5,0.6990000000000001,0.06091387362497972,5,0.7036,0.07037968456877311,5,0.9428000000000001,0.030744105126023744,5,0.766,0.05933801479658717,5,0.6532,0.1257843392477776,5,0.79,0.08215838362577495,5,0.9798,0.015401298646542782,5
KNN,KNN_n_neighbors=21_metric=cosine,fine_oily,0.6748000000000001,0.023605084198112823,5,0.3114,0.024047868928451857,5,0.36760000000000004,0.020354360712142264,5,0.8002,0.016422545478700902,5,0.32599999999999996,0.036789944278294316,5,0.3288,0.020909328061896187,5,0.422,0.054845236803208346,5,0.9269999999999999,0.010862780491200201,5
KNN,KNN_n_neighbors=21_metric=cosine,fine_onion,0.8122,0.04773573085226619,5,0.5650000000000001,0.041719300090006274,5,0.5738000000000001,0.04158365063339194,5,0.9470000000000001,0.024738633753705892,5,0.5952,0.061912841963521606,5,0.5334,0.09189287241130294,5,0.6474,0.10480124045067406,5,0.9768000000000001,0.012296340919151537,5
KNN,KNN_n_neighbors=21_metric=cosine,fine_orange,0.6689999999999999,0.11414245485357316,5,0.21280000000000002,0.1012728986451953,5,0.2048,0.08106602247551066,5,0.861,0.0348137903710584,5,0.1826,0.06959382156484868,5,0.1608,0.05435255283793026,5,0.3802,0.24461541243347687,5,0.9574,0.023458473948660834,5
KNN,KNN_n_neighbors=21_metric=cosine,fine_orangeflower,0.7216,0.0936845771725528,5,0.2958,0.04248176079213291,5,0.26739999999999997,0.039582824558133806,5,0.8404,0.053561179972065616,5,0.24939999999999998,0.09116633150456366,5,0.23159999999999997,0.10442365632365112,5,0.45499999999999996,0.19419320276466942,5,0.9882,0.007049822692805832,5
KNN,KNN_n_neighbors=21_metric=cosine,fine_orris,0.6288,0.07035410435788376,5,0.2872,0.12654129760674973,5,0.28959999999999997,0.13190451091604108,5,0.731,0.0705088646909025,5,0.1562,0.07852197144748725,5,0.3358,0.10758810343155974,5,0.2636,0.14213831292090112,5,0.9942,0.0019235384061671301,5
KNN,KNN_n_neighbors=21_metric=cosine,fine_ozone,0.5822,0.06927986720541542,5,0.1396,0.1144740145185797,5,0.12840000000000001,0.10175853772534274,5,0.7098,0.08221739475317857,5,0.0868,0.044824100660247494,5,0.1594,0.2001656813742056,5,0.1748,0.1447953728542456,5,0.9898,0.010940749517286269,5
KNN,KNN_n_neighbors=21_metric=cosine,fine_peach,0.6392,0.0773188204772939,5,0.21339999999999998,0.046484405987384625,5,0.20460000000000003,0.05137898403043798,5,0.788,0.03960429269662569,5,0.155,0.0406386515524322,5,0.22080000000000002,0.11163422414295716,5,0.3174,0.19017833735733414,5,0.9603999999999999,0.04226464243312606,5
KNN,KNN_n_neighbors=21_metric=cosine,fine_pear,0.7578,0.07740930176664819,5,0.3452,0.06560640212662176,5,0.33680000000000004,0.051664301021111254,5,0.8602000000000001,0.043597018246664565,5,0.28959999999999997,0.037125462960076315,5,0.24779999999999996,0.029961642144582152,5,0.563,0.1700191165722255,5,0.9526,0.020007498594277074,5
KNN,KNN_n_neighbors=21_metric=cosine,fine_phenolic,0.6876,0.06782551142453705,5,0.457,0.11239217054581697,5,0.45920000000000005,0.11738057760975618,5,0.8779999999999999,0.03370459909270547,5,0.48040000000000005,0.10536982490257825,5,0.5856,0.08428107735429108,5,0.3848,0.13655292014453588,5,0.9904,0.0020736441353327566,5
KNN,KNN_n_neighbors=21_metric=cosine,fine_pine,0.7018000000000001,0.09078656288240018,5,0.4086,0.07798910180275191,5,0.4016,0.08375738773385902,5,0.9084,0.0740695618996089,5,0.3432,0.13026972019621447,5,0.4542,0.09915997176280354,5,0.4126,0.18680283723755375,5,0.9914,0.005899152481501051,5
KNN,KNN_n_neighbors=21_metric=cosine,fine_pineapple,0.693,0.038268786236304864,5,0.34340000000000004,0.057604687309280624,5,0.368,0.056995613866331854,5,0.8676,0.03427535557802427,5,0.32880000000000004,0.06464673232267815,5,0.3356,0.07438279370929811,5,0.4234,0.08310114319309934,5,0.9623999999999999,0.011392980294900905,5
KNN,KNN_n_neighbors=21_metric=cosine,fine_plum,0.5694,0.0556713570878239,5,0.0972,0.069066634491627,5,0.0914,0.056447320574142396,5,0.7102,0.030841530441921977,5,0.072,0.041958312644814484,5,0.1068,0.13006037059765746,5,0.16560000000000002,0.13064187690017315,5,0.9736,0.021732464195300092,5
KNN,KNN_n_neighbors=21_metric=cosine,fine_popcorn,0.7051999999999999,0.14800574313181233,5,0.422,0.24767418113319764,5,0.4082,0.23435592589051382,5,0.9048,0.05638439500429176,5,0.41180000000000005,0.19376841847937962,5,0.4732,0.3131240968050846,5,0.4144,0.29612125894639846,5,0.9964000000000001,0.0026076809620810553,5
KNN,KNN_n_neighbors=21_metric=cosine,fine_potato,0.6768,0.13827400334119205,5,0.20459999999999998,0.16143977205137525,5,0.1854,0.14451574308704226,5,0.842,0.06131068422387733,5,0.1928,0.1655919684042677,5,0.1268,0.1003179943978148,5,0.374,0.2844617724756702,5,0.9800000000000001,0.012864680330268635,5
KNN,KNN_n_neighbors=21_metric=cosine,fine_powdery,0.6254,0.08139594584498672,5,0.1974,0.07708955830720526,5,0.2144,0.06312527227664055,5,0.7857999999999999,0.04379155169664576,5,0.1614,0.06359874212592573,5,0.19660000000000002,0.08427217808980612,5,0.30100000000000005,0.18834940934337968,5,0.9502,0.034317633951075344,5
KNN,KNN_n_neighbors=21_metric=cosine,fine_pungent,0.6632,0.03251461209979292,5,0.3154,0.051868101951006454,5,0.3326,0.04133158598457119,5,0.8443999999999999,0.02030517175499884,5,0.3134,0.016876018487783206,5,0.353,0.14402951086496127,5,0.3624,0.0896816592174788,5,0.9635999999999999,0.027190071717448624,5
KNN,KNN_n_neighbors=21_metric=cosine,fine_radish,0.6582,0.058358375577118315,5,0.4932,0.11164542086444926,5,0.44160000000000005,0.1333577894237903,5,0.8056000000000001,0.06773330052492645,5,0.31179999999999997,0.10554477722748766,5,0.8128,0.17963629922707713,5,0.3176,0.11717636280410823,5,0.999,0.0009999999999999996,5
KNN,KNN_n_neighbors=21_metric=cosine,fine_raspberry,0.5357999999999999,0.03526613106083512,5,0.0784,0.10995135287935297,5,0.0712,0.09141498783022399,5,0.6557999999999999,0.04327470392735229,5,0.051000000000000004,0.04063249930782009,5,0.1202,0.214301656549827,5,0.082,0.07860979582723772,5,0.99,0.01385640646055102,5
KNN,KNN_n_neighbors=21_metric=cosine,fine_ripe,0.6152,0.06468152750206199,5,0.1366,0.06406871311334417,5,0.13540000000000002,0.06630460014207158,5,0.7646,0.07030860544769751,5,0.0738,0.023605084198112913,5,0.1076,0.052775941488522965,5,0.28200000000000003,0.16425285385648555,5,0.9484,0.04435989179427739,5
KNN,KNN_n_neighbors=21_metric=cosine,fine_roasted,0.797,0.051327380607235344,5,0.48760000000000003,0.036889022757454565,5,0.5076,0.03706480810688223,5,0.9186,0.022456624857711785,5,0.4638,0.048303209003129406,5,0.4338,0.0955939328618715,5,0.6554,0.12903991630499456,5,0.9388,0.028393661264444193,5
KNN,KNN_n_neighbors=21_metric=cosine,fine_rose,0.7346,0.06384982380555175,5,0.39,0.07231182475916369,5,0.4258,0.06641310111717416,5,0.865,0.032372828112477346,5,0.40040000000000003,0.044646388431764564,5,0.3626,0.04385544435985114,5,0.5378000000000001,0.14459840939650756,5,0.9314,0.022108821768696746,5
KNN,KNN_n_neighbors=21_metric=cosine,fine_rummy,0.624,0.09309940923550486,5,0.213,0.12723010649999472,5,0.2162,0.12541212062635732,5,0.7929999999999999,0.05807322963293843,5,0.2138,0.13708464538379198,5,0.211,0.12683847996566341,5,0.2638,0.1979335747163679,5,0.9842000000000001,0.012457929201917966,5
KNN,KNN_n_neighbors=21_metric=cosine,fine_sandalwood,0.6155999999999999,0.058790305323241886,5,0.23620000000000002,0.10740437607472053,5,0.2358,0.10355771337761374,5,0.9339999999999999,0.048383881613611755,5,0.21960000000000002,0.05883281397315618,5,0.259,0.1390988856892822,5,0.2372,0.12078576075018116,5,0.994,0.00519615242270663,5
KNN,KNN_n_neighbors=21_metric=cosine,fine_savory,0.7121999999999999,0.0680602674105825,5,0.279,0.04905099387372291,5,0.2768,0.035702941055324844,5,0.8433999999999999,0.028579713084633994,5,0.1768,0.02089736825535693,5,0.2024,0.03219161381478102,5,0.47640000000000005,0.15458589845131407,5,0.9484,0.022378561169118964,5
KNN,KNN_n_neighbors=21_metric=cosine,fine_sharp,0.6064,0.07067389900097483,5,0.1462,0.08003874061977738,5,0.1534,0.07913785440609315,5,0.76,0.0730376615178772,5,0.1162,0.0564331462883295,5,0.12840000000000001,0.05674768717754055,5,0.2564,0.16867216723573572,5,0.9561999999999999,0.039188008369908274,5
KNN,KNN_n_neighbors=21_metric=cosine,fine_smoky,0.7452,0.06252359554600169,5,0.40800000000000003,0.10369426213634003,5,0.395,0.09575750623319303,5,0.8938,0.022521101216414846,5,0.3306,0.07350034013526738,5,0.3794,0.2283633070350839,5,0.5067999999999999,0.13103129397208899,5,0.9842000000000001,0.009391485505499132,5
KNN,KNN_n_neighbors=21_metric=cosine,fine_soapy,0.5966,0.10036084894021173,5,0.11379999999999998,0.07001571252226176,5,0.0978,0.049951976937855025,5,0.7492,0.07065904046900152,5,0.051000000000000004,0.02676751762864835,5,0.11259999999999999,0.09609006192109566,5,0.2286,0.21854358832965107,5,0.9648,0.02859545418418813,5
KNN,KNN_n_neighbors=21_metric=cosine,fine_solvent,0.6204000000000001,0.05958439392995452,5,0.2754,0.10535558836625612,5,0.2706,0.10065187529301178,5,0.8862,0.03278261734517245,5,0.22800000000000004,0.06992138442565335,5,0.34500000000000003,0.1602170402922236,5,0.2472,0.12118456997489406,5,0.9938,0.0037013511046643565,5
KNN,KNN_n_neighbors=21_metric=cosine,fine_sour,0.6786,0.06374401932730632,5,0.3972,0.12636930006928104,5,0.395,0.1298730149030198,5,0.731,0.027991070004556817,5,0.257,0.10604951673628693,5,0.4662,0.15643433127034492,5,0.364,0.12974205177967552,5,0.9934,0.004827007354458863,5
KNN,KNN_n_neighbors=21_metric=cosine,fine_spicy,0.6704,0.027898028604186324,5,0.302,0.03094349689353159,5,0.36839999999999995,0.029177045772319048,5,0.79,0.01823458252881053,5,0.32720000000000005,0.03997123966053593,5,0.3328,0.05679524627994846,5,0.4372,0.09604790471426225,5,0.9034000000000001,0.0477210645312948,5
KNN,KNN_n_neighbors=21_metric=cosine,fine_strawberry,0.5692,0.053457459722661735,5,0.0996,0.05986902371009569,5,0.0992,0.05872563324477651,5,0.689,0.04725991959366834,5,0.0596,0.03812217202626314,5,0.08739999999999999,0.06014399388135111,5,0.1552,0.12339246330307213,5,0.9832000000000001,0.01819890106572374,5
KNN,KNN_n_neighbors=21_metric=cosine,fine_sulfurous,0.8768,0.01190378091196241,5,0.6822,0.01962651268055532,5,0.705,0.019962464777677155,5,0.9652,0.0061806148561449675,5,0.6938000000000001,0.046868966278338156,5,0.638,0.054497706373754846,5,0.7934,0.03327611756199931,5,0.9593999999999999,0.010310189135025637,5
KNN,KNN_n_neighbors=21_metric=cosine,fine_sweaty,0.6106,0.07297122720634483,5,0.1692,0.10588059312263036,5,0.16840000000000002,0.10142139813668515,5,0.7363999999999999,0.10789949026756336,5,0.0948,0.046815595692034084,5,0.14079999999999998,0.08842341318904175,5,0.23320000000000002,0.14886638304197494,5,0.9884000000000001,0.007536577472566737,5
KNN,KNN_n_neighbors=21_metric=cosine,fine_sweet,0.6632,0.02768934813244973,5,0.2962,0.05059347784052801,5,0.534,0.0295381109754838,5,0.7212,0.025955731544304445,5,0.49119999999999997,0.02837604623621832,5,0.4184,0.023426480742954114,5,0.7407999999999999,0.06432495627670493,5,0.5858,0.0394423630123754,5
KNN,KNN_n_neighbors=21_metric=cosine,fine_tea,0.5398,0.047892588153074386,5,0.0524,0.06463590333553015,5,0.060399999999999995,0.062058843044323665,5,0.6752,0.07178927496499735,5,0.0526,0.04260633755675322,5,0.044199999999999996,0.044974437183804755,5,0.0988,0.10452607330231056,5,0.9808,0.015205262246998589,5
KNN,KNN_n_neighbors=21_metric=cosine,fine_terpenic,0.693,0.1417197939597712,5,0.3068,0.1378103769677741,5,0.2822,0.14609825460969753,5,0.873,0.10390139556329359,5,0.24939999999999998,0.13897769605228028,5,0.31260000000000004,0.15150676552550385,5,0.3972,0.29378172169146266,5,0.9888,0.013026895255585686,5
KNN,KNN_n_neighbors=21_metric=cosine,fine_tobacco,0.6322,0.0919711911415743,5,0.1722,0.10476258874235592,5,0.1728,0.10176541652251024,5,0.7994,0.055890965280624726,5,0.23620000000000002,0.12462824719942105,5,0.1352,0.08936833891261492,5,0.3046,0.2172206251717364,5,0.9593999999999999,0.036773631857623196,5
KNN,KNN_n_neighbors=21_metric=cosine,fine_tomato,0.622,0.13700364958642525,5,0.1286,0.15272949944264205,5,0.11120000000000001,0.13058215804618944,5,0.7986,0.13270192161381839,5,0.18439999999999998,0.1682120685325521,5,0.0712,0.08514517015074902,5,0.2584,0.28025042372849324,5,0.9858,0.00993478736561583,5
KNN,KNN_n_neighbors=21_metric=cosine,fine_tropical,0.6786,0.03721961848273034,5,0.2938,0.052494761643424946,5,0.35,0.04710095540432273,5,0.7754000000000001,0.017572706109191046,5,0.279,0.04339930875025546,5,0.2934,0.05478412178724781,5,0.45499999999999996,0.09385094565320053,5,0.9026,0.03715238888685357,5
KNN,KNN_n_neighbors=21_metric=cosine,fine_vanilla,0.7136,0.053031122937384594,5,0.5058,0.04373442579936313,5,0.497,0.06568865959965996,5,0.8888,0.024651571957990837,5,0.5214000000000001,0.056941197739422314,5,0.636,0.13558023454766555,5,0.434,0.10916959283610067,5,0.9936,0.003646916505762111,5
KNN,KNN_n_neighbors=21_metric=cosine,fine_vegetable,0.7048,0.05188159596619982,5,0.3426,0.05986484778231715,5,0.378,0.05707451270050406,5,0.8246,0.030468016016800274,5,0.3032,0.0763360989309776,5,0.3228,0.04117887808088025,5,0.4704,0.12068471319931119,5,0.9388,0.020179197209007012,5
KNN,KNN_n_neighbors=21_metric=cosine,fine_vetiver,0.6496000000000001,0.04336242613138706,5,0.2898,0.09082235407651576,5,0.288,0.09264178322981483,5,0.7866,0.052366974325427695,5,0.15940000000000001,0.06740029673525184,5,0.3004,0.13385925444286623,5,0.30579999999999996,0.08627398217307464,5,0.9938,0.003962322551231803,5
KNN,KNN_n_neighbors=21_metric=cosine,fine_violet,0.6832,0.05614890916126513,5,0.3298,0.07847738527754348,5,0.32839999999999997,0.08231221051581594,5,0.85,0.06449806198638841,5,0.30179999999999996,0.05752564645442934,5,0.32480000000000003,0.12556950266684982,5,0.3782,0.1151920136120556,5,0.9885999999999999,0.00550454357780917,5
KNN,KNN_n_neighbors=21_metric=cosine,fine_warm,0.5178,0.0323218192557288,5,0.036,0.07317103251970686,5,0.049800000000000004,0.07451979602763283,5,0.5808,0.04527361262369064,5,0.0364,0.02018167485616593,5,0.0534,0.08693560835468975,5,0.04959999999999999,0.06923366233271211,5,0.9865999999999999,0.01054988151592239,5
KNN,KNN_n_neighbors=21_metric=cosine,fine_waxy,0.77,0.041200728148905345,5,0.4466,0.03893969696851788,5,0.4984,0.02881492668739591,5,0.8736,0.01567801007781281,5,0.47400000000000003,0.039993749511642425,5,0.4124,0.025870832997798892,5,0.64,0.10380992245445521,5,0.8998000000000002,0.024335159748807886,5
KNN,KNN_n_neighbors=21_metric=cosine,fine_weedy,0.5,0.0,5,0.0,0.0,5,0.0,0.0,5,0.5502,0.03871304689636294,5,0.011600000000000001,0.003781534080237808,5,0.0,0.0,5,0.0,0.0,5,1.0,0.0,5
KNN,KNN_n_neighbors=21_metric=cosine,fine_winey,0.6811999999999999,0.06715057706379003,5,0.317,0.05742386263566739,5,0.33859999999999996,0.0610966447523921,5,0.857,0.03096772513440403,5,0.2686,0.04691801359819063,5,0.3194,0.04144031853159432,5,0.404,0.15079953580830419,5,0.9583999999999999,0.018132843130629035,5
KNN,KNN_n_neighbors=21_metric=cosine,fine_woody,0.7674000000000001,0.02373394193976215,5,0.4838,0.026013458055398946,5,0.5552,0.02194766502386983,5,0.8526,0.023943683927081905,5,0.5756,0.039380198069588215,5,0.49960000000000004,0.05914642846360205,5,0.6384000000000001,0.07190479817091487,5,0.8964000000000001,0.02950084744545485,5
KNN,KNN_n_neighbors=21_metric=euclidean,fine_alcoholic,0.8364,0.03486115316509195,5,0.5278,0.06281878699879519,5,0.5188,0.07817096647733096,5,0.9188000000000001,0.04073941580337154,5,0.5314,0.06323606565876784,5,0.43220000000000003,0.12234050841810329,5,0.6954,0.07833773037304569,5,0.9773999999999999,0.012095453691366862,5
KNN,KNN_n_neighbors=21_metric=euclidean,fine_aldehydic,0.6712,0.026508489206290113,5,0.2592,0.08428938248676401,5,0.273,0.08521736912155879,5,0.8182,0.03846686886139811,5,0.2426,0.07508195522227692,5,0.2222,0.11223724871895246,5,0.3916,0.04187839538473268,5,0.9507999999999999,0.02263183598385246,5
KNN,KNN_n_neighbors=21_metric=euclidean,fine_alliaceous,0.7478,0.08038781002117178,5,0.42380000000000007,0.03632079294288604,5,0.4258,0.024712345093090626,5,0.9301999999999999,0.03750599952007675,5,0.4006,0.05882431470064059,5,0.3928,0.08703275245561296,5,0.5194,0.17718154531440342,5,0.9762000000000001,0.017166828478201827,5
KNN,KNN_n_neighbors=21_metric=euclidean,fine_almond,0.575,0.05844227921633451,5,0.18839999999999998,0.14801621532791598,5,0.18319999999999997,0.1269692876250001,5,0.8202,0.05010189617170191,5,0.1668,0.08739107505918438,5,0.2788,0.2831134048398274,5,0.1592,0.12003624452639296,5,0.991,0.00685565460040107,5
KNN,KNN_n_neighbors=21_metric=euclidean,fine_amber,0.6881999999999999,0.04278668017035206,5,0.37520000000000003,0.059855659715686044,5,0.377,0.05528562200066127,5,0.8827999999999999,0.017005881335585078,5,0.2986,0.05374755808406554,5,0.4088,0.1505413564440018,5,0.3906,0.09202879984005008,5,0.9856,0.009864076236526149,5
KNN,KNN_n_neighbors=21_metric=euclidean,fine_animal,0.6498,0.03562583332358698,5,0.30700000000000005,0.041713307229228405,5,0.3154,0.03835752859609181,5,0.7465999999999999,0.05920135133592815,5,0.2032,0.02700370344971223,5,0.3478,0.1057861049476726,5,0.3176,0.08034488160424408,5,0.9822,0.012235195135346242,5
KNN,KNN_n_neighbors=21_metric=euclidean,fine_anisic,0.7156,0.05021254823248866,5,0.42300000000000004,0.11071811053301082,5,0.4316,0.10999227245584117,5,0.8084,0.10665505145092753,5,0.3446,0.16503575370203877,5,0.4272,0.13090339949749205,5,0.442,0.09891157667330958,5,0.9896,0.0025099800796022425,5
KNN,KNN_n_neighbors=21_metric=euclidean,fine_apple,0.728,0.07963353564924766,5,0.39859999999999995,0.08933812176221304,5,0.4312,0.07606050223341942,5,0.884,0.021106870919205437,5,0.3912,0.05544095958765507,5,0.3882,0.058844710892313835,5,0.51,0.17320508075688773,5,0.9458,0.01914941252362586,5
KNN,KNN_n_neighbors=21_metric=euclidean,fine_apricot,0.6372,0.12615545965197064,5,0.11939999999999999,0.09004887561763333,5,0.10219999999999999,0.06917152593372507,5,0.748,0.09133181263940841,5,0.0688,0.033146643872344,5,0.0702,0.04440945845200096,5,0.33940000000000003,0.313971017770749,5,0.9343999999999999,0.06322815828410633,5
KNN,KNN_n_neighbors=21_metric=euclidean,fine_aromatic,0.5604,0.028979302959181025,5,0.0886,0.024825390228554317,5,0.1,0.02514955267991859,5,0.675,0.059941638282582824,5,0.061399999999999996,0.038095931541307665,5,0.0804,0.019539703170723958,5,0.1494,0.079254652860258,5,0.9718,0.02219684662288764,5
KNN,KNN_n_neighbors=21_metric=euclidean,fine_balsamic,0.7045999999999999,0.03428264867246987,5,0.366,0.0429709203997308,5,0.3942,0.042133122362341,5,0.8704000000000001,0.017242389625571067,5,0.4006,0.05114000391083286,5,0.38039999999999996,0.13555367940413865,5,0.4716,0.11322234761742048,5,0.9376,0.04754787061478146,5
KNN,KNN_n_neighbors=21_metric=euclidean,fine_banana,0.709,0.10316733979317291,5,0.3488,0.11002363382473784,5,0.3438,0.11929668897333237,5,0.8615999999999999,0.033864435622050486,5,0.306,0.1177030161040914,5,0.3436,0.14326304478126942,5,0.4508,0.2357810424949385,5,0.967,0.03930648801406712,5
KNN,KNN_n_neighbors=21_metric=euclidean,fine_beefy,0.6285999999999999,0.09765398097363977,5,0.1632,0.12566304150385665,5,0.1544,0.1197760410098781,5,0.8608,0.0848598845155943,5,0.1244,0.052733291192566395,5,0.11460000000000001,0.0961628826522999,5,0.27480000000000004,0.20593858307757681,5,0.9826,0.016379865689315078,5
KNN,KNN_n_neighbors=21_metric=euclidean,fine_bergamot,0.6668000000000001,0.15891098137007403,5,0.36639999999999995,0.28674431119030064,5,0.3584,0.28082788323099256,5,0.8674,0.08098950549299583,5,0.347,0.25701556373107054,5,0.425,0.30103986446980735,5,0.3358,0.3180058175568491,5,0.9978,0.0008366600265340797,5
KNN,KNN_n_neighbors=21_metric=euclidean,fine_berry,0.6412,0.034981423641698754,5,0.18719999999999998,0.019613770672667726,5,0.2028,0.022576536492562357,5,0.7434000000000001,0.04148855263804705,5,0.1204,0.022445489524623878,5,0.1518,0.033951435904833245,5,0.3564,0.1125557639572492,5,0.9258,0.04813210986441378,5
KNN,KNN_n_neighbors=21_metric=euclidean,fine_bitter,0.5496000000000001,0.03939923857132264,5,0.1396,0.11350903047775537,5,0.11560000000000001,0.08013301441977581,5,0.669,0.045127596878185294,5,0.0836,0.03877886022048611,5,0.273,0.29291551683036526,5,0.10980000000000001,0.09176982074734591,5,0.9898,0.016284962388657825,5
KNN,KNN_n_neighbors=21_metric=euclidean,fine_black currant,0.6948000000000001,0.07670202083387376,5,0.2714,0.07828984608491703,5,0.25999999999999995,0.06793747125114387,5,0.8737999999999999,0.03060555505133016,5,0.1986,0.07213043740335977,5,0.2,0.04664225552007536,5,0.40380000000000005,0.15492643415505308,5,0.986,0.006442049363362588,5
KNN,KNN_n_neighbors=21_metric=euclidean,fine_brandy,0.6407999999999999,0.09835496937115074,5,0.1682,0.13194771691848253,5,0.15699999999999997,0.12426182036329583,5,0.7706,0.1722550434675281,5,0.0736,0.054007406899424446,5,0.1102,0.09459492586814579,5,0.3036,0.19974809135508653,5,0.9785999999999999,0.014993331851193087,5
KNN,KNN_n_neighbors=21_metric=euclidean,fine_burnt,0.6362,0.07923824834005357,5,0.1964,0.07140938313695196,5,0.21680000000000002,0.05843115607276651,5,0.8248,0.03417162565638336,5,0.217,0.0560490856303651,5,0.1762,0.02833196075106699,5,0.3312,0.18568710240617145,5,0.9412,0.02843765109849967,5
KNN,KNN_n_neighbors=21_metric=euclidean,fine_buttery,0.636,0.06874590896918885,5,0.26080000000000003,0.08653727520554366,5,0.2738,0.09457113724599066,5,0.8426,0.04820062240262049,5,0.22480000000000003,0.06806394052653726,5,0.2812,0.03465833233148993,5,0.29359999999999997,0.1486398331538353,5,0.9789999999999999,0.011247221879201994,5
KNN,KNN_n_neighbors=21_metric=euclidean,fine_cabbage,0.6885999999999999,0.09275397565603319,5,0.26339999999999997,0.13559240391703364,5,0.2466,0.13801920156268113,5,0.8572,0.036941846191006794,5,0.15560000000000002,0.07384646233909922,5,0.21539999999999998,0.16905413334195646,5,0.39740000000000003,0.19049356944527027,5,0.9800000000000001,0.013322912594474224,5
KNN,KNN_n_neighbors=21_metric=euclidean,fine_camphoreous,0.7376,0.09888275886118873,5,0.3604,0.061719526893844544,5,0.356,0.05238797571962481,5,0.876,0.04325505750776433,5,0.3308,0.09907926120031375,5,0.3068,0.06688572343931104,5,0.511,0.2198590457543196,5,0.9638,0.024549949083450234,5
KNN,KNN_n_neighbors=21_metric=euclidean,fine_caramellic,0.7228,0.07575420780392336,5,0.3982,0.06658603457182294,5,0.4138,0.0812139150638608,5,0.8752000000000001,0.014411800720243133,5,0.41340000000000005,0.08350628718845068,5,0.4022,0.06646578066945424,5,0.484,0.1685704600456438,5,0.961,0.018986837546047505,5
KNN,KNN_n_neighbors=21_metric=euclidean,fine_cedar,0.6698000000000001,0.09356388192032222,5,0.29359999999999997,0.14512856369440164,5,0.28700000000000003,0.13907012619538386,5,0.8855999999999999,0.06336244944760264,5,0.2136,0.11482943873415039,5,0.28359999999999996,0.17842729611805472,5,0.3508,0.1868574322846164,5,0.9892,0.006870225614927028,5
KNN,KNN_n_neighbors=21_metric=euclidean,fine_celery,0.6078,0.1260265844970814,5,0.1242,0.13302518558528684,5,0.11280000000000001,0.11542400097033545,5,0.657,0.13147813506435202,5,0.0644,0.04692866927582755,5,0.08,0.07913279977354523,5,0.22799999999999998,0.264046397438026,5,0.9879999999999999,0.01272792206135787,5
KNN,KNN_n_neighbors=21_metric=euclidean,fine_chamomile,0.6394,0.11700341875347063,5,0.2718,0.07935489902961256,5,0.2334,0.04683801874545933,5,0.842,0.04105484137102466,5,0.24900000000000003,0.09507628516091698,5,0.39,0.3466907844174691,5,0.2864,0.24405183875562173,5,0.993,0.010723805294763628,5
KNN,KNN_n_neighbors=21_metric=euclidean,fine_cheesy,0.7182000000000001,0.04654782486862305,5,0.3762,0.049575195410608314,5,0.3968,0.04594235518560189,5,0.8747999999999999,0.02357328996979423,5,0.4048,0.1201653028124175,5,0.3484,0.03197342646636422,5,0.471,0.0998649087517732,5,0.9654,0.0077974354758471275,5
KNN,KNN_n_neighbors=21_metric=euclidean,fine_cherry,0.548,0.02830194339616985,5,0.17,0.13642030640634112,5,0.14579999999999999,0.09140678311810344,5,0.8074,0.019411336893681456,5,0.138,0.04220781918081057,5,0.3436,0.38311721443965424,5,0.1008,0.05748217114897453,5,0.9958,0.00370135110466435,5
KNN,KNN_n_neighbors=21_metric=euclidean,fine_chocolate,0.649,0.09079922907161711,5,0.22820000000000001,0.09060739484170152,5,0.22400000000000003,0.08537856873946763,5,0.8326,0.03809593154130766,5,0.1318,0.0484221023913667,5,0.1986,0.04846441993875509,5,0.3156,0.19452197819269676,5,0.983,0.013038404810405309,5
KNN,KNN_n_neighbors=21_metric=euclidean,fine_cinnamon,0.6900000000000001,0.1238002423260956,5,0.2536,0.1531724518312611,5,0.24,0.14426191458593635,5,0.86,0.028026772914483074,5,0.2706,0.1017167636134772,5,0.1856,0.12934179525582595,5,0.4018,0.2614128918014565,5,0.9782,0.017810109488714566,5
KNN,KNN_n_neighbors=21_metric=euclidean,fine_citrus,0.7144,0.0317694822117075,5,0.4086,0.024192974186734453,5,0.4518,0.02682722497762301,5,0.8624,0.017198837169994978,5,0.396,0.027064737205448722,5,0.4366,0.0455280133544173,5,0.4812,0.07877309185248474,5,0.9474,0.01628803241647066,5
KNN,KNN_n_neighbors=21_metric=euclidean,fine_clean,0.5843999999999999,0.07545395947198529,5,0.1482,0.13761613277519463,5,0.15560000000000002,0.1398795910774692,5,0.7128,0.06564830538559244,5,0.0936,0.06995570026809825,5,0.15760000000000002,0.14506998311160033,5,0.1972,0.16626093948970697,5,0.9724,0.04048826990623331,5
KNN,KNN_n_neighbors=21_metric=euclidean,fine_clove,0.6622,0.09512202689177723,5,0.2858,0.06275906309052103,5,0.2784,0.047294820012343836,5,0.874,0.06801470429252782,5,0.2544,0.016318700928689152,5,0.27799999999999997,0.038032880511473244,5,0.33120000000000005,0.19390899927543334,5,0.9938,0.004086563348340477,5
KNN,KNN_n_neighbors=21_metric=euclidean,fine_cocoa,0.7242,0.07716994233508279,5,0.3568,0.08264804897878715,5,0.363,0.07024243731534377,5,0.8298,0.06876554369740707,5,0.259,0.08182297965730653,5,0.30060000000000003,0.04982268559602142,5,0.475,0.1587844450820042,5,0.9730000000000001,0.0067453687816159845,5
KNN,KNN_n_neighbors=21_metric=euclidean,fine_coconut,0.694,0.10376656494266347,5,0.36419999999999997,0.11224838528905438,5,0.35219999999999996,0.11313354940069723,5,0.8526,0.025530374066981516,5,0.36920000000000003,0.14905938413934225,5,0.3992,0.17830787980344556,5,0.4034,0.22162197544467468,5,0.9852000000000001,0.016634301909007203,5
KNN,KNN_n_neighbors=21_metric=euclidean,fine_coffee,0.6766,0.05618540735813884,5,0.39180000000000004,0.05433415132308593,5,0.3928,0.0729739679611846,5,0.9126,0.029585469406450175,5,0.33599999999999997,0.02878367592924852,5,0.46699999999999997,0.06560868844901561,5,0.364,0.11639372835337822,5,0.9902,0.004324349662087934,5
KNN,KNN_n_neighbors=21_metric=euclidean,fine_cognac,0.7698,0.05962549790148505,5,0.42140000000000005,0.10689855003693924,5,0.4206,0.10970095715170398,5,0.8862,0.05736462324464444,5,0.3746,0.13008574095572506,5,0.3468,0.12331139444512014,5,0.5668,0.12004874010167704,5,0.9728,0.013065221008463683,5
KNN,KNN_n_neighbors=21_metric=euclidean,fine_cooked,0.6359999999999999,0.07340980860893179,5,0.2002,0.09151885051725682,5,0.2044,0.0895979910489069,5,0.749,0.03771604433129224,5,0.1186,0.04636054356885821,5,0.1704,0.08194693404880991,5,0.30219999999999997,0.16090742680187264,5,0.97,0.02219234102117213,5
KNN,KNN_n_neighbors=21_metric=euclidean,fine_cooling,0.722,0.07117935093831634,5,0.2584,0.07529475413333919,5,0.2394,0.06417398226695925,5,0.8358000000000001,0.040164661084092314,5,0.18180000000000002,0.07472415941313759,5,0.16099999999999998,0.04505552130427524,5,0.487,0.14898993254579318,5,0.9568,0.018512158166999308,5
KNN,KNN_n_neighbors=21_metric=euclidean,fine_cortex,0.5164,0.0477001048216878,5,0.0214,0.052785414652155575,5,0.029800000000000004,0.049851780309232686,5,0.6618,0.06966132355905968,5,0.0354,0.02395412281842105,5,0.0198,0.033364651953826825,5,0.060399999999999995,0.10020129739679023,5,0.9724,0.026197328108034226,5
KNN,KNN_n_neighbors=21_metric=euclidean,fine_coumarinic,0.6292,0.09531369261548937,5,0.1916,0.10931056673533442,5,0.1726,0.10426073086258315,5,0.8396000000000001,0.034486229135699924,5,0.1346,0.04577444702014433,5,0.196,0.18885444130334877,5,0.2774,0.2096432684347389,5,0.9812,0.020583974348992982,5
KNN,KNN_n_neighbors=21_metric=euclidean,fine_creamy,0.6354,0.03796445706183614,5,0.21280000000000002,0.07627712632237792,5,0.236,0.07591771861693422,5,0.744,0.03543303543305318,5,0.19519999999999998,0.03215120526512187,5,0.20740000000000003,0.11202365821557517,5,0.33599999999999997,0.09972462083156797,5,0.9349999999999999,0.03905124837953323,5
KNN,KNN_n_neighbors=21_metric=euclidean,fine_cucumber,0.6834,0.05646503342777722,5,0.364,0.15076637556166161,5,0.3508,0.16508997546792475,5,0.9,0.07526951574176625,5,0.3388,0.1273114291805728,5,0.4136,0.233679909277627,5,0.3774,0.11976142951718638,5,0.9898,0.014532721699667975,5
KNN,KNN_n_neighbors=21_metric=euclidean,fine_dairy,0.6502,0.10824370651451289,5,0.2892,0.16024418866217896,5,0.2908,0.15274717673331967,5,0.7986,0.10062703414093056,5,0.2084,0.10103365775819463,5,0.3274,0.20138843065081968,5,0.3198,0.22173114350492135,5,0.9810000000000001,0.010368220676663868,5
KNN,KNN_n_neighbors=21_metric=euclidean,fine_dry,0.5708,0.022687000683210584,5,0.1162,0.024953957601951637,5,0.1472,0.025907527863538036,5,0.7086,0.06594922289155498,5,0.0994,0.032004687156727524,5,0.1272,0.02431460466468661,5,0.1888,0.05926381695436094,5,0.9523999999999999,0.01795271567200907,5
KNN,KNN_n_neighbors=21_metric=euclidean,fine_earthy,0.6414,0.03864324002979046,5,0.2742,0.04676216419286003,5,0.319,0.04868778080791934,5,0.7224,0.0518681019510065,5,0.2318,0.03502427729447106,5,0.3176,0.04566508513076487,5,0.3336,0.09121567847689341,5,0.9486000000000001,0.016652327164693777,5
KNN,KNN_n_neighbors=21_metric=euclidean,fine_ethereal,0.7767999999999999,0.04452190472115946,5,0.5062,0.0511488025275275,5,0.5276,0.04403748403349127,5,0.8914,0.027745269867132327,5,0.5292,0.0720395724584759,5,0.5004,0.12760995258991362,5,0.5942000000000001,0.10432018021456826,5,0.9593999999999999,0.019086644545335894,5
KNN,KNN_n_neighbors=21_metric=euclidean,fine_fatty,0.7554000000000001,0.012501999840025623,5,0.4934,0.026857028875138064,5,0.5564,0.02176694742034349,5,0.8398,0.014956603892595401,5,0.517,0.046243918519087435,5,0.5349999999999999,0.03006659275674582,5,0.58,0.02136586061922148,5,0.9308,0.007918333157931631,5
KNN,KNN_n_neighbors=21_metric=euclidean,fine_fermented,0.666,0.030536862969204923,5,0.3932,0.05972185529603045,5,0.4004,0.05801982419828589,5,0.8305999999999999,0.022766203021145185,5,0.361,0.03116889475101738,5,0.489,0.07563398706930634,5,0.3432,0.06100573743509703,5,0.9888,0.004604345773288537,5
KNN,KNN_n_neighbors=21_metric=euclidean,fine_fishy,0.6778000000000001,0.060495454374688375,5,0.46240000000000003,0.1266187189952576,5,0.445,0.1271436195803785,5,0.8130000000000001,0.03899358921669044,5,0.3584,0.13203143565075706,5,0.6282,0.18029198540145927,5,0.36,0.12151748845330866,5,0.9960000000000001,0.003999999999999997,5
KNN,KNN_n_neighbors=21_metric=euclidean,fine_floral,0.7516,0.0190341797826962,5,0.45,0.027586228448267452,5,0.5826,0.020659138413786735,5,0.8356,0.017155174146594957,5,0.5592,0.03357379930838924,5,0.497,0.019710403344426992,5,0.7064,0.0484282975129211,5,0.7972,0.017824140933015542,5
KNN,KNN_n_neighbors=21_metric=euclidean,fine_fresh,0.6454,0.04505885040699558,5,0.2274,0.02607297451385246,5,0.3084,0.026782456944798784,5,0.7386,0.013464768843169933,5,0.248,0.011575836902790224,5,0.2572,0.051828563553314874,5,0.466,0.17975399856470511,5,0.8246,0.09236774328736196,5
KNN,KNN_n_neighbors=21_metric=euclidean,fine_fruit skin,0.585,0.10065783625729292,5,0.0852,0.10161053095029077,5,0.0786,0.08643957427012236,5,0.716,0.06744627491566899,5,0.054200000000000005,0.03396615962984335,5,0.0508,0.056086540274828865,5,0.1966,0.22359405179923728,5,0.9738,0.025430296891699844,5
KNN,KNN_n_neighbors=21_metric=euclidean,fine_fruity,0.7508,0.014411800720243085,5,0.49260000000000004,0.027808272150567023,5,0.6966,0.021524404753674294,5,0.8336,0.008619744775804019,5,0.7558,0.010059821071967456,5,0.655,0.02353720459187966,5,0.7452,0.04264621905866921,5,0.7564,0.03041874422128571,5
KNN,KNN_n_neighbors=21_metric=euclidean,fine_garlic,0.8116,0.06390070422147162,5,0.539,0.048687780807919336,5,0.54,0.044927719728470546,5,0.9528000000000001,0.01927952281567156,5,0.5314,0.08824567978093883,5,0.4854,0.07997061960495243,5,0.6407999999999999,0.13468184732917796,5,0.9818,0.00816700679563818,5
KNN,KNN_n_neighbors=21_metric=euclidean,fine_gassy,0.6058,0.14748457546469054,5,0.13740000000000002,0.18205988025921582,5,0.12999999999999998,0.16378186712820195,5,0.7982,0.16956326253053755,5,0.1222,0.09494050768770937,5,0.0972,0.12182446388143885,5,0.225,0.2975281499287084,5,0.9872,0.015319921670818047,5
KNN,KNN_n_neighbors=21_metric=euclidean,fine_geranium,0.5934,0.05728263262106588,5,0.1774,0.10500619029371552,5,0.18039999999999998,0.10392689738465206,5,0.8516,0.0569324160737975,5,0.11040000000000001,0.02623547217032696,5,0.1878,0.1347004083141547,5,0.196,0.11914906629932104,5,0.9907999999999999,0.006260990336999394,5
KNN,KNN_n_neighbors=21_metric=euclidean,fine_grape,0.635,0.03177262973063453,5,0.38239999999999996,0.04770010482168776,5,0.35860000000000003,0.048112368472150696,5,0.7796,0.06387331211077125,5,0.3036,0.047705345612415385,5,0.5778000000000001,0.16105961629160798,5,0.2746,0.06613471100715569,5,0.9955999999999999,0.003209361307176249,5
KNN,KNN_n_neighbors=21_metric=euclidean,fine_grapefruit,0.649,0.07708436936240701,5,0.2762,0.08375380588367312,5,0.2696,0.10072139792516784,5,0.8221999999999999,0.05700614002017676,5,0.223,0.07900316449358216,5,0.308,0.1246053770910389,5,0.3116,0.16076940007352145,5,0.9865999999999999,0.008414273587185087,5
KNN,KNN_n_neighbors=21_metric=euclidean,fine_grassy,0.5048,0.014342245291445843,5,0.008799999999999999,0.024066574330386118,5,0.0186,0.027727242920997392,5,0.667,0.06128213442758011,5,0.038400000000000004,0.02065913841378677,5,0.0156,0.02561835279638408,5,0.028800000000000003,0.03959419149319759,5,0.9809999999999999,0.02200000000000006,5
KNN,KNN_n_neighbors=21_metric=euclidean,fine_green,0.7172,0.020474374227311583,5,0.4032,0.03197968104906614,5,0.5946,0.028005356630473384,5,0.7914000000000001,0.021030929603800236,5,0.6232,0.02647073856166469,5,0.5102,0.025312052465179494,5,0.7208,0.08924796916456983,5,0.7134,0.05823057616063918,5
KNN,KNN_n_neighbors=21_metric=euclidean,fine_hawthorn,0.6788000000000001,0.20759865124802712,5,0.1966,0.1944422793530255,5,0.1704,0.15701847025111407,5,0.8422000000000001,0.17458579552758577,5,0.2132,0.1729731192989246,5,0.12079999999999999,0.11118093361723493,5,0.3684,0.4220009478662341,5,0.9896,0.008203657720797503,5
KNN,KNN_n_neighbors=21_metric=euclidean,fine_hay,0.5492,0.05303489417355331,5,0.0728,0.08157021515234589,5,0.0846,0.08069262667679122,5,0.6974,0.07786398397205221,5,0.0526,0.021019038988498023,5,0.065,0.06426118579671558,5,0.1224,0.10737457799684243,5,0.976,0.015732132722552288,5
KNN,KNN_n_neighbors=21_metric=euclidean,fine_hazelnut,0.744,0.06529931086925803,5,0.3468,0.06688572343931101,5,0.3316,0.0841564020143447,5,0.8705999999999999,0.07364305805709047,5,0.2802,0.10756486415182237,5,0.267,0.08894942383174835,5,0.5067999999999999,0.143597353736063,5,0.9818,0.015254507530562903,5
KNN,KNN_n_neighbors=21_metric=euclidean,fine_herbal,0.655,0.02413503677229435,5,0.278,0.03590960874195095,5,0.3954,0.03158005699804862,5,0.7414,0.027107194616927833,5,0.3418,0.02823473038652929,5,0.3516,0.056914848677651744,5,0.48460000000000003,0.12269596570384864,5,0.8256,0.09432019932124826,5
KNN,KNN_n_neighbors=21_metric=euclidean,fine_honey,0.6599999999999999,0.06853831045481061,5,0.2854,0.05664185731418065,5,0.2976,0.055581471732943546,5,0.8178000000000001,0.015254507530562848,5,0.2354,0.07605458566056356,5,0.29359999999999997,0.07084348946798147,5,0.3514,0.15783313973940957,5,0.9688000000000001,0.02328518842526294,5
KNN,KNN_n_neighbors=21_metric=euclidean,fine_hyacinth,0.5854,0.09160949732424038,5,0.1836,0.12591385944366887,5,0.1494,0.1204960580268085,5,0.8438000000000001,0.04057339029462535,5,0.1496,0.03895253521916128,5,0.3432,0.38907801274294596,5,0.1786,0.1917454041170218,5,0.9924,0.009939818911831337,5
KNN,KNN_n_neighbors=21_metric=euclidean,fine_jasmin,0.6528,0.0993866188176255,5,0.2746,0.15840864875378494,5,0.25379999999999997,0.12539218476444214,5,0.8164,0.05371498859722487,5,0.3142,0.0824542297277708,5,0.343,0.37382081268971634,5,0.3298,0.21289598399218335,5,0.9753999999999999,0.019501282009139833,5
KNN,KNN_n_neighbors=21_metric=euclidean,fine_juicy,0.5466,0.10024869076451823,5,0.0416,0.08576596061375398,5,0.0452,0.062295264667549165,5,0.6724,0.08007683809941553,5,0.0334,0.027153268679847735,5,0.0268,0.03702971779530597,5,0.1498,0.20525642499079047,5,0.9434000000000001,0.02545191544854727,5
KNN,KNN_n_neighbors=21_metric=euclidean,fine_ketonic,0.7298,0.09786316978312114,5,0.4034,0.15149191397563105,5,0.40380000000000005,0.1480412104787042,5,0.9038,0.05843971252496026,5,0.2878,0.09886708248957282,5,0.3634,0.12545835962581373,5,0.4678,0.19606937547715092,5,0.9924,0.0018165902124584875,5
KNN,KNN_n_neighbors=21_metric=euclidean,fine_lactonic,0.756,0.10127437978087052,5,0.3228,0.06360581734401342,5,0.3014,0.06429463430178291,5,0.858,0.07943550843294202,5,0.2152,0.06731790252228599,5,0.22240000000000001,0.06257235811442621,5,0.5384,0.21354226747882962,5,0.9736,0.01301153334545932,5
KNN,KNN_n_neighbors=21_metric=euclidean,fine_lavender,0.6876,0.15106885847189025,5,0.2546,0.13491219366684393,5,0.22679999999999997,0.12515470426635988,5,0.7732,0.1560150633753036,5,0.2124,0.1363425832232909,5,0.22480000000000003,0.09510888496875568,5,0.3886,0.308535735369503,5,0.9874,0.012361229712289958,5
KNN,KNN_n_neighbors=21_metric=euclidean,fine_leafy,0.5818000000000001,0.052241745759497735,5,0.1648,0.057399477349536904,5,0.1726,0.056016069123065046,5,0.6838,0.052246530985319964,5,0.09380000000000001,0.026817904466978775,5,0.21680000000000002,0.10026066028108932,5,0.18619999999999998,0.11545865060704633,5,0.9772000000000001,0.015562776101968458,5
KNN,KNN_n_neighbors=21_metric=euclidean,fine_leathery,0.6214000000000001,0.06578221644183174,5,0.2566,0.17836002915451654,5,0.261,0.17070002929115158,5,0.7304,0.060920439919619714,5,0.1562,0.135309644889047,5,0.2866,0.24111573984292273,5,0.2512,0.1304250742763829,5,0.9916,0.005319774431308161,5
KNN,KNN_n_neighbors=21_metric=euclidean,fine_lemon,0.661,0.08470832308575114,5,0.22559999999999997,0.08473075002618588,5,0.2226,0.0763236529524105,5,0.8301999999999999,0.05378847460190706,5,0.14379999999999998,0.05390454526289968,5,0.1824,0.09087794011750047,5,0.34900000000000003,0.18061561394298112,5,0.9730000000000001,0.013472193585307492,5
KNN,KNN_n_neighbors=21_metric=euclidean,fine_lily,0.6849999999999999,0.08181381301467376,5,0.2204,0.0741977088595059,5,0.20700000000000002,0.05721887800367988,5,0.7868,0.04959536268644477,5,0.124,0.06265381073805487,5,0.1416,0.030046630426721725,5,0.40440000000000004,0.1770883960060625,5,0.9655999999999999,0.013831124321616104,5
KNN,KNN_n_neighbors=21_metric=euclidean,fine_malty,0.52,0.04472135954999578,5,0.0892,0.19945726359298124,5,0.0666,0.14892212730148602,5,0.8182,0.06039619193293566,5,0.41579999999999995,0.0840368966585511,5,0.2,0.4472135954999579,5,0.04,0.0894427190999916,5,1.0,0.0,5
KNN,KNN_n_neighbors=21_metric=euclidean,fine_meaty,0.7704000000000001,0.05172330229210038,5,0.4756,0.048997959141172415,5,0.5024,0.04811756436063658,5,0.905,0.021307275752662502,5,0.45999999999999996,0.052716221412388825,5,0.45099999999999996,0.05020458146424487,5,0.5882,0.11501391220195932,5,0.9523999999999999,0.0159467865101405,5
KNN,KNN_n_neighbors=21_metric=euclidean,fine_medicinal,0.6732,0.0473782650589909,5,0.3294,0.06012320683396719,5,0.3332,0.05531003525581953,5,0.8346,0.03870788033462952,5,0.246,0.04504442251822083,5,0.3338,0.10024071029277476,5,0.358,0.09831327479033544,5,0.9890000000000001,0.0050000000000000044,5
KNN,KNN_n_neighbors=21_metric=euclidean,fine_melon,0.7026,0.07298835523561278,5,0.3064,0.02631159440246828,5,0.3022,0.027031463149448633,5,0.8246,0.0402715780669196,5,0.2274,0.05927309676404634,5,0.274,0.10154555627894311,5,0.4434,0.16512510408777945,5,0.9616,0.01981918262694003,5
KNN,KNN_n_neighbors=21_metric=euclidean,fine_metallic,0.6238,0.07300479436311019,5,0.1456,0.07870387538107637,5,0.1524,0.07418423013012941,5,0.7032,0.08368213668400207,5,0.0982,0.04089254210733297,5,0.11200000000000002,0.052758885507561665,5,0.31779999999999997,0.19132354794954018,5,0.9292,0.054929045140071374,5
KNN,KNN_n_neighbors=21_metric=euclidean,fine_milky,0.5654,0.06677424653262665,5,0.15,0.1509486667711908,5,0.127,0.11700854669638454,5,0.7202,0.05948277061469144,5,0.11479999999999999,0.05710691726927658,5,0.2644,0.4192115217882256,5,0.14079999999999998,0.14588934162576786,5,0.9904,0.013145341380124003,5
KNN,KNN_n_neighbors=21_metric=euclidean,fine_mint,0.7378,0.06516670929239869,5,0.3722,0.041877201434670865,5,0.38639999999999997,0.035599157293396674,5,0.8576,0.02843940927656551,5,0.3714,0.056721248223218786,5,0.32720000000000005,0.08275989366837055,5,0.5346,0.15940765351764014,5,0.9411999999999999,0.031649644547767024,5
KNN,KNN_n_neighbors=21_metric=euclidean,fine_muguet,0.5698000000000001,0.08660080831031539,5,0.11299999999999999,0.1268483346362892,5,0.11879999999999999,0.12228123322897917,5,0.7824,0.08229398519940567,5,0.14100000000000001,0.09294353124343835,5,0.1018,0.09395317982910424,5,0.1508,0.17615107152668702,5,0.9892,0.007563068160475618,5
KNN,KNN_n_neighbors=21_metric=euclidean,fine_mushroom,0.6198,0.03146744349323601,5,0.2332,0.05632672545071301,5,0.23159999999999997,0.04895201732308894,5,0.8272,0.05788955000688811,5,0.20339999999999997,0.03920841746360085,5,0.2806,0.17671813715632018,5,0.26480000000000004,0.09275613187277701,5,0.9747999999999999,0.030103155980727315,5
KNN,KNN_n_neighbors=21_metric=euclidean,fine_musk,0.7668,0.08267829219329578,5,0.595,0.11879604370516718,5,0.5936,0.12781353605937046,5,0.8672000000000001,0.04264035647130544,5,0.5673999999999999,0.12198483512305942,5,0.6824,0.06463977103919849,5,0.5384,0.16557415257219343,5,0.9952,0.0013038404810405424,5
KNN,KNN_n_neighbors=21_metric=euclidean,fine_musty,0.6248,0.04511319097558936,5,0.146,0.03714162085854627,5,0.1706,0.032730719515464364,5,0.705,0.020112185361118782,5,0.11440000000000002,0.024764894508154077,5,0.11839999999999999,0.022367386973001568,5,0.37360000000000004,0.14620123118496642,5,0.876,0.06903984356876831,5
KNN,KNN_n_neighbors=21_metric=euclidean,fine_natural,0.5359999999999999,0.049709154086546255,5,0.0324,0.051607170044481225,5,0.0432,0.04559276258355047,5,0.6336,0.05959697978924772,5,0.026600000000000002,0.007797435475847171,5,0.0268,0.027941009287425534,5,0.1142,0.12731142918057278,5,0.958,0.02836370920736563,5
KNN,KNN_n_neighbors=21_metric=euclidean,fine_nutty,0.7045999999999999,0.021243822631532204,5,0.4168,0.029743906939069045,5,0.4566,0.026434825514839305,5,0.8268000000000001,0.016813684902483476,5,0.40540000000000004,0.027190071717448624,5,0.4706,0.05942474232169628,5,0.4514,0.050998039177991936,5,0.9581999999999999,0.012377398757412663,5
KNN,KNN_n_neighbors=21_metric=euclidean,fine_odorless,0.8751999999999999,0.03947404210364068,5,0.6798,0.07292598988015178,5,0.6898,0.07004784079470257,5,0.9254,0.02850964748992869,5,0.7375999999999999,0.08137137088681744,5,0.6262000000000001,0.07282307326665083,5,0.77,0.07582875444051554,5,0.9805999999999999,0.004979959839195473,5
KNN,KNN_n_neighbors=21_metric=euclidean,fine_oily,0.6814,0.02663268668384768,5,0.32599999999999996,0.0247991935352745,5,0.3794,0.019856988694160065,5,0.7996000000000001,0.011991663771136992,5,0.32599999999999996,0.023674881203503424,5,0.3456,0.044629586599026425,5,0.43479999999999996,0.06801249885131408,5,0.9280000000000002,0.02082066281365698,5
KNN,KNN_n_neighbors=21_metric=euclidean,fine_onion,0.7718,0.04888455788896939,5,0.524,0.05000999900019993,5,0.5356,0.048355971709810576,5,0.9388,0.010616025621672132,5,0.5868,0.05240896869811501,5,0.532,0.10065038499677986,5,0.5634,0.10422715577046131,5,0.9804,0.009289779329994877,5
KNN,KNN_n_neighbors=21_metric=euclidean,fine_orange,0.6517999999999999,0.0765780647444162,5,0.20339999999999997,0.07381260055031255,5,0.2052,0.061924954582139174,5,0.8433999999999999,0.03744061965299182,5,0.1714,0.05785585536486347,5,0.1568,0.0577295418308512,5,0.34459999999999996,0.1660761873358128,5,0.9593999999999999,0.02024351748091225,5
KNN,KNN_n_neighbors=21_metric=euclidean,fine_orangeflower,0.7346,0.10910224562308513,5,0.3,0.13398507379555383,5,0.27599999999999997,0.12354958518748656,5,0.8392,0.055648000862564696,5,0.2638,0.13980414872241811,5,0.2016,0.09686227335758747,5,0.48279999999999995,0.21799931192551963,5,0.9864,0.004335896677735765,5
KNN,KNN_n_neighbors=21_metric=euclidean,fine_orris,0.6278,0.06247159354458631,5,0.2616,0.14208729710991055,5,0.2684,0.1399796413768802,5,0.7976,0.050446010744160885,5,0.1794,0.05036169179048695,5,0.28040000000000004,0.16603854974071536,5,0.26480000000000004,0.12330125709010432,5,0.9911999999999999,0.0037013511046643994,5
KNN,KNN_n_neighbors=21_metric=euclidean,fine_ozone,0.54,0.039742923898475294,5,0.054000000000000006,0.054584796418050335,5,0.0496,0.052175664825663694,5,0.6936,0.07654606456245808,5,0.055400000000000005,0.03162751966247116,5,0.0548,0.08325082582172984,5,0.0916,0.09248945885883429,5,0.9885999999999999,0.013885243966167811,5
KNN,KNN_n_neighbors=21_metric=euclidean,fine_peach,0.6274,0.10202107625388003,5,0.19619999999999999,0.11392629196107455,5,0.187,0.10766150658429409,5,0.7904,0.05388227909062495,5,0.1672,0.030962881002904105,5,0.20220000000000002,0.16137440937149855,5,0.2822,0.23410724038354727,5,0.9725999999999999,0.03348581789355011,5
KNN,KNN_n_neighbors=21_metric=euclidean,fine_pear,0.744,0.08798011138888154,5,0.3468,0.054723852203586686,5,0.33440000000000003,0.04738459665334294,5,0.866,0.03657868231634379,5,0.28040000000000004,0.022423202269078325,5,0.2852,0.10297184081097124,5,0.5294,0.19332304570329942,5,0.9583999999999999,0.01944993573254166,5
KNN,KNN_n_neighbors=21_metric=euclidean,fine_phenolic,0.7068000000000001,0.05535973265831402,5,0.4598,0.11410828190801928,5,0.4702,0.110910774949957,5,0.8878,0.03964467177313998,5,0.488,0.10814573500605561,5,0.54,0.14540288855452627,5,0.4288,0.11282375636363115,5,0.9852000000000001,0.010473776778220936,5
KNN,KNN_n_neighbors=21_metric=euclidean,fine_pine,0.7248,0.07384917061145642,5,0.4218,0.06617552417623905,5,0.42000000000000004,0.06682439674250715,5,0.9122,0.07046772310781724,5,0.3558,0.10479360667521659,5,0.42400000000000004,0.10034191546906007,5,0.4598,0.15308233078967673,5,0.9898,0.005974947698515886,5
KNN,KNN_n_neighbors=21_metric=euclidean,fine_pineapple,0.6622,0.04263449307778853,5,0.31799999999999995,0.041273478166977885,5,0.3376,0.041506625977065406,5,0.8732,0.03607214992206593,5,0.3256,0.0656757184962601,5,0.35540000000000005,0.09793007709585447,5,0.355,0.09798979538707078,5,0.9692000000000001,0.01543372929657639,5
KNN,KNN_n_neighbors=21_metric=euclidean,fine_plum,0.5980000000000001,0.07311292635368932,5,0.09240000000000001,0.06596817414481017,5,0.08480000000000001,0.05254236386003203,5,0.7344,0.05225705693970909,5,0.058600000000000006,0.01614930339054908,5,0.0522,0.0313878957561669,5,0.23700000000000002,0.16714963356226661,5,0.9593999999999999,0.022589820716420062,5
KNN,KNN_n_neighbors=21_metric=euclidean,fine_popcorn,0.6938,0.13713023007345979,5,0.371,0.13808873958437015,5,0.341,0.10563616804863758,5,0.9161999999999999,0.0649823052838232,5,0.4071999999999999,0.1874425245241858,5,0.43979999999999997,0.3146922305999943,5,0.393,0.2788323869280611,5,0.9945999999999999,0.004929503017546456,5
KNN,KNN_n_neighbors=21_metric=euclidean,fine_potato,0.6594,0.15610028827647945,5,0.1716,0.17183364047822533,5,0.151,0.14700170067043444,5,0.8286,0.07670919110510814,5,0.1812,0.11781213859361013,5,0.0986,0.09696803597062281,5,0.3376,0.3240606424729791,5,0.9818,0.013311649033835003,5
KNN,KNN_n_neighbors=21_metric=euclidean,fine_powdery,0.6234,0.06985914399704596,5,0.189,0.05973273809227231,5,0.20620000000000002,0.05444905876137806,5,0.7922,0.03769217425408087,5,0.161,0.05438749856354859,5,0.18319999999999997,0.050702070963620414,5,0.296,0.16759027418081276,5,0.9506,0.031730111881302876,5
KNN,KNN_n_neighbors=21_metric=euclidean,fine_pungent,0.6578,0.03475197836095087,5,0.3156,0.03951328890386118,5,0.33540000000000003,0.031389488686501425,5,0.8356,0.027125633633152284,5,0.3246,0.03906148998694239,5,0.3556,0.102397753881616,5,0.34540000000000004,0.08313422881100181,5,0.9705999999999999,0.01514265498517352,5
KNN,KNN_n_neighbors=21_metric=euclidean,fine_radish,0.6584,0.05826062134924414,5,0.49420000000000003,0.07753192890674138,5,0.437,0.11070682002478438,5,0.7998000000000001,0.07392360921924737,5,0.33399999999999996,0.11841241488965588,5,0.8308,0.18116760196017392,5,0.3176,0.11717636280410823,5,0.999,0.0012247448713916108,5
KNN,KNN_n_neighbors=21_metric=euclidean,fine_raspberry,0.5498000000000001,0.03392196928245762,5,0.0842,0.06851058312406924,5,0.0794,0.06368123742516314,5,0.6374,0.07942480720782395,5,0.0364,0.027537247502246846,5,0.10540000000000001,0.13561821411595126,5,0.11500000000000002,0.07790699583477725,5,0.9841999999999999,0.01670927885936437,5
KNN,KNN_n_neighbors=21_metric=euclidean,fine_ripe,0.609,0.0841754120869034,5,0.11379999999999998,0.08220218975185516,5,0.1096,0.07418423013012941,5,0.7498,0.07178230979844545,5,0.0664,0.025744902408049632,5,0.08420000000000001,0.04794997393117123,5,0.2806,0.21277053367419088,5,0.9376,0.06262427644292587,5
KNN,KNN_n_neighbors=21_metric=euclidean,fine_roasted,0.7852,0.0252329150119442,5,0.4716,0.022367386973001543,5,0.499,0.020359273071502353,5,0.9144,0.02273323558141255,5,0.4486,0.03544432253549221,5,0.41740000000000005,0.03985975413872997,5,0.6284,0.0595004201665837,5,0.9416,0.013612494260788466,5
KNN,KNN_n_neighbors=21_metric=euclidean,fine_rose,0.7198,0.05559406443137613,5,0.36760000000000004,0.062440371555588944,5,0.40359999999999996,0.06325582977085988,5,0.8629999999999999,0.027640549922170524,5,0.38180000000000003,0.05791113882492729,5,0.3514,0.06562240471058645,5,0.5134000000000001,0.138073531134682,5,0.9259999999999999,0.04099390198553921,5
KNN,KNN_n_neighbors=21_metric=euclidean,fine_rummy,0.6326,0.06874081756860329,5,0.2612,0.08816575298833443,5,0.2656,0.09328611901027935,5,0.819,0.044039754767709605,5,0.23820000000000002,0.12198032628256082,5,0.28500000000000003,0.06977463722585736,5,0.2774,0.1442161572085458,5,0.9878,0.0062609903369993825,5
KNN,KNN_n_neighbors=21_metric=euclidean,fine_sandalwood,0.6988,0.1300103842006476,5,0.34340000000000004,0.15241817476928401,5,0.335,0.14696598245852677,5,0.8922000000000001,0.05958775041902488,5,0.26,0.08689649014776142,5,0.31980000000000003,0.07298424487517836,5,0.404,0.26200954181098063,5,0.9944,0.0026076809620810748,5
KNN,KNN_n_neighbors=21_metric=euclidean,fine_savory,0.7302,0.03303331651530015,5,0.31179999999999997,0.018267457403809674,5,0.3094,0.02439877046082443,5,0.8276,0.02690353136671837,5,0.1794,0.01947562579225634,5,0.22820000000000001,0.040702579770820424,5,0.5076,0.08072360249641986,5,0.9526,0.01583666631586329,5
KNN,KNN_n_neighbors=21_metric=euclidean,fine_sharp,0.595,0.06050206608042405,5,0.13820000000000002,0.10048731263199351,5,0.1482,0.101462801065218,5,0.749,0.08351945881050712,5,0.1126,0.06322420422591336,5,0.1318,0.11279051378551302,5,0.23820000000000002,0.15219461225680758,5,0.9516,0.0467257958733717,5
KNN,KNN_n_neighbors=21_metric=euclidean,fine_smoky,0.7156,0.0644538594655122,5,0.3862,0.07235122666548233,5,0.3788,0.07467730578964402,5,0.8814,0.023426480742954156,5,0.2812,0.07600789432683949,5,0.38360000000000005,0.16083003450848354,5,0.44420000000000004,0.13514695705046414,5,0.9874,0.008111719916269296,5
KNN,KNN_n_neighbors=21_metric=euclidean,fine_soapy,0.5711999999999999,0.1139855253968678,5,0.0758,0.09158438731574284,5,0.0698,0.06871098893190229,5,0.7478,0.06749592580296976,5,0.055200000000000006,0.019664689166117015,5,0.05700000000000001,0.05302357966037374,5,0.16040000000000001,0.2514523811778286,5,0.9823999999999999,0.02386000838222821,5
KNN,KNN_n_neighbors=21_metric=euclidean,fine_solvent,0.63,0.07374279625834648,5,0.263,0.11862546101069535,5,0.2538,0.11111795534475967,5,0.8714000000000001,0.04527471700629397,5,0.26020000000000004,0.10040268920701277,5,0.31079999999999997,0.19182205295533672,5,0.27,0.1538392017659998,5,0.9904,0.008961026726887922,5
KNN,KNN_n_neighbors=21_metric=euclidean,fine_sour,0.6626,0.03999749992187007,5,0.3496,0.07818119978613786,5,0.34199999999999997,0.06977822009767805,5,0.743,0.038464269133833835,5,0.24420000000000003,0.08409340045449462,5,0.41980000000000006,0.1991825795595589,5,0.3356,0.0856142511501444,5,0.99,0.009219544457292946,5
KNN,KNN_n_neighbors=21_metric=euclidean,fine_spicy,0.6782,0.020644611887850994,5,0.3108,0.042569942447694235,5,0.38,0.036803532439155885,5,0.7864000000000001,0.015582040944625983,5,0.31779999999999997,0.04340161287325624,5,0.3316,0.05370567940171691,5,0.4516,0.04269426190953537,5,0.9044000000000001,0.01948845812269409,5
KNN,KNN_n_neighbors=21_metric=euclidean,fine_strawberry,0.6,0.08270731527501059,5,0.1034,0.07347992923241015,5,0.0938,0.06036720964232155,5,0.7114,0.08379916467364099,5,0.0546,0.04845926124075769,5,0.061,0.03813790765104976,5,0.2286,0.18652024018856506,5,0.9709999999999999,0.023075961518428736,5
KNN,KNN_n_neighbors=21_metric=euclidean,fine_sulfurous,0.86,0.03402205167240802,5,0.6584000000000001,0.022378561169119054,5,0.6824,0.018649396773086222,5,0.9672000000000001,0.004604345773288536,5,0.6834,0.057448237570877685,5,0.6274,0.06709545439148619,5,0.7614,0.08033243429649073,5,0.9586,0.013164345787011212,5
KNN,KNN_n_neighbors=21_metric=euclidean,fine_sweaty,0.6198,0.08426565136519151,5,0.1628,0.10475065632252621,5,0.1564,0.09615248306726144,5,0.767,0.1413983733994136,5,0.0884,0.0480499739854248,5,0.1244,0.08194388323724963,5,0.2554,0.17367872638869736,5,0.9843999999999999,0.011282730166054637,5
KNN,KNN_n_neighbors=21_metric=euclidean,fine_sweet,0.658,0.023526580712037174,5,0.288,0.03984344362627307,5,0.5312,0.021323695739716403,5,0.7213999999999999,0.028209927330640205,5,0.4922000000000001,0.029456747953567442,5,0.40679999999999994,0.026252618916976653,5,0.7699999999999999,0.04984475900232638,5,0.5456000000000001,0.07110414896474045,5
KNN,KNN_n_neighbors=21_metric=euclidean,fine_tea,0.5484,0.02962768975131203,5,0.1202,0.08808915937843885,5,0.1028,0.05327475950203812,5,0.6444,0.055935677344607186,5,0.0448,0.024170229622409466,5,0.2278,0.24884171675987127,5,0.11440000000000002,0.0616952186153838,5,0.9826,0.015306861206661547,5
KNN,KNN_n_neighbors=21_metric=euclidean,fine_terpenic,0.681,0.13614147053708503,5,0.28579999999999994,0.13681995468498007,5,0.2618,0.14277674880736008,5,0.8704000000000001,0.09994648568108837,5,0.2254,0.12134784711728511,5,0.29460000000000003,0.17280133101339237,5,0.3748,0.28270779968016446,5,0.9874,0.01366747965061594,5
KNN,KNN_n_neighbors=21_metric=euclidean,fine_tobacco,0.6408,0.0809888881267054,5,0.193,0.086043593602313,5,0.1928,0.08659792145311572,5,0.7846,0.032408332261935374,5,0.2162,0.10120375487105208,5,0.16299999999999998,0.08912631485706117,5,0.3258,0.19679608735947976,5,0.9560000000000001,0.040236799077461395,5
KNN,KNN_n_neighbors=21_metric=euclidean,fine_tomato,0.617,0.11640876255677665,5,0.09759999999999999,0.076212203747169,5,0.0762,0.0490581287861655,5,0.7969999999999999,0.10944633388103964,5,0.11220000000000001,0.05816098348549482,5,0.046799999999999994,0.02858671019897183,5,0.2584,0.2508292247725532,5,0.9757999999999999,0.018376615575235844,5
KNN,KNN_n_neighbors=21_metric=euclidean,fine_tropical,0.6444,0.0364869839805923,5,0.277,0.025189283435619984,5,0.325,0.019013153341831544,5,0.7688,0.021111608181282663,5,0.25780000000000003,0.027417147918775208,5,0.3336,0.09551073238123557,5,0.35619999999999996,0.10410907741402763,5,0.9328,0.03311646116359655,5
KNN,KNN_n_neighbors=21_metric=euclidean,fine_vanilla,0.7487999999999999,0.08882961217972306,5,0.4952,0.03423010371003861,5,0.4782,0.02463128092487274,5,0.8952,0.029277978072264538,5,0.48480000000000006,0.054301933667227735,5,0.5614,0.2243463839690758,5,0.5122,0.19142544240513068,5,0.9856,0.014010710188994715,5
KNN,KNN_n_neighbors=21_metric=euclidean,fine_vegetable,0.6732,0.038009209410352116,5,0.3396,0.06099836063370884,5,0.3722,0.05823401068104447,5,0.8215999999999999,0.027318491905667062,5,0.2958,0.0644026396974534,5,0.3802,0.0968101234375827,5,0.3896,0.0897346087081233,5,0.9566000000000001,0.022777181564012653,5
KNN,KNN_n_neighbors=21_metric=euclidean,fine_vetiver,0.6394,0.03126179777300086,5,0.2952,0.08176307234931918,5,0.298,0.0808486239833431,5,0.771,0.06464905258393196,5,0.1264,0.028605943438383564,5,0.3216,0.11426635550327138,5,0.284,0.06218118686548207,5,0.9954000000000001,0.0008944271909999079,5
KNN,KNN_n_neighbors=21_metric=euclidean,fine_violet,0.7150000000000001,0.05715330261673424,5,0.36360000000000003,0.08460673732038129,5,0.3646,0.08682338394695292,5,0.8646,0.07817480412511438,5,0.31920000000000004,0.06935560539711264,5,0.3224,0.09141006509132352,5,0.44239999999999996,0.11533126202378952,5,0.9878,0.002588435821108951,5
KNN,KNN_n_neighbors=21_metric=euclidean,fine_warm,0.526,0.02715695122800054,5,0.09559999999999999,0.08625137680060534,5,0.0688,0.03993369504566288,5,0.5636,0.05804136456011348,5,0.044599999999999994,0.021489532335534897,5,0.31020000000000003,0.40628155262083954,5,0.0726,0.08058721983044209,5,0.9795999999999999,0.032408332261935326,5
KNN,KNN_n_neighbors=21_metric=euclidean,fine_waxy,0.7434000000000001,0.015469324484281812,5,0.45380000000000004,0.033899852507053775,5,0.5094000000000001,0.03036939248651516,5,0.8705999999999999,0.017980545041794523,5,0.47119999999999995,0.028217016142746205,5,0.4734,0.04816430213342656,5,0.5544,0.03396763165132359,5,0.9324,0.012481987021303891,5
KNN,KNN_n_neighbors=21_metric=euclidean,fine_weedy,0.5,0.0,5,0.0,0.0,5,0.0,0.0,5,0.5554,0.07250724101770803,5,0.0128,0.004207136793592525,5,0.0,0.0,5,0.0,0.0,5,1.0,0.0,5
KNN,KNN_n_neighbors=21_metric=euclidean,fine_winey,0.648,0.0820182906430023,5,0.26080000000000003,0.12520263575500318,5,0.28300000000000003,0.14020520675067671,5,0.8404,0.030113120064184668,5,0.21739999999999998,0.029938269823087643,5,0.2742,0.07350986328377981,5,0.3332,0.1824108001188526,5,0.9629999999999999,0.020772578077841004,5
KNN,KNN_n_neighbors=21_metric=euclidean,fine_woody,0.7727999999999999,0.027307508125056012,5,0.4866,0.028023204670415545,5,0.5584,0.02278815481779952,5,0.8497999999999999,0.020437710243566918,5,0.5764,0.04106458328048634,5,0.493,0.042148546831415196,5,0.653,0.07286631594914071,5,0.8928,0.022720035211240337,5
KNN,KNN_n_neighbors=5_metric=cosine,fine_alcoholic,0.8026,0.0303364467266685,5,0.5372,0.04895610278606744,5,0.5426,0.04935382457317773,5,0.8779999999999999,0.04372070447739835,5,0.5316000000000001,0.08152484283946826,5,0.488,0.06995355602112018,5,0.6194,0.060953260782340424,5,0.9858,0.0038340579025361414,5
KNN,KNN_n_neighbors=5_metric=cosine,fine_aldehydic,0.639,0.07178439941937244,5,0.2352,0.07134213341357264,5,0.2424,0.08402559133978173,5,0.7686,0.040469741783213824,5,0.1934,0.029652993103563764,5,0.24379999999999996,0.06364118163579303,5,0.3144,0.17708698427608954,5,0.9634,0.03861087929586682,5
KNN,KNN_n_neighbors=5_metric=cosine,fine_alliaceous,0.7609999999999999,0.10095791202278302,5,0.366,0.030626785662227107,5,0.3422,0.03603748048906861,5,0.8288,0.04296161077054723,5,0.3356,0.040128543457245,5,0.31239999999999996,0.16108786422322446,5,0.5666,0.2321191504378732,5,0.9554,0.031213779008636533,5
KNN,KNN_n_neighbors=5_metric=cosine,fine_almond,0.6142000000000001,0.06146706435156958,5,0.2682,0.14678112957734044,5,0.2726,0.14299055912891592,5,0.7562,0.03101128826733906,5,0.19419999999999998,0.09302526538527046,5,0.3348,0.18379526653317274,5,0.238,0.12117961874836873,5,0.9907999999999999,0.005215361924162113,5
KNN,KNN_n_neighbors=5_metric=cosine,fine_amber,0.7121999999999999,0.0754102115101131,5,0.3362,0.0439340414712783,5,0.33340000000000003,0.05556347721300387,5,0.807,0.02938537050983021,5,0.248,0.069745967625376,5,0.2994,0.09081739921402726,5,0.4502,0.16938919682199335,5,0.9743999999999999,0.021279097725232607,5
KNN,KNN_n_neighbors=5_metric=cosine,fine_animal,0.6614000000000001,0.014449913494550791,5,0.29619999999999996,0.10621063976833958,5,0.29779999999999995,0.10381088574903885,5,0.7045999999999999,0.02939897957412805,5,0.1984,0.047210168396225834,5,0.32680000000000003,0.2170684223925719,5,0.36160000000000003,0.0635318817602627,5,0.961,0.03919821424503926,5
KNN,KNN_n_neighbors=5_metric=cosine,fine_anisic,0.6365999999999999,0.06510606730558986,5,0.3548,0.17057754834678568,5,0.3384,0.15280641347796892,5,0.7476,0.08414748956445464,5,0.2512,0.13738522482421464,5,0.5026,0.30241163998761694,5,0.27999999999999997,0.13074593683935268,5,0.9936,0.005594640292279753,5
KNN,KNN_n_neighbors=5_metric=cosine,fine_apple,0.7346,0.06632721914870247,5,0.42279999999999995,0.05898474379023781,5,0.4514,0.06429074583484003,5,0.8452,0.03591935411446037,5,0.3652,0.06153616822649913,5,0.4244,0.03547252457889063,5,0.517,0.14823967080373596,5,0.9523999999999999,0.015852444606432186,5
KNN,KNN_n_neighbors=5_metric=cosine,fine_apricot,0.6328,0.08537681184021803,5,0.14100000000000001,0.06814323150541073,5,0.1336,0.048634350000796765,5,0.6854,0.05126207174900366,5,0.0504,0.015241391012633982,5,0.089,0.02324865587512534,5,0.3146,0.19756087669374214,5,0.9506,0.027428087793355153,5
KNN,KNN_n_neighbors=5_metric=cosine,fine_aromatic,0.569,0.06820923691113986,5,0.0792,0.0634168747258961,5,0.0822,0.052746563869128,5,0.5892,0.06672855460745426,5,0.0534,0.038733706251790574,5,0.0698,0.05307730211681825,5,0.1894,0.15167992616031958,5,0.9484,0.02687563952727452,5
KNN,KNN_n_neighbors=5_metric=cosine,fine_balsamic,0.6881999999999999,0.0167391756069407,5,0.375,0.04364630568559038,5,0.40540000000000004,0.02955164970014365,5,0.8343999999999999,0.029938269823087605,5,0.37520000000000003,0.05532359352030561,5,0.42400000000000004,0.1306904740216363,5,0.4182,0.05482882453600479,5,0.9581999999999999,0.021707141681944233,5
KNN,KNN_n_neighbors=5_metric=cosine,fine_banana,0.728,0.0695233773633013,5,0.3168,0.05399259208447026,5,0.31120000000000003,0.06786530777945385,5,0.8048,0.0254302968916998,5,0.2552,0.10239482408793915,5,0.2522,0.10146526499250864,5,0.5046,0.17102719082064116,5,0.9512,0.03407638478477429,5
KNN,KNN_n_neighbors=5_metric=cosine,fine_beefy,0.6446,0.15787431710066083,5,0.2254,0.1649478705530932,5,0.1806,0.13039286790311808,5,0.7398,0.08091168024457283,5,0.1344,0.07844297291663542,5,0.30660000000000004,0.396815196281594,5,0.3,0.3278437127657018,5,0.9892,0.012716131487209483,5
KNN,KNN_n_neighbors=5_metric=cosine,fine_bergamot,0.6454,0.13679108158063527,5,0.28559999999999997,0.2203935117012295,5,0.271,0.22203828498707154,5,0.7148,0.15646948584308695,5,0.2098,0.15501838600630571,5,0.323,0.22902292461672913,5,0.2954,0.27700234656045786,5,0.9958,0.0061400325732035195,5
KNN,KNN_n_neighbors=5_metric=cosine,fine_berry,0.6602,0.03802893635115237,5,0.1706,0.035599157293396716,5,0.1766,0.02456216602826387,5,0.6679999999999999,0.03668787265568827,5,0.1502,0.029600675667964073,5,0.11139999999999999,0.015630099167951553,5,0.4316,0.0787165802102708,5,0.8888,0.00920326029187481,5
KNN,KNN_n_neighbors=5_metric=cosine,fine_bitter,0.603,0.06858571279792897,5,0.21420000000000003,0.04218649072866811,5,0.1968,0.05563002786265704,5,0.6437999999999999,0.06620573993242578,5,0.1026,0.039916162140165724,5,0.29300000000000004,0.11437657102746175,5,0.2222,0.1618971895988315,5,0.9846,0.02607297451385249,5
KNN,KNN_n_neighbors=5_metric=cosine,fine_black currant,0.6664,0.12474093153411996,5,0.2956,0.22022102533591106,5,0.28419999999999995,0.2131846617371897,5,0.8214,0.057134052893173956,5,0.20539999999999997,0.10184448929618138,5,0.2988,0.27668971791521274,5,0.341,0.2561679136816319,5,0.992,0.010271319292087066,5
KNN,KNN_n_neighbors=5_metric=cosine,fine_brandy,0.5918,0.1765819922868694,5,0.07959999999999999,0.1371451785517814,5,0.06639999999999999,0.09480928224599108,5,0.6522,0.16035180073825175,5,0.0516,0.05187774089144592,5,0.041400000000000006,0.057374210234215864,5,0.20939999999999998,0.36070874677501236,5,0.9746,0.023786550821840533,5
KNN,KNN_n_neighbors=5_metric=cosine,fine_burnt,0.6828000000000001,0.07352346564192959,5,0.2638,0.03443399483069022,5,0.2768,0.020413231003444783,5,0.751,0.03581200915894,5,0.172,0.03704726710568541,5,0.22640000000000002,0.04633896848226124,5,0.42800000000000005,0.18315157656979097,5,0.9376,0.038233493170255796,5
KNN,KNN_n_neighbors=5_metric=cosine,fine_buttery,0.6644,0.08301385426541763,5,0.3482,0.15483281305976457,5,0.35960000000000003,0.16116699413961905,5,0.7949999999999999,0.04557960070031323,5,0.2872,0.08161004840091689,5,0.3962,0.13708829271677433,5,0.3426,0.16891506741555057,5,0.986,0.005787918451395141,5
KNN,KNN_n_neighbors=5_metric=cosine,fine_cabbage,0.6656,0.1420890565807233,5,0.21059999999999998,0.13632424582589847,5,0.192,0.10970642642981313,5,0.742,0.11263214461245065,5,0.11579999999999999,0.07679648429453005,5,0.1588,0.08355058348090695,5,0.3504,0.2902357662315243,5,0.9808,0.011924764148611077,5
KNN,KNN_n_neighbors=5_metric=cosine,fine_camphoreous,0.6992,0.06849233533761281,5,0.36960000000000004,0.08370961712969427,5,0.3806,0.08830798378402713,5,0.8283999999999999,0.03654175693641451,5,0.3048,0.06291820086429681,5,0.3678,0.03510982768399752,5,0.417,0.1417533068397348,5,0.9808,0.006496152707564664,5
KNN,KNN_n_neighbors=5_metric=cosine,fine_caramellic,0.6868000000000001,0.04798645642261988,5,0.43179999999999996,0.044437596694690884,5,0.44139999999999996,0.05454172714537009,5,0.834,0.017888543819998343,5,0.3898,0.06202177037137848,5,0.5434,0.09140185993731202,5,0.392,0.1054110999847739,5,0.9818,0.010848963084092396,5
KNN,KNN_n_neighbors=5_metric=cosine,fine_cedar,0.6864,0.089687234320164,5,0.3948,0.14378699523948613,5,0.3702,0.13546660104985286,5,0.812,0.056457948953181035,5,0.28,0.11907350670909124,5,0.4894,0.2832936638896112,5,0.38339999999999996,0.19171019795514269,5,0.9896,0.015883954167649827,5
KNN,KNN_n_neighbors=5_metric=cosine,fine_celery,0.6314,0.09878663877265992,5,0.2522,0.0672510222970625,5,0.1814,0.029134172375408232,5,0.635,0.09898737293210684,5,0.148,0.08640891157745248,5,0.4896,0.4699981914858822,5,0.278,0.21630996278488884,5,0.9846,0.019768662069042504,5
KNN,KNN_n_neighbors=5_metric=cosine,fine_chamomile,0.6512,0.046121578463881735,5,0.2902,0.105771924441224,5,0.2888,0.10751604531417625,5,0.7327999999999999,0.07769620325344093,5,0.2062,0.10728326989796685,5,0.2952,0.14525907889009898,5,0.308,0.09306180741851085,5,0.9944,0.003911521443121569,5
KNN,KNN_n_neighbors=5_metric=cosine,fine_cheesy,0.7192000000000001,0.06073466884737246,5,0.441,0.10728000745712128,5,0.45620000000000005,0.10301067905804717,5,0.8236000000000001,0.026782456944798746,5,0.3626,0.09030393125440332,5,0.475,0.1402586895703792,5,0.46020000000000005,0.12344512951105041,5,0.978,0.010747092630102338,5
KNN,KNN_n_neighbors=5_metric=cosine,fine_cherry,0.6602,0.08215351483655463,5,0.269,0.11542530051942687,5,0.2702,0.11561228308445427,5,0.749,0.06449806198638836,5,0.13999999999999999,0.07801281945936835,5,0.2564,0.14025441169531888,5,0.3434,0.18256724788417006,5,0.9776,0.02501599488327414,5
KNN,KNN_n_neighbors=5_metric=cosine,fine_chocolate,0.6832,0.08542657666089636,5,0.284,0.12081804500984114,5,0.2752,0.11765925377971764,5,0.7424,0.061954015204827524,5,0.161,0.09872942823697502,5,0.2542,0.17076065120512984,5,0.3926,0.1865349833141226,5,0.9743999999999999,0.0264348255148393,5
KNN,KNN_n_neighbors=5_metric=cosine,fine_cinnamon,0.6806,0.041404106076571696,5,0.346,0.15104304022363957,5,0.3468,0.1537683322404194,5,0.7746000000000001,0.07291981897947906,5,0.26739999999999997,0.0936205105732713,5,0.3592,0.21584184024419364,5,0.37720000000000004,0.08044066135978743,5,0.9837999999999999,0.019778776504121794,5
KNN,KNN_n_neighbors=5_metric=cosine,fine_citrus,0.738,0.05569111239686271,5,0.395,0.03815101571387057,5,0.4298,0.04963567265586314,5,0.8362,0.01639207125411555,5,0.3726,0.050267285584164975,5,0.378,0.09114000219442615,5,0.5664,0.17303987979653707,5,0.9094,0.06634606243026028,5
KNN,KNN_n_neighbors=5_metric=cosine,fine_clean,0.5672,0.06109991816688465,5,0.1412,0.10853432636728344,5,0.1014,0.061524791750968165,5,0.6688,0.0643405004643265,5,0.1,0.08762134443159383,5,0.3282,0.4246695185670853,5,0.1706,0.16833686464942849,5,0.9642,0.048576743406696155,5
KNN,KNN_n_neighbors=5_metric=cosine,fine_clove,0.7188000000000001,0.0475520767159542,5,0.4234,0.07100211264462489,5,0.4264,0.06949316513154369,5,0.8018000000000001,0.05640212761944357,5,0.26280000000000003,0.1388585611332625,5,0.4162,0.0643793445135938,5,0.44160000000000005,0.09558137893962398,5,0.9958,0.0008366600265340797,5
KNN,KNN_n_neighbors=5_metric=cosine,fine_cocoa,0.6866,0.030484422251372885,5,0.35019999999999996,0.030474579570520747,5,0.3638,0.028314307337457514,5,0.7878000000000001,0.048473704211665115,5,0.29359999999999997,0.06172357734285983,5,0.3476,0.04684335598566781,5,0.39139999999999997,0.06514061712940705,5,0.9818,0.005357238094391526,5
KNN,KNN_n_neighbors=5_metric=cosine,fine_coconut,0.6458,0.07092742769902208,5,0.3346,0.11700555542366353,5,0.3282,0.1135724438409247,5,0.7798,0.06236745946405063,5,0.2632,0.12953069134378928,5,0.4298,0.21001952290203882,5,0.3016,0.14374560862857688,5,0.9907999999999999,0.005215361924162131,5
KNN,KNN_n_neighbors=5_metric=cosine,fine_coffee,0.674,0.06368673331236266,5,0.3388,0.06853247405427591,5,0.3442,0.08373290870380654,5,0.8388,0.032049960998416165,5,0.24300000000000002,0.058408047390749174,5,0.3626,0.055111704745906744,5,0.36319999999999997,0.13344174759047484,5,0.9847999999999999,0.007224956747275398,5
KNN,KNN_n_neighbors=5_metric=cosine,fine_cognac,0.7584,0.051829528263336526,5,0.38639999999999997,0.05864554544038277,5,0.384,0.06493843238021689,5,0.8225999999999999,0.044376795738313504,5,0.2838,0.06715429993678737,5,0.3068,0.07096266624077761,5,0.5486,0.11592152517975252,5,0.9682000000000001,0.019214577799160713,5
KNN,KNN_n_neighbors=5_metric=cosine,fine_cooked,0.6028,0.03750599952007674,5,0.119,0.03042203149035252,5,0.1222,0.02692025259911207,5,0.628,0.036912057650583516,5,0.056400000000000006,0.046257972285866575,5,0.0878,0.03109179956194238,5,0.2604,0.09375926620873266,5,0.9456,0.024805241381611248,5
KNN,KNN_n_neighbors=5_metric=cosine,fine_cooling,0.7292,0.09408878785487676,5,0.27359999999999995,0.046376718297007596,5,0.2508,0.021902054698132792,5,0.7612,0.058401198617836624,5,0.16499999999999998,0.057105166141076934,5,0.1834,0.03076198953253837,5,0.4984,0.21081461049936745,5,0.9596,0.023071627597549358,5
KNN,KNN_n_neighbors=5_metric=cosine,fine_cortex,0.5628,0.07351666477745031,5,0.057600000000000005,0.06338611835410021,5,0.055600000000000004,0.051349780914819884,5,0.6016,0.0817147477509415,5,0.048799999999999996,0.03596804137008297,5,0.034,0.031488092987667575,5,0.164,0.16225134822244158,5,0.9616,0.022567675999092155,5
KNN,KNN_n_neighbors=5_metric=cosine,fine_coumarinic,0.6328,0.05894658599104786,5,0.2612,0.08861828253808579,5,0.2678,0.08877049059231337,5,0.778,0.052588021449756,5,0.1356,0.03791833329670491,5,0.27,0.07034202158027587,5,0.275,0.12018111332484818,5,0.991,0.004415880433163934,5
KNN,KNN_n_neighbors=5_metric=cosine,fine_creamy,0.631,0.052626039182138706,5,0.2452,0.03700270260399907,5,0.252,0.0371012129181783,5,0.6944,0.030187745858212066,5,0.1776,0.03058267483396441,5,0.3048,0.1781311314734176,5,0.3114,0.16187742276179218,5,0.9507999999999999,0.05914135608861196,5
KNN,KNN_n_neighbors=5_metric=cosine,fine_cucumber,0.748,0.10412252398016482,5,0.3884,0.0878481644657417,5,0.366,0.08440379138403677,5,0.8008000000000001,0.057694887121823905,5,0.2536,0.05781695253124295,5,0.347,0.17160710940983767,5,0.5084000000000001,0.2165416818998135,5,0.9878,0.00988433103452125,5
KNN,KNN_n_neighbors=5_metric=cosine,fine_dairy,0.6122,0.11804956586112461,5,0.1944,0.12091236495908927,5,0.189,0.1087772954251024,5,0.7322,0.06352715954613421,5,0.1794,0.07798269038703398,5,0.22400000000000003,0.14571719184777066,5,0.248,0.26954869689909466,5,0.9768000000000001,0.034303061087897053,5
KNN,KNN_n_neighbors=5_metric=cosine,fine_dry,0.6178,0.09060739484170155,5,0.1646,0.0673557718387964,5,0.1742,0.052193869371794994,5,0.662,0.07152621896899068,5,0.10819999999999999,0.05718566253878676,5,0.1658,0.08446715337928704,5,0.3052,0.23716175914341672,5,0.9305999999999999,0.06541253702464075,5
KNN,KNN_n_neighbors=5_metric=cosine,fine_earthy,0.6436,0.04459596394293993,5,0.2032,0.04329780594903164,5,0.24939999999999998,0.03669877382147801,5,0.6858,0.030946728421595706,5,0.168,0.021424285285628546,5,0.20060000000000003,0.07755514167352157,5,0.4394,0.16450623088503366,5,0.8475999999999999,0.09352700144877944,5
KNN,KNN_n_neighbors=5_metric=cosine,fine_ethereal,0.7528,0.03467275587547092,5,0.5036,0.04605757266726071,5,0.5242,0.0369012194920439,5,0.8402000000000001,0.03362588288803728,5,0.4492,0.053124382349350664,5,0.5452,0.14086056935849717,5,0.5372,0.08447603210378668,5,0.968,0.017888543819998343,5
KNN,KNN_n_neighbors=5_metric=cosine,fine_fatty,0.759,0.021011901389450756,5,0.46799999999999997,0.02346273641330012,5,0.5316000000000001,0.01767201177002781,5,0.8172,0.012794530081249516,5,0.44939999999999997,0.02585149898942031,5,0.48260000000000003,0.07821956277044761,5,0.6108,0.0676513118867624,5,0.9067999999999999,0.02817268180347763,5
KNN,KNN_n_neighbors=5_metric=cosine,fine_fermented,0.6546000000000001,0.02609214441168067,5,0.4354,0.08382601028320505,5,0.4194,0.07159818433452067,5,0.7708,0.02797677608303007,5,0.3218,0.07947452422002914,5,0.637,0.14509996554100216,5,0.31579999999999997,0.05022150933614003,5,0.9938,0.0050199601592044755,5
KNN,KNN_n_neighbors=5_metric=cosine,fine_fishy,0.6842,0.031767908335299605,5,0.4524,0.06615360912301008,5,0.44420000000000004,0.05822971749888541,5,0.7802,0.04819958506045462,5,0.35219999999999996,0.07221980337829782,5,0.5786,0.1592036431743947,5,0.37320000000000003,0.06521272881884335,5,0.9952,0.00248997991959775,5
KNN,KNN_n_neighbors=5_metric=cosine,fine_floral,0.7365999999999999,0.04177678781333007,5,0.44020000000000004,0.05397406784743949,5,0.5678,0.041427044306829315,5,0.8202,0.024893774322107102,5,0.5306,0.03918290443548055,5,0.5184,0.06327953855710387,5,0.6517999999999999,0.128053504442479,5,0.8214,0.06304204945907138,5
KNN,KNN_n_neighbors=5_metric=cosine,fine_fresh,0.637,0.038697545141778714,5,0.20859999999999998,0.04181267750336016,5,0.2968,0.03656090808500247,5,0.6988,0.01736951352226076,5,0.2118,0.021463923220138483,5,0.23420000000000002,0.052069184744914156,5,0.487,0.197977271422757,5,0.7874000000000001,0.13577849608829815,5
KNN,KNN_n_neighbors=5_metric=cosine,fine_fruit skin,0.5227999999999999,0.023058620947489485,5,0.09459999999999999,0.13633158108083396,5,0.0682,0.08162230087420962,5,0.5678,0.054604944831031565,5,0.045799999999999993,0.040431423422877415,5,0.254,0.4302092514114498,5,0.056600000000000004,0.05213252343786938,5,0.9892,0.021393924371185438,5
KNN,KNN_n_neighbors=5_metric=cosine,fine_fruity,0.7564,0.01275931032618927,5,0.5186,0.01906043021550143,5,0.6968,0.01879361593733357,5,0.8266,0.009762171889492554,5,0.7234,0.01724238962557104,5,0.7158,0.015073154945133393,5,0.6801999999999999,0.04028275065086792,5,0.8328,0.017369513522260818,5
KNN,KNN_n_neighbors=5_metric=cosine,fine_garlic,0.7565999999999999,0.1117801413489892,5,0.4972,0.11296326836631457,5,0.49160000000000004,0.12038396903242557,5,0.8956,0.03797104159751216,5,0.4742,0.07834985641339745,5,0.528,0.13393468557472332,5,0.5264,0.2291970767701892,5,0.9869999999999999,0.006819090848492928,5
KNN,KNN_n_neighbors=5_metric=cosine,fine_gassy,0.6694,0.15465219041449102,5,0.2084,0.18109472659357037,5,0.1738,0.15654136833437993,5,0.7104,0.12526491927111913,5,0.133,0.11734351281600532,5,0.189,0.2725921862416456,5,0.3584,0.32009889096965016,5,0.9808,0.016574076143182105,5
KNN,KNN_n_neighbors=5_metric=cosine,fine_geranium,0.5968,0.04007742506698751,5,0.22679999999999997,0.07140868294542338,5,0.2184,0.05828207271537277,5,0.7666000000000001,0.0479301575211265,5,0.1502,0.061255203860570075,5,0.3052,0.17784740650344047,5,0.20060000000000003,0.08369468322420487,5,0.9932000000000001,0.004764451699828649,5
KNN,KNN_n_neighbors=5_metric=cosine,fine_grape,0.6288,0.04304300175405984,5,0.3738,0.09460021141625423,5,0.3384,0.08839852939953244,5,0.738,0.0544058820349418,5,0.2758,0.054947247428783916,5,0.6092000000000001,0.26995314408244997,5,0.263,0.08891569040388765,5,0.9952,0.004919349550499519,5
KNN,KNN_n_neighbors=5_metric=cosine,fine_grapefruit,0.6984,0.0894192373038375,5,0.32320000000000004,0.08014174941938815,5,0.316,0.08124346127535433,5,0.7546,0.04831976821136459,5,0.2732,0.11277278040378359,5,0.29700000000000004,0.10375210841231133,5,0.4162,0.1934985788061504,5,0.9805999999999999,0.017256882684888383,5
KNN,KNN_n_neighbors=5_metric=cosine,fine_grassy,0.5584,0.051257194616951086,5,0.05740000000000001,0.052190037363466224,5,0.0602,0.04753630191758715,5,0.576,0.03973034105063783,5,0.0236,0.010212737145349428,5,0.037,0.02959729717389748,5,0.16440000000000002,0.11781680695045169,5,0.9522,0.027535431719876817,5
KNN,KNN_n_neighbors=5_metric=cosine,fine_green,0.7162,0.020364184245876372,5,0.4,0.03841223763333764,5,0.5946,0.027781288667014688,5,0.7798,0.01684339633209409,5,0.5708,0.023424346308915385,5,0.5094000000000001,0.02490582261239332,5,0.7136,0.03893969696851785,5,0.719,0.016416455159382014,5
KNN,KNN_n_neighbors=5_metric=cosine,fine_hawthorn,0.6028,0.1020230366142863,5,0.1202,0.12447570043988507,5,0.10940000000000001,0.11355747443475483,5,0.657,0.10644951855222269,5,0.10979999999999998,0.15428123670751412,5,0.087,0.08998333178983761,5,0.2234,0.20881762377730478,5,0.982,0.011379806676741077,5
KNN,KNN_n_neighbors=5_metric=cosine,fine_hay,0.569,0.03297726489568228,5,0.1474,0.07263470244999976,5,0.1472,0.063266894976757,5,0.6222,0.04756259034156991,5,0.0578,0.024813302883735573,5,0.196,0.13661808079460053,5,0.156,0.08373470009500243,5,0.9822,0.023784448700779264,5
KNN,KNN_n_neighbors=5_metric=cosine,fine_hazelnut,0.6664,0.07335393649968625,5,0.2486,0.06723317633430685,5,0.24580000000000002,0.05454081040835386,5,0.7798,0.04211531787841569,5,0.1958,0.048178833526767745,5,0.1968,0.03856423213289745,5,0.3484,0.154172954826714,5,0.9852000000000001,0.007596051605933186,5
KNN,KNN_n_neighbors=5_metric=cosine,fine_herbal,0.657,0.016748134224444246,5,0.2848,0.03435403906384228,5,0.40380000000000005,0.03219006057776221,5,0.7182000000000001,0.024014578905323308,5,0.3236,0.03228467128530198,5,0.35960000000000003,0.03553589734339067,5,0.461,0.029782545223670843,5,0.853,0.010295630140987005,5
KNN,KNN_n_neighbors=5_metric=cosine,fine_honey,0.6577999999999999,0.05126109635971514,5,0.31779999999999997,0.03447027705139606,5,0.3264,0.05148592040548561,5,0.762,0.0339042770163294,5,0.2272,0.04424590376520746,5,0.367,0.10864621484432858,5,0.3376,0.11357508529602782,5,0.9778,0.011256109452204201,5
KNN,KNN_n_neighbors=5_metric=cosine,fine_hyacinth,0.575,0.090257963637565,5,0.1076,0.10835727940475436,5,0.1062,0.1020646853715819,5,0.6726,0.022744230037528172,5,0.0634,0.018297540818372288,5,0.0932,0.08627108437941418,5,0.16340000000000002,0.19817366121662083,5,0.9869999999999999,0.019912307751739904,5
KNN,KNN_n_neighbors=5_metric=cosine,fine_jasmin,0.6652,0.04909887982428927,5,0.333,0.02704625667259703,5,0.33440000000000003,0.028005356630473398,5,0.7596,0.018622566955175668,5,0.2826,0.07340844638050859,5,0.3748,0.11256642483440611,5,0.3462,0.1144342606040691,5,0.9837999999999999,0.01682854717437012,5
KNN,KNN_n_neighbors=5_metric=cosine,fine_juicy,0.5609999999999999,0.04272587038317648,5,0.055200000000000006,0.039436024140371964,5,0.0538,0.03656774535024001,5,0.5938,0.046105314227320914,5,0.0324,0.020489021450523205,5,0.0328,0.02308029462550251,5,0.16060000000000002,0.10745138435590301,5,0.9616,0.02370232056149779,5
KNN,KNN_n_neighbors=5_metric=cosine,fine_ketonic,0.7508,0.041026820495865854,5,0.488,0.07669093818698529,5,0.4822,0.08415580788038338,5,0.8648,0.02515352857950556,5,0.3432,0.07248241165965714,5,0.5022,0.16888812865325972,5,0.5072,0.0843190369963984,5,0.9944,0.0035071355833500824,5
KNN,KNN_n_neighbors=5_metric=cosine,fine_lactonic,0.6424,0.0454345683373354,5,0.25880000000000003,0.08957510814953001,5,0.262,0.093752333304297,5,0.7966,0.11470527450819344,5,0.1824,0.09158220351138098,5,0.259,0.11173629669896884,5,0.30060000000000003,0.08737448140046383,5,0.9846,0.013831124321616118,5
KNN,KNN_n_neighbors=5_metric=cosine,fine_lavender,0.607,0.0705868259663232,5,0.2048,0.12016114180549382,5,0.2004,0.10627699657028326,5,0.673,0.11348347897381364,5,0.09380000000000001,0.06044997932174998,5,0.23159999999999997,0.1762733672453102,5,0.2286,0.13650750895097313,5,0.9853999999999999,0.015725775020646898,5
KNN,KNN_n_neighbors=5_metric=cosine,fine_leafy,0.5875999999999999,0.04152469144978687,5,0.15960000000000002,0.056087431747228356,5,0.1644,0.04717308554673947,5,0.6298,0.06145079332278797,5,0.0864,0.02242320226907834,5,0.20659999999999998,0.1393280302021097,5,0.22400000000000003,0.12697834461040985,5,0.9512,0.053377898047787524,5
KNN,KNN_n_neighbors=5_metric=cosine,fine_leathery,0.6076,0.04457914310526841,5,0.2052,0.08609413452727196,5,0.18839999999999998,0.06749296259611072,5,0.6557999999999999,0.032529986166612505,5,0.1518,0.049635672655863154,5,0.26280000000000003,0.2392910361881531,5,0.233,0.10660909904881478,5,0.9827999999999999,0.018606450494384995,5
KNN,KNN_n_neighbors=5_metric=cosine,fine_lemon,0.657,0.10478310932588326,5,0.2496,0.11595387013808552,5,0.24939999999999998,0.10748860404712679,5,0.764,0.060917977642072095,5,0.14479999999999998,0.07554932163825166,5,0.2254,0.09037864792084467,5,0.335,0.22570777567465417,5,0.9785999999999999,0.021255587500702056,5
KNN,KNN_n_neighbors=5_metric=cosine,fine_lily,0.6266,0.07935237866630085,5,0.1742,0.06669482738563763,5,0.16060000000000002,0.0682883591836852,5,0.7003999999999999,0.07663093370173697,5,0.1312,0.07728971471030281,5,0.17099999999999999,0.11299778758896122,5,0.2872,0.17837796949175086,5,0.9663999999999999,0.025822470834527062,5
KNN,KNN_n_neighbors=5_metric=cosine,fine_malty,0.6682,0.11756572629810103,5,0.229,0.159486676559517,5,0.1786,0.12474694385034049,5,0.774,0.030797727188869032,5,0.3064,0.1150512929088587,5,0.2738,0.41139603790022095,5,0.35059999999999997,0.2472666576795181,5,0.9858,0.013608820668963214,5
KNN,KNN_n_neighbors=5_metric=cosine,fine_meaty,0.757,0.08347155204020107,5,0.46419999999999995,0.0390089733266591,5,0.4798,0.049494444132649876,5,0.8548,0.017683325479106032,5,0.4166,0.039878565671297654,5,0.4728,0.10859419874008004,5,0.5614,0.19664892575348586,5,0.9526,0.029770791054320338,5
KNN,KNN_n_neighbors=5_metric=cosine,fine_medicinal,0.6204,0.07268975168481454,5,0.2446,0.15008764106347997,5,0.2536,0.1497023713907031,5,0.7558,0.038544779153602646,5,0.13540000000000002,0.03909347771687753,5,0.25939999999999996,0.15484120898520523,5,0.2492,0.14634787323360735,5,0.9917999999999999,0.0021679483388678572,5
KNN,KNN_n_neighbors=5_metric=cosine,fine_melon,0.6408,0.04647257255629395,5,0.3068,0.09891258767214617,5,0.3198,0.0925294547698191,5,0.7346,0.019346834366376357,5,0.1978,0.06216268977449415,5,0.35819999999999996,0.1285562133854292,5,0.2976,0.09204238154241771,5,0.9846,0.005941380311005154,5
KNN,KNN_n_neighbors=5_metric=cosine,fine_metallic,0.6364,0.0385136339495509,5,0.1708,0.07529076968659569,5,0.1764,0.07251413655281293,5,0.6552,0.04789258815307437,5,0.0924,0.04251823138372527,5,0.1466,0.12835419743818274,5,0.3618,0.09699587620100143,5,0.9103999999999999,0.04469116243733205,5
KNN,KNN_n_neighbors=5_metric=cosine,fine_milky,0.591,0.03762313118282419,5,0.123,0.021621748310439653,5,0.1266,0.019514097468240753,5,0.6414,0.043741284846241096,5,0.08199999999999999,0.056986840586226564,5,0.1136,0.06369693870195019,5,0.2238,0.10294513101647887,5,0.958,0.028600699292150145,5
KNN,KNN_n_neighbors=5_metric=cosine,fine_mint,0.6904,0.037239763694201906,5,0.4104,0.028360183356247886,5,0.42800000000000005,0.031851216617265955,5,0.8272,0.024621129137389286,5,0.3532,0.06952121978216438,5,0.48019999999999996,0.08172025452725899,5,0.4032,0.08269038638197308,5,0.9778,0.009011104260855054,5
KNN,KNN_n_neighbors=5_metric=cosine,fine_muguet,0.6134000000000001,0.0693815537444932,5,0.2092,0.09539234770147971,5,0.1726,0.09124034195464198,5,0.7066000000000001,0.05133517312720388,5,0.1196,0.0640179662282394,5,0.3452,0.39328513829027406,5,0.2466,0.15747634743033637,5,0.9810000000000001,0.021886068628239285,5
KNN,KNN_n_neighbors=5_metric=cosine,fine_mushroom,0.6642,0.0745466297024889,5,0.2768,0.1047936066752166,5,0.27240000000000003,0.10164054309181941,5,0.7274,0.06368123742516313,5,0.22519999999999998,0.08047794728992533,5,0.2834,0.18120237305289352,5,0.3614,0.17068186781260627,5,0.9672000000000001,0.03207335342616973,5
KNN,KNN_n_neighbors=5_metric=cosine,fine_musk,0.7846,0.059613756801597424,5,0.6094,0.08632091287747139,5,0.5926,0.09929149006838404,5,0.8577999999999999,0.04552691511622547,5,0.5762,0.06413423422790673,5,0.7074,0.24151770121463145,5,0.5796,0.1343234901273787,5,0.9902,0.016361540269791256,5
KNN,KNN_n_neighbors=5_metric=cosine,fine_musty,0.5902000000000001,0.07236850143536205,5,0.119,0.05833952348108442,5,0.14279999999999998,0.049776500479644,5,0.6517999999999999,0.044476960327792164,5,0.0916,0.032183846880073246,5,0.1234,0.04461277843846984,5,0.26880000000000004,0.22429935354342867,5,0.9118,0.08109993834769544,5
KNN,KNN_n_neighbors=5_metric=cosine,fine_natural,0.553,0.04646504062195581,5,0.0654,0.04659721021692179,5,0.07139999999999999,0.0460792795082562,5,0.5912,0.0614223086508477,5,0.0318,0.0126372465355393,5,0.056799999999999996,0.04178157488654539,5,0.1404,0.11752574186109187,5,0.9652,0.028752391204906774,5
KNN,KNN_n_neighbors=5_metric=cosine,fine_nutty,0.71,0.04110960958218896,5,0.399,0.04076150144437764,5,0.44079999999999997,0.04579519625462915,5,0.8061999999999999,0.03294996206371108,5,0.38580000000000003,0.041739669380578485,5,0.4274,0.04950555524383096,5,0.4726,0.09667367790665668,5,0.9480000000000001,0.01691153452528775,5
KNN,KNN_n_neighbors=5_metric=cosine,fine_odorless,0.8862,0.03532987404449671,5,0.6828000000000001,0.06845947706490316,5,0.6868000000000001,0.06845217308457056,5,0.9032,0.02882186669874112,5,0.7124,0.08422173116245,5,0.6208,0.13999178547329122,5,0.795,0.07786205751198719,5,0.9772000000000001,0.011627553482998928,5
KNN,KNN_n_neighbors=5_metric=cosine,fine_oily,0.6923999999999999,0.03175373993721051,5,0.3362,0.059843128260477815,5,0.39180000000000004,0.05397869950267419,5,0.761,0.028363709207365695,5,0.2924,0.045801746691583704,5,0.34199999999999997,0.05431850513407009,5,0.46020000000000005,0.0556524932056058,5,0.9244,0.009864076236526102,5
KNN,KNN_n_neighbors=5_metric=cosine,fine_onion,0.7838,0.0555535777425721,5,0.5048,0.026696441710460234,5,0.5144,0.029475413483104902,5,0.8705999999999999,0.04221729503414453,5,0.4848,0.075284128473404,5,0.47539999999999993,0.08023901794015181,5,0.5952,0.12683729735373583,5,0.9724,0.01737239189058319,5
KNN,KNN_n_neighbors=5_metric=cosine,fine_orange,0.6298,0.06005580737946994,5,0.2372,0.06392730246146792,5,0.23959999999999998,0.0712692079372291,5,0.8018000000000001,0.05342939265984597,5,0.1534,0.04464638843176455,5,0.2578,0.09652046415139125,5,0.2832,0.14463989767695495,5,0.9762000000000001,0.02849034924320866,5
KNN,KNN_n_neighbors=5_metric=cosine,fine_orangeflower,0.7968,0.11520503461220782,5,0.38980000000000004,0.15453219729234421,5,0.3566,0.15505095936497781,5,0.8288,0.0892003363222359,5,0.2254,0.11715929327202343,5,0.2766,0.13876166617621744,5,0.607,0.23090365956389688,5,0.9865999999999999,0.00756967634711022,5
KNN,KNN_n_neighbors=5_metric=cosine,fine_orris,0.632,0.05704384278780665,5,0.231,0.083117386869415,5,0.215,0.07445468420455492,5,0.6894,0.07093518168017895,5,0.14579999999999999,0.06755886322311824,5,0.2658,0.2104107886967776,5,0.28559999999999997,0.13477870751717425,5,0.9788,0.022840753052384283,5
KNN,KNN_n_neighbors=5_metric=cosine,fine_ozone,0.6315999999999999,0.06589992412742215,5,0.153,0.05569111239686275,5,0.1288,0.05264218840435873,5,0.6496000000000001,0.046225534069386384,5,0.09659999999999999,0.061500406502721594,5,0.1292,0.11960852812404307,5,0.2886,0.1418460433004742,5,0.9746,0.015192103211866346,5
KNN,KNN_n_neighbors=5_metric=cosine,fine_peach,0.621,0.07124956140215881,5,0.2234,0.07025169037112204,5,0.215,0.08170679286326199,5,0.718,0.0328785644455472,5,0.1422,0.02945674795356744,5,0.2732,0.14541561126646618,5,0.26399999999999996,0.16376507564190845,5,0.9778,0.02681790446697873,5
KNN,KNN_n_neighbors=5_metric=cosine,fine_pear,0.6502,0.06983337311056939,5,0.29300000000000004,0.10420652570736631,5,0.306,0.11224972160321825,5,0.7981999999999999,0.0357169427583045,5,0.2096,0.037971041597512176,5,0.3114,0.059638913470988035,5,0.3182,0.14609312098795066,5,0.9822,0.0064575537163851626,5
KNN,KNN_n_neighbors=5_metric=cosine,fine_phenolic,0.6946000000000001,0.060239521910453446,5,0.43979999999999997,0.07549635752802909,5,0.4492,0.08046862742709109,5,0.8088000000000001,0.045007777105740276,5,0.3512,0.07282993889877981,5,0.5256000000000001,0.019152023391798587,5,0.4018,0.12405119910746527,5,0.9868,0.003420526275297428,5
KNN,KNN_n_neighbors=5_metric=cosine,fine_pine,0.7338,0.04111812252523207,5,0.44480000000000003,0.08868314383241041,5,0.45339999999999997,0.08652918582767319,5,0.8602000000000001,0.08566621270956246,5,0.31880000000000003,0.06879462188281871,5,0.4326,0.09427778105152877,5,0.4774,0.07948773490293959,5,0.9902,0.0031144823004794794,5
KNN,KNN_n_neighbors=5_metric=cosine,fine_pineapple,0.681,0.05077400909914439,5,0.3506,0.06144346995409683,5,0.3748,0.05667186250689138,5,0.8071999999999999,0.04545547271781472,5,0.2968,0.057211886876767135,5,0.3706,0.05329446500341287,5,0.3907999999999999,0.10742997719444979,5,0.9712,0.00828854631404089,5
KNN,KNN_n_neighbors=5_metric=cosine,fine_plum,0.5694,0.06924810466720371,5,0.08940000000000001,0.0619862888064772,5,0.087,0.05318364410229897,5,0.6556,0.03715238888685359,5,0.0878,0.04026412795529042,5,0.0824,0.06275189240174354,5,0.16440000000000002,0.1637705712269454,5,0.9742,0.028560462181134262,5
KNN,KNN_n_neighbors=5_metric=cosine,fine_popcorn,0.7598,0.10747883512580514,5,0.5105999999999999,0.036855121760753964,5,0.4774,0.06420124609382595,5,0.8266,0.08439964454901452,5,0.41319999999999996,0.17933404584740736,5,0.5900000000000001,0.2701851217221259,5,0.5252,0.22123336095625362,5,0.9945999999999999,0.007266360849833989,5
KNN,KNN_n_neighbors=5_metric=cosine,fine_potato,0.6268,0.12085611279534023,5,0.2398,0.06075113167670212,5,0.1964,0.06071902502511054,5,0.7121999999999999,0.08451449579805818,5,0.129,0.07140378141247143,5,0.4046,0.3633397858754254,5,0.265,0.2566748916431056,5,0.9888,0.015417522498767435,5
KNN,KNN_n_neighbors=5_metric=cosine,fine_powdery,0.5868,0.03796314001765394,5,0.1872,0.07088864507098439,5,0.2032,0.06930512246580334,5,0.6998,0.030962881002904112,5,0.1338,0.04142704430682932,5,0.2508,0.13213137401843666,5,0.1992,0.07770263830784642,5,0.9742,0.01316054710108973,5
KNN,KNN_n_neighbors=5_metric=cosine,fine_pungent,0.6898,0.07844552249810055,5,0.3056,0.042181749608094725,5,0.3044,0.04258286040180955,5,0.7476,0.0324930761855507,5,0.2594,0.00867755725996666,5,0.3208,0.1821858940752549,5,0.4454000000000001,0.21621470810284857,5,0.9338,0.061868408739840716,5
KNN,KNN_n_neighbors=5_metric=cosine,fine_radish,0.6506000000000001,0.07295066826287469,5,0.4894,0.14805168016608256,5,0.4286,0.18259326384070143,5,0.7376,0.0637126361093308,5,0.3612,0.1021014201664208,5,0.8666,0.12640332274113683,5,0.3022,0.14565266904523239,5,0.9994,0.0005477225575051543,5
KNN,KNN_n_neighbors=5_metric=cosine,fine_raspberry,0.5328,0.03128418130621292,5,0.056799999999999996,0.0645577261061757,5,0.05739999999999999,0.06058300091609857,5,0.6073999999999999,0.05906183200680451,5,0.035199999999999995,0.02055966925804012,5,0.069,0.10414893182361497,5,0.0784,0.07546721142323996,5,0.9872,0.015482247898803361,5
KNN,KNN_n_neighbors=5_metric=cosine,fine_ripe,0.617,0.07592430440906253,5,0.1214,0.061304975328271685,5,0.11939999999999999,0.04174685616905781,5,0.64,0.05803016456981662,5,0.07239999999999999,0.04737932038347532,5,0.078,0.018973665961010275,5,0.29100000000000004,0.16874685182248586,5,0.9434000000000001,0.021766947420343498,5
KNN,KNN_n_neighbors=5_metric=cosine,fine_roasted,0.7904,0.031197756329582445,5,0.5092000000000001,0.0550517937945713,5,0.5378000000000001,0.05010688575435514,5,0.8789999999999999,0.027847800631288673,5,0.4344,0.04937914539560198,5,0.4726,0.05680492936356842,5,0.6272,0.06076347587161226,5,0.9533999999999999,0.010784247771634402,5
KNN,KNN_n_neighbors=5_metric=cosine,fine_rose,0.7152000000000001,0.06734018116993747,5,0.41859999999999997,0.07490861098698869,5,0.4476,0.07601513007290062,5,0.818,0.03880077318817243,5,0.373,0.06006662967072483,5,0.45940000000000003,0.09799132614675647,5,0.47400000000000003,0.15252049042669646,5,0.9565999999999999,0.02276620302114516,5
KNN,KNN_n_neighbors=5_metric=cosine,fine_rummy,0.6098,0.06379420036335591,5,0.2122,0.10656781878221962,5,0.2152,0.11170810176527038,5,0.6736000000000001,0.09702473911327975,5,0.1254,0.06527097364066205,5,0.242,0.11347026042095787,5,0.24180000000000001,0.14305138936759754,5,0.978,0.029402380855978284,5
KNN,KNN_n_neighbors=5_metric=cosine,fine_sandalwood,0.6641999999999999,0.12944187884915762,5,0.3814,0.27600326085030225,5,0.37039999999999995,0.2645492392731455,5,0.828,0.09613012014972205,5,0.44020000000000004,0.21591827157514948,5,0.4666,0.36135550362489294,5,0.3306,0.2599053673935958,5,0.998,0.002000000000000008,5
KNN,KNN_n_neighbors=5_metric=cosine,fine_savory,0.742,0.04701063709417264,5,0.266,0.047238755275726706,5,0.2476,0.035168167424533235,5,0.7468,0.04873089369178443,5,0.1446,0.04360963196359263,5,0.1588,0.02178761115863783,5,0.563,0.09529952780575567,5,0.9212,0.006978538528947175,5
KNN,KNN_n_neighbors=5_metric=cosine,fine_sharp,0.5666,0.06719226145918894,5,0.08259999999999999,0.06550038167827726,5,0.0896,0.06282356245868266,5,0.6826000000000001,0.06535900856041192,5,0.066,0.015684387141358124,5,0.0746,0.045604824306206895,5,0.1714,0.17317274612363226,5,0.9618,0.03996498467408687,5
KNN,KNN_n_neighbors=5_metric=cosine,fine_smoky,0.6178,0.07477432714508368,5,0.2102,0.06660105104275757,5,0.1978,0.08505997883846435,5,0.7948,0.05232781287231486,5,0.179,0.08306623862918074,5,0.2514,0.10203087767925946,5,0.2528,0.16561763191158121,5,0.9833999999999999,0.01948845812269408,5
KNN,KNN_n_neighbors=5_metric=cosine,fine_soapy,0.6582,0.12377277568189214,5,0.1406,0.1171251467448387,5,0.1146,0.09010438391110613,5,0.6726,0.10173888145640288,5,0.0432,0.03454272716506327,5,0.06839999999999999,0.054472929056550656,5,0.3574,0.2587929674469536,5,0.9593999999999999,0.017910890541790507,5
KNN,KNN_n_neighbors=5_metric=cosine,fine_solvent,0.6018,0.05390918289122923,5,0.25379999999999997,0.13571366917153188,5,0.251,0.13000576910275943,5,0.8093999999999999,0.13008766275093117,5,0.178,0.09823441352194251,5,0.33340000000000003,0.18648806932348247,5,0.209,0.10729864864013898,5,0.9948,0.0027748873851023443,5
KNN,KNN_n_neighbors=5_metric=cosine,fine_sour,0.6368,0.05507903412370266,5,0.36160000000000003,0.08532760397432944,5,0.3426,0.09486464040937487,5,0.725,0.009407443861113404,5,0.2242,0.0648860539715585,5,0.52,0.15846608469953433,5,0.2782,0.11202544353851049,5,0.9955999999999999,0.0031304951684996904,5
KNN,KNN_n_neighbors=5_metric=cosine,fine_spicy,0.6636,0.03186377253245448,5,0.33440000000000003,0.024602845363900495,5,0.387,0.03178049716414142,5,0.739,0.025622255950637933,5,0.3162,0.022117866081518812,5,0.4168,0.10263381509034923,5,0.3908,0.0872937569359917,5,0.9372,0.026395075298244527,5
KNN,KNN_n_neighbors=5_metric=cosine,fine_strawberry,0.5688000000000001,0.037472656697917724,5,0.11320000000000001,0.06231131518432266,5,0.0988,0.04414974518612763,5,0.5964,0.06235623465219821,5,0.0648,0.0443813023693537,5,0.16099999999999998,0.19755632108338117,5,0.1652,0.08786751390587991,5,0.9728,0.022376326776305338,5
KNN,KNN_n_neighbors=5_metric=cosine,fine_sulfurous,0.8692,0.0456694646344798,5,0.6839999999999999,0.059468479045625466,5,0.7078,0.053932365051052596,5,0.9427999999999999,0.0123166553901617,5,0.6584000000000001,0.04172888687707833,5,0.6554,0.02964456105257755,5,0.7736,0.0926137138873072,5,0.9642,0.00396232255123179,5
KNN,KNN_n_neighbors=5_metric=cosine,fine_sweaty,0.6184000000000001,0.06737061674053459,5,0.1058,0.06552633058549823,5,0.0878,0.05603302597575826,5,0.6306,0.04740569586030774,5,0.0852,0.05517880027691795,5,0.0534,0.03597638114096525,5,0.2664,0.14892212730148602,5,0.9702,0.016146206984923733,5
KNN,KNN_n_neighbors=5_metric=cosine,fine_sweet,0.6536000000000001,0.025559733957926878,5,0.28300000000000003,0.03872337795182645,5,0.5268,0.02192487172140359,5,0.7146,0.013831124321616066,5,0.46699999999999997,0.01705872210923198,5,0.41159999999999997,0.03883683818232375,5,0.7455999999999999,0.08091229819996461,5,0.5614,0.12273467317754998,5
KNN,KNN_n_neighbors=5_metric=cosine,fine_tea,0.5144,0.021605554841290262,5,0.032,0.061886993787063214,5,0.0334,0.054339672431843025,5,0.5964,0.052775941488522986,5,0.038400000000000004,0.01775668888053175,5,0.055200000000000006,0.1094769382107483,5,0.0388,0.054043500996882134,5,0.9904,0.015946786510140573,5
KNN,KNN_n_neighbors=5_metric=cosine,fine_terpenic,0.6275999999999999,0.11003317681499515,5,0.2662,0.09318100664835083,5,0.22039999999999998,0.07739056790074617,5,0.7916000000000001,0.07646437078796893,5,0.2326,0.05683132938793531,5,0.442,0.3771465232505796,5,0.2638,0.23346241667557543,5,0.9907999999999999,0.013608820668963205,5
KNN,KNN_n_neighbors=5_metric=cosine,fine_tobacco,0.6174000000000001,0.0844736645351674,5,0.22080000000000002,0.1077993506473949,5,0.2198,0.10824601609297221,5,0.7198,0.059327059593409864,5,0.18159999999999998,0.09858651023339857,5,0.2564,0.1426018933955647,5,0.25600000000000006,0.1886835975913116,5,0.9792,0.023445681905203786,5
KNN,KNN_n_neighbors=5_metric=cosine,fine_tomato,0.6872,0.1525178678057099,5,0.17060000000000003,0.14079524139685973,5,0.13620000000000002,0.11004635386963077,5,0.7246,0.1136718962628846,5,0.1742,0.08023527902363149,5,0.083,0.06858935777509512,5,0.4006,0.3129046180547676,5,0.9736,0.012621410380777624,5
KNN,KNN_n_neighbors=5_metric=cosine,fine_tropical,0.6786,0.026819768828235602,5,0.28700000000000003,0.05829236656715867,5,0.3378,0.0614223086508477,5,0.7372,0.02632869157402249,5,0.24620000000000003,0.03075223569108433,5,0.28959999999999997,0.10318575483079048,5,0.483,0.12746175897107337,5,0.8736,0.09067138468116609,5
KNN,KNN_n_neighbors=5_metric=cosine,fine_vanilla,0.7188,0.05090383089709459,5,0.5658,0.05228479702552172,5,0.5448000000000001,0.07722823317932376,5,0.8404,0.05324283989420548,5,0.4636,0.0736328730934764,5,0.7698,0.1503136720328527,5,0.44160000000000005,0.10338181658299493,5,0.9964000000000001,0.002607680962081042,5
KNN,KNN_n_neighbors=5_metric=cosine,fine_vegetable,0.6666000000000001,0.032199378875996935,5,0.30460000000000004,0.061784302213426345,5,0.33840000000000003,0.057795328530946176,5,0.7626000000000001,0.03541609803465087,5,0.264,0.047397257304616275,5,0.3322,0.12028175256455151,5,0.40120000000000006,0.1042242774021485,5,0.9318,0.06419267871027037,5
KNN,KNN_n_neighbors=5_metric=cosine,fine_vetiver,0.5992,0.07041093665049489,5,0.2854,0.17918928539396545,5,0.2544,0.16445911345985056,5,0.733,0.0867179335547152,5,0.1886,0.0840969678407016,5,0.4692,0.3842807567391321,5,0.2008,0.14253666195053116,5,0.9984,0.0018165902124585148,5
KNN,KNN_n_neighbors=5_metric=cosine,fine_violet,0.7116,0.07108656694481737,5,0.4368,0.11114719969481913,5,0.43600000000000005,0.11766265337820658,5,0.806,0.028513154858766477,5,0.291,0.07798397271234647,5,0.4746,0.1235244914986498,5,0.42940000000000006,0.1433066641855849,5,0.9938,0.00268328157299979,5
KNN,KNN_n_neighbors=5_metric=cosine,fine_warm,0.533,0.030708305065568143,5,0.0506,0.03622568149807537,5,0.059399999999999994,0.03327611756199932,5,0.5694,0.03555699649857955,5,0.0352,0.014939879517586479,5,0.0744,0.0651022273044479,5,0.1036,0.09974617787163575,5,0.9628,0.041384779810940124,5
KNN,KNN_n_neighbors=5_metric=cosine,fine_waxy,0.7708,0.028542950092798773,5,0.4488,0.047892588153074366,5,0.5024,0.04209275472097311,5,0.834,0.012747548783981983,5,0.4142,0.028074899821726864,5,0.4136,0.038161498922343176,5,0.6404,0.05342564927073887,5,0.901,0.010271319292087081,5
KNN,KNN_n_neighbors=5_metric=cosine,fine_weedy,0.5114,0.035125489320435084,5,0.012199999999999999,0.038147083767963184,5,0.0164,0.03667151483099655,5,0.5248,0.04094752739787834,5,0.011199999999999998,0.003962322551231789,5,0.0106,0.02370232056149777,5,0.0364,0.08139287438099234,5,0.9862,0.01892617235470501,5
KNN,KNN_n_neighbors=5_metric=cosine,fine_winey,0.6576000000000001,0.040240526835517494,5,0.298,0.03516390194503449,5,0.32,0.03446012188022554,5,0.8046,0.042122440575066394,5,0.2222,0.048623039806248214,5,0.3302,0.11260639413461387,5,0.3528,0.09344356585661744,5,0.962,0.016598192672697836,5
KNN,KNN_n_neighbors=5_metric=cosine,fine_woody,0.7534,0.04366119558601208,5,0.47140000000000004,0.04838181476546743,5,0.5432,0.04226345939461178,5,0.8198000000000001,0.025704085278414356,5,0.5054000000000001,0.04322961947554017,5,0.5062,0.055764684164800925,5,0.6026,0.10807081012003195,5,0.9046,0.02889290570364982,5
KNN,KNN_n_neighbors=5_metric=euclidean,fine_alcoholic,0.8263999999999999,0.04280537349445736,5,0.5302,0.09888225321057366,5,0.5218,0.12249775508147076,5,0.8779999999999999,0.044283179650969035,5,0.5469999999999999,0.07385797181076664,5,0.458,0.16629642209019413,5,0.6764,0.10198186113226218,5,0.9762000000000001,0.02397290136800297,5
KNN,KNN_n_neighbors=5_metric=euclidean,fine_aldehydic,0.6194,0.04328741156502669,5,0.2172,0.05962549790148507,5,0.22799999999999998,0.05404627646748663,5,0.7546,0.06864255240009652,5,0.18560000000000001,0.0497322832775653,5,0.2448,0.13158343360773042,5,0.278,0.12178259317324462,5,0.9608000000000001,0.041613699667297034,5
KNN,KNN_n_neighbors=5_metric=euclidean,fine_alliaceous,0.7527999999999999,0.11217709213560494,5,0.3804,0.029787581304966688,5,0.358,0.05115662224971466,5,0.8306000000000001,0.056332051267462296,5,0.3388,0.04793433007772195,5,0.352,0.1583019267096898,5,0.5426,0.25504862281533686,5,0.9628,0.0325530336527949,5
KNN,KNN_n_neighbors=5_metric=euclidean,fine_almond,0.6522,0.09712208811593785,5,0.21939999999999998,0.09484091943881606,5,0.2088,0.09177254491404278,5,0.7426,0.03801710141502114,5,0.188,0.095236547606473,5,0.2064,0.13093242531932262,5,0.3422,0.22941490797243322,5,0.9620000000000001,0.039812058474788733,5
KNN,KNN_n_neighbors=5_metric=euclidean,fine_amber,0.6766,0.11695426456525643,5,0.3008,0.13526899127294476,5,0.2948,0.14004534979784228,5,0.7712,0.060874460983239904,5,0.2284,0.09366589560773975,5,0.305,0.12512194052203635,5,0.3726,0.2504252383447004,5,0.9804,0.02080384579831334,5
KNN,KNN_n_neighbors=5_metric=euclidean,fine_animal,0.6476,0.007536577472566745,5,0.3064,0.07661788303000809,5,0.3144,0.0739242855900549,5,0.6954,0.020280532537386643,5,0.188,0.0469521032542739,5,0.3548,0.14937603556126397,5,0.3202,0.042287113876451794,5,0.9753999999999999,0.03007989361683313,5
KNN,KNN_n_neighbors=5_metric=euclidean,fine_anisic,0.6528,0.04223979166615293,5,0.391,0.12687592364195815,5,0.3832,0.11748914843507888,5,0.7535999999999999,0.08951703748449227,5,0.2744,0.1337434110526571,5,0.5218,0.20478696247564196,5,0.312,0.08227089400267874,5,0.9938,0.004764451699828666,5
KNN,KNN_n_neighbors=5_metric=euclidean,fine_apple,0.719,0.05721450864946759,5,0.4044,0.07377533463156911,5,0.43479999999999996,0.0653046705833511,5,0.8443999999999999,0.04022188459035702,5,0.3426,0.07015197787660729,5,0.4202,0.11222165566413637,5,0.48840000000000006,0.12957353124770507,5,0.9496,0.026206869328479435,5
KNN,KNN_n_neighbors=5_metric=euclidean,fine_apricot,0.6436,0.07255549600133682,5,0.1526,0.04333358974283114,5,0.1426,0.0242755020545405,5,0.6956,0.056456177695625116,5,0.0568,0.020179197209007103,5,0.0974,0.010807404868885038,5,0.3412,0.17731525597082726,5,0.9460000000000001,0.03251922508301818,5
KNN,KNN_n_neighbors=5_metric=euclidean,fine_aromatic,0.5700000000000001,0.0774532116829251,5,0.0678,0.07997312048432273,5,0.0712,0.06874372698654037,5,0.6046,0.07471479103899041,5,0.045200000000000004,0.026715164233071822,5,0.044,0.04338202392696773,5,0.19060000000000002,0.17425211619948838,5,0.9492,0.026677706048309303,5
KNN,KNN_n_neighbors=5_metric=euclidean,fine_balsamic,0.6924,0.07343228172949552,5,0.3674,0.06070667179149256,5,0.37520000000000003,0.06384512510756009,5,0.8154,0.031863772532454454,5,0.37720000000000004,0.05128547552670248,5,0.4422,0.21300985892676425,5,0.4444,0.19920040160602084,5,0.9406000000000001,0.05938265740096178,5
KNN,KNN_n_neighbors=5_metric=euclidean,fine_banana,0.706,0.08524083528450432,5,0.3206,0.0453464441825376,5,0.3186,0.05235265036270848,5,0.8109999999999999,0.041844951905815365,5,0.22359999999999997,0.07263126048747881,5,0.2914,0.109901319373336,5,0.4514,0.20640082364176748,5,0.961,0.037020264720825515,5
KNN,KNN_n_neighbors=5_metric=euclidean,fine_beefy,0.718,0.14044927910103347,5,0.2222,0.14685775430667594,5,0.1862,0.12367780722506362,5,0.7544,0.08404046644325577,5,0.1292,0.08395653637448366,5,0.11699999999999999,0.07951414968419143,5,0.461,0.2911425767557882,5,0.9751999999999998,0.015155856953666485,5
KNN,KNN_n_neighbors=5_metric=euclidean,fine_bergamot,0.6256,0.16485842410990104,5,0.2676,0.27110201032083847,5,0.258,0.26924709840590666,5,0.732,0.15370263498066647,5,0.26280000000000003,0.23180314924521625,5,0.315,0.24849547279578355,5,0.2536,0.3302602004480709,5,0.9978,0.0016431676725154817,5
KNN,KNN_n_neighbors=5_metric=euclidean,fine_berry,0.6526,0.03681439935677344,5,0.18380000000000002,0.03715104305399782,5,0.19060000000000002,0.03982838184008988,5,0.6722,0.023941595602632645,5,0.14379999999999998,0.03544291184426019,5,0.1452,0.08290778009330607,5,0.40499999999999997,0.11264546151532248,5,0.9002000000000001,0.047662354117269545,5
KNN,KNN_n_neighbors=5_metric=euclidean,fine_bitter,0.585,0.022237355957937105,5,0.2386,0.05105193434141355,5,0.2304,0.050698126198115055,5,0.6274,0.06080542738933752,5,0.1044,0.048376647258775586,5,0.34900000000000003,0.06948740893140282,5,0.1742,0.04459484275115228,5,0.9958,0.0010954451150103066,5
KNN,KNN_n_neighbors=5_metric=euclidean,fine_black currant,0.6839999999999999,0.11748829728955987,5,0.2678,0.1617133265998817,5,0.2584,0.15510415855160042,5,0.7971999999999999,0.08338285195410387,5,0.1774,0.06482129279796878,5,0.20579999999999998,0.12658277923951583,5,0.3802,0.24354712069741247,5,0.9878,0.011077003204838435,5
KNN,KNN_n_neighbors=5_metric=euclidean,fine_brandy,0.5898,0.17466882950314863,5,0.0746,0.13599007316712497,5,0.06,0.0934585469606713,5,0.6584,0.1625032307371149,5,0.053200000000000004,0.06781002875681442,5,0.0368,0.0546735767990352,5,0.19519999999999998,0.36187801812212905,5,0.9847999999999999,0.01657407614318218,5
KNN,KNN_n_neighbors=5_metric=euclidean,fine_burnt,0.6759999999999999,0.0591016074231488,5,0.25939999999999996,0.03187946047222253,5,0.2738,0.03698242825991824,5,0.7412,0.011476062042355793,5,0.16440000000000002,0.02691282222287361,5,0.2284,0.06338217415015045,5,0.41479999999999995,0.1578597478776651,5,0.9374,0.040746779013806696,5
KNN,KNN_n_neighbors=5_metric=euclidean,fine_buttery,0.6842,0.06847408268826974,5,0.3686,0.13392273892061796,5,0.3854,0.130300805830202,5,0.7758,0.03452100809652006,5,0.2496,0.0889089421824374,5,0.387,0.1323914649816974,5,0.386,0.13357956430532328,5,0.9823999999999999,0.004037325847637259,5
KNN,KNN_n_neighbors=5_metric=euclidean,fine_cabbage,0.7276,0.128548823409629,5,0.2528,0.12789136014602395,5,0.22279999999999997,0.1015539265612118,5,0.752,0.09596874491208059,5,0.11099999999999999,0.06450581369148055,5,0.1478,0.06123887654096865,5,0.4798,0.2616203356010385,5,0.9753999999999999,0.008561541917201581,5
KNN,KNN_n_neighbors=5_metric=euclidean,fine_camphoreous,0.761,0.04288939262801471,5,0.41319999999999996,0.06693429614181358,5,0.4152,0.08263594859381722,5,0.8356,0.03774652301868347,5,0.3268,0.05630896909019024,5,0.3508,0.09950728616538593,5,0.5576,0.10761412546687352,5,0.9646000000000001,0.031117519181322856,5
KNN,KNN_n_neighbors=5_metric=euclidean,fine_caramellic,0.6788000000000001,0.05955417701555446,5,0.42460000000000003,0.0689369276948139,5,0.4272,0.07714402115523923,5,0.8408,0.01847159982243012,5,0.3952,0.055549077400079305,5,0.5591999999999999,0.12884952464017863,5,0.3748,0.12920023219793378,5,0.9827999999999999,0.012872451204024823,5
KNN,KNN_n_neighbors=5_metric=euclidean,fine_cedar,0.6788000000000001,0.07489793054550976,5,0.3832,0.1330458567562327,5,0.36219999999999997,0.12705195787550855,5,0.795,0.0723947511909531,5,0.26739999999999997,0.12152695174322442,5,0.47319999999999995,0.267171667659578,5,0.368,0.16142335642650973,5,0.9898,0.015801898620102606,5
KNN,KNN_n_neighbors=5_metric=euclidean,fine_celery,0.6195999999999999,0.1043518088008061,5,0.23220000000000002,0.159343026204475,5,0.1646,0.10705045539370675,5,0.6397999999999999,0.08796703928176733,5,0.1442,0.058589248160392016,5,0.43739999999999996,0.5150512595849077,5,0.2554,0.22942602293549877,5,0.9846,0.02132604042010615,5
KNN,KNN_n_neighbors=5_metric=euclidean,fine_chamomile,0.6516,0.0462309420193879,5,0.3226,0.1027049171169521,5,0.31720000000000004,0.10562528106471479,5,0.7128,0.09977825414387648,5,0.1998,0.11271290964215236,5,0.3666,0.15424104512094047,5,0.308,0.09306180741851085,5,0.9949999999999999,0.005244044240850755,5
KNN,KNN_n_neighbors=5_metric=euclidean,fine_cheesy,0.7288,0.04657467122803979,5,0.4396,0.08211759860103068,5,0.45760000000000006,0.07727742231725901,5,0.8188000000000001,0.02805708466680028,5,0.3578,0.09220466365645502,5,0.449,0.11005226031299857,5,0.48179999999999995,0.0953136926154894,5,0.9753999999999999,0.009762171889492625,5
KNN,KNN_n_neighbors=5_metric=euclidean,fine_cherry,0.6527999999999999,0.0762509016340135,5,0.23900000000000002,0.08043941819779653,5,0.2404,0.08046614194802679,5,0.7282,0.04830838436544946,5,0.1434,0.06171142519825644,5,0.2142,0.09116029837599261,5,0.3324,0.17654829367626299,5,0.9736,0.028866936103438448,5
KNN,KNN_n_neighbors=5_metric=euclidean,fine_chocolate,0.6838,0.0851657208036191,5,0.2868,0.10811660372024272,5,0.2798,0.10591364406911886,5,0.7524,0.051447060168682134,5,0.1612,0.09494577399758243,5,0.2552,0.14512477390163267,5,0.3926,0.1865349833141226,5,0.9753999999999999,0.025559733957926836,5
KNN,KNN_n_neighbors=5_metric=euclidean,fine_cinnamon,0.7154,0.07187002156671445,5,0.333,0.10886918756011728,5,0.3194,0.11953367726293708,5,0.7727999999999999,0.04849948453334326,5,0.2672,0.08810902337445355,5,0.2974,0.18387577328185462,5,0.45380000000000004,0.16023326745716698,5,0.977,0.021142374511865993,5
KNN,KNN_n_neighbors=5_metric=euclidean,fine_citrus,0.6994,0.07589664024184473,5,0.3874,0.06255637457525812,5,0.4206,0.06651917016920761,5,0.8404,0.008443932733033852,5,0.36760000000000004,0.038337970733986426,5,0.43920000000000003,0.06628499075959807,5,0.45,0.18202060322941466,5,0.9484,0.03192647803939541,5
KNN,KNN_n_neighbors=5_metric=euclidean,fine_clean,0.6294000000000001,0.0795694665056892,5,0.1832,0.06614907406759371,5,0.166,0.07252241032949747,5,0.675,0.07943236116344524,5,0.09159999999999999,0.07196040577984535,5,0.2144,0.18340474366820503,5,0.3106,0.19203463229324025,5,0.9481999999999999,0.04223387266164445,5
KNN,KNN_n_neighbors=5_metric=euclidean,fine_clove,0.704,0.030999999999999965,5,0.3702,0.025173398658107315,5,0.37160000000000004,0.024141251003210237,5,0.8262,0.04901224336836665,5,0.2766,0.10915722605489753,5,0.3432,0.03200312484742701,5,0.41319999999999996,0.06309675110494992,5,0.9945999999999999,0.0011401754250991779,5
KNN,KNN_n_neighbors=5_metric=euclidean,fine_cocoa,0.674,0.023822258499143146,5,0.33799999999999997,0.03214809481135701,5,0.351,0.027829840100151507,5,0.7916000000000001,0.048262822130497075,5,0.282,0.06524952107103929,5,0.34859999999999997,0.07107249819726333,5,0.366,0.05221110992882644,5,0.9826,0.00606630035524124,5
KNN,KNN_n_neighbors=5_metric=euclidean,fine_coconut,0.6732,0.10371210151182937,5,0.33199999999999996,0.1911504642944924,5,0.3382,0.19213849171886405,5,0.7908000000000001,0.033995587949026546,5,0.2772,0.11468086152449328,5,0.33199999999999996,0.19380015479869978,5,0.3566,0.21258598260468634,5,0.9904,0.00606630035524124,5
KNN,KNN_n_neighbors=5_metric=euclidean,fine_coffee,0.7108000000000001,0.08387907963252815,5,0.32720000000000005,0.03849285648013151,5,0.32880000000000004,0.01614620698492373,5,0.8378,0.02954995769878527,5,0.2424,0.045147535923901756,5,0.2782,0.0343103482931899,5,0.4516,0.18942887847421785,5,0.9708,0.021799082549501893,5
KNN,KNN_n_neighbors=5_metric=euclidean,fine_cognac,0.717,0.07631186015292778,5,0.377,0.06638900511379879,5,0.3788,0.07291227605828801,5,0.8388,0.056131096550842474,5,0.2814,0.07104435234415189,5,0.359,0.06259792328823698,5,0.45339999999999997,0.1610180114148725,5,0.9800000000000001,0.008944271909999172,5
KNN,KNN_n_neighbors=5_metric=euclidean,fine_cooked,0.5978,0.04285090430784397,5,0.1182,0.043101044070880695,5,0.12279999999999999,0.03844086367396028,5,0.6168,0.03976430560188373,5,0.0528,0.03627257917490842,5,0.094,0.04823898838076935,5,0.248,0.09940824915468535,5,0.9474,0.025754611237601678,5
KNN,KNN_n_neighbors=5_metric=euclidean,fine_cooling,0.7182000000000001,0.0756485293974708,5,0.2722,0.04918536367660607,5,0.25460000000000005,0.048957124098541575,5,0.767,0.0663211881678849,5,0.1642,0.048679564500927905,5,0.1924,0.06717365555037183,5,0.4756,0.1727796284288168,5,0.9603999999999999,0.023880954754783135,5
KNN,KNN_n_neighbors=5_metric=euclidean,fine_cortex,0.5608,0.071559066511519,5,0.0534,0.05825633012815002,5,0.0516,0.04729482001234384,5,0.6064,0.09113890497476916,5,0.047200000000000006,0.03895766933480493,5,0.0314,0.029048235746771265,5,0.164,0.16225134822244158,5,0.9578,0.02475277762191547,5
KNN,KNN_n_neighbors=5_metric=euclidean,fine_coumarinic,0.6462,0.0616538725466616,5,0.2644,0.09448703614782296,5,0.27,0.09483670175622938,5,0.7816,0.04834563061952963,5,0.1274,0.051539305389188154,5,0.252,0.07845699458939272,5,0.30419999999999997,0.12586381529256133,5,0.9888,0.005449770637375467,5
KNN,KNN_n_neighbors=5_metric=euclidean,fine_creamy,0.5798,0.019110206696945985,5,0.28759999999999997,0.06465137276191435,5,0.24580000000000002,0.05107543440833373,5,0.6934,0.017008821240756235,5,0.1762,0.05486984599941939,5,0.5871999999999999,0.21528748221854424,5,0.1678,0.04301395122515485,5,0.9924,0.009838699100999073,5
KNN,KNN_n_neighbors=5_metric=euclidean,fine_cucumber,0.7188,0.0854675376970695,5,0.3896,0.08538618155181789,5,0.3758,0.08537388359445762,5,0.835,0.08065048046974056,5,0.2364,0.06373225243155932,5,0.388,0.17100292395160968,5,0.4466,0.17796713179685736,5,0.9911999999999999,0.00834865258589672,5
KNN,KNN_n_neighbors=5_metric=euclidean,fine_dairy,0.648,0.10800231479000809,5,0.2532,0.07280934006018734,5,0.248,0.06851642138932826,5,0.7338,0.07361861177718577,5,0.1672,0.08039713925258782,5,0.2792,0.11221274437424654,5,0.3262,0.2508818446998507,5,0.9702,0.03633455655433264,5
KNN,KNN_n_neighbors=5_metric=euclidean,fine_dry,0.6102000000000001,0.04129406737050734,5,0.1832,0.08875640821935057,5,0.2016,0.08707927422756806,5,0.6622,0.05983059418056952,5,0.11100000000000002,0.04610856753359402,5,0.1994,0.12566144993592904,5,0.2872,0.1259511810186788,5,0.9328,0.06569398754832896,5
KNN,KNN_n_neighbors=5_metric=euclidean,fine_earthy,0.6527999999999999,0.052284797025521655,5,0.1918,0.042133122362341006,5,0.2358,0.0289775775385038,5,0.6824,0.03901025506197056,5,0.1698,0.02133541656495133,5,0.16899999999999998,0.04699468055003672,5,0.49700000000000005,0.16916412149152668,5,0.8089999999999999,0.08182909018191512,5
KNN,KNN_n_neighbors=5_metric=euclidean,fine_ethereal,0.7373999999999999,0.032883126372046836,5,0.4928,0.042839234353568935,5,0.51,0.028390139133156803,5,0.8452,0.029558416737031076,5,0.45600000000000007,0.04209513035969838,5,0.5602,0.15923630239364392,5,0.5052,0.08773368794254575,5,0.9696,0.02219909908081859,5
KNN,KNN_n_neighbors=5_metric=euclidean,fine_fatty,0.752,0.025816661286851245,5,0.4586,0.020695410119154434,5,0.5236000000000001,0.016994116628998412,5,0.8155999999999999,0.008173126696680992,5,0.4372,0.01833575741549829,5,0.47919999999999996,0.07272344876310527,5,0.5962,0.07718289966048175,5,0.9077999999999999,0.028420063335608505,5
KNN,KNN_n_neighbors=5_metric=euclidean,fine_fermented,0.6334,0.038958952757999016,5,0.3982,0.08939071540154493,5,0.376,0.0901082682110804,5,0.7586,0.019869574731231698,5,0.2914,0.08298072065245035,5,0.6192,0.0947718312580273,5,0.2718,0.07748032008194082,5,0.9952,0.001303840481040522,5
KNN,KNN_n_neighbors=5_metric=euclidean,fine_fishy,0.6648,0.0711175083928001,5,0.3836,0.09285095583783724,5,0.3746,0.11854450641003994,5,0.7674,0.06145567508375448,5,0.3264,0.10674408648726166,5,0.49300000000000005,0.11588140489310614,5,0.336,0.14454929954863152,5,0.994,0.0029154759474226623,5
KNN,KNN_n_neighbors=5_metric=euclidean,fine_floral,0.7464000000000001,0.023201293067413305,5,0.4436,0.04596520423102675,5,0.577,0.031654383582688794,5,0.8116,0.016831518053936765,5,0.5104,0.030319960422137786,5,0.4962,0.05825547184599914,5,0.701,0.06933974329343888,5,0.7918000000000001,0.05562103918482646,5
KNN,KNN_n_neighbors=5_metric=euclidean,fine_fresh,0.6466000000000001,0.04517521444332062,5,0.2056,0.0360111093969625,5,0.2894,0.03012971954731741,5,0.6965999999999999,0.02337306141693892,5,0.20220000000000002,0.01856609813611897,5,0.2132,0.04345917624621985,5,0.5576,0.2217854819414472,5,0.7358,0.13731059682340618,5
KNN,KNN_n_neighbors=5_metric=euclidean,fine_fruit skin,0.5306,0.04850566977168753,5,0.04,0.05911852501542981,5,0.040999999999999995,0.057201398584300366,5,0.5992,0.029037906260610497,5,0.05,0.03794074327158075,5,0.03899999999999999,0.06234580980306535,5,0.0746,0.1190621686347095,5,0.9872,0.023689660191737693,5
KNN,KNN_n_neighbors=5_metric=euclidean,fine_fruity,0.7542,0.012794530081249587,5,0.5054000000000001,0.0303364467266686,5,0.7018,0.012049896265113673,5,0.8257999999999999,0.0112338773359869,5,0.7186,0.02207487259306382,5,0.6614,0.0683761654379653,5,0.7636000000000001,0.08813796003992831,5,0.7454,0.10719514914397942,5
KNN,KNN_n_neighbors=5_metric=euclidean,fine_garlic,0.841,0.04326083679264655,5,0.5326000000000001,0.07508528484330333,5,0.5254,0.08622238688414974,5,0.8744,0.0463281771711342,5,0.4640000000000001,0.10373764986734565,5,0.43100000000000005,0.10807404868885039,5,0.7081999999999999,0.09320515007230017,5,0.9738,0.014737706741552434,5
KNN,KNN_n_neighbors=5_metric=euclidean,fine_gassy,0.6828000000000001,0.14650665513893898,5,0.18,0.1467327502638726,5,0.1496,0.12167292221361332,5,0.6970000000000001,0.1295993827145793,5,0.1306,0.12816902902027463,5,0.09519999999999999,0.08093021685378088,5,0.3868,0.30187944613703,5,0.9789999999999999,0.013285330255586453,5
KNN,KNN_n_neighbors=5_metric=euclidean,fine_geranium,0.6172,0.07498799903984633,5,0.2162,0.07811977982559859,5,0.2016,0.06101065480717283,5,0.7817999999999999,0.06505151804531542,5,0.1474,0.05250523783395329,5,0.25939999999999996,0.1930875449116281,5,0.24699999999999997,0.16200617272190587,5,0.9878,0.012437845472588964,5
KNN,KNN_n_neighbors=5_metric=euclidean,fine_grape,0.6548,0.05832838074213955,5,0.3834,0.07577136662354717,5,0.363,0.10883933112620639,5,0.7538,0.05415440886945403,5,0.2976,0.07141288399161595,5,0.5599999999999999,0.26831231801764155,5,0.3166,0.11947719447660295,5,0.993,0.004898979485566355,5
KNN,KNN_n_neighbors=5_metric=euclidean,fine_grapefruit,0.6708000000000001,0.09800357136349673,5,0.2958,0.10165234871856137,5,0.2854,0.11172868924318409,5,0.7358,0.052646937232853346,5,0.2352,0.06467379685776922,5,0.3044,0.10031600071773197,5,0.359,0.2103508973120866,5,0.983,0.016537835408541268,5
KNN,KNN_n_neighbors=5_metric=euclidean,fine_grassy,0.5444,0.056932416073797544,5,0.0424,0.05772607729614061,5,0.0452,0.05208838642154315,5,0.5804,0.04015345564207392,5,0.0246,0.00861974477580398,5,0.027800000000000002,0.03231408361689993,5,0.1244,0.13535434976386979,5,0.9642,0.03174429082528066,5
KNN,KNN_n_neighbors=5_metric=euclidean,fine_green,0.717,0.022605309110914604,5,0.3976,0.042576989090352534,5,0.5948,0.02979429475587565,5,0.7804,0.024945941553687675,5,0.5732,0.029701851794122172,5,0.49660000000000004,0.02466373856494592,5,0.7412,0.03972027190239259,5,0.6928,0.010733126291998947,5
KNN,KNN_n_neighbors=5_metric=euclidean,fine_hawthorn,0.5828,0.09061843079638933,5,0.1226,0.13313827398610814,5,0.085,0.07553476021011783,5,0.6918,0.1218306201248274,5,0.10839999999999998,0.13563664696533898,5,0.227,0.4327262414044242,5,0.18439999999999998,0.19014810017457445,5,0.9810000000000001,0.014730919862656249,5
KNN,KNN_n_neighbors=5_metric=euclidean,fine_hay,0.5606,0.051602325528991404,5,0.11520000000000001,0.11776969049802245,5,0.11879999999999999,0.11213696981816478,5,0.6368,0.0491192426651715,5,0.0606,0.03612201544764632,5,0.1396,0.16795475581239133,5,0.1406,0.1191775985661735,5,0.9812,0.025801162764495653,5
KNN,KNN_n_neighbors=5_metric=euclidean,fine_hazelnut,0.6736,0.06038460068593647,5,0.2644,0.06511758595034065,5,0.26280000000000003,0.056896397073980004,5,0.7724,0.04295113502574756,5,0.1976,0.03323853185686757,5,0.21059999999999998,0.03904868755797051,5,0.36160000000000003,0.12417850055464513,5,0.986,0.005830951894845301,5
KNN,KNN_n_neighbors=5_metric=euclidean,fine_herbal,0.6454000000000001,0.025657357619209384,5,0.2794,0.03209049703572694,5,0.3894,0.037253187783060936,5,0.7188,0.02805708466680029,5,0.3148,0.04090476744830608,5,0.37879999999999997,0.06422771987234173,5,0.4236,0.0897568938856509,5,0.8677999999999999,0.046407973452845336,5
KNN,KNN_n_neighbors=5_metric=euclidean,fine_honey,0.6769999999999999,0.07733369252790147,5,0.3108,0.04765186250294943,5,0.3108,0.07055281709471281,5,0.7692,0.0348668897379735,5,0.219,0.04492215489043241,5,0.33540000000000003,0.12949633199438507,5,0.3954,0.20114994407158057,5,0.9586,0.05128645045233682,5
KNN,KNN_n_neighbors=5_metric=euclidean,fine_hyacinth,0.5820000000000001,0.09503683496413375,5,0.089,0.09147950590159523,5,0.08020000000000001,0.07892211350439116,5,0.6786,0.020501219475923822,5,0.0666,0.016697305171793443,5,0.0668,0.07251689458326245,5,0.1884,0.21865566537366468,5,0.9763999999999999,0.028780201528133917,5
KNN,KNN_n_neighbors=5_metric=euclidean,fine_jasmin,0.655,0.06559344479443054,5,0.3202,0.04440382866375374,5,0.30979999999999996,0.02167256330017289,5,0.7624000000000001,0.020671236053995446,5,0.2794,0.08161066106826975,5,0.3958,0.1998904700079521,5,0.3274,0.15160903666998216,5,0.9827999999999999,0.020510972673181572,5
KNN,KNN_n_neighbors=5_metric=euclidean,fine_juicy,0.54,0.04404543109109048,5,0.0364,0.04178875446815806,5,0.038400000000000004,0.03873370625179057,5,0.5906,0.04502554830315785,5,0.0206,0.011653325705565772,5,0.023600000000000003,0.023880954754783152,5,0.1106,0.11344954825824562,5,0.9698,0.026817904466978803,5
KNN,KNN_n_neighbors=5_metric=euclidean,fine_ketonic,0.8033999999999999,0.047589914898011704,5,0.5176000000000001,0.0578299230502687,5,0.5078,0.07501799784051824,5,0.8832000000000001,0.061560539308878746,5,0.3506,0.07507862545358703,5,0.46340000000000003,0.1351158761952125,5,0.6144000000000001,0.09844947942980704,5,0.9924,0.004037325847637313,5
KNN,KNN_n_neighbors=5_metric=euclidean,fine_lactonic,0.6482,0.06209428315070556,5,0.3064,0.12760603434007342,5,0.3134,0.12692241724770295,5,0.7862,0.09054115086522811,5,0.1762,0.06470471389319328,5,0.3298,0.14293599966418538,5,0.30500000000000005,0.12462543881567682,5,0.9917999999999999,0.0035637059362410807,5
KNN,KNN_n_neighbors=5_metric=euclidean,fine_lavender,0.575,0.08157818335805228,5,0.1552,0.1465783067169218,5,0.1478,0.13587567847116716,5,0.673,0.11264990013311152,5,0.0962,0.045663990189207075,5,0.19,0.20736441353327723,5,0.1534,0.1660054215982117,5,0.9969999999999999,0.0030000000000000395,5
KNN,KNN_n_neighbors=5_metric=euclidean,fine_leafy,0.5963999999999999,0.02963612660251003,5,0.16240000000000002,0.04969708240933265,5,0.1756,0.04684335598566781,5,0.6308,0.059111758559528604,5,0.0872,0.0177115781340907,5,0.183,0.10692053123698929,5,0.24820000000000003,0.10273850300641918,5,0.9448000000000001,0.054842501766421976,5
KNN,KNN_n_neighbors=5_metric=euclidean,fine_leathery,0.6003999999999999,0.03652807139721448,5,0.1814,0.07228623658761049,5,0.1732,0.06346810222466086,5,0.6498,0.034178940884702656,5,0.153,0.06628348210527267,5,0.2122,0.1746530847136689,5,0.21879999999999997,0.08928437713284448,5,0.9818,0.01868689380287694,5
KNN,KNN_n_neighbors=5_metric=euclidean,fine_lemon,0.6275999999999999,0.11596896136466857,5,0.20540000000000003,0.09582431841656897,5,0.19740000000000002,0.0864598172563417,5,0.7626,0.06903839511460268,5,0.13,0.06539495393377076,5,0.2152,0.07763826376214245,5,0.2758,0.25349792898562307,5,0.9795999999999999,0.02273323558141256,5
KNN,KNN_n_neighbors=5_metric=euclidean,fine_lily,0.686,0.05534889339453864,5,0.26139999999999997,0.09759252020518784,5,0.24459999999999998,0.1037077624867107,5,0.7318,0.04122135368956241,5,0.10980000000000001,0.056865631096471615,5,0.22920000000000001,0.19039879201297472,5,0.40520000000000006,0.13149030382503493,5,0.9663999999999999,0.024845522735495035,5
KNN,KNN_n_neighbors=5_metric=euclidean,fine_malty,0.6202,0.1293955176967116,5,0.179,0.1880026595556563,5,0.1366,0.1453609301015923,5,0.7352000000000001,0.032797865784224466,5,0.25339999999999996,0.14625594005031045,5,0.24699999999999997,0.42689342932399416,5,0.2506,0.2716446207823744,5,0.9898,0.014166862743741128,5
KNN,KNN_n_neighbors=5_metric=euclidean,fine_meaty,0.7664,0.04471353262715886,5,0.4676,0.022389729788454354,5,0.495,0.01969771560359222,5,0.8427999999999999,0.014720733677368153,5,0.4042,0.028384855116769577,5,0.44320000000000004,0.04902754327926294,5,0.5814,0.11060876999587331,5,0.951,0.021118712081942853,5
KNN,KNN_n_neighbors=5_metric=euclidean,fine_medicinal,0.6262,0.08100432087240776,5,0.2516,0.15966621433478032,5,0.2602,0.15929595098432353,5,0.7496,0.0674225481571262,5,0.14340000000000003,0.0651099070802593,5,0.262,0.15897798589741913,5,0.26139999999999997,0.16373393050922588,5,0.9916,0.0026076809620810652,5
KNN,KNN_n_neighbors=5_metric=euclidean,fine_melon,0.6636,0.03822041339389201,5,0.3414,0.06498692176122824,5,0.3566,0.063951544156494,5,0.7464000000000001,0.027042559050504088,5,0.21880000000000002,0.02703146314944864,5,0.377,0.06494613152451807,5,0.3424,0.07754224654986466,5,0.9846,0.0036469165057621184,5
KNN,KNN_n_neighbors=5_metric=euclidean,fine_metallic,0.5824,0.07786077317879653,5,0.11339999999999999,0.12530682343751276,5,0.1176,0.12562165418430057,5,0.6596,0.05743518085633578,5,0.0814,0.03366452138379514,5,0.10980000000000001,0.1547746749310106,5,0.21459999999999999,0.20830458468310292,5,0.9507999999999999,0.062037891646960386,5
KNN,KNN_n_neighbors=5_metric=euclidean,fine_milky,0.5631999999999999,0.02871759042816784,5,0.178,0.07881941385217223,5,0.1538,0.07260647354058729,5,0.6288,0.050879268862671335,5,0.0878,0.05646857533177192,5,0.3342,0.1957273613984514,5,0.1446,0.08257905303404733,5,0.9816,0.03338862081608041,5
KNN,KNN_n_neighbors=5_metric=euclidean,fine_mint,0.7146,0.04606300033649567,5,0.43200000000000005,0.037349698793966206,5,0.4514,0.03970264474817766,5,0.826,0.02786574958618554,5,0.3534,0.05605622177778306,5,0.46979999999999994,0.07085689804105173,5,0.4554,0.10139427991755749,5,0.9743999999999999,0.010212737145349435,5
KNN,KNN_n_neighbors=5_metric=euclidean,fine_muguet,0.5538000000000001,0.04318796128552491,5,0.1338,0.11257086656857537,5,0.10699999999999998,0.08207618412182671,5,0.6514,0.06233217467728847,5,0.0876,0.05943736198722147,5,0.2844,0.4144506001925923,5,0.11840000000000002,0.09791475884666213,5,0.9896,0.015009996668887056,5
KNN,KNN_n_neighbors=5_metric=euclidean,fine_mushroom,0.65,0.0464919347844333,5,0.29619999999999996,0.11910793424453302,5,0.30419999999999997,0.12015490002492617,5,0.7326,0.06985914399704593,5,0.20620000000000002,0.07797243102533101,5,0.3206,0.1546909822840362,5,0.3214,0.0909521852403778,5,0.9785999999999999,0.02451122191976564,5
KNN,KNN_n_neighbors=5_metric=euclidean,fine_musk,0.7807999999999999,0.060072456250764364,5,0.6022000000000001,0.08510405395749372,5,0.5886,0.07933662458158906,5,0.8333999999999999,0.04282289107475112,5,0.5609999999999999,0.09083501527494776,5,0.6938,0.2452288726883521,5,0.5700000000000001,0.1316738394670711,5,0.9916,0.011760102040373638,5
KNN,KNN_n_neighbors=5_metric=euclidean,fine_musty,0.5850000000000001,0.07193747284969079,5,0.11280000000000001,0.06570159815407842,5,0.13620000000000002,0.05935233778041098,5,0.6298,0.06046238500092434,5,0.079,0.02580697580112788,5,0.1206,0.05881156348882421,5,0.2592,0.22572040226793857,5,0.9112,0.08600406967114989,5
KNN,KNN_n_neighbors=5_metric=euclidean,fine_natural,0.515,0.021424285285628564,5,0.0256,0.0383575285960918,5,0.0346,0.03907428822128434,5,0.5626,0.07512855648819564,5,0.0316,0.013974977638622538,5,0.0354,0.052137318688248634,5,0.054599999999999996,0.059298397954750844,5,0.9751999999999998,0.030946728421595744,5
KNN,KNN_n_neighbors=5_metric=euclidean,fine_nutty,0.702,0.031192947920964435,5,0.4088,0.048116525227825856,5,0.44699999999999995,0.0440397547677096,5,0.8054,0.020911719202399374,5,0.3736,0.03181666230137912,5,0.4652,0.09281810168280753,5,0.44800000000000006,0.0743942202056047,5,0.9554,0.020107212636265612,5
KNN,KNN_n_neighbors=5_metric=euclidean,fine_odorless,0.8826,0.029543188724306706,5,0.6584,0.06546220283491844,5,0.6658,0.06426663208851074,5,0.8896000000000001,0.02836899716239549,5,0.6932,0.07561216833288151,5,0.576,0.06935776813018135,5,0.79,0.054772255750516606,5,0.9753999999999999,0.005594640292279781,5
KNN,KNN_n_neighbors=5_metric=euclidean,fine_oily,0.6981999999999999,0.029201027379186513,5,0.35,0.05257375771237966,5,0.40380000000000005,0.04768857305476859,5,0.764,0.016688319268278677,5,0.28979999999999995,0.027580790416519996,5,0.35619999999999996,0.04706059923120401,5,0.4676,0.05285167925430566,5,0.9282,0.0074296702484026485,5
KNN,KNN_n_neighbors=5_metric=euclidean,fine_onion,0.7889999999999999,0.0432030091544559,5,0.5086,0.0512718246213259,5,0.5208,0.05331697665847152,5,0.8805999999999999,0.04267083312990269,5,0.4958,0.08414095316788371,5,0.46880000000000005,0.07413298860831123,5,0.6048,0.0954368901421248,5,0.9724,0.014501724035438025,5
KNN,KNN_n_neighbors=5_metric=euclidean,fine_orange,0.644,0.06390226913028987,5,0.23359999999999997,0.06955070093104741,5,0.23879999999999998,0.07422735344871188,5,0.7904,0.04351781244502073,5,0.14479999999999998,0.05655705084249001,5,0.21739999999999998,0.06483286203770432,5,0.31500000000000006,0.14706631157406513,5,0.9730000000000001,0.02441311123146736,5
KNN,KNN_n_neighbors=5_metric=euclidean,fine_orangeflower,0.7378,0.08008245750474942,5,0.3238,0.042581686204282695,5,0.2968,0.0665221767533204,5,0.8262,0.05923428061519782,5,0.196,0.09273888073510485,5,0.2556,0.11674245157610834,5,0.48840000000000006,0.16884697213749497,5,0.9872,0.009093954035511734,5
KNN,KNN_n_neighbors=5_metric=euclidean,fine_orris,0.6596,0.09840376009076074,5,0.20700000000000002,0.0712460525222275,5,0.1896,0.055034534612368624,5,0.6922,0.068357150320943,5,0.14579999999999999,0.07630989450916571,5,0.1686,0.09275936610391429,5,0.34540000000000004,0.21512856621099857,5,0.9734,0.019730686759461786,5
KNN,KNN_n_neighbors=5_metric=euclidean,fine_ozone,0.6532,0.10358426521436544,5,0.167,0.08016545390628062,5,0.13579999999999998,0.06449573629318453,5,0.671,0.08711199687758282,5,0.1202,0.07786976306628908,5,0.1322,0.11946840586531654,5,0.33320000000000005,0.21769979329342506,5,0.9730000000000001,0.015231546211727823,5
KNN,KNN_n_neighbors=5_metric=euclidean,fine_peach,0.6068,0.0345065211228255,5,0.258,0.06583691973353553,5,0.25739999999999996,0.05850897367071141,5,0.7078,0.03820602046798383,5,0.15899999999999997,0.06616645675869305,5,0.3456,0.14981088077973512,5,0.2234,0.07226894215359735,5,0.9904,0.004979959839195466,5
KNN,KNN_n_neighbors=5_metric=euclidean,fine_pear,0.6884,0.08865833294169254,5,0.3136,0.08559088736541991,5,0.31779999999999997,0.09022859857051975,5,0.8192,0.03822564584150278,5,0.2138,0.04397954069791999,5,0.29619999999999996,0.06532763580598948,5,0.4074,0.2001956542984887,5,0.97,0.02648584527629803,5
KNN,KNN_n_neighbors=5_metric=euclidean,fine_phenolic,0.7092,0.06319572770369847,5,0.4748,0.08987602572432765,5,0.48339999999999994,0.09303117756967284,5,0.8118000000000001,0.034881227042637096,5,0.3544,0.08401666501355547,5,0.5668,0.059893238349583315,5,0.43019999999999997,0.12842390743159932,5,0.9882,0.0027748873851023348,5
KNN,KNN_n_neighbors=5_metric=euclidean,fine_pine,0.7332,0.04106945336865345,5,0.4391999999999999,0.08442866811693764,5,0.44700000000000006,0.08238021607157875,5,0.8654,0.07688497902711548,5,0.32300000000000006,0.07419905659777623,5,0.4226,0.09082565716800514,5,0.4774,0.07948773490293959,5,0.9894000000000001,0.00421900462194583,5
KNN,KNN_n_neighbors=5_metric=euclidean,fine_pineapple,0.6836,0.0160093722550261,5,0.3554,0.06825540271656157,5,0.381,0.06271762112835592,5,0.8244,0.03492563528412902,5,0.3,0.06272957835024878,5,0.374,0.10856334556377674,5,0.39859999999999995,0.027933850432763457,5,0.969,0.012247448713915905,5
KNN,KNN_n_neighbors=5_metric=euclidean,fine_plum,0.5608000000000001,0.053034894173553324,5,0.08280000000000001,0.052342143632067656,5,0.0826,0.0482265487050442,5,0.6546000000000001,0.042193601410640436,5,0.0796,0.03239290045673588,5,0.082,0.06522652834545159,5,0.1476,0.1327508945355925,5,0.9742,0.028994827124851116,5
KNN,KNN_n_neighbors=5_metric=euclidean,fine_popcorn,0.7726,0.1355020295050964,5,0.44580000000000003,0.14903254678089614,5,0.4154,0.1558855349286777,5,0.8413999999999999,0.06246438985534075,5,0.42000000000000004,0.13064646952750006,5,0.42539999999999994,0.22183507387246046,5,0.5536,0.27703573776680873,5,0.9917999999999999,0.008136338242723142,5
KNN,KNN_n_neighbors=5_metric=euclidean,fine_potato,0.6365999999999999,0.12056243195954536,5,0.2526,0.09004054642215362,5,0.2132,0.0977839455125431,5,0.7034,0.08484279580494737,5,0.1482,0.07520438816984021,5,0.4002,0.3666826966192978,5,0.28500000000000003,0.25422824390692705,5,0.9885999999999999,0.01436314728741582,5
KNN,KNN_n_neighbors=5_metric=euclidean,fine_powdery,0.5976,0.03077823906593746,5,0.20859999999999998,0.0441168901895861,5,0.22680000000000003,0.04594779646511899,5,0.7016,0.027061042108536746,5,0.14579999999999999,0.03854477915360263,5,0.2626,0.08915043465962463,5,0.2206,0.06748925840457873,5,0.9753999999999999,0.011058933040759401,5
KNN,KNN_n_neighbors=5_metric=euclidean,fine_pungent,0.6652,0.05893810312522791,5,0.2898,0.05692714642417976,5,0.30700000000000005,0.0606753656766896,5,0.7422,0.030556505035753058,5,0.266,0.018398369492974107,5,0.3014,0.10600613189811242,5,0.381,0.16740370366273263,5,0.95,0.05401851534427802,5
KNN,KNN_n_neighbors=5_metric=euclidean,fine_radish,0.6584,0.05887953804166606,5,0.5124000000000001,0.13455965219931273,5,0.4566,0.14220337548736317,5,0.7532,0.053326353709962214,5,0.3712,0.11708842812165512,5,0.85,0.14897818632269624,5,0.3176,0.11717636280410823,5,0.9994,0.0005477225575051797,5
KNN,KNN_n_neighbors=5_metric=euclidean,fine_raspberry,0.5326000000000001,0.031690692639953444,5,0.0636,0.07000571405249717,5,0.06639999999999999,0.06933469549943952,5,0.606,0.05824087911424413,5,0.026600000000000002,0.012541929676090517,5,0.0758,0.09085262792016531,5,0.0736,0.06890065311736893,5,0.9917999999999999,0.011233877335986903,5
KNN,KNN_n_neighbors=5_metric=euclidean,fine_ripe,0.6073999999999999,0.07375499983051993,5,0.10740000000000001,0.053933292130186154,5,0.1066,0.033575288531895,5,0.6288,0.06062342781466588,5,0.0586,0.03552886150723099,5,0.0698,0.01402497771834237,5,0.2786,0.16909553512733563,5,0.9366,0.027655017627909752,5
KNN,KNN_n_neighbors=5_metric=euclidean,fine_roasted,0.7596,0.06756700378143166,5,0.47919999999999996,0.08708444177922942,5,0.5078,0.08374485058796151,5,0.8772,0.027022213084793804,5,0.4326,0.04942469018618125,5,0.4772,0.05453164219056676,5,0.5594,0.14162026691120166,5,0.9596,0.012621410380777569,5
KNN,KNN_n_neighbors=5_metric=euclidean,fine_rose,0.7202,0.07191453260642101,5,0.43200000000000005,0.06960244248587831,5,0.45600000000000007,0.06770893589475471,5,0.8318,0.04270480066690394,5,0.375,0.07434715865451752,5,0.48200000000000004,0.12512593655993148,5,0.4838,0.166531378424608,5,0.9570000000000001,0.02596150997149429,5
KNN,KNN_n_neighbors=5_metric=euclidean,fine_rummy,0.6348,0.07393375413165484,5,0.2072,0.07393375413165493,5,0.1944,0.08613245613588413,5,0.6746000000000001,0.07864985696109052,5,0.11939999999999999,0.04403748403349129,5,0.23420000000000002,0.16995940691824032,5,0.3084,0.17374492798352417,5,0.9612,0.03779814810278409,5
KNN,KNN_n_neighbors=5_metric=euclidean,fine_sandalwood,0.6782,0.1306721087302107,5,0.4058,0.29673506702107183,5,0.3996,0.28750791293458344,5,0.8150000000000001,0.08262566187329458,5,0.43739999999999996,0.2003404602171014,5,0.47640000000000005,0.37945394977520003,5,0.3592,0.26163275788784557,5,0.9978,0.0022803508501982863,5
KNN,KNN_n_neighbors=5_metric=euclidean,fine_savory,0.7412,0.022587607221660297,5,0.2738,0.02166102490649967,5,0.258,0.016777961735562532,5,0.745,0.025258661880630185,5,0.14220000000000002,0.02212916627439903,5,0.1684,0.011392980294900889,5,0.5548,0.04826178612525644,5,0.9276,0.0061886993787063456,5
KNN,KNN_n_neighbors=5_metric=euclidean,fine_sharp,0.593,0.08369886498633064,5,0.12279999999999999,0.08087459428028063,5,0.1246,0.07562605371166739,5,0.6978,0.04693825731745906,5,0.0698,0.02101666005815387,5,0.10980000000000001,0.07253412989758684,5,0.22820000000000001,0.2091678751625115,5,0.9586,0.046052144358324935,5
KNN,KNN_n_neighbors=5_metric=euclidean,fine_smoky,0.6544000000000001,0.11446527857826576,5,0.2476,0.06344919227224251,5,0.2136,0.07113578564969956,5,0.7958000000000001,0.05182373973383242,5,0.1814,0.07514519279368442,5,0.306,0.18445595680270127,5,0.3312,0.2500293982714833,5,0.9773999999999999,0.022722235805483607,5
KNN,KNN_n_neighbors=5_metric=euclidean,fine_soapy,0.6125999999999999,0.13819840809502837,5,0.1274,0.13298608949811255,5,0.10840000000000001,0.1083203581973398,5,0.6578,0.1130429122059406,5,0.05800000000000001,0.052019227214559816,5,0.1058,0.13823964699029004,5,0.24580000000000002,0.29675444394313627,5,0.9794,0.02277718156401271,5
KNN,KNN_n_neighbors=5_metric=euclidean,fine_solvent,0.6038,0.09306825452322606,5,0.20939999999999998,0.16319252433858605,5,0.21200000000000002,0.16210953087341906,5,0.8166,0.11674673442970471,5,0.16999999999999998,0.09902524930541706,5,0.22880000000000003,0.1596533745337066,5,0.21459999999999999,0.1890576631612694,5,0.9936,0.003974921382870361,5
KNN,KNN_n_neighbors=5_metric=euclidean,fine_sour,0.6546000000000001,0.08202011948296586,5,0.31239999999999996,0.09662453104672748,5,0.29159999999999997,0.12518905702975797,5,0.7308,0.02269801753457779,5,0.23080000000000003,0.06262347802541791,5,0.40199999999999997,0.1626576158684247,5,0.3238,0.18199230752974146,5,0.9852000000000001,0.023166786570433157,5
KNN,KNN_n_neighbors=5_metric=euclidean,fine_spicy,0.6684,0.023276597689524958,5,0.3062,0.03840182287340016,5,0.3754,0.03354549150034922,5,0.7384000000000001,0.02766405610173608,5,0.30619999999999997,0.03225213171249303,5,0.3388,0.02934620929523949,5,0.4218,0.04606191485381388,5,0.9152000000000001,0.008786353054595537,5
KNN,KNN_n_neighbors=5_metric=euclidean,fine_strawberry,0.5518,0.033980876975145874,5,0.097,0.08038967595406764,5,0.087,0.06325345840347388,5,0.5918,0.07716022291310468,5,0.0602,0.05151407574634335,5,0.1502,0.2053745359093965,5,0.1252,0.08509230282463862,5,0.9788,0.02464142853001833,5
KNN,KNN_n_neighbors=5_metric=euclidean,fine_sulfurous,0.8592000000000001,0.04998199675883303,5,0.688,0.050754310161798113,5,0.7108,0.04610531422732094,5,0.9343999999999999,0.016786899654194568,5,0.6608,0.057854991141646564,5,0.6856,0.05150533952902356,5,0.749,0.10666302077102449,5,0.969,0.008717797887081359,5
KNN,KNN_n_neighbors=5_metric=euclidean,fine_sweaty,0.6176,0.0669425126507812,5,0.1032,0.06287845417947231,5,0.0846,0.05203172109396344,5,0.6302000000000001,0.04726732486612713,5,0.10980000000000001,0.07774123744834527,5,0.051000000000000004,0.0326266762021509,5,0.2664,0.14892212730148602,5,0.969,0.017102631376487116,5
KNN,KNN_n_neighbors=5_metric=euclidean,fine_sweet,0.6516,0.015533834040570927,5,0.2746,0.027727242920997392,5,0.5222,0.015498387012847515,5,0.7096,0.012817956155331493,5,0.4614,0.01217784874269669,5,0.41100000000000003,0.01552417469626002,5,0.7156,0.01810524785801068,5,0.5875999999999999,0.02375499947379496,5
KNN,KNN_n_neighbors=5_metric=euclidean,fine_tea,0.5658000000000001,0.06929790761631985,5,0.09419999999999999,0.09014821129673067,5,0.07959999999999999,0.06453913541410358,5,0.6056,0.06480972149299827,5,0.0364,0.017572706109191035,5,0.131,0.20892343095019286,5,0.1588,0.15258014287580152,5,0.9732,0.022753021777337637,5
KNN,KNN_n_neighbors=5_metric=euclidean,fine_terpenic,0.6646,0.12128190301937053,5,0.27080000000000004,0.11157822368186367,5,0.2538,0.0917098686074732,5,0.8131999999999999,0.09726612976776651,5,0.2226,0.0535985074419055,5,0.2748,0.19304325940058098,5,0.3416,0.25501431332378194,5,0.9879999999999999,0.013114877048604008,5
KNN,KNN_n_neighbors=5_metric=euclidean,fine_tobacco,0.6232,0.07078982977801257,5,0.20140000000000002,0.08012053419692107,5,0.199,0.08556284240252891,5,0.7268,0.04754681903135057,5,0.1738,0.07976966842102329,5,0.2136,0.11708671999846952,5,0.28040000000000004,0.17097455951105708,5,0.9658,0.03564687924629587,5
KNN,KNN_n_neighbors=5_metric=euclidean,fine_tomato,0.642,0.09418864050404382,5,0.19060000000000002,0.1385741678668864,5,0.1776,0.13509552176145587,5,0.7248,0.11342706907965135,5,0.1728,0.08489817430310265,5,0.1488,0.1513033377027751,5,0.30060000000000003,0.19952268041503454,5,0.9832000000000001,0.01675410397484748,5
KNN,KNN_n_neighbors=5_metric=euclidean,fine_tropical,0.6694,0.035025704846583766,5,0.2844,0.029194177501686874,5,0.3372,0.03566090296108612,5,0.7432000000000001,0.022409819276379736,5,0.24500000000000002,0.030765240125830304,5,0.2968,0.07219903046440443,5,0.44420000000000004,0.15044334481790808,5,0.8952,0.08348472914252042,5
KNN,KNN_n_neighbors=5_metric=euclidean,fine_vanilla,0.7276,0.04307899720281336,5,0.5640000000000001,0.06984625974237989,5,0.5504,0.07214083448366812,5,0.8497999999999999,0.034513765369776746,5,0.4673999999999999,0.05938686723510509,5,0.7300000000000001,0.16307053688511608,5,0.4596,0.08833628925871859,5,0.9954000000000001,0.00378153408023784,5
KNN,KNN_n_neighbors=5_metric=euclidean,fine_vegetable,0.6888,0.04873089369178446,5,0.3014,0.04258873090384356,5,0.3214,0.04292202231955058,5,0.7696,0.035578083141169954,5,0.2618,0.03638268819095146,5,0.3084,0.16781775829750556,5,0.47940000000000005,0.1806662669122269,5,0.898,0.08446892919884799,5
KNN,KNN_n_neighbors=5_metric=euclidean,fine_vetiver,0.5968,0.06924738262201685,5,0.2254,0.16740459969785776,5,0.1986,0.1493445680297747,5,0.7012,0.055683929459045906,5,0.1878,0.07325776409364403,5,0.3512,0.3986736760810776,5,0.2008,0.14253666195053116,5,0.9934,0.010406728592598181,5
KNN,KNN_n_neighbors=5_metric=euclidean,fine_violet,0.751,0.03366749173906488,5,0.47300000000000003,0.08480566018845676,5,0.4788,0.08542950310050973,5,0.8122,0.035828759398003146,5,0.27680000000000005,0.08367018584896295,5,0.45380000000000004,0.10488898893592216,5,0.5108,0.06628499075959807,5,0.992,0.0015811388300842036,5
KNN,KNN_n_neighbors=5_metric=euclidean,fine_warm,0.5362,0.034433994830690186,5,0.0502,0.03500285702624859,5,0.0602,0.034477528913772225,5,0.5606,0.04648978382397577,5,0.029000000000000005,0.00784219357067906,5,0.06420000000000001,0.04736771052098676,5,0.11259999999999999,0.11008315039096583,5,0.96,0.043399308750255466,5
KNN,KNN_n_neighbors=5_metric=euclidean,fine_waxy,0.7486,0.057400348430998206,5,0.43620000000000003,0.050251368140579025,5,0.4864,0.05252903958764144,5,0.8304,0.011282730166054652,5,0.404,0.025602734228984212,5,0.43740000000000007,0.05634092650995369,5,0.5826,0.14133400157074727,5,0.9148,0.029507626132916888,5
KNN,KNN_n_neighbors=5_metric=euclidean,fine_weedy,0.5024,0.014518953130305235,5,0.0024000000000000002,0.015899685531481432,5,0.008,0.017888543819998316,5,0.5147999999999999,0.030310064335134692,5,0.0098,0.001483239697419132,5,0.0052,0.011627553482998905,5,0.0182,0.04069643719049617,5,0.9865999999999999,0.018622566955175657,5
KNN,KNN_n_neighbors=5_metric=euclidean,fine_winey,0.6966,0.07408981036552867,5,0.298,0.03161486991907445,5,0.3038,0.040861962752662774,5,0.8042,0.03673145790735781,5,0.2186,0.04216396565789323,5,0.28700000000000003,0.13499814813544667,5,0.4699999999999999,0.20685623026633737,5,0.9228,0.06250359989632595,5
KNN,KNN_n_neighbors=5_metric=euclidean,fine_woody,0.759,0.029129023327259022,5,0.47000000000000003,0.040975602497095774,5,0.546,0.034612136599753526,5,0.8183999999999999,0.022456624857711792,5,0.5032,0.031196153609058953,5,0.49000000000000005,0.026286878856189837,5,0.6192,0.06302935823883977,5,0.8986000000000001,0.010968135666556989,5
LR,LR_C=0.01,fine_alcoholic,0.8550000000000001,0.050650765048516296,5,0.5292,0.041901073971916294,5,0.5126,0.06299841267841595,5,0.9629999999999999,0.01930025906561879,5,0.4952,0.0670872566140545,5,0.413,0.11248555462813885,5,0.7358,0.11394823386081947,5,0.9747999999999999,0.013198484761517146,5
LR,LR_C=0.01,fine_aldehydic,0.7006,0.059487813878138084,5,0.3518,0.08435164491579286,5,0.36219999999999997,0.07669550182377059,5,0.9014,0.02341580662714828,5,0.3246,0.07963227988699055,5,0.3386,0.1254603523030284,5,0.43019999999999997,0.12445360581357215,5,0.9714,0.014117365193264647,5
LR,LR_C=0.01,fine_alliaceous,0.7824,0.0547886849632294,5,0.4474,0.04910498956317984,5,0.44559999999999994,0.05211813503954263,5,0.9648,0.008378544026261356,5,0.434,0.07525290692059677,5,0.3774,0.10607214525972408,5,0.5926,0.12017404045799575,5,0.9718,0.012637246535539307,5
LR,LR_C=0.01,fine_almond,0.657,0.06840687099992224,5,0.24620000000000003,0.06480123455614095,5,0.24900000000000003,0.06324555320336757,5,0.9028,0.023763417262674995,5,0.22560000000000002,0.09781257587856482,5,0.217,0.0577191476028536,5,0.3396,0.154359321066141,5,0.9742000000000001,0.022264321233758707,5
LR,LR_C=0.01,fine_amber,0.682,0.07107390519733668,5,0.31920000000000004,0.059507982657791385,5,0.3196,0.06622159768534733,5,0.8884000000000001,0.0337312911107773,5,0.3004,0.08573389061508875,5,0.316,0.09197010383814952,5,0.3836,0.15140937883764002,5,0.9808,0.009984988733093303,5
LR,LR_C=0.01,fine_animal,0.6626,0.0361220154476463,5,0.3644,0.040691522458615376,5,0.3702,0.050186651611758296,5,0.7668,0.04301395122515489,5,0.2912,0.04575150270756142,5,0.438,0.08533170571364433,5,0.337,0.07622007609547503,5,0.9878,0.005805170109480036,5
LR,LR_C=0.01,fine_anisic,0.6728,0.06521656231357185,5,0.3312,0.08405771826548707,5,0.3336,0.07665702837966,5,0.8306000000000001,0.06939596530058503,5,0.35019999999999996,0.1874478594169589,5,0.3462,0.13162142682709377,5,0.35960000000000003,0.1367088146389983,5,0.986,0.008774964387392102,5
LR,LR_C=0.01,fine_apple,0.7518,0.09718899114611697,5,0.4368,0.05756908892800023,5,0.45519999999999994,0.042026182315313854,5,0.9199999999999999,0.017131841699011774,5,0.4648,0.027698375403622494,5,0.42940000000000006,0.07582413863671648,5,0.558,0.22616034135099816,5,0.9460000000000001,0.03264965543462897,5
LR,LR_C=0.01,fine_apricot,0.655,0.08155059779057419,5,0.172,0.06367495583037337,5,0.1626,0.047045722441046656,5,0.8502000000000001,0.03866781607487035,5,0.11779999999999999,0.0443700349334999,5,0.11099999999999999,0.03411011580162107,5,0.356,0.175725638425359,5,0.9541999999999999,0.017541379649275,5
LR,LR_C=0.01,fine_aromatic,0.5746,0.07162262212457733,5,0.08779999999999999,0.05030606325285253,5,0.089,0.04061403698230453,5,0.7173999999999999,0.0651175859503406,5,0.058600000000000006,0.02266715685744465,5,0.078,0.0465671558075002,5,0.191,0.1843529224069963,5,0.9582,0.04278083683145993,5
LR,LR_C=0.01,fine_balsamic,0.771,0.07390872749547239,5,0.4006,0.09087243806567537,5,0.41880000000000006,0.0859779041382145,5,0.8808,0.03401029255975317,5,0.40659999999999996,0.09662453104672745,5,0.3294,0.09971860408168576,5,0.6326,0.1821298986987035,5,0.9094,0.04811756436063653,5
LR,LR_C=0.01,fine_banana,0.7304,0.10436378682282466,5,0.32320000000000004,0.12249775508147076,5,0.31639999999999996,0.1295928238753983,5,0.8998000000000002,0.031379929891572435,5,0.2898,0.11325502196370808,5,0.2604,0.10834343542642536,5,0.5088,0.2396658089924385,5,0.9518000000000001,0.04671937499581945,5
LR,LR_C=0.01,fine_beefy,0.7294,0.09917812258759487,5,0.2394,0.05597588766602993,5,0.2024,0.04992794808521575,5,0.9192,0.03522357165308478,5,0.21739999999999998,0.1413340015707473,5,0.146,0.06577613549000884,5,0.49160000000000004,0.21568565089036407,5,0.9673999999999999,0.02511573212152093,5
LR,LR_C=0.01,fine_bergamot,0.6658,0.12175877791765156,5,0.36660000000000004,0.28948626910442576,5,0.353,0.2796462050520264,5,0.9586,0.031165686259089467,5,0.41319999999999996,0.29162767358397246,5,0.44000000000000006,0.40452997416755165,5,0.3358,0.24418783753495998,5,0.9964000000000001,0.0054129474410897545,5
LR,LR_C=0.01,fine_berry,0.6232,0.04621363435177971,5,0.15940000000000001,0.047825725295075255,5,0.1748,0.049691045470990056,5,0.7646,0.04393517952620658,5,0.16060000000000002,0.03958913992498447,5,0.1358,0.04161369966729707,5,0.3412,0.15054965958114952,5,0.9046,0.09476444480922157,5
LR,LR_C=0.01,fine_bitter,0.5424,0.027418971534322698,5,0.1292,0.09094063998015409,5,0.11499999999999999,0.0728766080440082,5,0.7456,0.042553495743593135,5,0.10980000000000001,0.03444851230459742,5,0.23820000000000002,0.2089167298231523,5,0.0906,0.05945838881099958,5,0.994,0.007905694150420953,5
LR,LR_C=0.01,fine_black currant,0.7622,0.07253412989758683,5,0.3122,0.11454562409799862,5,0.2802,0.12223624667012642,5,0.8864000000000001,0.0209117192023994,5,0.2238,0.1187947810301446,5,0.1996,0.11222432891311936,5,0.5466,0.14238433902645328,5,0.9778,0.008197560612767696,5
LR,LR_C=0.01,fine_brandy,0.6208,0.11946003515820675,5,0.14340000000000003,0.11363670181767861,5,0.1322,0.0878845834034616,5,0.8583999999999999,0.10031101634416835,5,0.1028,0.07225787154352113,5,0.0982,0.05145580628072987,5,0.2584,0.24184044326787033,5,0.9837999999999999,0.005403702434442542,5
LR,LR_C=0.01,fine_burnt,0.7026,0.04735820942561068,5,0.2844,0.0419618874694645,5,0.298,0.04489432035347011,5,0.8678000000000001,0.02053533540023147,5,0.2524,0.062472393903227355,5,0.22600000000000003,0.05000499975002499,5,0.4742,0.1288902634026326,5,0.9305999999999999,0.03925302536111065,5
LR,LR_C=0.01,fine_buttery,0.6868000000000001,0.06555303196649259,5,0.3538,0.05796291918114545,5,0.3652,0.059738597238301466,5,0.8902000000000001,0.03925812017914257,5,0.2922,0.05920895202585501,5,0.36360000000000003,0.03491131621695177,5,0.39459999999999995,0.14164674369712843,5,0.9792,0.011366617790706274,5
LR,LR_C=0.01,fine_cabbage,0.755,0.10753371564304848,5,0.29779999999999995,0.06087035403215592,5,0.2662,0.03524485778095862,5,0.9122,0.042073744782227314,5,0.2426,0.07013772166245492,5,0.186,0.0279910700045568,5,0.5324,0.22576159992345907,5,0.9778,0.011189280584559485,5
LR,LR_C=0.01,fine_camphoreous,0.7102,0.09715297216246137,5,0.3558,0.10863562951444614,5,0.36219999999999997,0.09247540213483801,5,0.9289999999999999,0.025327850283827846,5,0.43339999999999995,0.13737648998282057,5,0.33080000000000004,0.11822732340707034,5,0.44719999999999993,0.20224663161595546,5,0.9736,0.013088162590677107,5
LR,LR_C=0.01,fine_caramellic,0.738,0.0770486859070289,5,0.44539999999999996,0.06274790833167271,5,0.4622,0.06258354416298265,5,0.9042,0.0110995495404093,5,0.49380000000000007,0.04572964027848898,5,0.4544,0.04922702509800892,5,0.508,0.16769168136791998,5,0.9682000000000001,0.014342245291445831,5
LR,LR_C=0.01,fine_cedar,0.7088,0.07697532072034521,5,0.3024,0.06978753470355575,5,0.29300000000000004,0.05860460732741071,5,0.93,0.043092922852830486,5,0.2556,0.07779974293016655,5,0.22999999999999998,0.036918829883949476,5,0.4324,0.15799145546516116,5,0.986,0.005049752469181062,5
LR,LR_C=0.01,fine_celery,0.6328,0.09278308035412493,5,0.2488,0.15329285697644232,5,0.253,0.15090725628676707,5,0.7226,0.13732370516411213,5,0.2494,0.1610971756425295,5,0.2424,0.1269066586117529,5,0.2726,0.18491836036478365,5,0.9934,0.001516575088810299,5
LR,LR_C=0.01,fine_chamomile,0.6766,0.11391795293104592,5,0.28759999999999997,0.16554244168792484,5,0.26799999999999996,0.17130674242422567,5,0.8824,0.05733498059649102,5,0.31839999999999996,0.17735642080285674,5,0.2898,0.22778432781910174,5,0.365,0.24036014644695156,5,0.9879999999999999,0.017564168070250293,5
LR,LR_C=0.01,fine_cheesy,0.6848,0.0716393746483036,5,0.378,0.09095053600721656,5,0.3902,0.08704424162458997,5,0.9039999999999999,0.02853944638566065,5,0.3718,0.08212003409643712,5,0.4288,0.11997166332096926,5,0.392,0.15264828855902707,5,0.9773999999999999,0.013957077057894321,5
LR,LR_C=0.01,fine_cherry,0.6275999999999999,0.08787377310665562,5,0.2084,0.07705387725481438,5,0.20600000000000002,0.07035623639735145,5,0.8964000000000001,0.025343638254994128,5,0.1862,0.08067031672182774,5,0.20620000000000002,0.05729048786666072,5,0.2754,0.18794759908016917,5,0.9802,0.015594870951694349,5
LR,LR_C=0.01,fine_chocolate,0.6172000000000001,0.05495634631232321,5,0.194,0.07352890588061269,5,0.1934,0.0796448366185781,5,0.874,0.01759261208575916,5,0.1366,0.020513410247932944,5,0.1896,0.0858009323958662,5,0.25,0.11670261350972394,5,0.9846,0.0093968079686668,5
LR,LR_C=0.01,fine_cinnamon,0.739,0.13206627124288775,5,0.375,0.11773487163962933,5,0.3548,0.10710835635000662,5,0.9416,0.031020960655659877,5,0.38839999999999997,0.19080697052256765,5,0.343,0.1717876596266449,5,0.495,0.2782157436235412,5,0.9826,0.015725775020646864,5
LR,LR_C=0.01,fine_citrus,0.755,0.0311448230047949,5,0.421,0.05038352905464244,5,0.46319999999999995,0.04663367881692371,5,0.8695999999999999,0.014010710188994744,5,0.39180000000000004,0.051119467915853756,5,0.384,0.04748157537403325,5,0.588,0.06149390213671597,5,0.922,0.009823441352194262,5
LR,LR_C=0.01,fine_clean,0.6584,0.10582438282361961,5,0.17880000000000001,0.11132250446338333,5,0.1724,0.09562844765026775,5,0.7672,0.05214115457102959,5,0.121,0.06676451153120196,5,0.12,0.07704868590702894,5,0.373,0.22622113075484349,5,0.9434000000000001,0.026406438608793843,5
LR,LR_C=0.01,fine_clove,0.657,0.07504332082204254,5,0.2584,0.08195913615943008,5,0.25739999999999996,0.07241063457807836,5,0.9225999999999999,0.05392865657514564,5,0.2624,0.08603080843511816,5,0.2212,0.039732857938990486,5,0.3214,0.15217194222326266,5,0.9926,0.0023021728866442796,5
LR,LR_C=0.01,fine_cocoa,0.6598,0.0841082635654785,5,0.2788,0.09614156229227815,5,0.2776,0.10173642415575654,5,0.8552,0.05101666394424471,5,0.2752,0.05158197359543351,5,0.2906,0.1156840524877997,5,0.3458,0.186806584466394,5,0.9738,0.022163032283512123,5
LR,LR_C=0.01,fine_coconut,0.7036,0.08917566932745725,5,0.40099999999999997,0.10301941564578981,5,0.3948,0.11514642851604213,5,0.9246000000000001,0.014275853739794305,5,0.4226,0.10206272581114029,5,0.4391999999999999,0.1225712037959977,5,0.4182,0.18343718270841386,5,0.9890000000000001,0.007176350047203664,5
LR,LR_C=0.01,fine_coffee,0.7422,0.09125349308382666,5,0.3448,0.07225441163001745,5,0.3372,0.062174753718852775,5,0.93,0.015508062419270776,5,0.32,0.07401351227985335,5,0.2692,0.06217475371885281,5,0.5186,0.19891028128279345,5,0.9658,0.018485129158326192,5
LR,LR_C=0.01,fine_cognac,0.7687999999999999,0.07242030102119153,5,0.43100000000000005,0.09161058890761482,5,0.4304,0.09386586173897303,5,0.944,0.019646882704388444,5,0.3982,0.1119004021440495,5,0.3646,0.08755169901264054,5,0.5631999999999999,0.1532308715631416,5,0.9747999999999999,0.01617714437099453,5
LR,LR_C=0.01,fine_cooked,0.6494,0.10980346078334689,5,0.168,0.08564169545262401,5,0.158,0.06272559286288173,5,0.7992,0.06711333697559674,5,0.1368,0.0440817422523203,5,0.11599999999999999,0.03352610922848042,5,0.3456,0.2514861825230166,5,0.9532,0.03374462920228932,5
LR,LR_C=0.01,fine_cooling,0.719,0.09169787347588819,5,0.258,0.11941524190822543,5,0.24100000000000002,0.10707707504410081,5,0.8623999999999998,0.05191627875724533,5,0.2618,0.11186911995720714,5,0.16160000000000002,0.07604472368284339,5,0.4806,0.17631590966217428,5,0.9570000000000001,0.008366600265340782,5
LR,LR_C=0.01,fine_cortex,0.5728,0.08006996940176761,5,0.08,0.11270536810640387,5,0.08320000000000001,0.10924376412409087,5,0.7356,0.06051693977722265,5,0.0498,0.046094468214743514,5,0.064,0.0978698114844409,5,0.2366,0.1901796519083995,5,0.9087999999999999,0.09670160288226867,5
LR,LR_C=0.01,fine_coumarinic,0.6888,0.0785315223333917,5,0.3104,0.12684951714531673,5,0.31100000000000005,0.1272654705723434,5,0.9158,0.02471234509309062,5,0.281,0.11575188983338458,5,0.2686,0.11964865231167461,5,0.39180000000000004,0.1603502416586891,5,0.986,0.008426149773176373,5
LR,LR_C=0.01,fine_creamy,0.627,0.061351446600711845,5,0.27399999999999997,0.08337865434270333,5,0.2826,0.08260629515963054,5,0.7836000000000001,0.027781288667014698,5,0.259,0.05750217387195027,5,0.3508,0.13882795107614318,5,0.2792,0.13847996244944608,5,0.9753999999999999,0.0191520233917986,5
LR,LR_C=0.01,fine_cucumber,0.738,0.0987218314254755,5,0.3694,0.12221415629950567,5,0.3592,0.11909953820229528,5,0.9648,0.028472794032198503,5,0.3664,0.18222870245929973,5,0.305,0.10988175462741756,5,0.48740000000000006,0.19951892140847194,5,0.9892,0.004919349550499541,5
LR,LR_C=0.01,fine_dairy,0.6928,0.06939524479386178,5,0.28759999999999997,0.06865347769778307,5,0.2922,0.06377068291934783,5,0.833,0.06854560525664645,5,0.18660000000000002,0.04238277952187656,5,0.2378,0.0556839294590459,5,0.4224,0.15207333757105482,5,0.9629999999999999,0.020024984394500765,5
LR,LR_C=0.01,fine_dry,0.6052,0.055997321364508114,5,0.1548,0.054572887041093955,5,0.1806,0.040697665780729975,5,0.7214,0.05647388777125229,5,0.1538,0.09698298819896199,5,0.14300000000000002,0.01656804152578089,5,0.2616,0.12268577749682318,5,0.9484,0.012581732790041267,5
LR,LR_C=0.01,fine_earthy,0.6288,0.020608250774871717,5,0.24300000000000002,0.04818194682658641,5,0.2918,0.04448820068287772,5,0.744,0.023674881203503445,5,0.2332,0.024097717734258575,5,0.284,0.07678215938614907,5,0.3228,0.06815570408997325,5,0.9346,0.04004122875237471,5
LR,LR_C=0.01,fine_ethereal,0.7398,0.04176960617482521,5,0.499,0.03547534355013354,5,0.5196,0.03578826623350172,5,0.915,0.01590597372058688,5,0.5606,0.08274841388207994,5,0.5606,0.09808312800884766,5,0.507,0.09781104232140665,5,0.9725999999999999,0.015883954167649858,5
LR,LR_C=0.01,fine_fatty,0.7784,0.03662376277773765,5,0.5189999999999999,0.031733263305244855,5,0.5766,0.029804362096847503,5,0.8638,0.010709808588392258,5,0.5194,0.044196153678798776,5,0.539,0.038774991940682554,5,0.6312,0.08875922487268578,5,0.9252,0.01754137964927497,5
LR,LR_C=0.01,fine_fermented,0.6514,0.042370980635335814,5,0.27080000000000004,0.03361101010085831,5,0.28600000000000003,0.03425638626592128,5,0.8644000000000001,0.01774260409297354,5,0.2592,0.039372579290668765,5,0.2746,0.06287924935938724,5,0.3324,0.09824103012489231,5,0.9705999999999999,0.016180234856144705,5
LR,LR_C=0.01,fine_fishy,0.7416,0.023818060374430208,5,0.3948,0.05842687737676899,5,0.3956,0.06317673622465789,5,0.9174,0.03762711788059242,5,0.41180000000000005,0.09906916775667395,5,0.33540000000000003,0.08630353411071875,5,0.5,0.04966387016735609,5,0.983,0.007106335201775972,5
LR,LR_C=0.01,fine_floral,0.7664,0.014536161804272828,5,0.48500000000000004,0.03372684390808008,5,0.607,0.024155744658362396,5,0.8486,0.013867227552759084,5,0.5875999999999999,0.027428087793355118,5,0.5314,0.054509632176341055,5,0.7158,0.04818921041063032,5,0.8172,0.04401363425121805,5
LR,LR_C=0.01,fine_fresh,0.6588,0.024066574330386135,5,0.23399999999999999,0.02044504830026087,5,0.324,0.017874562931719493,5,0.7556,0.015142654985173516,5,0.26,0.017392527130926067,5,0.24020000000000002,0.0193183850256692,5,0.512,0.08767268673880138,5,0.8056000000000001,0.04216989447461303,5
LR,LR_C=0.01,fine_fruit skin,0.5700000000000001,0.037993420483025724,5,0.0978,0.06637921361390174,5,0.1048,0.06506304634736987,5,0.7222,0.07250310338185532,5,0.0988,0.07296368959969063,5,0.0788,0.054669004015072374,5,0.1686,0.06287924935938723,5,0.9718,0.014237275020171572,5
LR,LR_C=0.01,fine_fruity,0.7702,0.009364827814754511,5,0.5312,0.019613770672667716,5,0.7192000000000001,0.013989281611290837,5,0.849,0.004582575694955844,5,0.7828,0.009391485505499127,5,0.6758,0.033700148367625866,5,0.7716000000000001,0.04094264280673636,5,0.7692,0.042657941816266795,5
LR,LR_C=0.01,fine_garlic,0.8314,0.057522169639192156,5,0.5584,0.04520287601469624,5,0.5546,0.05215170179390122,5,0.9742,0.014411800720243131,5,0.5696,0.12206883304103469,5,0.49160000000000004,0.11213741570055911,5,0.6832,0.1236596134556469,5,0.9800000000000001,0.011467344941179727,5
LR,LR_C=0.01,fine_gassy,0.655,0.1713373864630834,5,0.1736,0.16689307954495897,5,0.15419999999999998,0.14197957599598612,5,0.9423999999999999,0.05517970641458686,5,0.21259999999999998,0.17402241234967408,5,0.11000000000000001,0.10463269087622663,5,0.3238,0.35536840039598344,5,0.9862,0.014377065069060556,5
LR,LR_C=0.01,fine_geranium,0.667,0.06209669878504008,5,0.20339999999999997,0.053228751629171255,5,0.1924,0.04262980178232125,5,0.8544,0.056945588064397014,5,0.148,0.08839966063283276,5,0.1368,0.038427854480832004,5,0.3632,0.12752137075800274,5,0.9709999999999999,0.010559356040971454,5
LR,LR_C=0.01,fine_grape,0.6696,0.05047078362775833,5,0.3968,0.10342968626076365,5,0.367,0.09974216761229926,5,0.8625999999999999,0.05972687837146691,5,0.3544,0.0657061640943983,5,0.5586,0.31534790311654204,5,0.3534,0.12012202129501487,5,0.9856,0.023426480742954142,5
LR,LR_C=0.01,fine_grapefruit,0.6971999999999999,0.047871703541862834,5,0.344,0.08804544281222056,5,0.34940000000000004,0.09061622371297538,5,0.882,0.06443989447539468,5,0.2726,0.14162556266437215,5,0.3134,0.09678481285821655,5,0.4086,0.09771796150145579,5,0.9856,0.006268971207462972,5
LR,LR_C=0.01,fine_grassy,0.5586,0.10791570784644837,5,0.046599999999999996,0.06763357154549803,5,0.0446,0.04645212589322474,5,0.7816,0.055603956693746195,5,0.07239999999999999,0.051388714714419546,5,0.0396,0.051461636196296755,5,0.1728,0.30490769094924447,5,0.9443999999999999,0.09095493389585853,5
LR,LR_C=0.01,fine_green,0.7167999999999999,0.01976613265158364,5,0.40279999999999994,0.03872596028505944,5,0.5958,0.026243094329747033,5,0.7944000000000001,0.012759310326189285,5,0.6168,0.022196846622887716,5,0.5096,0.04415653971950249,5,0.7258,0.06645825757571443,5,0.7076,0.08001437370872812,5
LR,LR_C=0.01,fine_hawthorn,0.6754,0.1472185450274523,5,0.2602,0.21344132683245765,5,0.2488,0.20537088401231565,5,0.9346,0.06927337150738372,5,0.2546,0.20590726067819945,5,0.2132,0.20627821019196382,5,0.3584,0.2963018730956657,5,0.9926,0.004219004621945797,5
LR,LR_C=0.01,fine_hay,0.635,0.08002187201009484,5,0.1806,0.07277224745739272,5,0.172,0.06232575711533715,5,0.7981999999999999,0.08389100070925369,5,0.1236,0.0399787443524681,5,0.1552,0.0884940675977774,5,0.3028,0.16736994951304732,5,0.967,0.021130546609115456,5
LR,LR_C=0.01,fine_hazelnut,0.7994,0.06882078174505141,5,0.33039999999999997,0.05532901589582089,5,0.288,0.09530477427705289,5,0.8986000000000001,0.08904942447876907,5,0.3026,0.08701321738678555,5,0.2084,0.10209946131101769,5,0.6315999999999999,0.16056089187594844,5,0.9672000000000001,0.025596874809241835,5
LR,LR_C=0.01,fine_herbal,0.6876,0.015043270920913418,5,0.29500000000000004,0.035440090293338715,5,0.4156000000000001,0.03045160094313596,5,0.77,0.024889756929307276,5,0.3792,0.03122819239085095,5,0.3132,0.04002749055336843,5,0.6298,0.05929755475565583,5,0.7454,0.07365663581782701,5
LR,LR_C=0.01,fine_honey,0.6542,0.0978146205840415,5,0.3226,0.11197901589137137,5,0.3218,0.11870846642089182,5,0.8375999999999999,0.034861153165091925,5,0.34,0.16169260960229442,5,0.4006,0.1345726569552671,5,0.3268,0.2075191557423073,5,0.9812,0.01435966573427112,5
LR,LR_C=0.01,fine_hyacinth,0.6588,0.07856016802426019,5,0.21879999999999997,0.10554003979533075,5,0.21080000000000002,0.10230444760615248,5,0.8652000000000001,0.04940850129279375,5,0.13779999999999998,0.04777760981882623,5,0.1702,0.10838219410954919,5,0.3376,0.16168271398019024,5,0.9805999999999999,0.00850294066779255,5
LR,LR_C=0.01,fine_jasmin,0.6768,0.06706489394608778,5,0.3114,0.10461500848348673,5,0.3204,0.10300388342193703,5,0.8646,0.05729136060524307,5,0.301,0.12503599481749247,5,0.2952,0.10607874433645978,5,0.37520000000000003,0.13940480622991447,5,0.9788,0.014686728703152383,5
LR,LR_C=0.01,fine_juicy,0.6186,0.09323518649093807,5,0.10540000000000001,0.07844934671493448,5,0.09240000000000001,0.0692841973324365,5,0.8396000000000001,0.03276888768328882,5,0.09140000000000001,0.05920135133592814,5,0.0596,0.048562331080787294,5,0.2942,0.2358245110246176,5,0.9436,0.05945838881099958,5
LR,LR_C=0.01,fine_ketonic,0.7792,0.09288810472821586,5,0.4566,0.14792329093148246,5,0.4526,0.1437925589173515,5,0.9398,0.03118813877101354,5,0.35419999999999996,0.09407018656301264,5,0.3782,0.12247530363301819,5,0.5672,0.1854001078748338,5,0.9911999999999999,0.0016431676725155253,5
LR,LR_C=0.01,fine_lactonic,0.7246,0.06758180228434277,5,0.3668,0.08656038354813361,5,0.36879999999999996,0.07752225486916645,5,0.9179999999999999,0.0484819554061096,5,0.2636,0.11107339915569343,5,0.3082,0.05029612311103112,5,0.46340000000000003,0.13362746723634333,5,0.9864,0.0037815340802378064,5
LR,LR_C=0.01,fine_lavender,0.6612,0.09639865144284954,5,0.19419999999999998,0.104358516662513,5,0.1776,0.09940975807233413,5,0.8333999999999999,0.08132834684167625,5,0.1526,0.10076606571658933,5,0.141,0.09307792434299338,5,0.3458,0.19476318954052893,5,0.977,0.017888543819998326,5
LR,LR_C=0.01,fine_leafy,0.5711999999999999,0.05715942616926798,5,0.11500000000000002,0.07810249675906654,5,0.1226,0.07884351590333855,5,0.7098,0.0300283199663251,5,0.0996,0.03332116444543917,5,0.15360000000000001,0.15008930674768275,5,0.1836,0.14227192273952016,5,0.9587999999999999,0.03270626851232038,5
LR,LR_C=0.01,fine_leathery,0.7190000000000001,0.0987395564097794,5,0.2464,0.08449733723615202,5,0.21939999999999998,0.08102653886227645,5,0.8141999999999999,0.08436942574179344,5,0.1626,0.08483984912763577,5,0.1572,0.06400937431345506,5,0.4692,0.21101113714683406,5,0.9692000000000001,0.01867351065011613,5
LR,LR_C=0.01,fine_lemon,0.6936,0.06915417557891933,5,0.279,0.08175267579718722,5,0.27080000000000004,0.08904605549938752,5,0.8762000000000001,0.041661733041245444,5,0.2334,0.0754937083471199,5,0.2298,0.11494650929889084,5,0.4152,0.15354868934640897,5,0.9719999999999999,0.019039432764659796,5
LR,LR_C=0.01,fine_lily,0.6526,0.11741720487219917,5,0.20700000000000002,0.1484048516727132,5,0.199,0.13879301135143657,5,0.8710000000000001,0.02888771365130862,5,0.1734,0.039348443425375794,5,0.16040000000000001,0.1295387972771092,5,0.3304,0.2471746346209497,5,0.9751999999999998,0.018912958520548816,5
LR,LR_C=0.01,fine_malty,0.7796,0.07160167595803887,5,0.3604,0.15388242264794247,5,0.3162,0.18322991022210317,5,0.9326000000000001,0.028245353600194128,5,0.5264,0.150297371899844,5,0.2982,0.2816623865552516,5,0.5864,0.17291269473349835,5,0.9728,0.033214454684670054,5
LR,LR_C=0.01,fine_meaty,0.8238,0.041745658456898274,5,0.5278,0.0397013853662564,5,0.5472,0.03164174457895767,5,0.937,0.008660254037844348,5,0.5206000000000001,0.06254038695115344,5,0.4516,0.028094483444263577,5,0.7026,0.09086693568069737,5,0.945,0.009924716620639523,5
LR,LR_C=0.01,fine_medicinal,0.6432,0.06041274699928818,5,0.278,0.08670640114778147,5,0.282,0.09670315403336127,5,0.8752000000000001,0.036265686261258076,5,0.2682,0.028804513535208322,5,0.2912,0.051910499901272396,5,0.29700000000000004,0.12483589227461786,5,0.9896,0.005176871642217974,5
LR,LR_C=0.01,fine_melon,0.67,0.05813776741499453,5,0.2842,0.06336955104780213,5,0.29500000000000004,0.06795954679071953,5,0.8676,0.034975705854206895,5,0.23500000000000001,0.03012474066278414,5,0.266,0.05686387253784253,5,0.3706,0.1298895684803056,5,0.9698,0.017512852423291887,5
LR,LR_C=0.01,fine_metallic,0.614,0.030124740662784144,5,0.1518,0.020474374227311565,5,0.1662,0.025936460822556344,5,0.7487999999999999,0.042973247491898986,5,0.12,0.02816913204200655,5,0.1302,0.050539093778974704,5,0.29,0.09524442240887387,5,0.9378,0.03742592684223063,5
LR,LR_C=0.01,fine_milky,0.6314,0.05718653687713569,5,0.203,0.027267196408871975,5,0.2064,0.02123205124334434,5,0.7847999999999999,0.0438941909596247,5,0.1472,0.047065911230953564,5,0.18319999999999997,0.048375613691197764,5,0.29,0.13302067508474014,5,0.9730000000000001,0.020579115627256672,5
LR,LR_C=0.01,fine_mint,0.7026,0.0482317322931698,5,0.3906,0.051597480558647435,5,0.4152,0.05254236386003204,5,0.8725999999999999,0.011104053313993034,5,0.383,0.04985478913805574,5,0.40779999999999994,0.02609980842841571,5,0.43579999999999997,0.10310286126000581,5,0.97,0.007681145747868627,5
LR,LR_C=0.01,fine_muguet,0.6832,0.12590949130228424,5,0.22719999999999999,0.11997791463431927,5,0.20539999999999997,0.10795971470877459,5,0.9099999999999999,0.030846393630374322,5,0.2512,0.135496125405858,5,0.1756,0.1537231277329472,5,0.3942,0.27073363293096775,5,0.9725999999999999,0.0222665668660438,5
LR,LR_C=0.01,fine_mushroom,0.6508,0.12184498348311265,5,0.1978,0.11101441347861096,5,0.193,0.08767268673880138,5,0.8824,0.04725251316067749,5,0.187,0.05199999999999999,5,0.1598,0.05980551814005126,5,0.3412,0.26199179376461396,5,0.9603999999999999,0.02784420945187706,5
LR,LR_C=0.01,fine_musk,0.7662,0.05019163276881916,5,0.5672,0.05824688832890555,5,0.5718,0.059503781392446,5,0.8897999999999999,0.034795114599610155,5,0.5422,0.08893649419670195,5,0.6176,0.04119830093583958,5,0.5394,0.10204802790843143,5,0.9934,0.0016733200530681313,5
LR,LR_C=0.01,fine_musty,0.637,0.06373382147651278,5,0.15360000000000001,0.043872542666228045,5,0.1664,0.04398067757549899,5,0.7494,0.01887591057406244,5,0.1324,0.011717508267545624,5,0.1246,0.029415982050579263,5,0.4064,0.20188437284742966,5,0.8676,0.0810820572013315,5
LR,LR_C=0.01,fine_natural,0.602,0.08331866537577279,5,0.08280000000000001,0.044611657669268466,5,0.07880000000000001,0.03232181925572878,5,0.7224,0.06764835548629398,5,0.0636,0.031053180191407126,5,0.0502,0.023815961034566718,5,0.3198,0.28526163429385315,5,0.8836,0.12628657885935463,5
LR,LR_C=0.01,fine_nutty,0.705,0.039635842365212816,5,0.4412,0.022873565528793275,5,0.47139999999999993,0.03779285646785647,5,0.8398,0.00580517010947998,5,0.46080000000000004,0.03797630840405636,5,0.5277999999999999,0.0647935181943379,5,0.44420000000000004,0.09366269267963635,5,0.966,0.015280706789936153,5
LR,LR_C=0.01,fine_odorless,0.8986000000000001,0.019320973060381857,5,0.665,0.06601514977639607,5,0.6674,0.06983408909694462,5,0.9747999999999999,0.013989281611290868,5,0.8044,0.07580435343698937,5,0.5642,0.09036426284765453,5,0.825,0.03535533905932735,5,0.9722,0.009654014708917733,5
LR,LR_C=0.01,fine_oily,0.6958,0.01797776404339537,5,0.3308,0.016858232410309197,5,0.3842,0.011410521460476724,5,0.8054,0.019806564568344467,5,0.3174,0.012340988615179918,5,0.3286,0.04418483902878906,5,0.47780000000000006,0.059251160326191085,5,0.9132,0.028030340704315364,5
LR,LR_C=0.01,fine_onion,0.8333999999999999,0.05243376774560453,5,0.5466,0.03708503741402992,5,0.5509999999999999,0.03293174760015018,5,0.9725999999999999,0.0060663003552412316,5,0.5422,0.06774363438729872,5,0.4646,0.051964410898229174,5,0.6976,0.11465731551017579,5,0.969,0.010440306508910502,5
LR,LR_C=0.01,fine_orange,0.6288,0.03131613002910802,5,0.2166,0.03436277055186326,5,0.2258,0.03704321800275996,5,0.9046,0.023383755044902445,5,0.21680000000000002,0.059633882986101124,5,0.2072,0.0682803046273228,5,0.28280000000000005,0.07186584724331857,5,0.975,0.011423659658795842,5
LR,LR_C=0.01,fine_orangeflower,0.8144,0.030104816890325035,5,0.40800000000000003,0.0594095951846164,5,0.3752,0.07648986861016299,5,0.9154,0.037071552435796344,5,0.2424,0.07813641916545705,5,0.2748,0.09077279328080631,5,0.6408,0.062423553247151806,5,0.9882,0.0039623225512317945,5
LR,LR_C=0.01,fine_orris,0.6075999999999999,0.04744786612693978,5,0.1986,0.12514511576565823,5,0.1982,0.1247265007927345,5,0.8545999999999999,0.036170429911738695,5,0.164,0.07102112361825881,5,0.2144,0.17791093277255335,5,0.2332,0.09076177609544672,5,0.9823999999999999,0.012601587201618733,5
LR,LR_C=0.01,fine_ozone,0.608,0.10078442339965038,5,0.10740000000000001,0.10536745228010404,5,0.093,0.09001111042532473,5,0.8466000000000001,0.06285141207642032,5,0.1544,0.09589994786234243,5,0.06,0.06032826866403511,5,0.2354,0.2184943935207492,5,0.9805999999999999,0.024068651811017625,5
LR,LR_C=0.01,fine_peach,0.6582,0.06195724332150362,5,0.2518,0.06130008156601424,5,0.244,0.07367156846436758,5,0.8501999999999998,0.026109385285755037,5,0.19440000000000002,0.07634657818134354,5,0.2576,0.16254322502030036,5,0.35760000000000003,0.1764448922468429,5,0.9586,0.056866510355392835,5
LR,LR_C=0.01,fine_pear,0.7292,0.0961597628948824,5,0.356,0.097082439194738,5,0.36160000000000003,0.08117758311258103,5,0.9108,0.028278967449325263,5,0.3026,0.06508302390024609,5,0.29619999999999996,0.05164010069703585,5,0.48900000000000005,0.20221523186941187,5,0.9696,0.01031018913502562,5
LR,LR_C=0.01,fine_phenolic,0.7612,0.08621020821225295,5,0.5072,0.0686927943819437,5,0.5142,0.06643192003848758,5,0.9164,0.030484422251372895,5,0.5206000000000001,0.08126684440779029,5,0.5274,0.0755003311251017,5,0.5422,0.18236830865037928,5,0.9802,0.010353743284435842,5
LR,LR_C=0.01,fine_pine,0.7482,0.07461367166947355,5,0.36760000000000004,0.06283549952057359,5,0.3584,0.05710341495917735,5,0.944,0.028469281690973496,5,0.3396,0.04601956105831518,5,0.28979999999999995,0.06158084117645682,5,0.5166000000000001,0.15438847107216264,5,0.9798,0.008642916174532774,5
LR,LR_C=0.01,fine_pineapple,0.7602,0.027589853207293485,5,0.37839999999999996,0.028112274899054334,5,0.3872,0.03808805587057445,5,0.9048,0.02516346558008255,5,0.3432,0.06569398754832896,5,0.2996,0.06849306534241256,5,0.5833999999999999,0.07651339751965013,5,0.937,0.022638462845343484,5
LR,LR_C=0.01,fine_plum,0.6026,0.0838826561334344,5,0.1002,0.08371499268350921,5,0.093,0.08031189202104506,5,0.8076000000000001,0.022074872593063784,5,0.10540000000000001,0.05241469259663745,5,0.0676,0.06479428987187065,5,0.2604,0.2154304992335115,5,0.9454,0.05660653672501081,5
LR,LR_C=0.01,fine_popcorn,0.8008,0.09286926294528242,5,0.4492,0.11968583876131714,5,0.43200000000000005,0.11734777373261075,5,0.9874,0.006655824516917489,5,0.5236,0.17843990585068126,5,0.3482,0.113000884952287,5,0.6108,0.1854513413270446,5,0.9907999999999999,0.004438468204234473,5
LR,LR_C=0.01,fine_potato,0.7365999999999999,0.14018131116521917,5,0.2552,0.08306142305547143,5,0.2234,0.07641204093596769,5,0.9198000000000001,0.046794230413588336,5,0.19780000000000003,0.09852258624295243,5,0.168,0.059059292240933606,5,0.507,0.30535471176977114,5,0.9663999999999999,0.032477684646538434,5
LR,LR_C=0.01,fine_powdery,0.6698000000000001,0.05654378834142615,5,0.2334,0.06791759713064058,5,0.2486,0.0623442058254013,5,0.8328,0.03651301137950688,5,0.203,0.06412877669190331,5,0.1852,0.050166722037621715,5,0.4058,0.1298988067689615,5,0.9342,0.02796783867230359,5
LR,LR_C=0.01,fine_pungent,0.736,0.03323401871576772,5,0.2986,0.027537247502246842,5,0.3034,0.023287335614019928,5,0.8664,0.01659216682654801,5,0.288,0.030975797003467077,5,0.2096,0.020305171754998786,5,0.561,0.08080532160693381,5,0.9114000000000001,0.01866279721799496,5
LR,LR_C=0.01,fine_radish,0.6761999999999999,0.06917152593372507,5,0.4972,0.07443251977462538,5,0.4556,0.12107353137659776,5,0.8826,0.03523208764748414,5,0.37320000000000003,0.1296001543208958,5,0.7634000000000001,0.15288165357556807,5,0.3542,0.13972544506996568,5,0.9984,0.0015165750888103374,5
LR,LR_C=0.01,fine_raspberry,0.626,0.10791200118615163,5,0.1402,0.11794363060377613,5,0.1288,0.10440162833979172,5,0.7736,0.08387669521386741,5,0.15599999999999997,0.20073988143864188,5,0.0886,0.07577466595109476,5,0.27759999999999996,0.21858705359650188,5,0.9746,0.012300406497347986,5
LR,LR_C=0.01,fine_ripe,0.6354,0.06189749591057783,5,0.1654,0.04174086726458855,5,0.16099999999999998,0.046502688094345684,5,0.8310000000000001,0.060749485594529924,5,0.1224,0.020731618364228106,5,0.12840000000000001,0.04127711230209788,5,0.31900000000000006,0.16143729432816942,5,0.9518000000000001,0.046906289556945355,5
LR,LR_C=0.01,fine_roasted,0.8088,0.05307259179651958,5,0.492,0.04526035793053344,5,0.5118,0.03647876094386975,5,0.931,0.011853269591129662,5,0.5035999999999999,0.02776328510821444,5,0.418,0.0451220566907139,5,0.6809999999999999,0.11865496196956951,5,0.937,0.01727715254317096,5
LR,LR_C=0.01,fine_rose,0.7142000000000001,0.06611883241558342,5,0.3794,0.052605132829411226,5,0.4086,0.04579082877607698,5,0.8775999999999999,0.023028243528328468,5,0.4236,0.056442891492197646,5,0.39259999999999995,0.11244465305206823,5,0.493,0.16736636460173235,5,0.9356,0.038344491129756804,5
LR,LR_C=0.01,fine_rummy,0.6472,0.07118777985019618,5,0.22640000000000002,0.08360502377249826,5,0.23020000000000002,0.0817722446799646,5,0.8497999999999999,0.04515750214526928,5,0.1968,0.08447899147125278,5,0.194,0.05594193418179247,5,0.31880000000000003,0.152676782779832,5,0.9756,0.013483323032546521,5
LR,LR_C=0.01,fine_sandalwood,0.7112,0.07917827984996896,5,0.40280000000000005,0.044240253163832594,5,0.39080000000000004,0.03356635219978481,5,0.9398,0.051207421337146036,5,0.3906,0.10813325113026058,5,0.42160000000000003,0.1430989168372703,5,0.42780000000000007,0.16079241275632383,5,0.9949999999999999,0.0030822070014845,5
LR,LR_C=0.01,fine_savory,0.7114,0.11943743131866158,5,0.2688,0.13314540923366452,5,0.2602,0.12040224250403313,5,0.9099999999999999,0.011683321445547937,5,0.22799999999999998,0.044659825346725225,5,0.1916,0.06336244944760264,5,0.4704,0.2612093030502551,5,0.9526,0.02482539022855429,5
LR,LR_C=0.01,fine_sharp,0.643,0.04632493928760189,5,0.1804,0.03126179777300084,5,0.1834,0.02371286570619419,5,0.8061999999999999,0.0841795699680154,5,0.1224,0.02329806858947754,5,0.1326,0.02878888674471453,5,0.3366,0.11281311980439156,5,0.9498,0.022709029041330663,5
LR,LR_C=0.01,fine_smoky,0.7356,0.06366945892655286,5,0.3566,0.058114542069950106,5,0.3386,0.08051273191241247,5,0.933,0.035489435047630684,5,0.2928,0.0850217619201108,5,0.3142,0.16417429762298363,5,0.4944,0.14429934164783983,5,0.9772000000000001,0.01848512915832617,5
LR,LR_C=0.01,fine_soapy,0.5728000000000001,0.04231075513389002,5,0.13740000000000002,0.09851548101694474,5,0.14500000000000002,0.09737299420270489,5,0.8096,0.07267255327838698,5,0.129,0.11308403954581743,5,0.1418,0.11118992760137943,5,0.15899999999999997,0.0819176415676135,5,0.9869999999999999,0.010862780491200224,5
LR,LR_C=0.01,fine_solvent,0.6978,0.13514510719963194,5,0.2802,0.09923305900757066,5,0.2702,0.06673604723086315,5,0.9204000000000001,0.032035917342882476,5,0.211,0.07439758060582347,5,0.22000000000000003,0.04509988913511873,5,0.41240000000000004,0.27851175917723836,5,0.9836,0.008961026726887943,5
LR,LR_C=0.01,fine_sour,0.6626000000000001,0.05041626721604844,5,0.3506,0.06911801501779402,5,0.3472,0.058810713309736334,5,0.867,0.04535967372016696,5,0.2618,0.09604790471426225,5,0.41059999999999997,0.1570773694712259,5,0.3332,0.10518887773904616,5,0.9916,0.005549774770204639,5
LR,LR_C=0.01,fine_spicy,0.6642,0.018335757415498286,5,0.34500000000000003,0.033919021212293274,5,0.399,0.028319604517012587,5,0.8036,0.009235799911215033,5,0.3684,0.03752732337910608,5,0.42940000000000006,0.07018048161704221,5,0.3848,0.05629120712864487,5,0.9436,0.026235472170326925,5
LR,LR_C=0.01,fine_strawberry,0.6442,0.04506328882804716,5,0.13599999999999998,0.047164605373097315,5,0.118,0.05012484413940855,5,0.8268000000000001,0.11399649117407079,5,0.1166,0.09893078388449167,5,0.0754,0.037513997387641856,5,0.3406,0.1179440545343427,5,0.9484,0.03810905404231386,5
LR,LR_C=0.01,fine_sulfurous,0.9228,0.0349671274199068,5,0.7407999999999999,0.03325206760488737,5,0.7548,0.028769775807259954,5,0.9789999999999999,0.003464101615137749,5,0.7365999999999999,0.01662227421263409,5,0.661,0.038548670534792745,5,0.8858,0.07624106505027327,5,0.9596,0.00920869154657708,5
LR,LR_C=0.01,fine_sweaty,0.6182000000000001,0.04157763822056273,5,0.22039999999999998,0.09899646458333751,5,0.21639999999999998,0.10486801228210631,5,0.8624,0.10500857107874575,5,0.1778,0.11537850753064889,5,0.2372,0.1473285444168916,5,0.24700000000000003,0.08792894858918764,5,0.9890000000000001,0.013546217184144121,5
LR,LR_C=0.01,fine_sweet,0.6702,0.016006248779773476,5,0.3162,0.02619541944691858,5,0.5354,0.02057425575810704,5,0.7373999999999999,0.015678010077812832,5,0.5162,0.015155856953666521,5,0.46399999999999997,0.025169425897306447,5,0.6416000000000001,0.07922941373000311,5,0.6984,0.06301428409495737,5
LR,LR_C=0.01,fine_tea,0.5506,0.03773989931094144,5,0.0602,0.026243094329747016,5,0.06639999999999999,0.019165072397463047,5,0.6662,0.07523097766213066,5,0.0444,0.018769656363396742,5,0.0508,0.021822007240398393,5,0.1322,0.09528221240084635,5,0.969,0.022671568097509254,5
LR,LR_C=0.01,fine_terpenic,0.7438,0.09354517625190516,5,0.3174,0.09069895258491135,5,0.2954,0.08241844453761549,5,0.9306000000000001,0.07651013004824912,5,0.3166,0.09654946918549061,5,0.2198,0.06626613011184522,5,0.5056,0.19098376894385555,5,0.9822,0.008228000972289729,5
LR,LR_C=0.01,fine_tobacco,0.6557999999999999,0.02007984063681779,5,0.2464,0.04311380289420084,5,0.25579999999999997,0.04902244383953129,5,0.795,0.014730919862656205,5,0.18039999999999998,0.08108205720133153,5,0.2138,0.06839005775695763,5,0.33740000000000003,0.0396080799837609,5,0.9736,0.00541294744108974,5
LR,LR_C=0.01,fine_tomato,0.6679999999999999,0.06710067063748319,5,0.1736,0.031213779008636557,5,0.15,0.029933259094191533,5,0.9204000000000001,0.05015276662358712,5,0.1816,0.09014044597182776,5,0.1024,0.028307242889409067,5,0.36740000000000006,0.16056556293302748,5,0.9683999999999999,0.028049955436684728,5
LR,LR_C=0.01,fine_tropical,0.6968,0.02801249721106633,5,0.3372,0.03184650687281103,5,0.39,0.028204609552340918,5,0.8058,0.011924764148611022,5,0.30920000000000003,0.03283595590202912,5,0.3372,0.04104509714935512,5,0.47359999999999997,0.06859154466842107,5,0.9206,0.01770028248362154,5
LR,LR_C=0.01,fine_vanilla,0.734,0.05221110992882646,5,0.488,0.02668332812825268,5,0.4918,0.03367788591939822,5,0.891,0.026514147167125728,5,0.49939999999999996,0.06599090846472719,5,0.5324,0.06712153156774657,5,0.4788,0.10923003250022403,5,0.99,0.00474341649025257,5
LR,LR_C=0.01,fine_vegetable,0.7060000000000001,0.06882223477917583,5,0.3106,0.07092460785933184,5,0.3424,0.0603390420871926,5,0.85,0.03346640106136302,5,0.30060000000000003,0.06670682124040986,5,0.2704,0.046084704620947714,5,0.49539999999999995,0.16776561030199247,5,0.9164,0.0360249913254674,5
LR,LR_C=0.01,fine_vetiver,0.7243999999999999,0.053863716915935174,5,0.2732,0.05563901508833528,5,0.2468,0.07235813706833531,5,0.9231999999999999,0.043562598636904114,5,0.23020000000000002,0.057342828671072724,5,0.1844,0.08716822815682329,5,0.4678,0.11070094850542156,5,0.9818,0.009338094023943005,5
LR,LR_C=0.01,fine_violet,0.6888,0.09656966397373454,5,0.37239999999999995,0.12601309455766888,5,0.36619999999999997,0.1392648555810115,5,0.8997999999999999,0.05126109635971515,5,0.3708,0.13138188611829263,5,0.4048,0.09075626700123801,5,0.3854,0.19668324788857844,5,0.9926,0.004615192303685741,5
LR,LR_C=0.01,fine_warm,0.5182,0.03346938899950221,5,0.024399999999999998,0.049882862788737374,5,0.039,0.053916602266834285,5,0.6526,0.06593405796703249,5,0.0462,0.014737706741552432,5,0.0316,0.043362426131387063,5,0.05620000000000001,0.08454111425809338,5,0.9805999999999999,0.018862661530123524,5
LR,LR_C=0.01,fine_waxy,0.7894,0.04586719960930685,5,0.4946,0.013011533345459307,5,0.5374000000000001,0.007300684899377599,5,0.8942,0.008613942186943207,5,0.508,0.031874754901018494,5,0.4662,0.06680344302504176,5,0.6686,0.13338403202782553,5,0.9108,0.04143307857256083,5
LR,LR_C=0.01,fine_weedy,0.5976,0.13880309794813658,5,0.049,0.06169278726074871,5,0.03560000000000001,0.029381967258847733,5,0.6414,0.13294472535606663,5,0.024,0.013322912594474228,5,0.021800000000000003,0.020278066969018523,5,0.3432,0.341403280593494,5,0.8522000000000001,0.12690823456340414,5
LR,LR_C=0.01,fine_winey,0.7044,0.058440568101277054,5,0.322,0.058472215624174866,5,0.34540000000000004,0.051921093979229664,5,0.889,0.013838352503098058,5,0.2772,0.04845307007816945,5,0.2842,0.03202655148466661,5,0.4636,0.12937658211593006,5,0.9454,0.015355780670483649,5
LR,LR_C=0.01,fine_woody,0.7738,0.02274203157151976,5,0.489,0.019987496091306685,5,0.5602,0.016099689437998443,5,0.8596,0.022897598127314595,5,0.5966,0.05954242185198719,5,0.4958,0.046305507231861755,5,0.6548,0.07263401407054411,5,0.8924,0.03072946468782042,5
LR,LR_C=0.1,fine_alcoholic,0.8388,0.05853375094763703,5,0.5589999999999999,0.046048887065813,5,0.5519999999999999,0.060576398044122785,5,0.9616,0.020562101059959773,5,0.492,0.05412023651093926,5,0.4814,0.10952305693323208,5,0.6964,0.1270287369062607,5,0.9818,0.011410521460476738,5
LR,LR_C=0.1,fine_aldehydic,0.6921999999999999,0.08970061315286532,5,0.33740000000000003,0.06988418991445774,5,0.3416,0.0574569403988761,5,0.8976000000000001,0.024388521890430365,5,0.3258,0.07428795326296185,5,0.33999999999999997,0.11067294158917074,5,0.41200000000000003,0.19592600644120728,5,0.9722,0.018860010604450864,5
LR,LR_C=0.1,fine_alliaceous,0.7634000000000001,0.05537869626489953,5,0.4142,0.05216991470186624,5,0.4154,0.05313002917371682,5,0.9621999999999999,0.009523654760647307,5,0.45,0.09370432220554185,5,0.346,0.0796492310069595,5,0.5572,0.12407135043997869,5,0.9696,0.01721336689901194,5
LR,LR_C=0.1,fine_almond,0.591,0.05678468103282787,5,0.186,0.09522342148862328,5,0.1954,0.09589734094332335,5,0.8972,0.024631280924872778,5,0.23500000000000001,0.09013878188659975,5,0.21259999999999998,0.08752885238594187,5,0.1958,0.11544132708869904,5,0.9865999999999999,0.006913754406977442,5
LR,LR_C=0.1,fine_amber,0.6982,0.08137075641776967,5,0.32320000000000004,0.0654194160781033,5,0.3226,0.0662102711065285,5,0.869,0.039395431207184396,5,0.2792,0.09668350428071999,5,0.2928,0.058661742217564594,5,0.41900000000000004,0.17301445026355458,5,0.9782,0.010686440005914045,5
LR,LR_C=0.1,fine_animal,0.6496000000000001,0.03289072817679783,5,0.33899999999999997,0.0913345498702435,5,0.3402,0.08816575298833443,5,0.7586,0.04164492766232163,5,0.28619999999999995,0.056073166488080535,5,0.42279999999999995,0.16694070803731484,5,0.3156,0.0714373851705114,5,0.9837999999999999,0.018471599822430115,5
LR,LR_C=0.1,fine_anisic,0.6759999999999999,0.07929060473977986,5,0.3492,0.10754161985017709,5,0.346,0.09146857383823147,5,0.8204,0.07133582550163697,5,0.3282,0.18536639393374407,5,0.3876,0.19856308821127858,5,0.36560000000000004,0.16830418889617693,5,0.9862,0.012091319200153472,5
LR,LR_C=0.1,fine_apple,0.7912,0.051533484260236066,5,0.466,0.03006659275674584,5,0.4894,0.0178969271105405,5,0.9208000000000001,0.0173262806164508,5,0.471,0.030174492539229228,5,0.4008,0.03192491190277586,5,0.6476,0.12276115020640692,5,0.9347999999999999,0.020583974348992937,5
LR,LR_C=0.1,fine_apricot,0.5782,0.036711033763706505,5,0.127,0.04125530268947253,5,0.134,0.044412835982404905,5,0.849,0.034416565778706054,5,0.13240000000000002,0.05067839776472811,5,0.1274,0.04566508513076483,5,0.17980000000000002,0.08408150807401114,5,0.9772000000000001,0.014289856542317018,5
LR,LR_C=0.1,fine_aromatic,0.6,0.06164819543182099,5,0.11579999999999999,0.024509181952892672,5,0.1038,0.03302574753128232,5,0.6849999999999999,0.07433707016018322,5,0.0588,0.02141728274081472,5,0.1244,0.12091650011474861,5,0.2714,0.21706634930361732,5,0.9283999999999999,0.10106582013717597,5
LR,LR_C=0.1,fine_balsamic,0.7572,0.07509460699677437,5,0.3978,0.07261335965233948,5,0.4178,0.06883821613028626,5,0.8742000000000001,0.03851882656571981,5,0.4176,0.0989661558311729,5,0.3464,0.0947855474215347,5,0.5955999999999999,0.19259750777203738,5,0.9187999999999998,0.049991999359897545,5
LR,LR_C=0.1,fine_banana,0.6910000000000001,0.06631364867054143,5,0.3492,0.09257807515821442,5,0.356,0.09807140255956372,5,0.8976000000000001,0.031125552203936896,5,0.29860000000000003,0.10930370533518066,5,0.3534,0.11901386473852534,5,0.4042,0.14331329317268512,5,0.9776,0.015469324484281795,5
LR,LR_C=0.1,fine_beefy,0.7198,0.10136666118601323,5,0.2258,0.06826931960990969,5,0.19019999999999998,0.05133906894364174,5,0.906,0.040249223594996185,5,0.251,0.16406553568620072,5,0.13140000000000002,0.027327641683833608,5,0.4694,0.21982333816044192,5,0.97,0.021459263733874908,5
LR,LR_C=0.1,fine_bergamot,0.6918,0.12819399361904596,5,0.3232,0.22073445585136908,5,0.3228,0.2182170937392394,5,0.9545999999999999,0.036438990106752375,5,0.39859999999999995,0.26870671744487523,5,0.2762,0.19001894642377112,5,0.3892,0.25742027892145564,5,0.9944,0.002966479394838262,5
LR,LR_C=0.1,fine_berry,0.6155999999999999,0.021442947558579718,5,0.16419999999999998,0.05099215625956603,5,0.1842,0.056237887584794644,5,0.759,0.04545327270945404,5,0.16399999999999998,0.03615936946352909,5,0.1524,0.07960401999899253,5,0.3286,0.14621491032039102,5,0.9026,0.11478806558174941,5
LR,LR_C=0.1,fine_bitter,0.5558,0.015155856953666409,5,0.11779999999999999,0.027325811973297337,5,0.12179999999999999,0.025723530084341077,5,0.7316,0.04823173229316981,5,0.0984,0.03817459888459865,5,0.1498,0.06669107886366812,5,0.12400000000000003,0.039344631145812,5,0.9874,0.010064790112068907,5
LR,LR_C=0.1,fine_black currant,0.7264,0.13151539833798928,5,0.28759999999999997,0.12729807539786295,5,0.2584,0.12315965248408263,5,0.875,0.014177446878757832,5,0.23199999999999998,0.13073063910193355,5,0.213,0.10084393883620373,5,0.4676,0.270721812937192,5,0.9852000000000001,0.009934787365615837,5
LR,LR_C=0.1,fine_brandy,0.6352,0.10868854585465756,5,0.1632,0.08688037753140809,5,0.1522,0.05950798265779138,5,0.8555999999999999,0.10386192757695191,5,0.1484,0.14420922300601996,5,0.11059999999999999,0.03565529413705627,5,0.28700000000000003,0.22176000541125537,5,0.9836,0.004979959839195452,5
LR,LR_C=0.1,fine_burnt,0.7030000000000001,0.0514830069051915,5,0.27559999999999996,0.05553197277244885,5,0.2882,0.04851494615064516,5,0.8622,0.021064187617850356,5,0.2516,0.055166112786746165,5,0.2116,0.041650930361757835,5,0.4772,0.11583047958115342,5,0.9289999999999999,0.023958297101421798,5
LR,LR_C=0.1,fine_buttery,0.6327999999999999,0.06460030959678133,5,0.31639999999999996,0.09951783759708609,5,0.3212,0.10475065632252623,5,0.8880000000000001,0.03502142201567496,5,0.288,0.05238320341483519,5,0.40759999999999996,0.07632692840669013,5,0.277,0.13317282004973838,5,0.9888,0.0055407580708780576,5
LR,LR_C=0.1,fine_cabbage,0.7485999999999999,0.12595157799726056,5,0.3048,0.09099835163342247,5,0.2768,0.06687077089431526,5,0.8946,0.05198365127614644,5,0.2576,0.09160131003430025,5,0.2024,0.0392530253611107,5,0.5168,0.2612138970269384,5,0.9808,0.011077003204838395,5
LR,LR_C=0.1,fine_camphoreous,0.7374,0.0865291858276732,5,0.3684,0.1120682827565409,5,0.374,0.1013755394560246,5,0.9244,0.02363895090734779,5,0.4154,0.12438971018536862,5,0.3052,0.09801887573319742,5,0.5076,0.1746175821617056,5,0.9673999999999999,0.010876580344943012,5
LR,LR_C=0.1,fine_caramellic,0.7402,0.07879847714264539,5,0.4276,0.07250034482676616,5,0.44299999999999995,0.07964923100695953,5,0.899,0.012389511693363883,5,0.4976,0.04213430906043199,5,0.422,0.06754628043053146,5,0.5184,0.17537616713795523,5,0.962,0.020074859899884712,5
LR,LR_C=0.1,fine_cedar,0.6848000000000001,0.06916791163538191,5,0.29480000000000006,0.06702014622484795,5,0.2934,0.05465162394659467,5,0.9033999999999999,0.05058952460737302,5,0.2446,0.0682444136907923,5,0.24580000000000002,0.03992117232747557,5,0.3816,0.13966137619256086,5,0.9888,0.002774887385102358,5
LR,LR_C=0.1,fine_celery,0.6112,0.09572721661053347,5,0.225,0.12282507887235405,5,0.21600000000000003,0.11299778758896124,5,0.7243999999999999,0.13597168822957223,5,0.242,0.1308300424214561,5,0.2652,0.15147838129581398,5,0.22820000000000001,0.19325423669353275,5,0.9945999999999999,0.0028809720581775833,5
LR,LR_C=0.1,fine_chamomile,0.6768,0.06016394268995344,5,0.3708,0.1650324210571971,5,0.37,0.16072803115822704,5,0.8789999999999999,0.061473571557214696,5,0.34140000000000004,0.18909336318337563,5,0.4018,0.22703898343676576,5,0.358,0.11794278273807177,5,0.9958,0.0027748873851023348,5
LR,LR_C=0.1,fine_cheesy,0.7018,0.05973859723830148,5,0.41,0.0826407889604159,5,0.42539999999999994,0.08775135326591836,5,0.9016,0.030369392486515105,5,0.386,0.08593020423576332,5,0.44880000000000003,0.07934544725439513,5,0.42460000000000003,0.12367012573778678,5,0.9788,0.00914877040918617,5
LR,LR_C=0.1,fine_cherry,0.6048,0.0391752472870306,5,0.1988,0.05811368169372855,5,0.2098,0.05532811220347211,5,0.8894,0.018215378118501983,5,0.18119999999999997,0.06867459501154702,5,0.20600000000000002,0.056227217608556826,5,0.2238,0.08008870082602164,5,0.9856,0.0038470768123342607,5
LR,LR_C=0.1,fine_chocolate,0.6406,0.062400320511997356,5,0.2198,0.06005580737946998,5,0.219,0.057969819734065064,5,0.867,0.019987496091306737,5,0.145,0.01719011343767107,5,0.1958,0.07366613876130607,5,0.2996,0.13452992232213623,5,0.9818,0.009731392500562305,5
LR,LR_C=0.1,fine_cinnamon,0.7586,0.12547031521439644,5,0.3496,0.10830881773890803,5,0.3252,0.09159530555656223,5,0.9364000000000001,0.03520369298809428,5,0.38680000000000003,0.17907735758604434,5,0.2644,0.11082328275231698,5,0.5398,0.26318757569459844,5,0.9772000000000001,0.013608820668963222,5
LR,LR_C=0.1,fine_citrus,0.7452,0.01657407614318217,5,0.4286,0.031341665558805264,5,0.472,0.03142451272494134,5,0.8710000000000001,0.014882876066137198,5,0.39980000000000004,0.04932747712989182,5,0.41400000000000003,0.05055689863905816,5,0.5564,0.0392466559084975,5,0.9339999999999999,0.014265342617687086,5
LR,LR_C=0.1,fine_clean,0.6258,0.06649210479447919,5,0.1912,0.11867897876203688,5,0.20020000000000002,0.11601594717968733,5,0.76,0.048399380161320234,5,0.1224,0.06461656134459647,5,0.1672,0.12378085473933356,5,0.286,0.1325084902940185,5,0.9658,0.018102486017119265,5
LR,LR_C=0.1,fine_clove,0.729,0.09361356739276631,5,0.34500000000000003,0.10790273397833809,5,0.335,0.09776246723564212,5,0.9202,0.057198776210684775,5,0.2866,0.11269560772275021,5,0.2684,0.06329928909553406,5,0.4668,0.18930715781501764,5,0.9916,0.0027928480087537847,5
LR,LR_C=0.1,fine_cocoa,0.7032,0.05009690609209311,5,0.3228,0.0693159433319637,5,0.3268,0.07246861389594807,5,0.8506,0.051286450452336846,5,0.2756,0.07053580650988546,5,0.28359999999999996,0.10885908322230166,5,0.4386,0.11503173475176316,5,0.9677999999999999,0.020680909070928268,5
LR,LR_C=0.1,fine_coconut,0.7102,0.09536613654751881,5,0.4018,0.11198526688810455,5,0.40099999999999997,0.11203124564156196,5,0.923,0.018867962264113188,5,0.4178,0.10509852520373442,5,0.4152,0.10550213267986579,5,0.43220000000000003,0.1949453769649335,5,0.9885999999999999,0.005366563145999497,5
LR,LR_C=0.1,fine_coffee,0.7565999999999999,0.04318333011707176,5,0.371,0.024155744658362326,5,0.36619999999999997,0.0363414364052936,5,0.9262,0.01400714103591446,5,0.33740000000000003,0.07878324695009718,5,0.28700000000000003,0.06981403870282826,5,0.5468,0.10135926203361978,5,0.9662,0.01591225942473285,5
LR,LR_C=0.1,fine_cognac,0.771,0.07301712127987514,5,0.42200000000000004,0.11853058676982918,5,0.42279999999999995,0.11648476295207026,5,0.944,0.019339079605813672,5,0.38520000000000004,0.11135169509262086,5,0.3426,0.10512516349571116,5,0.569,0.14545789768864392,5,0.9730000000000001,0.01332291259447423,5
LR,LR_C=0.1,fine_cooked,0.6083999999999999,0.10275358874511388,5,0.12279999999999999,0.11223502127232837,5,0.1232,0.09812084386102679,5,0.7737999999999999,0.06933757999815109,5,0.12079999999999999,0.0530066033622227,5,0.08280000000000001,0.06500153844333224,5,0.255,0.2263680631184532,5,0.9616,0.023522329816580683,5
LR,LR_C=0.1,fine_cooling,0.7110000000000001,0.06012487006222971,5,0.2532,0.07802051012394112,5,0.23700000000000002,0.08022156817215681,5,0.8562,0.054412314782593084,5,0.25179999999999997,0.10451650587347436,5,0.16899999999999998,0.08108329051043747,5,0.4648,0.12112885700773374,5,0.9565999999999999,0.017300289014926935,5
LR,LR_C=0.1,fine_cortex,0.5814,0.06451976441370498,5,0.094,0.11541230437002806,5,0.09559999999999999,0.11559757782929535,5,0.7288,0.05015675428095403,5,0.0512,0.050191632768819154,5,0.07759999999999999,0.11768092453749672,5,0.2294,0.12415031212204018,5,0.9334,0.03426076473168685,5
LR,LR_C=0.1,fine_coumarinic,0.7036,0.05934054263317788,5,0.346,0.06013734280794256,5,0.34619999999999995,0.05888293470947249,5,0.9074,0.02653865105840912,5,0.28759999999999997,0.12129014799232458,5,0.3084,0.0519692216605175,5,0.4192,0.12300691037498664,5,0.9882,0.004764451699828596,5
LR,LR_C=0.1,fine_creamy,0.6294000000000001,0.061982255525271084,5,0.2792,0.08607961431140361,5,0.2814,0.08169026869829724,5,0.7774,0.02427550205454052,5,0.2496,0.060052477051325714,5,0.37,0.17274258305351345,5,0.2882,0.15163343958375408,5,0.9710000000000001,0.032295510523910276,5
LR,LR_C=0.1,fine_cucumber,0.7306,0.08437594443915872,5,0.376,0.10714709515427845,5,0.3726,0.10070650425866247,5,0.9621999999999999,0.030752235691084345,5,0.39,0.17523270242737227,5,0.3168,0.07659765009450355,5,0.4702,0.1710283602213387,5,0.9907999999999999,0.0031144823004794816,5
LR,LR_C=0.1,fine_dairy,0.6936,0.047342370029393344,5,0.2868,0.0652816972818569,5,0.2948,0.06258354416298266,5,0.8300000000000001,0.07092954250522138,5,0.19,0.047355041970206284,5,0.23020000000000002,0.056940319633806066,5,0.4242,0.09640383809786827,5,0.9625999999999999,0.010830512453249851,5
LR,LR_C=0.1,fine_dry,0.591,0.03627671429443409,5,0.161,0.08847881102275278,5,0.1916,0.08126376806424866,5,0.7038,0.06434438592449229,5,0.13779999999999998,0.08659214744998532,5,0.1718,0.0990262591437241,5,0.22559999999999997,0.06022707032556041,5,0.9565999999999999,0.017038192392387207,5
LR,LR_C=0.1,fine_earthy,0.6372,0.01997998998998751,5,0.2246,0.03681439935677344,5,0.27640000000000003,0.038823961673172924,5,0.7368,0.023477648945326723,5,0.22640000000000002,0.02092367080605122,5,0.2372,0.0666648333081243,5,0.3724,0.09732574171307407,5,0.9018,0.06399374969479438,5
LR,LR_C=0.1,fine_ethereal,0.7472,0.03146744349323603,5,0.4968,0.023101947969814168,5,0.5216000000000001,0.023093289068471818,5,0.9099999999999999,0.015000000000000041,5,0.5528000000000001,0.07965676368017974,5,0.5346,0.07230352688493141,5,0.5242,0.07557909763949289,5,0.9704,0.013483323032546535,5
LR,LR_C=0.1,fine_fatty,0.768,0.017649362594722794,5,0.5064,0.034107183993991666,5,0.567,0.028080242164197935,5,0.8629999999999999,0.010583005244258363,5,0.5189999999999999,0.04358325366468179,5,0.5342,0.056326725450713044,5,0.6102000000000001,0.042310755133890016,5,0.9258000000000001,0.017253985046939122,5
LR,LR_C=0.1,fine_fermented,0.6607999999999999,0.04379726018828116,5,0.2776,0.04776819025251011,5,0.28959999999999997,0.04859835388158737,5,0.8602000000000001,0.016269603560013383,5,0.254,0.024849547279578346,5,0.27480000000000004,0.09646346458633963,5,0.354,0.09902777388187618,5,0.9673999999999999,0.01628803241647068,5
LR,LR_C=0.1,fine_fishy,0.735,0.04953281740422204,5,0.4338,0.10077053140675599,5,0.4194,0.11064492758368999,5,0.9128000000000001,0.04025791847574835,5,0.433,0.09149590154755569,5,0.458,0.24422018753575633,5,0.48740000000000006,0.11440410831783969,5,0.9823999999999999,0.02016928357676594,5
LR,LR_C=0.1,fine_floral,0.7662,0.013971399357258385,5,0.4856,0.031855925665407986,5,0.608,0.024566236993076522,5,0.8496,0.014099645385611679,5,0.5934,0.02865833212174081,5,0.5336000000000001,0.04419049671592295,5,0.7116,0.041955929259164304,5,0.8208,0.03810118108405563,5
LR,LR_C=0.1,fine_fresh,0.6644,0.0207557221025914,5,0.24619999999999997,0.010663020210053055,5,0.33399999999999996,0.009669539802906853,5,0.7528,0.012988456413292543,5,0.2566,0.01697939928266013,5,0.252,0.022858258901324924,5,0.5124000000000001,0.08413263338324789,5,0.8164,0.043368191108230446,5
LR,LR_C=0.1,fine_fruit skin,0.5732,0.037479327635377854,5,0.12,0.08328565302619655,5,0.1282,0.08382541380750828,5,0.7173999999999999,0.07199513872477784,5,0.08,0.054502293529722225,5,0.11080000000000001,0.08549385942861627,5,0.1686,0.06287924935938723,5,0.9783999999999999,0.012992305415129397,5
LR,LR_C=0.1,fine_fruity,0.7644,0.014046351839534729,5,0.52,0.02769476484825244,5,0.712,0.019557607215607925,5,0.8492,0.0041472882706655705,5,0.7856,0.011081516141756046,5,0.6708000000000001,0.040714862151307825,5,0.7644,0.05650929127143602,5,0.764,0.055776339069537356,5
LR,LR_C=0.1,fine_garlic,0.8428000000000001,0.038153636786026034,5,0.5452,0.07805895208110342,5,0.5416000000000001,0.08159227904648823,5,0.9714,0.016652327164693826,5,0.5958,0.1085158974528617,5,0.44420000000000004,0.09605831562129333,5,0.7091999999999999,0.07521768409091036,5,0.9768000000000001,0.00822800097228968,5
LR,LR_C=0.1,fine_gassy,0.6862,0.15521501216055097,5,0.21339999999999998,0.15382230007381895,5,0.18919999999999998,0.1268905039788242,5,0.9362,0.06757366350879612,5,0.23500000000000001,0.17804915051749054,5,0.1338,0.0861086522946446,5,0.387,0.3183967650589434,5,0.9858,0.008786353054595526,5
LR,LR_C=0.1,fine_geranium,0.641,0.10085385466108869,5,0.18439999999999998,0.11624672038384566,5,0.1778,0.10363011145415217,5,0.8444,0.06386548363552884,5,0.1648,0.09127814634401817,5,0.13599999999999998,0.08613651954891141,5,0.3016,0.20912986396017189,5,0.9804,0.00814248119432891,5
LR,LR_C=0.1,fine_grape,0.6736000000000001,0.04141618041297386,5,0.3826,0.10238798757666841,5,0.3634,0.10266596320105316,5,0.8568,0.060101580678048744,5,0.344,0.052292446873329644,5,0.4932,0.2573396588169029,5,0.3634,0.10532948305199263,5,0.9836,0.025205158202241094,5
LR,LR_C=0.1,fine_grapefruit,0.6606,0.04844378185071846,5,0.3434,0.09511992430610951,5,0.3406,0.08612955358063802,5,0.8772,0.0652816972818569,5,0.30260000000000004,0.15590638216570865,5,0.4008,0.18610937644299383,5,0.3306,0.10173150937639723,5,0.9904,0.007635443667528438,5
LR,LR_C=0.1,fine_grassy,0.5406000000000001,0.07038323664055243,5,0.054400000000000004,0.08923172081720715,5,0.0646,0.08086902991875196,5,0.7772,0.05668950520158031,5,0.08120000000000001,0.060619303856115005,5,0.0496,0.05733498059649101,5,0.1014,0.14783199924238324,5,0.9794,0.009289779329994865,5
LR,LR_C=0.1,fine_green,0.7208,0.011945710527214352,5,0.40780000000000005,0.0189525723847714,5,0.5992,0.016574076143182168,5,0.7952,0.01425482374496439,5,0.6178,0.018939376969689396,5,0.51,0.017262676501632098,5,0.73,0.05423559716643678,5,0.7118,0.03821910517005861,5
LR,LR_C=0.1,fine_hawthorn,0.6042,0.10810966654282121,5,0.1832,0.18046246147052303,5,0.1822,0.1765196872872825,5,0.9269999999999999,0.0782144487930459,5,0.227,0.193384332353994,5,0.177,0.17470260444538313,5,0.21459999999999999,0.2184669311360417,5,0.9936,0.004159326868617123,5
LR,LR_C=0.1,fine_hay,0.6148,0.07340776525681733,5,0.146,0.04986481725625795,5,0.1396,0.03772664840666343,5,0.7889999999999999,0.08522616968983182,5,0.1006,0.019282116066448723,5,0.1232,0.04727261363622706,5,0.264,0.16378034070058592,5,0.966,0.02348403713163475,5
LR,LR_C=0.1,fine_hazelnut,0.7596,0.08392437071554364,5,0.2852,0.06540795058706549,5,0.251,0.10241826009066939,5,0.8914,0.09223231537807126,5,0.3076,0.0822088802989069,5,0.18919999999999998,0.11171705330879436,5,0.5564,0.2005213205621786,5,0.9629999999999999,0.03582596823534571,5
LR,LR_C=0.1,fine_herbal,0.6892,0.019473058311420897,5,0.2988,0.032018744510052245,5,0.4162,0.028296642910423126,5,0.769,0.022394195676558686,5,0.374,0.02970690155502589,5,0.3164,0.04549505467630519,5,0.634,0.10004249097258626,5,0.7448,0.08669890426066525,5
LR,LR_C=0.1,fine_honey,0.6446,0.09820539700036858,5,0.3126,0.09112244509449909,5,0.30920000000000003,0.0882082762556893,5,0.8305999999999999,0.04011608156338302,5,0.34540000000000004,0.1610133534834922,5,0.4016,0.11233788319173546,5,0.30700000000000005,0.21102132593650338,5,0.9823999999999999,0.015836666315863356,5
LR,LR_C=0.1,fine_hyacinth,0.639,0.07127411872482184,5,0.2052,0.07074037036940081,5,0.20459999999999998,0.06133351449248607,5,0.8620000000000001,0.05176871642217914,5,0.1336,0.045654134533468047,5,0.1664,0.04228829625321881,5,0.2944,0.14569248436347018,5,0.9842000000000001,0.004266145801540316,5
LR,LR_C=0.1,fine_jasmin,0.6814,0.06229205406791463,5,0.3506,0.08885831418612443,5,0.3376,0.08220888029890687,5,0.8624,0.060206311961454644,5,0.2942,0.11869582974982737,5,0.41100000000000003,0.2580436009669684,5,0.3846,0.1383755758795605,5,0.9783999999999999,0.02097140910859355,5
LR,LR_C=0.1,fine_juicy,0.613,0.08239235401419236,5,0.10800000000000001,0.0733927789363504,5,0.0974,0.06554235271944395,5,0.8353999999999999,0.036466422912043356,5,0.0896,0.059319474036778175,5,0.066,0.05122987409705396,5,0.276,0.2042486230063743,5,0.95,0.04918333050943176,5
LR,LR_C=0.1,fine_ketonic,0.7868,0.09926076767786958,5,0.4286,0.1476255397957955,5,0.4166,0.14226840829924262,5,0.9410000000000001,0.030116440692751212,5,0.3948,0.0716289047801235,5,0.3262,0.1153373313372561,5,0.5854,0.19788835236061775,5,0.9882,0.0025884358211089634,5
LR,LR_C=0.1,fine_lactonic,0.6668000000000001,0.05831980795578807,5,0.2864,0.0853598266165062,5,0.2922,0.0839952379602558,5,0.9103999999999999,0.05075726548977992,5,0.269,0.13242545072605946,5,0.2578,0.06676226479082326,5,0.3478,0.12000708312428895,5,0.986,0.007810249675906654,5
LR,LR_C=0.1,fine_lavender,0.6538,0.10769029668452029,5,0.1682,0.09841849419697499,5,0.1496,0.07407293702831014,5,0.8276,0.07386338741216789,5,0.15460000000000002,0.10172659435958721,5,0.10500000000000001,0.04810405388322278,5,0.329,0.2164566931282098,5,0.9792,0.009284395510748118,5
LR,LR_C=0.1,fine_leafy,0.5514,0.05251952018059571,5,0.0968,0.08280519307386464,5,0.0964,0.062243875200697456,5,0.7024,0.03338113239541162,5,0.0972,0.03853829264510819,5,0.1898,0.2699874071137393,5,0.1406,0.1397580051374518,5,0.9625999999999999,0.03718601887806756,5
LR,LR_C=0.1,fine_leathery,0.6798,0.09536089345219037,5,0.2372,0.07181364772799109,5,0.2244,0.05537869626489956,5,0.7996000000000001,0.0872599564519717,5,0.13720000000000002,0.05685683775941113,5,0.1752,0.04383149552547803,5,0.3802,0.20030027458792962,5,0.9792,0.01202913130695648,5
LR,LR_C=0.1,fine_lemon,0.6958,0.04193685729760875,5,0.2788,0.06361760762556228,5,0.2752,0.077972431025331,5,0.8722,0.03833666652175174,5,0.238,0.05022947341949745,5,0.219,0.07964609218285604,5,0.421,0.098254770876533,5,0.9705999999999999,0.020695410119154423,5
LR,LR_C=0.1,fine_lily,0.659,0.10303640133467397,5,0.2004,0.0985636849960471,5,0.1908,0.090778301372079,5,0.8619999999999999,0.0329165611812656,5,0.1612,0.054315743574032016,5,0.155,0.07034912934784623,5,0.3584,0.22765500214139814,5,0.9602,0.042622763870964524,5
LR,LR_C=0.1,fine_malty,0.7968,0.05059347784052799,5,0.4029999999999999,0.18817943564587497,5,0.3626,0.2260880359506004,5,0.9349999999999999,0.029874738492579312,5,0.534,0.12595038705776176,5,0.3484,0.30801103876322355,5,0.6264,0.13877607863028846,5,0.9678000000000001,0.04072714082770849,5
LR,LR_C=0.1,fine_meaty,0.7956000000000001,0.04359816509900389,5,0.52,0.028653097563788785,5,0.5448000000000001,0.02054750593137765,5,0.931,0.009999999999999955,5,0.5256000000000001,0.05705523639421712,5,0.48440000000000005,0.037017563399013714,5,0.6358,0.10000849963878074,5,0.9555999999999999,0.012700393694685256,5
LR,LR_C=0.1,fine_medicinal,0.6732,0.039663585314492156,5,0.3046,0.04505330176579736,5,0.3104,0.042465279935495544,5,0.8624,0.03960176763731637,5,0.24020000000000002,0.0467514705651063,5,0.2824,0.0554463704853618,5,0.36,0.08178325011883548,5,0.9868,0.0037682887362833583,5
LR,LR_C=0.1,fine_melon,0.6548,0.07146817473533235,5,0.25880000000000003,0.05103136290557013,5,0.263,0.058779248038742384,5,0.8656,0.03756727299126195,5,0.2352,0.05322311527898381,5,0.2602,0.06741439015521834,5,0.3396,0.16040199500006228,5,0.9698,0.01796385259347227,5
LR,LR_C=0.1,fine_metallic,0.6264,0.04811756436063654,5,0.1742,0.024529573987332104,5,0.1822,0.03244533864825577,5,0.747,0.04125530268947257,5,0.1292,0.02963443942442644,5,0.1584,0.0743121793517052,5,0.3116,0.1400546321975821,5,0.9410000000000001,0.04406245567373653,5
LR,LR_C=0.1,fine_milky,0.6388,0.04826696592909068,5,0.19060000000000002,0.038811080891930846,5,0.1938,0.039814570197353634,5,0.7802,0.04294997089638131,5,0.1442,0.04967091704408124,5,0.1496,0.044252683534447945,5,0.3122,0.1154651462563487,5,0.9656,0.02052559377947442,5
LR,LR_C=0.1,fine_mint,0.7108000000000001,0.040419054912256426,5,0.3882,0.03810774199555782,5,0.41340000000000005,0.036528071397214486,5,0.8664,0.014673104647619744,5,0.39,0.05840376700179535,5,0.3888,0.046959557067757784,5,0.4566,0.09147567982802858,5,0.9648,0.014096098751072976,5
LR,LR_C=0.1,fine_muguet,0.7174,0.12297479416530856,5,0.26399999999999996,0.124577285248957,5,0.22959999999999997,0.11377741427893323,5,0.9064,0.03904228476920887,5,0.2394,0.1373346278256143,5,0.209,0.20510119453577055,5,0.4668,0.26338507930404864,5,0.9686,0.022467754671973834,5
LR,LR_C=0.1,fine_mushroom,0.6548,0.08274478835552122,5,0.22240000000000001,0.08597848568101206,5,0.2218,0.08061451482208398,5,0.8852,0.04774620403759864,5,0.18980000000000002,0.06397421355515048,5,0.1886,0.06255237805231709,5,0.3424,0.17706015926797308,5,0.9667999999999999,0.01699117417955571,5
LR,LR_C=0.1,fine_musk,0.7656,0.04853143311298355,5,0.5498000000000001,0.03256838958253843,5,0.5519999999999999,0.03579804463933748,5,0.8789999999999999,0.04047221268969612,5,0.5498000000000001,0.07530737015724291,5,0.5900000000000001,0.08577295611088614,5,0.5394,0.10204802790843143,5,0.9917999999999999,0.005495452665613621,5
LR,LR_C=0.1,fine_musty,0.568,0.06214499175315738,5,0.1016,0.0658809532414339,5,0.123,0.07695778063327971,5,0.7407999999999999,0.0230477764654207,5,0.1244,0.0174441967427566,5,0.124,0.029291637031753612,5,0.1944,0.18831436482647837,5,0.9418,0.0679389431769438,5
LR,LR_C=0.1,fine_natural,0.5664,0.03480373543170333,5,0.07039999999999999,0.032284671285301936,5,0.0794,0.02683840531775314,5,0.7026,0.07265879162221185,5,0.0626,0.03036115939815211,5,0.0524,0.020057417580536138,5,0.19319999999999998,0.0837179789531496,5,0.9396000000000001,0.028762823227214636,5
LR,LR_C=0.1,fine_nutty,0.6808,0.028761084819596047,5,0.4224,0.03509700841952203,5,0.4474,0.033634803403617505,5,0.8375999999999999,0.008734987120768981,5,0.4426,0.03819424040349539,5,0.549,0.08876654775308095,5,0.3896,0.07125517525064408,5,0.9719999999999999,0.015540270267920068,5
LR,LR_C=0.1,fine_odorless,0.8897999999999999,0.018593009439033817,5,0.665,0.05318364410229893,5,0.67,0.05679788728465176,5,0.9708,0.01388164255410724,5,0.798,0.07031358332498777,5,0.5774,0.0779730722749848,5,0.805,0.03708099243547831,5,0.9743999999999999,0.008561541917201631,5
LR,LR_C=0.1,fine_oily,0.6872,0.012577758146824068,5,0.33199999999999996,0.011895377253370313,5,0.38680000000000003,0.007328028384224504,5,0.8004,0.021972710347155613,5,0.30920000000000003,0.014923136399564274,5,0.34340000000000004,0.031004838332105513,5,0.44939999999999997,0.04643597743129783,5,0.9252,0.022353970564532796,5
LR,LR_C=0.1,fine_onion,0.8378,0.06003082541494829,5,0.5227999999999999,0.03825179734339287,5,0.5192,0.035702941055324844,5,0.9696,0.00931665175908169,5,0.5468,0.06485136852835105,5,0.425,0.0845310593805614,5,0.7144,0.1324152559186441,5,0.9616,0.01432829368766571,5
LR,LR_C=0.1,fine_orange,0.6792,0.029243802762294782,5,0.2612,0.042269374256073404,5,0.2658,0.043101044070880716,5,0.9046,0.026482069405543106,5,0.2266,0.06288720060552863,5,0.205,0.041109609582188934,5,0.39039999999999997,0.06083009123780762,5,0.9682000000000001,0.011344602240713453,5
LR,LR_C=0.1,fine_orangeflower,0.7859999999999999,0.04966387016735604,5,0.3848,0.09618055936622534,5,0.3592,0.10904448633470652,5,0.917,0.024929901724635762,5,0.26539999999999997,0.09258131560957641,5,0.2706,0.1100468082226831,5,0.5838,0.09854288406577111,5,0.9885999999999999,0.004722287581247041,5
LR,LR_C=0.1,fine_orris,0.6388,0.07397431986845168,5,0.2224,0.12684360448993873,5,0.2238,0.1273958398064866,5,0.8436,0.034918476484520365,5,0.1548,0.07503465865851594,5,0.1972,0.12279535821846034,5,0.297,0.148354305633507,5,0.9805999999999999,0.01616477652180818,5
LR,LR_C=0.1,fine_ozone,0.608,0.10224480426897006,5,0.10740000000000001,0.10550497618596007,5,0.0934,0.08849745759059974,5,0.8328,0.06566353630440565,5,0.1726,0.11932853807870102,5,0.0598,0.0588956704690591,5,0.2354,0.2184943935207492,5,0.9812,0.019524343778985265,5
LR,LR_C=0.1,fine_peach,0.6599999999999999,0.08294576541331086,5,0.24939999999999998,0.08161678748884937,5,0.23959999999999998,0.10151502351868912,5,0.849,0.029706901555025922,5,0.197,0.08017480901130977,5,0.25420000000000004,0.12320998336173902,5,0.3606,0.2110492833439621,5,0.9593999999999999,0.05934475545488416,5
LR,LR_C=0.1,fine_pear,0.7070000000000001,0.06623065755373415,5,0.3416,0.09040630508985535,5,0.3536,0.08607148192055254,5,0.9082000000000001,0.02784241368847176,5,0.2976,0.07690123536068844,5,0.2992,0.06270326945223828,5,0.441,0.13751363568752012,5,0.9725999999999999,0.006985699678629198,5
LR,LR_C=0.1,fine_phenolic,0.7494,0.07399527011910964,5,0.484,0.0614288205975013,5,0.49560000000000004,0.05615425184258087,5,0.9056000000000001,0.03391607288587523,5,0.5115999999999999,0.08833345911940726,5,0.4992,0.05659681969863677,5,0.5192,0.1575902915791452,5,0.9795999999999999,0.009607288899580364,5
LR,LR_C=0.1,fine_pine,0.743,0.0971056126081289,5,0.3624,0.06709918032286236,5,0.3506,0.054344272927328775,5,0.9366,0.022667156857444613,5,0.32480000000000003,0.03923901120058963,5,0.296,0.06991065727054782,5,0.5058,0.2025171597667714,5,0.9802,0.010663020210053057,5
LR,LR_C=0.1,fine_pineapple,0.7514000000000001,0.035032841734578185,5,0.40599999999999997,0.061915264676814546,5,0.4236,0.06009825288641926,5,0.9074,0.02744631122755843,5,0.363,0.07233602145542702,5,0.351,0.07371227848872941,5,0.5488,0.07355406175052472,5,0.9538,0.016361540269791214,5
LR,LR_C=0.1,fine_plum,0.6208,0.0797884703450317,5,0.11699999999999999,0.07865112840894274,5,0.1062,0.07281964020784502,5,0.7958000000000001,0.02367910471280534,5,0.11059999999999999,0.05301697841258023,5,0.06999999999999999,0.05521322305390258,5,0.2912,0.19243622320135054,5,0.9507999999999999,0.039315391388106524,5
LR,LR_C=0.1,fine_popcorn,0.8012,0.09236178863577732,5,0.45,0.09807650075323857,5,0.4346,0.08623688306055594,5,0.9858,0.00895544527089527,5,0.5608,0.1739531546135338,5,0.3436,0.0634176631546764,5,0.6108,0.1854513413270446,5,0.9916,0.0023021728866442627,5
LR,LR_C=0.1,fine_potato,0.745,0.10980664825045887,5,0.279,0.08009993757800313,5,0.252,0.09300268813319322,5,0.9094,0.05576109755017384,5,0.21139999999999998,0.13405707739615988,5,0.18639999999999998,0.07594932521095893,5,0.5244,0.24419008988900429,5,0.966,0.032710854467592226,5
LR,LR_C=0.1,fine_powdery,0.6752,0.08352664245616478,5,0.21200000000000002,0.0845694980474639,5,0.21800000000000003,0.07311634564172363,5,0.8154,0.02960236477040303,5,0.18839999999999998,0.05790768515490842,5,0.1528,0.03565389179318297,5,0.43079999999999996,0.1989200844560448,5,0.9196,0.03566931454345598,5
LR,LR_C=0.1,fine_pungent,0.716,0.06206851053473092,5,0.281,0.02303258561256203,5,0.2886,0.019882152800941834,5,0.8615999999999999,0.013612494260788461,5,0.27840000000000004,0.03318584035398231,5,0.21080000000000002,0.03433948165013561,5,0.5204000000000001,0.17371039116874962,5,0.9118,0.05098725330903797,5
LR,LR_C=0.1,fine_radish,0.6744,0.06982692890282376,5,0.39,0.13639098210658945,5,0.38839999999999997,0.1318988248620889,5,0.8742000000000001,0.03983967871356398,5,0.3792,0.12156767662499764,5,0.45339999999999997,0.17104911575334145,5,0.3542,0.13972544506996568,5,0.9948,0.0031144823004794807,5
LR,LR_C=0.1,fine_raspberry,0.5938,0.10750209300288067,5,0.15599999999999997,0.1368283596335204,5,0.12279999999999999,0.10069111182224576,5,0.7724,0.08152177623187566,5,0.15860000000000002,0.17688640422598909,5,0.26539999999999997,0.41666509333036283,5,0.2042,0.21927767784250177,5,0.9833999999999999,0.015565988564816594,5
LR,LR_C=0.1,fine_ripe,0.6198,0.09348368841675002,5,0.1408,0.09201467274299245,5,0.132,0.08606683449505971,5,0.8282,0.06270326945223832,5,0.119,0.024525496936861447,5,0.11440000000000002,0.08563176980537071,5,0.2798,0.2244742746953423,5,0.9596,0.04496998999332777,5
LR,LR_C=0.1,fine_roasted,0.8225999999999999,0.038578491416850394,5,0.511,0.034698703145794985,5,0.5296000000000001,0.028832273583607678,5,0.9274000000000001,0.013011533345459325,5,0.5008,0.030433534135883764,5,0.42699999999999994,0.04009364039345889,5,0.7083999999999999,0.08512520190871795,5,0.9374,0.012280065146406968,5
LR,LR_C=0.1,fine_rose,0.7344,0.070333491311039,5,0.3846,0.07955061281976399,5,0.41859999999999997,0.07607430578059848,5,0.8785999999999999,0.022700220263248583,5,0.4324,0.05823057616063918,5,0.356,0.05073953093988946,5,0.5406000000000001,0.1606636237609497,5,0.9284000000000001,0.027336788399517566,5
LR,LR_C=0.1,fine_rummy,0.6432,0.0811276771515122,5,0.21280000000000002,0.09075351232872479,5,0.217,0.08405058000989643,5,0.841,0.04707971962533337,5,0.184,0.07780424152962358,5,0.1766,0.04612808255282242,5,0.3106,0.17260156430345586,5,0.9757999999999999,0.010134100848126616,5
LR,LR_C=0.1,fine_sandalwood,0.728,0.0961795196494555,5,0.4344,0.08343440537332306,5,0.4236000000000001,0.07873245836375237,5,0.9321999999999999,0.055585069937888885,5,0.40380000000000005,0.08467998582900212,5,0.4478,0.12687868221257662,5,0.4612,0.19354766854705333,5,0.9954000000000001,0.0026076809620810748,5
LR,LR_C=0.1,fine_savory,0.704,0.11225417586887357,5,0.25880000000000003,0.13404551465826822,5,0.25460000000000005,0.11956086316182232,5,0.8992000000000001,0.013461054936371094,5,0.21739999999999998,0.05380799197145346,5,0.1814,0.07166100752850187,5,0.4554,0.24190452662155787,5,0.9526,0.019152023391798553,5
LR,LR_C=0.1,fine_sharp,0.6124,0.09887517383044132,5,0.1374,0.08321237888679787,5,0.14079999999999998,0.06284663873271189,5,0.8033999999999999,0.08352724106541531,5,0.11640000000000002,0.0176578594399208,5,0.10700000000000001,0.03120897306865447,5,0.268,0.2302422637136805,5,0.9564,0.0332009036021612,5
LR,LR_C=0.1,fine_smoky,0.7308,0.05171750187315701,5,0.34540000000000004,0.06616872372956878,5,0.3308,0.08768808356897762,5,0.923,0.03261134771824063,5,0.3014,0.08069882279190943,5,0.2974,0.15787114999264434,5,0.4852,0.1209119514357452,5,0.9763999999999999,0.019654516020497705,5
LR,LR_C=0.1,fine_soapy,0.5534000000000001,0.05695875700890954,5,0.1082,0.12263849314142766,5,0.11560000000000001,0.12081928653985671,5,0.8076000000000001,0.07295066826287473,5,0.12079999999999999,0.1039961537750315,5,0.1226,0.13308756515918382,5,0.1186,0.11124882021846344,5,0.9885999999999999,0.009126883367283723,5
LR,LR_C=0.1,fine_solvent,0.7154,0.12618359639826407,5,0.298,0.09885848471426213,5,0.2852,0.07284710014818709,5,0.9208000000000001,0.02984459750105535,5,0.22199999999999998,0.09423640485502405,5,0.225,0.06698507296405672,5,0.44880000000000003,0.2595528847845849,5,0.9822,0.008378544026261378,5
LR,LR_C=0.1,fine_sour,0.662,0.053352600686377004,5,0.3436,0.07667007238812286,5,0.3476,0.07837920642619445,5,0.8688,0.043585548063549744,5,0.2652,0.09648160446427079,5,0.3822,0.07880482218747786,5,0.3326,0.10942714471281796,5,0.992,0.0035355339059327485,5
LR,LR_C=0.1,fine_spicy,0.6792,0.025073890802984722,5,0.3108,0.03956892720304659,5,0.37439999999999996,0.03963962663799951,5,0.7962,0.009038805230781323,5,0.3592,0.03895766933480493,5,0.33399999999999996,0.07921805349792431,5,0.4720000000000001,0.12307518027612231,5,0.8865999999999999,0.08339844123243553,5
LR,LR_C=0.1,fine_strawberry,0.5838,0.07243755931835365,5,0.0856,0.06649285675920384,5,0.0812,0.05399259208447025,5,0.8236000000000001,0.11417223830686686,5,0.11979999999999999,0.08325382874078525,5,0.0568,0.0385707142791004,5,0.20059999999999997,0.16161930577749675,5,0.9667999999999999,0.019942417105255857,5
LR,LR_C=0.1,fine_sulfurous,0.9138,0.03754597182122205,5,0.7455999999999999,0.021904337470008094,5,0.7608,0.017455658108475883,5,0.977,0.005049752469181041,5,0.733,0.015049916943292442,5,0.6862,0.048823150246578705,5,0.8634000000000001,0.08484868885256859,5,0.9644,0.010597169433391156,5
LR,LR_C=0.1,fine_sweaty,0.6234,0.07459423570223103,5,0.22400000000000003,0.09540702280230738,5,0.20579999999999998,0.10435132965132739,5,0.8583999999999999,0.09847994719738633,5,0.1712,0.10455955240914144,5,0.2712,0.18637918338698667,5,0.2582,0.1618508572729845,5,0.9882,0.016589153082662195,5
LR,LR_C=0.1,fine_sweet,0.6716,0.020181674856165913,5,0.3194,0.03697701989073757,5,0.5372,0.025400787389370405,5,0.7346,0.017038192392387193,5,0.5084,0.016071714283174686,5,0.46799999999999997,0.02985799725366723,5,0.6372,0.06810800246667054,5,0.7060000000000001,0.055704577908821794,5
LR,LR_C=0.1,fine_tea,0.5608000000000001,0.0423992924469265,5,0.0678,0.03222111109195336,5,0.0718,0.021158922467838476,5,0.6604,0.06855873394396954,5,0.0412,0.013736811857195979,5,0.0502,0.012930583900195691,5,0.1522,0.09730724536230588,5,0.9696,0.014363147287415787,5
LR,LR_C=0.1,fine_terpenic,0.7312000000000001,0.11285698914998571,5,0.2934,0.1104413871698468,5,0.27240000000000003,0.08685792997763646,5,0.9198000000000001,0.07894745087714987,5,0.2858,0.09626110325567643,5,0.19419999999999998,0.050091915515380336,5,0.4806,0.2287494262287886,5,0.9823999999999999,0.003507135583350041,5
LR,LR_C=0.1,fine_tobacco,0.639,0.015116216457830966,5,0.2344,0.06605906448020588,5,0.24580000000000002,0.07121235847800576,5,0.781,0.02769476484825246,5,0.17679999999999998,0.07624762291376694,5,0.21939999999999998,0.09905705426672044,5,0.3032,0.023742367194532214,5,0.9742,0.012517987058628898,5
LR,LR_C=0.1,fine_tomato,0.7018,0.07654867732364816,5,0.2072,0.03594022815731698,5,0.175,0.03600694377477766,5,0.916,0.057122675007390905,5,0.187,0.09135918125727704,5,0.1222,0.03995872870850623,5,0.4356,0.17626202086666315,5,0.9678000000000001,0.03061372241332307,5
LR,LR_C=0.1,fine_tropical,0.7016,0.0298713909953989,5,0.3416,0.03309531688925189,5,0.392,0.030724582991474448,5,0.8061999999999999,0.011300442469213275,5,0.31520000000000004,0.037910420730981075,5,0.33940000000000003,0.061820708504513294,5,0.48740000000000006,0.08400476176979492,5,0.916,0.031120732639190886,5
LR,LR_C=0.1,fine_vanilla,0.7464000000000001,0.06588474785563044,5,0.49260000000000004,0.052012498497957166,5,0.4904,0.06439176966041543,5,0.8782,0.027462701979229953,5,0.511,0.05972018084366456,5,0.531,0.13433354011563906,5,0.5048,0.13851064941007243,5,0.9879999999999999,0.007416198487095669,5
LR,LR_C=0.1,fine_vegetable,0.678,0.07407091196954448,5,0.296,0.03653080891521566,5,0.325,0.029958304357890497,5,0.8462,0.03628636107410054,5,0.3074,0.07437271004878067,5,0.29779999999999995,0.05512440475869105,5,0.43019999999999997,0.211706636646091,5,0.9262,0.06529701371425803,5
LR,LR_C=0.1,fine_vetiver,0.6928,0.052169914701866237,5,0.2804,0.093663226508593,5,0.26680000000000004,0.1034852646515435,5,0.9179999999999999,0.04459260028300661,5,0.20779999999999998,0.06705370981534131,5,0.2254,0.13453363891607184,5,0.3992,0.10506521784111048,5,0.9869999999999999,0.007035623639735144,5
LR,LR_C=0.1,fine_violet,0.7045999999999999,0.07846209275822302,5,0.40380000000000005,0.06421993459977982,5,0.3982,0.06274711148730276,5,0.9022,0.04745208109240314,5,0.35140000000000005,0.14082364858218951,5,0.4324,0.11328194913577361,5,0.41720000000000007,0.1611480685580811,5,0.9922000000000001,0.004764451699828643,5
LR,LR_C=0.1,fine_warm,0.5132,0.015578831791889965,5,0.0188,0.02704995378923964,5,0.0368,0.033818633916821654,5,0.6374000000000001,0.06616872372956878,5,0.0418,0.012794530081249565,5,0.03,0.027631503759296197,5,0.049,0.046856162881738404,5,0.9776,0.017643695757975444,5
LR,LR_C=0.1,fine_waxy,0.7758,0.04309524335701102,5,0.4796,0.02997165327438579,5,0.5278,0.027398905087612533,5,0.891,0.006782329983125255,5,0.507,0.021059439688652704,5,0.4612,0.033885099970340955,5,0.6344,0.10944998857925932,5,0.9178000000000001,0.023784448700779247,5
LR,LR_C=0.1,fine_weedy,0.5728,0.12292151967820766,5,0.036199999999999996,0.0580878644813183,5,0.0298,0.029802684442848434,5,0.6306,0.13364243338101858,5,0.023799999999999998,0.014872793954062567,5,0.0188,0.020571825392998063,5,0.2432,0.32236423498893296,5,0.9026,0.0908916937899168,5
LR,LR_C=0.1,fine_winey,0.6836,0.10075614125203486,5,0.2882,0.12937812798151008,5,0.3116,0.12107353137659775,5,0.8888,0.012377398757412651,5,0.2852,0.06047065403979023,5,0.2592,0.07425429280519746,5,0.418,0.21999090890307263,5,0.9494,0.018994736112933987,5
LR,LR_C=0.1,fine_woody,0.7574,0.015630099167951602,5,0.49379999999999996,0.04292085740056925,5,0.5646,0.03533128924904947,5,0.8532,0.023594490882407313,5,0.5884,0.058977114205427186,5,0.5389999999999999,0.06168468205316451,5,0.5972,0.0335216348050032,5,0.9179999999999999,0.021342445970413036,5
LR,LR_C=1,fine_alcoholic,0.844,0.050640892567173384,5,0.5711999999999999,0.042499411760634986,5,0.5648,0.059411278390554774,5,0.9614,0.020863844324572563,5,0.48979999999999996,0.054476600481307584,5,0.49339999999999995,0.11260239784302994,5,0.7058,0.11192274121017588,5,0.9823999999999999,0.011058933040759418,5
LR,LR_C=1,fine_aldehydic,0.6724,0.10072884393260949,5,0.31320000000000003,0.08563118590793893,5,0.3174,0.07028726769479661,5,0.8972,0.023815961034566735,5,0.3264,0.07276537638190296,5,0.32999999999999996,0.10001249921884764,5,0.3706,0.21959804188562337,5,0.9747999999999999,0.019639246421388014,5
LR,LR_C=1,fine_alliaceous,0.7592000000000001,0.061957243321503576,5,0.43019999999999997,0.07311087470410951,5,0.43520000000000003,0.07128955042641241,5,0.9612,0.009833615815151605,5,0.45,0.0947048045243746,5,0.37720000000000004,0.08956952606774246,5,0.545,0.136444127759314,5,0.9738,0.01704992668605936,5
LR,LR_C=1,fine_almond,0.6140000000000001,0.0580430874437258,5,0.2152,0.08132465800727355,5,0.2234,0.08420985690523408,5,0.8960000000000001,0.025475478405714055,5,0.2378,0.09553899727336476,5,0.22680000000000003,0.061283766202804485,5,0.2432,0.12091608660554642,5,0.9852000000000001,0.008167006795638188,5
LR,LR_C=1,fine_amber,0.6662,0.024973986465920844,5,0.31520000000000004,0.05605086975239546,5,0.3274,0.05409066462893574,5,0.8656,0.04093042877859941,5,0.2732,0.094473276644774,5,0.3168,0.08644767203343305,5,0.3492,0.05414979224336876,5,0.9833999999999999,0.007092249290598874,5
LR,LR_C=1,fine_animal,0.6502,0.033040883765420116,5,0.3416,0.08685505166655536,5,0.3432,0.08325683155153095,5,0.757,0.041194659848091945,5,0.28500000000000003,0.055529271560142014,5,0.4258,0.16109220961921156,5,0.3156,0.0714373851705114,5,0.9847999999999999,0.0162542302186231,5
LR,LR_C=1,fine_anisic,0.6754,0.07917891133376362,5,0.3396,0.11125556165873238,5,0.3364,0.09465357890750882,5,0.819,0.07087665341986739,5,0.3256,0.18481693645334565,5,0.3706,0.20658968996539973,5,0.36560000000000004,0.16830418889617693,5,0.985,0.012688577540449532,5
LR,LR_C=1,fine_apple,0.7962,0.03999624982420224,5,0.46319999999999995,0.029827839345148672,5,0.48600000000000004,0.024,5,0.9208000000000001,0.0173262806164508,5,0.4702,0.03158638947394906,5,0.38780000000000003,0.03259907974161232,5,0.663,0.09495261976375373,5,0.9298,0.017541379649275005,5
LR,LR_C=1,fine_apricot,0.5784,0.03684155262743411,5,0.1248,0.03769217425408092,5,0.1328,0.040861962752662774,5,0.8482,0.033558903438580916,5,0.1308,0.04979658622837512,5,0.121,0.030471297970385187,5,0.17980000000000002,0.08408150807401114,5,0.9778,0.011903780911962394,5
LR,LR_C=1,fine_aromatic,0.6060000000000001,0.0666558324529819,5,0.10900000000000001,0.04057092555020159,5,0.1036,0.04192612550665754,5,0.6806,0.0759427415886469,5,0.0586,0.021220273325289665,5,0.0792,0.034368590311503903,5,0.2826,0.2153179045040147,5,0.93,0.0909560333347931,5
LR,LR_C=1,fine_balsamic,0.749,0.09768572055321086,5,0.383,0.08873837952092657,5,0.3936,0.09308490747699115,5,0.8728,0.03896408602803359,5,0.41859999999999997,0.09932925047537605,5,0.3496,0.11504042767653466,5,0.5818,0.24150093167522146,5,0.9156000000000001,0.05531093924351669,5
LR,LR_C=1,fine_banana,0.688,0.06555532015023649,5,0.3512,0.08398630840797801,5,0.358,0.09086528490023017,5,0.897,0.03111269837220811,5,0.296,0.10107423014794623,5,0.36079999999999995,0.10485323075613835,5,0.3972,0.14206231027264055,5,0.9785999999999999,0.015388307249337083,5
LR,LR_C=1,fine_beefy,0.6636,0.14017774431057164,5,0.16599999999999998,0.11939430472179148,5,0.1416,0.09252188930193762,5,0.9033999999999999,0.04041410644812031,5,0.2474,0.16177082555269354,5,0.101,0.06317831906595806,5,0.3556,0.29841380665109984,5,0.9718,0.02459064862910288,5
LR,LR_C=1,fine_bergamot,0.6918,0.12819399361904596,5,0.3232,0.22073445585136908,5,0.3228,0.2182170937392394,5,0.9534,0.037792856467856434,5,0.39740000000000003,0.26866577750059645,5,0.2762,0.19001894642377112,5,0.3892,0.25742027892145564,5,0.9944,0.002966479394838262,5
LR,LR_C=1,fine_berry,0.6242,0.022642879675518326,5,0.172,0.04972423956180727,5,0.19,0.05591511423577708,5,0.7582,0.045800655017150096,5,0.1644,0.03584410690755176,5,0.1552,0.08159473022199412,5,0.34740000000000004,0.14195703575378005,5,0.9012,0.10791061115571536,5
LR,LR_C=1,fine_bitter,0.5568,0.016146206984923687,5,0.126,0.029580398915498077,5,0.1306,0.030680612770934035,5,0.7296,0.049409513254028314,5,0.0982,0.037798148102784083,5,0.1612,0.05738205294340731,5,0.12400000000000003,0.039344631145812,5,0.9894000000000001,0.008876936408468847,5
LR,LR_C=1,fine_black currant,0.713,0.11914277149705722,5,0.2872,0.12646224733097225,5,0.2642,0.12571674510581318,5,0.8724000000000001,0.013649175799292817,5,0.23420000000000002,0.1307792032396589,5,0.2234,0.10954131640618527,5,0.43899999999999995,0.2444636987366427,5,0.9869999999999999,0.008215838362577454,5
LR,LR_C=1,fine_brandy,0.6348,0.10834297393001541,5,0.16040000000000001,0.08517511373634906,5,0.1488,0.05751695402227068,5,0.8554,0.10400624981221081,5,0.15860000000000002,0.16634692663226455,5,0.10699999999999998,0.03394112549695428,5,0.28700000000000003,0.22176000541125537,5,0.983,0.0051478150704935026,5
LR,LR_C=1,fine_burnt,0.7014,0.049500505047928495,5,0.274,0.057900777196856344,5,0.2866,0.056411878181815575,5,0.861,0.021142374511866017,5,0.251,0.05547972602672077,5,0.2132,0.05894658599104786,5,0.47640000000000005,0.12228981969076577,5,0.9259999999999999,0.034633798521097804,5
LR,LR_C=1,fine_buttery,0.6388,0.07059532562429328,5,0.315,0.10343355355009322,5,0.3222,0.10826680008201961,5,0.8874000000000001,0.03520369298809436,5,0.28700000000000003,0.053651654214944756,5,0.3878,0.07039318148798218,5,0.2904,0.1467729539118158,5,0.9874,0.006387487769068535,5
LR,LR_C=1,fine_cabbage,0.7485999999999999,0.12571117690961298,5,0.306,0.09219273290232806,5,0.27799999999999997,0.06963117118072912,5,0.892,0.052311566598602234,5,0.2584,0.09140185993731201,5,0.20400000000000001,0.042801869118065404,5,0.5168,0.2612138970269384,5,0.9808,0.011562871615649816,5
LR,LR_C=1,fine_camphoreous,0.727,0.06079062427710377,5,0.369,0.10275212893171606,5,0.378,0.09833107342035885,5,0.9236000000000001,0.023458473948660855,5,0.41259999999999997,0.12331788191499235,5,0.3194,0.11125331455736498,5,0.484,0.11934613525372326,5,0.9698,0.010871982339941537,5
LR,LR_C=1,fine_caramellic,0.7462,0.08143218037115302,5,0.43079999999999996,0.0792287826487319,5,0.4474,0.08340743372146156,5,0.8981999999999999,0.012617448236470017,5,0.49820000000000003,0.04543897005875027,5,0.414,0.041024382993532046,5,0.5306,0.17676198686369196,5,0.9613999999999999,0.015501612819316571,5
LR,LR_C=1,fine_cedar,0.6838,0.06699776115662373,5,0.2774,0.03610124651587531,5,0.2718,0.03047457957052074,5,0.8977999999999999,0.050335871900663444,5,0.242,0.06723094525588644,5,0.22560000000000002,0.04551153699887534,5,0.3816,0.13966137619256086,5,0.9865999999999999,0.006804410334481643,5
LR,LR_C=1,fine_celery,0.6292,0.07659438621726788,5,0.2334,0.0931412905214438,5,0.22560000000000002,0.08338644973855165,5,0.7243999999999999,0.13592019717466566,5,0.24020000000000002,0.12703621530886378,5,0.24580000000000002,0.15083666662983505,5,0.2664,0.15631314723976356,5,0.9922000000000001,0.004764451699828637,5
LR,LR_C=1,fine_chamomile,0.6764,0.0597143198906259,5,0.35059999999999997,0.14172614437710496,5,0.3508,0.13884775835424928,5,0.8785999999999999,0.06225190760129366,5,0.3398,0.18888276787467936,5,0.36,0.18760197227108247,5,0.358,0.11794278273807177,5,0.9954000000000001,0.0026076809620810782,5
LR,LR_C=1,fine_cheesy,0.7016,0.05944997897392395,5,0.40519999999999995,0.0830523931021858,5,0.4218,0.08700976956641131,5,0.9016,0.03058267483396441,5,0.38839999999999997,0.08919529135554187,5,0.43900000000000006,0.07457211275000863,5,0.42460000000000003,0.12367012573778678,5,0.9782,0.008871302046486737,5
LR,LR_C=1,fine_cherry,0.604,0.039446165846632054,5,0.19119999999999998,0.05825118024555383,5,0.20179999999999998,0.054554559846084365,5,0.8878,0.01719592975096143,5,0.17919999999999997,0.06875827222960157,5,0.19380000000000003,0.06326294333968346,5,0.2238,0.08008870082602164,5,0.984,0.0051478150704935026,5
LR,LR_C=1,fine_chocolate,0.6514,0.05468820713828534,5,0.2334,0.06000666629633745,5,0.2314,0.060355612829297,5,0.866,0.021118712081942916,5,0.1492,0.018552627846210885,5,0.205,0.08952094726934028,5,0.3238,0.11761037369211953,5,0.9789999999999999,0.010793516572461456,5
LR,LR_C=1,fine_cinnamon,0.7647999999999999,0.13287475305715526,5,0.3388,0.10279931906389263,5,0.3082,0.08627398217307464,5,0.9347999999999999,0.03612755181298611,5,0.3822,0.1765012747829318,5,0.2488,0.11715033077204691,5,0.5564,0.28172468830402486,5,0.9730000000000001,0.018193405398660323,5
LR,LR_C=1,fine_citrus,0.7426,0.011696153213770771,5,0.4274,0.03181666230137914,5,0.47139999999999993,0.03249307618555068,5,0.8708,0.015106290080625405,5,0.3992,0.04975138189035557,5,0.41559999999999997,0.05087042362709397,5,0.5506,0.027835229476330933,5,0.9352,0.014446452851824866,5
LR,LR_C=1,fine_clean,0.6258,0.06649210479447919,5,0.19080000000000003,0.11893149288561043,5,0.2,0.11615506876585284,5,0.7592,0.047856034102294755,5,0.122,0.06401171767731278,5,0.16699999999999998,0.12394151846738041,5,0.286,0.1325084902940185,5,0.9656,0.018501351301999487,5
LR,LR_C=1,fine_clove,0.7283999999999999,0.09281864036927066,5,0.3268,0.09315954057422136,5,0.3118,0.08396844645460577,5,0.9192,0.058117983447466576,5,0.2832,0.11583695437985236,5,0.24560000000000004,0.06223182465587844,5,0.4668,0.18930715781501764,5,0.9902,0.00420713679359254,5
LR,LR_C=1,fine_cocoa,0.7046,0.05568033764265443,5,0.3326,0.0838379389059631,5,0.3388,0.08248151308020482,5,0.8503999999999999,0.051631385803598176,5,0.2762,0.07098380096895347,5,0.2944,0.10617108834329618,5,0.4378,0.1178800237529667,5,0.9709999999999999,0.0154919333848297,5
LR,LR_C=1,fine_coconut,0.7302,0.08338285195410386,5,0.4164,0.08073598949663031,5,0.41200000000000003,0.08278888814327681,5,0.9225999999999999,0.0195397031707239,5,0.4164,0.1066550514509275,5,0.4126,0.11743423691581599,5,0.47400000000000003,0.1731328969318079,5,0.9858,0.008526429498916863,5
LR,LR_C=1,fine_coffee,0.7495999999999999,0.043350893877750624,5,0.3762,0.02397290136800299,5,0.3758,0.020705071842425492,5,0.9252,0.013590437814875544,5,0.3372,0.08002936960891298,5,0.30019999999999997,0.04755207671595428,5,0.5282,0.09541855165532542,5,0.9705999999999999,0.010237187113655764,5
LR,LR_C=1,fine_cognac,0.7682,0.07181712887605576,5,0.4266,0.09979629251630545,5,0.42940000000000006,0.09418492448369858,5,0.9436,0.019125898671696433,5,0.3856,0.11085260484084261,5,0.353,0.07591113225344487,5,0.5609999999999999,0.14442298985964802,5,0.9753999999999999,0.010406728592598152,5
LR,LR_C=1,fine_cooked,0.6045999999999999,0.10303057798537285,5,0.12279999999999999,0.11223502127232837,5,0.1244,0.09862707539007733,5,0.7704,0.06877717644684175,5,0.11699999999999999,0.053390073983840866,5,0.0868,0.06758106243615884,5,0.24459999999999998,0.22710195948075831,5,0.9644,0.02381806037443012,5
LR,LR_C=1,fine_cooling,0.7104,0.06092043991961976,5,0.2524,0.08020785497692853,5,0.23600000000000004,0.08258631847951574,5,0.8548,0.05490628379338743,5,0.251,0.1057473403920874,5,0.1682,0.08252090644194354,5,0.4648,0.12112885700773374,5,0.9558,0.018619881847100964,5
LR,LR_C=1,fine_cortex,0.5833999999999999,0.065270973640662,5,0.0932,0.10694952080304053,5,0.0946,0.10643213800351849,5,0.728,0.049005101775223346,5,0.05,0.04723875527572673,5,0.0726,0.1010163353126612,5,0.2294,0.12415031212204018,5,0.9376000000000001,0.029534725324607256,5
LR,LR_C=1,fine_coumarinic,0.7030000000000001,0.06036555309114628,5,0.33039999999999997,0.08515456535030873,5,0.3312,0.0827629144001104,5,0.9054,0.026884940022250375,5,0.2882,0.12264868527628008,5,0.2782,0.0735098632837798,5,0.4192,0.12300691037498664,5,0.9872,0.00286356421265523,5
LR,LR_C=1,fine_creamy,0.629,0.06235783832045494,5,0.27359999999999995,0.083864772103667,5,0.2774,0.08071121359513807,5,0.7762,0.02356268236003703,5,0.244,0.05807322963293845,5,0.3564,0.1615744410480816,5,0.2882,0.15163343958375408,5,0.97,0.03133687923198476,5
LR,LR_C=1,fine_cucumber,0.738,0.098066304100848,5,0.3396,0.06918670392495946,5,0.3238,0.06235543280260351,5,0.9618,0.03110787681600915,5,0.3924,0.17050747784188233,5,0.2618,0.06342081677178243,5,0.4902,0.20673824029433938,5,0.9853999999999999,0.011844830095868857,5
LR,LR_C=1,fine_dairy,0.6816,0.02377603835797711,5,0.2784,0.05113022589427901,5,0.28900000000000003,0.05528562200066124,5,0.8291999999999999,0.07127902917408459,5,0.189,0.04788005847949645,5,0.2332,0.06837177780341828,5,0.3992,0.049936960259911706,5,0.9644,0.012720062892926286,5
LR,LR_C=1,fine_dry,0.5942000000000001,0.05066754385205587,5,0.1524,0.07267943312932484,5,0.1808,0.06559115794068587,5,0.7018,0.06510529932348058,5,0.1346,0.08179731046923243,5,0.1524,0.04769486345509337,5,0.2338,0.10473872254328866,5,0.9545999999999999,0.01961631973638274,5
LR,LR_C=1,fine_earthy,0.6292,0.029668164756182693,5,0.2172,0.041257726549096235,5,0.2672,0.04506328882804716,5,0.7352000000000001,0.023252956801232853,5,0.22560000000000002,0.020622802913280246,5,0.2406,0.07255549600133679,5,0.3496,0.10288245720238218,5,0.9084,0.05643846206267498,5
LR,LR_C=1,fine_ethereal,0.7192000000000001,0.08934595681954506,5,0.4474,0.11973011317124861,5,0.46420000000000006,0.13882074772886074,5,0.9094000000000001,0.015501612819316593,5,0.5509999999999999,0.07868608517393656,5,0.5098,0.07178927496499737,5,0.46699999999999997,0.19271351794827474,5,0.9715999999999999,0.016379865689315033,5
LR,LR_C=1,fine_fatty,0.7682,0.020462160198766927,5,0.5,0.03517101079013794,5,0.5616,0.02985464787935035,5,0.8629999999999999,0.010583005244258363,5,0.5176000000000001,0.04363828594250694,5,0.522,0.05994997914928742,5,0.6154,0.05134978091481988,5,0.921,0.02057911562725666,5
LR,LR_C=1,fine_fermented,0.6708000000000001,0.046300107991234754,5,0.2838,0.03729879354617253,5,0.296,0.03940812099047604,5,0.8596,0.016440802900101924,5,0.2514,0.024316660954991336,5,0.2678,0.0708074854799971,5,0.3754,0.10626993930552514,5,0.966,0.015748015748023633,5
LR,LR_C=1,fine_fishy,0.7230000000000001,0.04014349262333809,5,0.41980000000000006,0.10731821839743708,5,0.41,0.1129933626369266,5,0.9119999999999999,0.04071854614300466,5,0.4314,0.09321373289381775,5,0.4434,0.23233122906746737,5,0.46240000000000003,0.08725422625867471,5,0.9837999999999999,0.01672423391369546,5
LR,LR_C=1,fine_floral,0.7638,0.019690099034794115,5,0.4838,0.03421549356651168,5,0.6058,0.026864474683120115,5,0.8492,0.014601369798755192,5,0.5928,0.028986203614823406,5,0.5364,0.04272352981671805,5,0.7024,0.06015646266196178,5,0.8253999999999999,0.03924665590849747,5
LR,LR_C=1,fine_fresh,0.6596,0.02948389390836972,5,0.24180000000000001,0.019473058311420943,5,0.3294,0.016456001944579347,5,0.7522,0.012477980605851239,5,0.2564,0.016667333320000515,5,0.2528,0.022576536492562367,5,0.4974,0.10910224562308515,5,0.8218,0.05052425160257199,5
LR,LR_C=1,fine_fruit skin,0.5730000000000001,0.03742325480232842,5,0.11699999999999999,0.08184436449750221,5,0.125,0.08243482273893721,5,0.7168,0.07197360627341114,5,0.0776,0.054159948301304724,5,0.10600000000000001,0.0828945112778886,5,0.1686,0.06287924935938723,5,0.9778,0.0126372465355393,5
LR,LR_C=1,fine_fruity,0.7686,0.012992305415129383,5,0.529,0.02862691041659924,5,0.7176,0.01583666631586335,5,0.8486,0.004505552130427519,5,0.7854,0.010922453936730504,5,0.6754,0.0487729433190165,5,0.7712,0.05459578738327706,5,0.7657999999999999,0.06288640552615483,5
LR,LR_C=1,fine_garlic,0.8423999999999999,0.03729343105695697,5,0.5324,0.06213533616228366,5,0.5266,0.06420903363234806,5,0.9709999999999999,0.016837458240482734,5,0.595,0.11138671374989027,5,0.4248,0.08117080756035387,5,0.7091999999999999,0.07521768409091036,5,0.975,0.007874007874011818,5
LR,LR_C=1,fine_gassy,0.6744,0.1690260334978017,5,0.1908,0.17904524567829216,5,0.16560000000000002,0.15194341051852167,5,0.9352,0.06914260625692384,5,0.23500000000000001,0.17804493814764855,5,0.1116,0.10556656667714452,5,0.362,0.3476729785301124,5,0.9872,0.010425929215182697,5
LR,LR_C=1,fine_geranium,0.6407999999999999,0.10121610543782052,5,0.186,0.11896007733689483,5,0.1802,0.1055210879398047,5,0.8428000000000001,0.06490531565288007,5,0.1662,0.09325609899625867,5,0.1382,0.08700402289549604,5,0.3016,0.20912986396017189,5,0.9804,0.007127411872482206,5
LR,LR_C=1,fine_grape,0.6732,0.03594718347798612,5,0.36719999999999997,0.0878305186139761,5,0.3586,0.09398031708820735,5,0.8562000000000001,0.06027188399245539,5,0.3416,0.052405152418440716,5,0.44279999999999997,0.20730943056214302,5,0.3618,0.08613768048885459,5,0.9847999999999999,0.019227584351654826,5
LR,LR_C=1,fine_grapefruit,0.667,0.053197744313081496,5,0.3274,0.06374794114322438,5,0.33120000000000005,0.0683973683704278,5,0.8764,0.06512910255791954,5,0.3006,0.15336492428192308,5,0.3438,0.07906136856897936,5,0.34500000000000003,0.11106979787502992,5,0.9892,0.006534523701081837,5
LR,LR_C=1,fine_grassy,0.54,0.07079901129253151,5,0.054000000000000006,0.0894874292847884,5,0.06420000000000001,0.08098271420494622,5,0.7772,0.05715942616926802,5,0.08,0.05892792207434436,5,0.0492,0.05746042116100438,5,0.1014,0.14783199924238324,5,0.9785999999999999,0.0089888820216977,5
LR,LR_C=1,fine_green,0.722,0.012884098726725152,5,0.41,0.02247220505424422,5,0.6008,0.01814386948806678,5,0.7954000000000001,0.014380542409798046,5,0.6178,0.018539147768977974,5,0.5122,0.01962651268055537,5,0.7298,0.04988687202060277,5,0.7142000000000001,0.036148305631108046,5
LR,LR_C=1,fine_hawthorn,0.6252,0.09788615836776926,5,0.1956,0.1389471122405932,5,0.1928,0.13186053238175552,5,0.9251999999999999,0.07973205127174395,5,0.225,0.1921887093457886,5,0.1628,0.10973012348484805,5,0.2584,0.19973682684973246,5,0.9924,0.0046151923036857456,5
LR,LR_C=1,fine_hay,0.627,0.05728001396647874,5,0.139,0.058425165810633346,5,0.135,0.04788005847949645,5,0.7876,0.08509582833488373,5,0.0988,0.01853914776897795,5,0.0898,0.03649246497566312,5,0.3048,0.11414771132177814,5,0.9490000000000001,0.01931320791582798,5
LR,LR_C=1,fine_hazelnut,0.7394000000000001,0.05538321045226611,5,0.30920000000000003,0.04972122283291109,5,0.288,0.06101229384312642,5,0.89,0.09243916918709302,5,0.3054,0.07730006468302598,5,0.21559999999999996,0.08172086636838843,5,0.4992,0.11654269603883374,5,0.9795999999999999,0.008734987120768995,5
LR,LR_C=1,fine_herbal,0.6894,0.02013206397764518,5,0.29219999999999996,0.023805461558222312,5,0.40780000000000005,0.013311649033834983,5,0.7684,0.022142718893577638,5,0.37320000000000003,0.028977577538503777,5,0.30019999999999997,0.040033735773719624,5,0.6744,0.13508626873224383,5,0.7041999999999999,0.10953401298226954,5
LR,LR_C=1,fine_honey,0.6477999999999999,0.09766626848610528,5,0.31579999999999997,0.0952349725678545,5,0.31379999999999997,0.09255646924985848,5,0.8291999999999999,0.04117887808088025,5,0.34500000000000003,0.15900786144087342,5,0.399,0.11392321975787024,5,0.3134,0.20964446093326675,5,0.982,0.01576388277043446,5
LR,LR_C=1,fine_hyacinth,0.648,0.06531079543230198,5,0.2206,0.06805365530226867,5,0.21959999999999996,0.06094915914104147,5,0.8608,0.051756159053778346,5,0.1298,0.03993995493237317,5,0.1788,0.04728318940173135,5,0.3126,0.13329778692836575,5,0.9842000000000001,0.004324349662087922,5
LR,LR_C=1,fine_jasmin,0.6808,0.062190835337692645,5,0.33799999999999997,0.08339964028699402,5,0.3298,0.08263594859381719,5,0.8622,0.060656409389280505,5,0.29379999999999995,0.11992997957141492,5,0.37520000000000003,0.20815426971359488,5,0.3846,0.1383755758795605,5,0.977,0.022583179581272456,5
LR,LR_C=1,fine_juicy,0.6112,0.08349071804697812,5,0.1038,0.07102605155856546,5,0.0938,0.06136529964075788,5,0.8353999999999999,0.036861904454327896,5,0.0864,0.05840633527281094,5,0.0626,0.04709883225728637,5,0.276,0.2042486230063743,5,0.9465999999999999,0.04864976875587384,5
LR,LR_C=1,fine_ketonic,0.7878000000000001,0.09164442154326688,5,0.4306,0.14881296986486092,5,0.41899999999999993,0.14594862109660373,5,0.9412,0.030011664399029903,5,0.3946,0.0727378855892856,5,0.3276,0.12229595250865827,5,0.5871999999999999,0.18169534941764473,5,0.9882,0.0020493901531919603,5
LR,LR_C=1,fine_lactonic,0.6856,0.04640905084140377,5,0.3184,0.07340504069885119,5,0.3234,0.07269662990813262,5,0.9094,0.05076711534054297,5,0.2638,0.1292157111190431,5,0.28419999999999995,0.06737358532837628,5,0.3854,0.09441557074974445,5,0.9858,0.008671793355471528,5
LR,LR_C=1,fine_lavender,0.662,0.0993176721434811,5,0.194,0.07179484661171719,5,0.1708,0.05459578738327711,5,0.8262,0.07267874517353748,5,0.1456,0.09746435245770631,5,0.1466,0.06513294097459442,5,0.3424,0.20294161722032275,5,0.982,0.01122497216032184,5
LR,LR_C=1,fine_leafy,0.5469999999999999,0.058953371404865375,5,0.0806,0.09559445590618736,5,0.07780000000000001,0.07261335965233946,5,0.7014,0.03334366506549632,5,0.09659999999999999,0.038836838182323745,5,0.1692,0.2819338574914336,5,0.1348,0.1598083226868989,5,0.9592,0.04406472512112153,5
LR,LR_C=1,fine_leathery,0.6792,0.09541331144028074,5,0.2298,0.0729773937599857,5,0.2166,0.05449587140325403,5,0.7969999999999999,0.0876840920577957,5,0.1298,0.05002699271393394,5,0.16299999999999998,0.03321144381083123,5,0.3802,0.20030027458792962,5,0.9783999999999999,0.011349008767288886,5
LR,LR_C=1,fine_lemon,0.7032,0.05327945194913326,5,0.2862,0.060495454374688354,5,0.2812,0.07637866194167059,5,0.8710000000000001,0.03796709101313931,5,0.23879999999999998,0.04773049339782694,5,0.2232,0.07808136781588806,5,0.4364,0.12387211146985425,5,0.9702,0.021603240497666067,5
LR,LR_C=1,fine_lily,0.6774,0.0906051874894589,5,0.2048,0.09881396662415692,5,0.1898,0.09472433689395773,5,0.8602000000000001,0.034339481650135645,5,0.1574,0.05167978328127934,5,0.143,0.07762731478030141,5,0.4046,0.1972075049281847,5,0.9503999999999999,0.043724135211573915,5
LR,LR_C=1,fine_malty,0.8116,0.0674596175500573,5,0.4218,0.17365684553164037,5,0.37960000000000005,0.2175150569500879,5,0.9347999999999999,0.029575327555244436,5,0.534,0.12591465363491258,5,0.3644,0.29926376325910226,5,0.655,0.17208137609863536,5,0.9684000000000001,0.039645932956609786,5
LR,LR_C=1,fine_meaty,0.7962,0.04325158956616508,5,0.5234,0.025304149857286216,5,0.5482,0.017484278652549538,5,0.9298,0.01003493896344166,5,0.5252,0.05726429952422363,5,0.4908,0.043043001754059874,5,0.6358,0.10000849963878074,5,0.9564,0.013649175799292788,5
LR,LR_C=1,fine_medicinal,0.6868000000000001,0.036704223190254244,5,0.31520000000000004,0.0266401951944801,5,0.3186,0.028271894170713078,5,0.8603999999999999,0.04031500961180586,5,0.2312,0.043705834850738166,5,0.2808,0.04630010799123476,5,0.3886,0.07829942528524718,5,0.9853999999999999,0.005412947441089767,5
LR,LR_C=1,fine_melon,0.6788000000000001,0.06992281458865908,5,0.2786,0.04616600480873344,5,0.279,0.05866003750424986,5,0.8648,0.037989472225868064,5,0.23159999999999997,0.05391938426948142,5,0.2578,0.06822536185319944,5,0.3936,0.15775709175818375,5,0.9645999999999999,0.017742604092973513,5
LR,LR_C=1,fine_metallic,0.6428,0.05132445810722216,5,0.1656,0.0202558633486702,5,0.1692,0.013773162309360907,5,0.7462,0.041008535696852214,5,0.12840000000000001,0.028483328457187023,5,0.1254,0.04718898176481454,5,0.3698,0.1483650902335182,5,0.9154,0.05332260308724622,5
LR,LR_C=1,fine_milky,0.6392,0.04873089369178452,5,0.1926,0.04130738432774459,5,0.196,0.04263214749458442,5,0.7798,0.04267551991481764,5,0.1442,0.05017668781416326,5,0.1522,0.04723557981013888,5,0.3122,0.1154651462563487,5,0.9662,0.020228692493584412,5
LR,LR_C=1,fine_mint,0.709,0.04243229901855422,5,0.393,0.034278273002005234,5,0.4162,0.03427389677290868,5,0.8654,0.014741099009232681,5,0.387,0.059577680384519806,5,0.4032,0.05936076145064179,5,0.4518000000000001,0.09729696809253613,5,0.9662,0.016084153692376833,5
LR,LR_C=1,fine_muguet,0.6852,0.13006613702267011,5,0.24820000000000003,0.15003232984926948,5,0.22480000000000003,0.13215407674377663,5,0.9056,0.039790702431598254,5,0.2392,0.13783758558535475,5,0.2098,0.20837394270877535,5,0.3942,0.27073363293096775,5,0.9763999999999999,0.015372052563011914,5
LR,LR_C=1,fine_mushroom,0.6584,0.09306341923656151,5,0.223,0.09121677477306463,5,0.22119999999999998,0.07609993429694932,5,0.885,0.04781736086402092,5,0.189,0.062437969217456146,5,0.18660000000000002,0.08146655755584618,5,0.3524,0.19663748371050727,5,0.9640000000000001,0.017691806012954156,5
LR,LR_C=1,fine_musk,0.7656,0.04817987131572683,5,0.5554,0.05763939624944037,5,0.5556,0.05653582934741474,5,0.8766,0.0412225666352788,5,0.5471999999999999,0.07379498627955694,5,0.6052,0.1330402194826813,5,0.5394,0.10204802790843143,5,0.9917999999999999,0.006760177512462217,5
LR,LR_C=1,fine_musty,0.612,0.07260509623986462,5,0.1276,0.0631292325313717,5,0.14579999999999999,0.06215866793939523,5,0.7394000000000001,0.023201293067413337,5,0.1238,0.017796066981218068,5,0.10939999999999998,0.024419254697881337,5,0.3382,0.2277985952546679,5,0.8862,0.084756710648774,5
LR,LR_C=1,fine_natural,0.5854,0.05104213945359265,5,0.0766,0.03344846782739084,5,0.07880000000000001,0.03451376536977674,5,0.7006,0.07397499577559975,5,0.0628,0.030078231330980885,5,0.0528,0.032782617345172425,5,0.2924,0.23187992582369002,5,0.8784000000000001,0.13781255385486477,5
LR,LR_C=1,fine_nutty,0.6836,0.029517791245281186,5,0.4208,0.029727092020579465,5,0.4464,0.02456216602826388,5,0.837,0.009433981132056648,5,0.44000000000000006,0.038268786236304905,5,0.54,0.09794641392108239,5,0.39740000000000003,0.0781300198387278,5,0.9692000000000001,0.020933227175951596,5
LR,LR_C=1,fine_odorless,0.8888,0.018102486017119345,5,0.6572,0.06483594681964626,5,0.6612,0.07139817924849344,5,0.9702,0.013881642554107204,5,0.7956,0.07082937243827593,5,0.5676,0.09725893275170155,5,0.805,0.03708099243547831,5,0.9725999999999999,0.012621410380777619,5
LR,LR_C=1,fine_oily,0.6890000000000001,0.010793516572461416,5,0.3316,0.014328293687665666,5,0.38639999999999997,0.009208691546577077,5,0.7998000000000001,0.02238749651032912,5,0.3094,0.014842506526864004,5,0.3404,0.033649665674416435,5,0.45499999999999996,0.04263801121065569,5,0.9228,0.023381616710569847,5
LR,LR_C=1,fine_onion,0.8416,0.06906735842639415,5,0.5182,0.019253571097331546,5,0.5108,0.017935997323817836,5,0.9687999999999999,0.010473776778220915,5,0.5462,0.06538883696778831,5,0.41579999999999995,0.08843472168780764,5,0.7247999999999999,0.15790408481100165,5,0.9582,0.020535335400231464,5
LR,LR_C=1,fine_orange,0.6854,0.030713189349203047,5,0.2768,0.04333243588814273,5,0.2806,0.04601412826513178,5,0.9042,0.027307508125056057,5,0.2258,0.06402109027500236,5,0.2234,0.05635423675288309,5,0.40140000000000003,0.06532074708697078,5,0.9698,0.012316655390161716,5
LR,LR_C=1,fine_orangeflower,0.759,0.05116639522186411,5,0.3686,0.07939962216534786,5,0.3494,0.08688383048646049,5,0.9166000000000001,0.023039097204534686,5,0.2564,0.09143194190216021,5,0.2758,0.11049524876663251,5,0.528,0.10264745491243318,5,0.9902,0.0032710854467592415,5
LR,LR_C=1,fine_orris,0.6497999999999999,0.09803927784311754,5,0.19619999999999999,0.0807725200795419,5,0.18580000000000002,0.06785793984494373,5,0.8416,0.03507563256735369,5,0.16040000000000001,0.0829867459296965,5,0.155,0.08925525194631403,5,0.3278,0.21285957812605003,5,0.9719999999999999,0.021817424229271458,5
LR,LR_C=1,fine_ozone,0.6082,0.10236063696558362,5,0.10900000000000001,0.10772186407596185,5,0.09559999999999999,0.09196086123998622,5,0.8308,0.06518588804334881,5,0.1688,0.10586642527260473,5,0.0622,0.06270725635841516,5,0.2354,0.2184943935207492,5,0.9810000000000001,0.02089258241577621,5
LR,LR_C=1,fine_peach,0.659,0.0816394512475433,5,0.24539999999999998,0.08001437370872812,5,0.2354,0.10027611879206336,5,0.8482,0.030441747650225365,5,0.1968,0.08081274651934557,5,0.2496,0.12366810421446592,5,0.3606,0.2110492833439621,5,0.9571999999999999,0.06316802988854411,5
LR,LR_C=1,fine_pear,0.7372,0.09256727283440948,5,0.37320000000000003,0.1144888640872989,5,0.3792,0.10421947994496998,5,0.907,0.027721832551258204,5,0.2952,0.07710836530493954,5,0.31020000000000003,0.07245481350469408,5,0.5032,0.1914907308461692,5,0.9708,0.007791020472312984,5
LR,LR_C=1,fine_phenolic,0.7434000000000001,0.08288124033820919,5,0.46979999999999994,0.07408576111507525,5,0.48040000000000005,0.07065974808899335,5,0.9044000000000001,0.034767801195934124,5,0.509,0.08938400304305016,5,0.4852,0.05313849828514162,5,0.5078,0.17575181364640313,5,0.9788,0.010034938963441676,5
LR,LR_C=1,fine_pine,0.7286,0.06135389148212199,5,0.3578,0.05801465332138079,5,0.3526,0.0585986347963841,5,0.9352,0.02198181066245452,5,0.326,0.04158124577258359,5,0.3004,0.08181870201854831,5,0.47539999999999993,0.12720180816324897,5,0.9815999999999999,0.008848728722251582,5
LR,LR_C=1,fine_pineapple,0.7602,0.032614413991362785,5,0.4086,0.05479781017522506,5,0.4234,0.05544186144061183,5,0.9074,0.028130055101261337,5,0.3634,0.07217548060110164,5,0.3442,0.07308693453689244,5,0.5698000000000001,0.0710858635735686,5,0.9503999999999999,0.01774260409297348,5
LR,LR_C=1,fine_plum,0.6132,0.08750828532201964,5,0.12079999999999999,0.09423216011532369,5,0.11399999999999999,0.08441859984624242,5,0.7938000000000001,0.02372129844675453,5,0.11179999999999998,0.054361751259502294,5,0.0794,0.06770745896871333,5,0.27040000000000003,0.19404458250618595,5,0.9558,0.03769217425408091,5
LR,LR_C=1,fine_popcorn,0.8013999999999999,0.09238127515898449,5,0.4588,0.10380847749581922,5,0.4446,0.09471958614774455,5,0.9852000000000001,0.009257429448826503,5,0.558,0.1737368700074915,5,0.35760000000000003,0.08031687244906888,5,0.6108,0.1854513413270446,5,0.992,0.0025495097567964048,5
LR,LR_C=1,fine_potato,0.7454,0.11028281824472931,5,0.275,0.0580689245638319,5,0.24539999999999998,0.07337097518774027,5,0.9076000000000001,0.057330620090837996,5,0.21259999999999998,0.13920416660430823,5,0.18180000000000002,0.06846678026605311,5,0.5244,0.24419008988900429,5,0.9666,0.028944775003444067,5
LR,LR_C=1,fine_powdery,0.6477999999999999,0.07948710587258791,5,0.192,0.08225569889071517,5,0.2062,0.0719736062734111,5,0.812,0.029060282173440765,5,0.1852,0.056826050364247566,5,0.1526,0.044173521480633623,5,0.36639999999999995,0.19251311643625738,5,0.9292,0.038758224933554415,5
LR,LR_C=1,fine_pungent,0.7134,0.05559946042903653,5,0.27999999999999997,0.029538110975483856,5,0.29,0.016263455967290587,5,0.8606,0.012856904759700104,5,0.278,0.03421987726453736,5,0.20939999999999998,0.02196132965009177,5,0.5096,0.14295034102792478,5,0.9172,0.03358124476549373,5
LR,LR_C=1,fine_radish,0.675,0.06829714488908009,5,0.42699999999999994,0.04825971404805461,5,0.40119999999999995,0.08931517228332485,5,0.8732,0.040114835161072344,5,0.3788,0.12165607259812392,5,0.5942000000000001,0.23487911784575488,5,0.3542,0.13972544506996568,5,0.9962,0.0032710854467592246,5
LR,LR_C=1,fine_raspberry,0.6102000000000001,0.11412580777370208,5,0.1566,0.13770366734404715,5,0.1162,0.09908178440056477,5,0.771,0.08175267579718723,5,0.148,0.15938161750967392,5,0.253,0.42217531903227123,5,0.24420000000000003,0.23592943860400292,5,0.9762000000000001,0.020315019074566506,5
LR,LR_C=1,fine_ripe,0.62,0.09382696840461172,5,0.14100000000000001,0.0914904366587022,5,0.1318,0.0848716678285516,5,0.8274000000000001,0.0630341177458684,5,0.1196,0.0249559612117025,5,0.11400000000000002,0.0848174510345601,5,0.2798,0.2244742746953423,5,0.9602,0.04327470392735229,5
LR,LR_C=1,fine_roasted,0.8242,0.03871950412905623,5,0.512,0.03898076448711596,5,0.53,0.03363777638310833,5,0.9266,0.0138130373198656,5,0.5,0.032534596969994924,5,0.4264,0.04363828594250694,5,0.7114,0.08422173116244995,5,0.9368000000000001,0.012497999839974345,5
LR,LR_C=1,fine_rose,0.7106,0.07474155470686979,5,0.3854,0.07541418964624627,5,0.40919999999999995,0.0758597389924326,5,0.8782,0.02275302177733764,5,0.4338,0.05685244058085809,5,0.41859999999999997,0.1421031315629603,5,0.4806,0.1864746631582961,5,0.9402000000000001,0.04202618231531388,5
LR,LR_C=1,fine_rummy,0.6559999999999999,0.07450167783345553,5,0.23820000000000002,0.06142637869840612,5,0.2394,0.05348177259590413,5,0.8396000000000001,0.047347650416889764,5,0.1832,0.07833709210840036,5,0.20620000000000002,0.03977059215048225,5,0.3362,0.16174578819864213,5,0.9762000000000001,0.012657013865837459,5
LR,LR_C=1,fine_sandalwood,0.728,0.0961795196494555,5,0.43100000000000005,0.08674099376880574,5,0.4202,0.08135539318324261,5,0.9306000000000001,0.05666833330882422,5,0.40120000000000006,0.0838313783734945,5,0.44160000000000005,0.13262465834074746,5,0.4612,0.19354766854705333,5,0.9952,0.0028635642126552787,5
LR,LR_C=1,fine_savory,0.7032,0.1118132371412258,5,0.2556,0.13303871616939184,5,0.2508,0.11863894807355635,5,0.8976000000000001,0.013885243966167823,5,0.2164,0.05844056810127704,5,0.178,0.07140378141247143,5,0.4554,0.24190452662155787,5,0.9512,0.020992855927672138,5
LR,LR_C=1,fine_sharp,0.5972,0.08097345243967305,5,0.13699999999999998,0.06431562796086189,5,0.1456,0.04780481147332348,5,0.8028000000000001,0.08346376459278605,5,0.11579999999999999,0.01764086165695996,5,0.122,0.016324827717314517,5,0.2286,0.18750013333328594,5,0.9658,0.02663080922540654,5
LR,LR_C=1,fine_smoky,0.7234,0.04304997096398556,5,0.346,0.0650807191109625,5,0.33520000000000005,0.07890627351484798,5,0.9216,0.032020306057250605,5,0.3032,0.08603022724600931,5,0.3012,0.15239652227003084,5,0.46699999999999997,0.09702834637362427,5,0.9795999999999999,0.013352902306240415,5
LR,LR_C=1,fine_soapy,0.5532,0.05700614002017682,5,0.10540000000000001,0.12271430234491822,5,0.11339999999999999,0.12099710740344168,5,0.807,0.07263607918933952,5,0.1206,0.10415037205886496,5,0.1166,0.13200113635874502,5,0.1186,0.11124882021846344,5,0.9879999999999999,0.008860022573334668,5
LR,LR_C=1,fine_solvent,0.7238,0.12438528851918142,5,0.3026,0.10273655629813568,5,0.2874,0.07780295624203491,5,0.9206,0.03038585197094199,5,0.2206,0.09306879176179304,5,0.2218,0.07043223693735705,5,0.46699999999999997,0.2552753415432051,5,0.9810000000000001,0.007648529270389197,5
LR,LR_C=1,fine_sour,0.6422,0.03877757083676077,5,0.31,0.04665297418171749,5,0.3134,0.04402612860563599,5,0.8682000000000001,0.0430488095073488,5,0.2664,0.0940866621790783,5,0.3562,0.07030078235695533,5,0.2926,0.08083501716459272,5,0.992,0.003535533905932719,5
LR,LR_C=1,fine_spicy,0.6528,0.03920076529865205,5,0.306,0.036503424496887954,5,0.363,0.044558949718322596,5,0.7948000000000001,0.009418067742376888,5,0.358,0.03932556420447137,5,0.38,0.05644909210961679,5,0.3722,0.10543576243381557,5,0.9336,0.030574499178236746,5
LR,LR_C=1,fine_strawberry,0.5844,0.07289581606649316,5,0.08739999999999999,0.06763357154549803,5,0.0832,0.055065415643577954,5,0.8231999999999999,0.11377917208347053,5,0.11779999999999999,0.08409042751704858,5,0.058199999999999995,0.0390858030491891,5,0.20059999999999997,0.16161930577749675,5,0.9682000000000001,0.018458060569843213,5
LR,LR_C=1,fine_sulfurous,0.9176,0.03939923857132265,5,0.7418,0.021182539979898524,5,0.7556,0.01804993074778963,5,0.9768000000000001,0.0051672042731055415,5,0.7333999999999999,0.01616477652180817,5,0.6738,0.05657472934093455,5,0.8736,0.09075681792570736,5,0.9616,0.012837445228704994,5
LR,LR_C=1,fine_sweaty,0.624,0.07394592618934455,5,0.238,0.07671701245486556,5,0.21760000000000002,0.09338790071524254,5,0.8576,0.09811370954153145,5,0.16699999999999998,0.09948869282486326,5,0.3014,0.1621166246872911,5,0.2582,0.1618508572729845,5,0.9896,0.016607227342335083,5
LR,LR_C=1,fine_sweet,0.6678,0.01843095222716392,5,0.316,0.03277956680616754,5,0.5316,0.023383755044902463,5,0.7338,0.0169469761314519,5,0.5064,0.016257306049896485,5,0.4744,0.021290843102141344,5,0.6073999999999999,0.053224054712131846,5,0.7283999999999999,0.03444270604932201,5
LR,LR_C=1,fine_tea,0.5616,0.04324696521144575,5,0.06939999999999999,0.03396027090586882,5,0.073,0.02283637449333847,5,0.6596,0.06772591822928649,5,0.041,0.013946325680981354,5,0.0516,0.011696153213770759,5,0.1522,0.09730724536230588,5,0.9708,0.011388590782006368,5
LR,LR_C=1,fine_terpenic,0.7422000000000001,0.1240511991074653,5,0.30300000000000005,0.09863822788351381,5,0.2778,0.07382546985966293,5,0.9179999999999999,0.07976528066771907,5,0.2874,0.09603541013605345,5,0.2048,0.0509970587387155,5,0.5028,0.25521696652064496,5,0.9815999999999999,0.008905054744357283,5
LR,LR_C=1,fine_tobacco,0.6428,0.013682105101189643,5,0.23600000000000004,0.0622173609212091,5,0.2464,0.06947877373701986,5,0.7792,0.030326556019436162,5,0.1726,0.07498199783948145,5,0.2178,0.09640902447385308,5,0.31320000000000003,0.03136399209284428,5,0.9722,0.016769019053003667,5
LR,LR_C=1,fine_tomato,0.701,0.07653103945458993,5,0.2008,0.034135025999697144,5,0.1674,0.03100483833210552,5,0.915,0.05769748694700662,5,0.1862,0.09126171157719977,5,0.11560000000000001,0.037587231874667226,5,0.4356,0.17626202086666315,5,0.966,0.030854497241083006,5
LR,LR_C=1,fine_tropical,0.7,0.031104662029991563,5,0.346,0.027083205127901668,5,0.3954,0.02597691282658506,5,0.806,0.011768602295939786,5,0.3156,0.03830535210646158,5,0.3498,0.05935233778041097,5,0.47940000000000005,0.0908889432219343,5,0.9208000000000001,0.03266037354348535,5
LR,LR_C=1,fine_vanilla,0.7506,0.0659150969050338,5,0.4944,0.051795752721627675,5,0.4936,0.06653044415904645,5,0.8756,0.027263528751795885,5,0.5136000000000001,0.06145974292168819,5,0.5226,0.11666319042440079,5,0.5136000000000001,0.13777808243693912,5,0.9878,0.006760177512462257,5
LR,LR_C=1,fine_vegetable,0.6912,0.07140518188479042,5,0.29300000000000004,0.03949683531626302,5,0.3224,0.026773120849090414,5,0.8452,0.03660874212534485,5,0.3066,0.0756723199062907,5,0.27,0.049492423662617295,5,0.47000000000000003,0.20211382931407737,5,0.9126,0.06084241941277487,5
LR,LR_C=1,fine_vetiver,0.6799999999999999,0.06119640512317698,5,0.254,0.085375640553966,5,0.2398,0.09090489535773087,5,0.9166000000000001,0.04465758614166242,5,0.20620000000000002,0.07728648005958093,5,0.2004,0.1218002463051697,5,0.3742,0.12520463250215624,5,0.9862,0.007529940238806687,5
LR,LR_C=1,fine_violet,0.7112,0.0793454472543951,5,0.41079999999999994,0.07409925775606664,5,0.4076000000000001,0.07629416753592637,5,0.9019999999999999,0.04643274706497563,5,0.35,0.14133117136711212,5,0.4272,0.08204998476538557,5,0.4306,0.16214283826305745,5,0.9922000000000001,0.0037682887362833544,5
LR,LR_C=1,fine_warm,0.522,0.015795568998931305,5,0.0344,0.02836018335624789,5,0.0538,0.03366303610787358,5,0.6354,0.06619138916807832,5,0.041400000000000006,0.013315404612703289,5,0.044,0.028870400066504102,5,0.06999999999999999,0.0427551166528639,5,0.9738,0.015530614926653771,5
LR,LR_C=1,fine_waxy,0.7926,0.021972710347155658,5,0.491,0.015890248582070717,5,0.5382,0.01432480366357598,5,0.8906000000000001,0.005941380311005215,5,0.5054000000000001,0.021054690688775288,5,0.4502,0.025013996082193665,5,0.6754,0.057604687309280644,5,0.9096,0.015915401345866245,5
LR,LR_C=1,fine_weedy,0.5616,0.1275335250042121,5,0.032,0.06180210352407109,5,0.0288,0.031059620087824643,5,0.6288,0.13382712729487994,5,0.025,0.017902513789968155,5,0.0182,0.021170734517252824,5,0.2182,0.3143345351691411,5,0.9052,0.08339484396531965,5
LR,LR_C=1,fine_winey,0.6926,0.0924218588863046,5,0.3038,0.11073933357213236,5,0.3268,0.10257290090467364,5,0.8886,0.01236122971228996,5,0.28559999999999997,0.06270007974476587,5,0.2722,0.054883513007095305,5,0.43600000000000005,0.20195048898182938,5,0.9488,0.018033302526159728,5
LR,LR_C=1,fine_woody,0.7646,0.007569676347110216,5,0.489,0.040068691019298386,5,0.5608,0.033529091845738955,5,0.852,0.023643180835073822,5,0.5874,0.0582348692794961,5,0.5154,0.07351054346146549,5,0.6252,0.03518096076004749,5,0.9036,0.03253152317368492,5
LR,LR_C=10,fine_alcoholic,0.8438000000000001,0.050514354395557674,5,0.5696,0.04340276488888697,5,0.563,0.060402814503961656,5,0.9612,0.02075331298853267,5,0.4896,0.054298250432219294,5,0.49119999999999997,0.11446265766615764,5,0.7058,0.11192274121017588,5,0.9822,0.011166915420114921,5
LR,LR_C=10,fine_aldehydic,0.6397999999999999,0.041463236728456226,5,0.304,0.07358328614570023,5,0.3174,0.07028726769479661,5,0.8972,0.023815961034566735,5,0.3258,0.07224749130592702,5,0.358,0.09498684119392538,5,0.2964,0.08391841275906022,5,0.9833999999999999,0.0070922492905988906,5
LR,LR_C=10,fine_alliaceous,0.759,0.0623377895020348,5,0.429,0.07558438992278764,5,0.4338,0.0739641805200328,5,0.9612,0.009833615815151605,5,0.44980000000000003,0.09442827966239777,5,0.3748,0.09201467274299246,5,0.545,0.136444127759314,5,0.9736,0.016935170504013206,5
LR,LR_C=10,fine_almond,0.6140000000000001,0.0580430874437258,5,0.2152,0.08132465800727355,5,0.2234,0.08420985690523408,5,0.8960000000000001,0.025475478405714055,5,0.2378,0.09553899727336476,5,0.22680000000000003,0.061283766202804485,5,0.2432,0.12091608660554642,5,0.9852000000000001,0.008167006795638188,5
LR,LR_C=10,fine_amber,0.6662,0.024973986465920844,5,0.31520000000000004,0.05605086975239546,5,0.3274,0.05409066462893574,5,0.865,0.04062634613154372,5,0.27199999999999996,0.09431860898041276,5,0.3168,0.08644767203343305,5,0.3492,0.05414979224336876,5,0.9833999999999999,0.007092249290598874,5
LR,LR_C=10,fine_animal,0.6502,0.033040883765420116,5,0.3416,0.08685505166655536,5,0.3432,0.08325683155153095,5,0.757,0.041194659848091945,5,0.2844,0.05594014658543541,5,0.4258,0.16109220961921156,5,0.3156,0.0714373851705114,5,0.9847999999999999,0.0162542302186231,5
LR,LR_C=10,fine_anisic,0.6752,0.0792224715595266,5,0.33120000000000005,0.1033281181479659,5,0.3308,0.09030891428867915,5,0.819,0.07087665341986739,5,0.3256,0.18481693645334565,5,0.3486,0.17110902956886875,5,0.36560000000000004,0.16830418889617693,5,0.9846,0.012340988615179908,5
LR,LR_C=10,fine_apple,0.7962,0.03999624982420224,5,0.46319999999999995,0.029827839345148672,5,0.48600000000000004,0.024,5,0.9208000000000001,0.0173262806164508,5,0.4702,0.03158638947394906,5,0.38780000000000003,0.03259907974161232,5,0.663,0.09495261976375373,5,0.9298,0.017541379649275005,5
LR,LR_C=10,fine_apricot,0.5784,0.03684155262743411,5,0.1248,0.03769217425408092,5,0.1328,0.040861962752662774,5,0.8482,0.033558903438580916,5,0.1308,0.04979658622837512,5,0.121,0.030471297970385187,5,0.17980000000000002,0.08408150807401114,5,0.9778,0.011903780911962394,5
LR,LR_C=10,fine_aromatic,0.6062000000000001,0.0669977611566237,5,0.1082,0.04175164667411335,5,0.1034,0.04217582245789642,5,0.6806,0.0759427415886469,5,0.0586,0.021149468078417482,5,0.0774,0.03322348566902636,5,0.2826,0.2153179045040147,5,0.93,0.09034655499796322,5
LR,LR_C=10,fine_balsamic,0.749,0.09768572055321086,5,0.3834,0.08833628925871859,5,0.394,0.09281163720137688,5,0.8725999999999999,0.03922754134533546,5,0.41859999999999997,0.09881700258558744,5,0.35,0.11461020896935839,5,0.5818,0.24150093167522146,5,0.9158,0.05523766830705287,5
LR,LR_C=10,fine_banana,0.6914,0.06938515691414122,5,0.3564,0.09442086633790223,5,0.363,0.10077946219344495,5,0.897,0.03111269837220811,5,0.2958,0.10070352526103543,5,0.364,0.11026785569693465,5,0.40380000000000005,0.14864622430455474,5,0.9785999999999999,0.015388307249337083,5
LR,LR_C=10,fine_beefy,0.6636,0.14017774431057164,5,0.16699999999999998,0.12084080436673698,5,0.14279999999999998,0.09430111346108273,5,0.9033999999999999,0.040985363241040074,5,0.24780000000000002,0.16150294114968927,5,0.10200000000000001,0.06429618962271404,5,0.3556,0.29841380665109984,5,0.9720000000000001,0.024606909598728518,5
LR,LR_C=10,fine_bergamot,0.6918,0.12819399361904596,5,0.3232,0.22073445585136908,5,0.3228,0.2182170937392394,5,0.9532,0.03810774199555779,5,0.3976,0.2683566656522621,5,0.2762,0.19001894642377112,5,0.3892,0.25742027892145564,5,0.9944,0.002966479394838262,5
LR,LR_C=10,fine_berry,0.6246,0.02311493023999857,5,0.1724,0.049470193045914025,5,0.19039999999999999,0.055608452594906835,5,0.7577999999999999,0.046116157689035674,5,0.1634,0.03726660703632677,5,0.15560000000000002,0.08142665411276581,5,0.34740000000000004,0.14195703575378005,5,0.9019999999999999,0.10663254662625292,5
LR,LR_C=10,fine_bitter,0.5568,0.016146206984923687,5,0.126,0.029580398915498077,5,0.1306,0.030680612770934035,5,0.729,0.04960846701924985,5,0.0982,0.037798148102784083,5,0.1612,0.05738205294340731,5,0.12400000000000003,0.039344631145812,5,0.9894000000000001,0.008876936408468847,5
LR,LR_C=10,fine_black currant,0.686,0.11656543226874765,5,0.2894,0.12745509012981787,5,0.2758,0.12731732011003058,5,0.8718,0.013179529581893274,5,0.2384,0.13000499990384984,5,0.2578,0.11226620150339103,5,0.382,0.2391599882923563,5,0.9904,0.007503332592921621,5
LR,LR_C=10,fine_brandy,0.635,0.10833974340010226,5,0.1612,0.08513048807565948,5,0.1498,0.05743431030316286,5,0.8554,0.10400624981221081,5,0.1584,0.16590901120795096,5,0.10800000000000001,0.03357082066318904,5,0.28700000000000003,0.22176000541125537,5,0.9832000000000001,0.005069516742254643,5
LR,LR_C=10,fine_burnt,0.7014,0.049500505047928495,5,0.274,0.057900777196856344,5,0.2866,0.056411878181815575,5,0.861,0.021142374511866017,5,0.251,0.05593746508378796,5,0.2132,0.05894658599104786,5,0.47640000000000005,0.12228981969076577,5,0.9259999999999999,0.034633798521097804,5
LR,LR_C=10,fine_buttery,0.6388,0.07059532562429328,5,0.31379999999999997,0.10162529212750142,5,0.321,0.10641663403810515,5,0.8876,0.035196590743991146,5,0.28759999999999997,0.0543626710160566,5,0.3858,0.06974381693024835,5,0.2904,0.1467729539118158,5,0.9872,0.006833739825307968,5
LR,LR_C=10,fine_cabbage,0.7485999999999999,0.12571117690961298,5,0.306,0.09219273290232806,5,0.27799999999999997,0.06963117118072912,5,0.8917999999999999,0.05268491245128911,5,0.2584,0.09140185993731201,5,0.20400000000000001,0.042801869118065404,5,0.5168,0.2612138970269384,5,0.9808,0.011562871615649816,5
LR,LR_C=10,fine_camphoreous,0.727,0.06079062427710377,5,0.369,0.10275212893171606,5,0.378,0.09833107342035885,5,0.9236000000000001,0.023458473948660855,5,0.41259999999999997,0.122978859971948,5,0.3194,0.11125331455736498,5,0.484,0.11934613525372326,5,0.9698,0.010871982339941537,5
LR,LR_C=10,fine_caramellic,0.7462,0.08143218037115302,5,0.43,0.07880355321938219,5,0.4466,0.08290235219823382,5,0.898,0.012409673645990875,5,0.49800000000000005,0.04526588119102514,5,0.4126,0.040414106448120324,5,0.5306,0.17676198686369196,5,0.9612,0.015514509338035793,5
LR,LR_C=10,fine_cedar,0.6838,0.06699776115662373,5,0.2774,0.03610124651587531,5,0.2718,0.03047457957052074,5,0.8969999999999999,0.05046285762816051,5,0.24180000000000001,0.06696790275945634,5,0.22560000000000002,0.04551153699887534,5,0.3816,0.13966137619256086,5,0.9865999999999999,0.006804410334481643,5
LR,LR_C=10,fine_celery,0.6292,0.07659438621726788,5,0.2334,0.0931412905214438,5,0.22560000000000002,0.08338644973855165,5,0.7243999999999999,0.13592019717466566,5,0.24020000000000002,0.12703621530886378,5,0.24580000000000002,0.15083666662983505,5,0.2664,0.15631314723976356,5,0.9922000000000001,0.004764451699828637,5
LR,LR_C=10,fine_chamomile,0.6764,0.0597143198906259,5,0.35059999999999997,0.14172614437710496,5,0.3508,0.13884775835424928,5,0.8785999999999999,0.06225190760129366,5,0.33999999999999997,0.1890714150790648,5,0.36,0.18760197227108247,5,0.358,0.11794278273807177,5,0.9954000000000001,0.0026076809620810782,5
LR,LR_C=10,fine_cheesy,0.7014,0.059395286008234675,5,0.40380000000000005,0.08209872106190207,5,0.4206,0.0861817846183287,5,0.9016,0.03058267483396441,5,0.3886,0.0885200542250173,5,0.43620000000000003,0.07192496089675686,5,0.42460000000000003,0.12367012573778678,5,0.978,0.008774964387392135,5
LR,LR_C=10,fine_cherry,0.6038,0.03953732413808503,5,0.18919999999999998,0.05735154749437891,5,0.2002,0.05392772941632162,5,0.8878,0.01719592975096143,5,0.18439999999999998,0.06802426037819154,5,0.18919999999999998,0.056543788341426156,5,0.2238,0.08008870082602164,5,0.9837999999999999,0.0047644516998286346,5
LR,LR_C=10,fine_chocolate,0.6567999999999999,0.05103626161857863,5,0.2366,0.055648899360185015,5,0.233,0.05853204250664759,5,0.8661999999999999,0.020909328061896253,5,0.1494,0.01887591057406237,5,0.20400000000000001,0.09054832963671942,5,0.3362,0.11096485930239357,5,0.9773999999999999,0.012381437719424977,5
LR,LR_C=10,fine_cinnamon,0.765,0.13302255447855452,5,0.3404,0.10371981488606699,5,0.31,0.08657078028988764,5,0.9347999999999999,0.03612755181298611,5,0.3822,0.1765012747829318,5,0.2502,0.11642465374653256,5,0.5564,0.28172468830402486,5,0.9734,0.017742604092973527,5
LR,LR_C=10,fine_citrus,0.743,0.011726039399558593,5,0.4284,0.031237797617629837,5,0.47219999999999995,0.03178364359226299,5,0.8708,0.015106290080625405,5,0.3992,0.05012683911838049,5,0.417,0.050139804546886685,5,0.5506,0.027835229476330933,5,0.9356,0.014099645385611604,5
LR,LR_C=10,fine_clean,0.6258,0.06649210479447919,5,0.19080000000000003,0.11893149288561043,5,0.2,0.11615506876585284,5,0.7592,0.047856034102294755,5,0.12179999999999999,0.06371577512672981,5,0.16699999999999998,0.12394151846738041,5,0.286,0.1325084902940185,5,0.9656,0.018501351301999487,5
LR,LR_C=10,fine_clove,0.7285999999999999,0.09295859293255247,5,0.3296,0.09548979003013883,5,0.31520000000000004,0.08690339464025555,5,0.9187999999999998,0.0578593121286453,5,0.2832,0.11583695437985236,5,0.24939999999999998,0.06440729772316178,5,0.4668,0.18930715781501764,5,0.9904,0.004159326868617069,5
LR,LR_C=10,fine_cocoa,0.7041999999999999,0.05572880763124222,5,0.3298,0.08217481365966096,5,0.3362,0.08120775825005885,5,0.8502000000000001,0.05166913972575893,5,0.27599999999999997,0.0709894358337915,5,0.2894,0.09943993161703199,5,0.4378,0.1178800237529667,5,0.9705999999999999,0.015501612819316616,5
LR,LR_C=10,fine_coconut,0.7116,0.06526714334180711,5,0.42780000000000007,0.09433822131034696,5,0.42380000000000007,0.09659296040602547,5,0.9225999999999999,0.0195397031707239,5,0.4164,0.1066550514509275,5,0.47059999999999996,0.16550166162307856,5,0.434,0.1366565036871645,5,0.9885999999999999,0.00955510334847299,5
LR,LR_C=10,fine_coffee,0.7575999999999999,0.05013781008380802,5,0.3814,0.022777181564012688,5,0.3778,0.015959323293924483,5,0.9252,0.013590437814875544,5,0.33680000000000004,0.07999812497802683,5,0.29900000000000004,0.045721985958617324,5,0.5456000000000001,0.11054094264117705,5,0.9693999999999999,0.011326958991715314,5
LR,LR_C=10,fine_cognac,0.7682,0.07181712887605576,5,0.4266,0.09979629251630545,5,0.42940000000000006,0.09418492448369858,5,0.9436,0.019125898671696433,5,0.3856,0.11085260484084261,5,0.353,0.07591113225344487,5,0.5609999999999999,0.14442298985964802,5,0.9753999999999999,0.010406728592598152,5
LR,LR_C=10,fine_cooked,0.6045999999999999,0.10303057798537285,5,0.12279999999999999,0.11223502127232837,5,0.1244,0.09862707539007733,5,0.7698,0.06913899044678046,5,0.11699999999999999,0.053390073983840866,5,0.0868,0.06758106243615884,5,0.24459999999999998,0.22710195948075831,5,0.9644,0.02381806037443012,5
LR,LR_C=10,fine_cooling,0.7104,0.06092043991961976,5,0.2524,0.08020785497692853,5,0.23600000000000004,0.08258631847951574,5,0.8545999999999999,0.05507994190265641,5,0.2512,0.10582391034166144,5,0.1682,0.08252090644194354,5,0.4648,0.12112885700773374,5,0.9558,0.018619881847100964,5
LR,LR_C=10,fine_cortex,0.5836,0.06496383609362975,5,0.0932,0.10694952080304053,5,0.0946,0.10643213800351849,5,0.7278,0.04872063217980653,5,0.0502,0.04727261363622706,5,0.0726,0.1010163353126612,5,0.2294,0.12415031212204018,5,0.9378,0.029516097302997174,5
LR,LR_C=10,fine_coumarinic,0.7030000000000001,0.06036555309114628,5,0.33039999999999997,0.08515456535030873,5,0.3312,0.0827629144001104,5,0.9054,0.026884940022250375,5,0.29159999999999997,0.12005332148674605,5,0.2782,0.0735098632837798,5,0.4192,0.12300691037498664,5,0.9872,0.00286356421265523,5
LR,LR_C=10,fine_creamy,0.629,0.06235783832045494,5,0.2716,0.08069262667679124,5,0.2762,0.07880799451832282,5,0.7762,0.02356268236003703,5,0.24380000000000002,0.05831980795578806,5,0.3518,0.15505869856283458,5,0.2882,0.15163343958375408,5,0.9696,0.03102901867607158,5
LR,LR_C=10,fine_cucumber,0.7398,0.10141844013787632,5,0.3678,0.1077552782929913,5,0.3592,0.09357189749064619,5,0.9616,0.031037074604414593,5,0.3922,0.17029004668506026,5,0.2934,0.057816952531242936,5,0.4902,0.20673824029433938,5,0.9894000000000001,0.004037325847637269,5
LR,LR_C=10,fine_dairy,0.6816,0.02377603835797711,5,0.2772,0.049786544366927095,5,0.2878,0.053811708763056396,5,0.8288,0.07159748598938372,5,0.18860000000000002,0.04774725122978286,5,0.231,0.06484597134749391,5,0.3992,0.049936960259911706,5,0.9640000000000001,0.012165525060596457,5
LR,LR_C=10,fine_dry,0.594,0.05090677754484174,5,0.1518,0.07324069906820933,5,0.18039999999999998,0.0660060603278214,5,0.7016,0.06542018037272598,5,0.134,0.08167006795638168,5,0.1514,0.048122759688114324,5,0.2338,0.10473872254328866,5,0.9544,0.01937266114915552,5
LR,LR_C=10,fine_earthy,0.629,0.029639500670557876,5,0.21680000000000002,0.041099878345318745,5,0.26680000000000004,0.0448854096561455,5,0.7348,0.023573289969794218,5,0.22519999999999998,0.020364184245876375,5,0.24,0.07250172411743047,5,0.3496,0.10288245720238218,5,0.9082000000000001,0.05633560153224604,5
LR,LR_C=10,fine_ethereal,0.7192000000000001,0.08934595681954506,5,0.446,0.11913227942081861,5,0.46319999999999995,0.13842579239433672,5,0.9094000000000001,0.015501612819316593,5,0.5508,0.07815817295715145,5,0.5069999999999999,0.06779749257900322,5,0.46699999999999997,0.19271351794827474,5,0.9714,0.016226521500309326,5
LR,LR_C=10,fine_fatty,0.7666000000000001,0.018955210365490558,5,0.5018,0.03592631347633656,5,0.5634,0.030237394067611046,5,0.8629999999999999,0.010583005244258363,5,0.5174,0.043431555348617215,5,0.5286000000000001,0.05508901886946252,5,0.6086,0.04247116668988502,5,0.9246000000000001,0.01694992625352686,5
LR,LR_C=10,fine_fermented,0.6706,0.04670438951533359,5,0.2824,0.03933573438999201,5,0.29500000000000004,0.04074923312161838,5,0.8596,0.016440802900101924,5,0.2514,0.025500980373311142,5,0.26480000000000004,0.06759955621156102,5,0.3754,0.10626993930552514,5,0.9658,0.015449919093639276,5
LR,LR_C=10,fine_fishy,0.735,0.049814656477787746,5,0.42960000000000004,0.090309467942182,5,0.4164,0.10141153780512355,5,0.9119999999999999,0.04071854614300466,5,0.4312,0.09291770552483528,5,0.44639999999999996,0.22780978907852048,5,0.48740000000000006,0.11440410831783969,5,0.9826,0.019165072397463075,5
LR,LR_C=10,fine_floral,0.764,0.018761663039293743,5,0.48419999999999996,0.032690977348497845,5,0.606,0.025632011235952608,5,0.8493999999999999,0.014258330898110063,5,0.593,0.029257477676655586,5,0.5362,0.04218056424468499,5,0.7032,0.058644692854511585,5,0.8252,0.039092198710228614,5
LR,LR_C=10,fine_fresh,0.658,0.02786574958618557,5,0.2372,0.018226354544998838,5,0.325,0.018124568960391867,5,0.752,0.012806248474865688,5,0.2564,0.017213366899011952,5,0.24780000000000002,0.02909810990425324,5,0.5032,0.11631938789385028,5,0.8124,0.06362625244346864,5
LR,LR_C=10,fine_fruit skin,0.5728,0.03727868023414989,5,0.11539999999999999,0.0805189418708418,5,0.1234,0.08111904831788894,5,0.7166,0.072047206746688,5,0.0776,0.054159948301304724,5,0.1034,0.08067713430706373,5,0.1686,0.06287924935938723,5,0.9776,0.012401612798341996,5
LR,LR_C=10,fine_fruity,0.768,0.013285330255586416,5,0.5282,0.029676590100616358,5,0.717,0.015921683328090668,5,0.8486,0.004505552130427519,5,0.7854,0.010922453936730504,5,0.6754,0.050222504915625236,5,0.7706000000000001,0.05451880409546779,5,0.7656,0.0643218469884067,5
LR,LR_C=10,fine_garlic,0.8423999999999999,0.03729343105695697,5,0.5324,0.06213533616228366,5,0.5266,0.06420903363234806,5,0.9709999999999999,0.016837458240482734,5,0.5976,0.11016487643527771,5,0.4248,0.08117080756035387,5,0.7091999999999999,0.07521768409091036,5,0.975,0.007874007874011818,5
LR,LR_C=10,fine_gassy,0.6744,0.1690260334978017,5,0.1908,0.17904524567829216,5,0.16560000000000002,0.15194341051852167,5,0.9352,0.06914260625692384,5,0.23479999999999998,0.17827422696508882,5,0.1116,0.10556656667714452,5,0.362,0.3476729785301124,5,0.9872,0.010425929215182697,5
LR,LR_C=10,fine_geranium,0.641,0.10145688739558295,5,0.187,0.1200479071037892,5,0.1816,0.10693128634782247,5,0.8426,0.06470548662980596,5,0.1662,0.09325609899625867,5,0.1394,0.08774565516309055,5,0.3016,0.20912986396017189,5,0.9805999999999999,0.007021395872616799,5
LR,LR_C=10,fine_grape,0.6732,0.03594718347798612,5,0.3654,0.08884424573375588,5,0.3566,0.09450026454989426,5,0.8560000000000001,0.06005414223848343,5,0.3416,0.052405152418440716,5,0.4394,0.20968619410919737,5,0.3618,0.08613768048885459,5,0.9846,0.019191143790821888,5
LR,LR_C=10,fine_grapefruit,0.667,0.053197744313081496,5,0.3274,0.06374794114322438,5,0.33120000000000005,0.0683973683704278,5,0.876,0.06520352751193757,5,0.3006,0.15336492428192308,5,0.3438,0.07906136856897936,5,0.34500000000000003,0.11106979787502992,5,0.9892,0.006534523701081837,5
LR,LR_C=10,fine_grassy,0.54,0.07079901129253151,5,0.054000000000000006,0.0894874292847884,5,0.06420000000000001,0.08098271420494622,5,0.7769999999999999,0.05747608198198623,5,0.08020000000000001,0.059213174209798956,5,0.0492,0.05746042116100438,5,0.1014,0.14783199924238324,5,0.9785999999999999,0.0089888820216977,5
LR,LR_C=10,fine_green,0.722,0.012884098726725152,5,0.41,0.02247220505424422,5,0.6008,0.01814386948806678,5,0.7954000000000001,0.014380542409798046,5,0.6176,0.01832484652050328,5,0.5122,0.01962651268055537,5,0.7298,0.04988687202060277,5,0.7142000000000001,0.036148305631108046,5
LR,LR_C=10,fine_hawthorn,0.6252,0.09788615836776926,5,0.1956,0.1389471122405932,5,0.1928,0.13186053238175552,5,0.925,0.08001874780324922,5,0.225,0.19204556750938045,5,0.1628,0.10973012348484805,5,0.2584,0.19973682684973246,5,0.9924,0.0046151923036857456,5
LR,LR_C=10,fine_hay,0.6272,0.0574212504217733,5,0.1394,0.05844056810127705,5,0.1352,0.04779853554242013,5,0.7874,0.08534225213808226,5,0.0988,0.01853914776897795,5,0.09,0.036359317925395686,5,0.3048,0.11414771132177814,5,0.9492,0.019110206696946016,5
LR,LR_C=10,fine_hazelnut,0.7394000000000001,0.05538321045226611,5,0.30920000000000003,0.04972122283291109,5,0.288,0.06101229384312642,5,0.89,0.09243916918709302,5,0.3048,0.07683553865237103,5,0.21559999999999996,0.08172086636838843,5,0.4992,0.11654269603883374,5,0.9795999999999999,0.008734987120768995,5
LR,LR_C=10,fine_herbal,0.6896,0.019907285098676772,5,0.2924,0.02339444378479643,5,0.40780000000000005,0.013311649033834983,5,0.7684,0.022142718893577638,5,0.373,0.028644371174805013,5,0.30019999999999997,0.040033735773719624,5,0.6744,0.13508626873224383,5,0.7044,0.10940201095043905,5
LR,LR_C=10,fine_honey,0.6477999999999999,0.09766626848610528,5,0.31579999999999997,0.0952349725678545,5,0.31379999999999997,0.09255646924985848,5,0.8291999999999999,0.04117887808088025,5,0.3446,0.15916909247715147,5,0.399,0.11392321975787024,5,0.3134,0.20964446093326675,5,0.982,0.01576388277043446,5
LR,LR_C=10,fine_hyacinth,0.648,0.06531079543230198,5,0.2206,0.06805365530226867,5,0.21959999999999996,0.06094915914104147,5,0.8608,0.051756159053778346,5,0.1296,0.04015345564207395,5,0.1788,0.04728318940173135,5,0.3126,0.13329778692836575,5,0.9842000000000001,0.004324349662087922,5
LR,LR_C=10,fine_jasmin,0.681,0.06239390995922598,5,0.3388,0.08259963680307558,5,0.331,0.08131113084934928,5,0.8622,0.060656409389280505,5,0.29379999999999995,0.11987576902777308,5,0.3762,0.20692438232359184,5,0.3846,0.1383755758795605,5,0.9773999999999999,0.02176694742034355,5
LR,LR_C=10,fine_juicy,0.6112,0.08349071804697812,5,0.1038,0.07102605155856546,5,0.0938,0.06136529964075788,5,0.8352,0.03675187070068676,5,0.0864,0.05840633527281094,5,0.0626,0.04709883225728637,5,0.276,0.2042486230063743,5,0.9465999999999999,0.04864976875587384,5
LR,LR_C=10,fine_ketonic,0.7878000000000001,0.09164442154326688,5,0.4306,0.14881296986486092,5,0.41899999999999993,0.14594862109660373,5,0.9410000000000001,0.030248966924508312,5,0.39380000000000004,0.07178579246619766,5,0.3276,0.12229595250865827,5,0.5871999999999999,0.18169534941764473,5,0.9882,0.0020493901531919603,5
LR,LR_C=10,fine_lactonic,0.6856,0.04640905084140377,5,0.3184,0.07340504069885119,5,0.3234,0.07269662990813262,5,0.9087999999999999,0.05084486208064682,5,0.265,0.13004422324732462,5,0.28419999999999995,0.06737358532837628,5,0.3854,0.09441557074974445,5,0.9858,0.008671793355471528,5
LR,LR_C=10,fine_lavender,0.6492,0.11237748884896834,5,0.1776,0.08829665905344324,5,0.1532,0.07005854694468049,5,0.8262,0.07267874517353748,5,0.1462,0.09692883987751012,5,0.1426,0.06973019432068148,5,0.31579999999999997,0.23279325591605954,5,0.9833999999999999,0.015076471735787526,5
LR,LR_C=10,fine_leafy,0.5468,0.05918361259673152,5,0.0804,0.09585301247222229,5,0.07780000000000001,0.07261335965233946,5,0.7014,0.03334366506549632,5,0.0964,0.03906788962818442,5,0.1692,0.2819338574914336,5,0.1348,0.1598083226868989,5,0.959,0.043914690025092955,5
LR,LR_C=10,fine_leathery,0.6792,0.09541331144028074,5,0.2298,0.0729773937599857,5,0.2166,0.05449587140325403,5,0.7968,0.08801817994028274,5,0.1296,0.05006296035993077,5,0.16299999999999998,0.03321144381083123,5,0.3802,0.20030027458792962,5,0.9783999999999999,0.011349008767288886,5
LR,LR_C=10,fine_lemon,0.703,0.053324478431579656,5,0.2852,0.06047892194806386,5,0.27999999999999997,0.07621351586168951,5,0.8710000000000001,0.03796709101313931,5,0.23899999999999996,0.0477336359394505,5,0.2218,0.07808136781588806,5,0.4364,0.12387211146985425,5,0.9698,0.021487205495363943,5
LR,LR_C=10,fine_lily,0.6774,0.0906051874894589,5,0.2048,0.09881396662415692,5,0.1898,0.09472433689395773,5,0.8593999999999999,0.03412184051307906,5,0.1572,0.052059581250716955,5,0.143,0.07762731478030141,5,0.4046,0.1972075049281847,5,0.9503999999999999,0.043724135211573915,5
LR,LR_C=10,fine_malty,0.8122,0.0682033723506397,5,0.42379999999999995,0.17156252504553554,5,0.3814,0.21555231383587603,5,0.9346,0.02999666648146089,5,0.534,0.12591465363491258,5,0.3656,0.29796526643218,5,0.655,0.17208137609863536,5,0.9694,0.0382922968754814,5
LR,LR_C=10,fine_meaty,0.8058,0.045416957185615156,5,0.5266,0.021732464195300033,5,0.5486000000000001,0.01683151805393675,5,0.9294,0.009964938534682456,5,0.525,0.057545634065496225,5,0.4816000000000001,0.05525667380507085,5,0.659,0.10771490147607246,5,0.9524000000000001,0.01703819239238713,5
LR,LR_C=10,fine_medicinal,0.6868000000000001,0.036704223190254244,5,0.31520000000000004,0.0266401951944801,5,0.3186,0.028271894170713078,5,0.8603999999999999,0.04031500961180586,5,0.2312,0.043705834850738166,5,0.2808,0.04630010799123476,5,0.3886,0.07829942528524718,5,0.9853999999999999,0.005412947441089767,5
LR,LR_C=10,fine_melon,0.6788000000000001,0.06992281458865908,5,0.27799999999999997,0.04583666654546334,5,0.2782,0.05834552253600957,5,0.8646,0.03771339284657374,5,0.2314,0.05354717546239017,5,0.2572,0.06872917866525105,5,0.3936,0.15775709175818375,5,0.9644,0.017938784797192953,5
LR,LR_C=10,fine_metallic,0.634,0.043278170016764865,5,0.1518,0.027635122579789655,5,0.1568,0.03259907974161234,5,0.746,0.041237119201030556,5,0.12840000000000001,0.028483328457187023,5,0.1172,0.055760200860470364,5,0.3698,0.1483650902335182,5,0.8977999999999999,0.07458686211391384,5
LR,LR_C=10,fine_milky,0.6392,0.04873089369178452,5,0.1924,0.042547620379993045,5,0.1958,0.043332435888142735,5,0.7794000000000001,0.04221729503414449,5,0.14379999999999998,0.05023146424304193,5,0.1518,0.04760462162437593,5,0.3122,0.1154651462563487,5,0.9662,0.019677398201998136,5
LR,LR_C=10,fine_mint,0.7088,0.042127188370457376,5,0.3922,0.03252998616661249,5,0.4154,0.032562248079639686,5,0.8652,0.014498275759551557,5,0.387,0.05948108943185218,5,0.4018,0.05912444502910789,5,0.4518000000000001,0.09729696809253613,5,0.966,0.01612451549659704,5
LR,LR_C=10,fine_muguet,0.6772,0.11411047278843425,5,0.2446,0.14600102739364543,5,0.22440000000000002,0.1318267802838255,5,0.9054,0.040134772953138775,5,0.2392,0.13783758558535475,5,0.21059999999999998,0.20829618335437639,5,0.3776,0.2376221790995108,5,0.9773999999999999,0.013974977638622571,5
LR,LR_C=10,fine_mushroom,0.6584,0.09306341923656151,5,0.223,0.09121677477306463,5,0.22119999999999998,0.07609993429694932,5,0.885,0.04781736086402092,5,0.18880000000000002,0.06217475371885281,5,0.18660000000000002,0.08146655755584618,5,0.3524,0.19663748371050727,5,0.9640000000000001,0.017691806012954156,5
LR,LR_C=10,fine_musk,0.7656,0.04817987131572683,5,0.5554,0.05763939624944037,5,0.5556,0.05653582934741474,5,0.8768,0.04163772328069825,5,0.5471999999999999,0.07379498627955694,5,0.6052,0.1330402194826813,5,0.5394,0.10204802790843143,5,0.9917999999999999,0.006760177512462217,5
LR,LR_C=10,fine_musty,0.6118,0.07239958563417338,5,0.1274,0.06297062807372975,5,0.1456,0.0620266071940099,5,0.7392,0.023231444208227814,5,0.1238,0.018349386910739007,5,0.1092,0.02444790379562223,5,0.3382,0.2277985952546679,5,0.8859999999999999,0.0850235261559999,5
LR,LR_C=10,fine_natural,0.5856,0.05142275760789183,5,0.07680000000000001,0.033506715744757797,5,0.07880000000000001,0.03451376536977674,5,0.7,0.07363083593169376,5,0.0628,0.030078231330980885,5,0.053000000000000005,0.03273377460666582,5,0.2924,0.23187992582369002,5,0.8788,0.13740887889798098,5
LR,LR_C=10,fine_nutty,0.6846,0.03150079364079576,5,0.42160000000000003,0.029211299183706307,5,0.44720000000000004,0.02485357117196641,5,0.8371999999999999,0.00920326029187487,5,0.44020000000000004,0.0379499670619093,5,0.5396,0.09868282525343508,5,0.4,0.08351047838445187,5,0.9688000000000001,0.021799082549501927,5
LR,LR_C=10,fine_odorless,0.8897999999999999,0.0181851587840195,5,0.665,0.0511126207506522,5,0.6702,0.05477864547430869,5,0.9702,0.013881642554107204,5,0.7954,0.0705322621216703,5,0.5782,0.07679648429453004,5,0.805,0.03708099243547831,5,0.9743999999999999,0.00884872872225162,5
LR,LR_C=10,fine_oily,0.6890000000000001,0.010793516572461416,5,0.331,0.014832396974191314,5,0.386,0.009591663046625445,5,0.7998000000000001,0.02238749651032912,5,0.3094,0.014842506526864004,5,0.3398,0.033907226368430674,5,0.45499999999999996,0.04263801121065569,5,0.9224,0.023415806627148227,5
LR,LR_C=10,fine_onion,0.8446,0.06384199245011075,5,0.5236000000000001,0.02015688467993011,5,0.5164,0.024521419208520575,5,0.9687999999999999,0.010473776778220915,5,0.5462,0.06571681672144507,5,0.41980000000000006,0.09374806664673141,5,0.7306,0.14779140705737934,5,0.9583999999999999,0.020525593779474445,5
LR,LR_C=10,fine_orange,0.6854,0.030713189349203047,5,0.2768,0.04333243588814273,5,0.2806,0.04601412826513178,5,0.9042,0.027307508125056057,5,0.22559999999999997,0.06422071316950631,5,0.2234,0.05635423675288309,5,0.40140000000000003,0.06532074708697078,5,0.9698,0.012316655390161716,5
LR,LR_C=10,fine_orangeflower,0.759,0.05116639522186411,5,0.3686,0.07939962216534786,5,0.3494,0.08688383048646049,5,0.9166000000000001,0.023039097204534686,5,0.2564,0.09143194190216021,5,0.2758,0.11049524876663251,5,0.528,0.10264745491243318,5,0.9902,0.0032710854467592415,5
LR,LR_C=10,fine_orris,0.6492,0.09674554253297667,5,0.1938,0.07712457455312152,5,0.18280000000000002,0.06531232655479363,5,0.8416,0.03507563256735369,5,0.16,0.08248030067840441,5,0.1528,0.08975912209909363,5,0.3278,0.21285957812605003,5,0.9709999999999999,0.0234200768572608,5
LR,LR_C=10,fine_ozone,0.6082,0.10236063696558362,5,0.10900000000000001,0.10772186407596185,5,0.09559999999999999,0.09196086123998622,5,0.8308,0.06533911539039997,5,0.1684,0.1059849045855116,5,0.0622,0.06270725635841516,5,0.2354,0.2184943935207492,5,0.9808,0.02075331298853271,5
LR,LR_C=10,fine_peach,0.659,0.0816394512475433,5,0.24539999999999998,0.08001437370872812,5,0.2354,0.10027611879206336,5,0.8482,0.030441747650225365,5,0.197,0.08070006195784486,5,0.2496,0.12366810421446592,5,0.3606,0.2110492833439621,5,0.9571999999999999,0.06316802988854411,5
LR,LR_C=10,fine_pear,0.7372,0.09256727283440948,5,0.37320000000000003,0.1144888640872989,5,0.3792,0.10421947994496998,5,0.907,0.027721832551258204,5,0.2948,0.07745450277420932,5,0.31020000000000003,0.07245481350469408,5,0.5032,0.1914907308461692,5,0.9708,0.007791020472312984,5
LR,LR_C=10,fine_phenolic,0.7432000000000001,0.08313362737184027,5,0.46799999999999997,0.07681145747868605,5,0.47919999999999996,0.07254102287671439,5,0.9036,0.03454417461743728,5,0.5086,0.08918968550230459,5,0.4816,0.05417840898365325,5,0.5078,0.17575181364640313,5,0.9785999999999999,0.009864076236526204,5
LR,LR_C=10,fine_pine,0.7286,0.06135389148212199,5,0.3578,0.05801465332138079,5,0.3526,0.0585986347963841,5,0.9352,0.02198181066245452,5,0.3258,0.041251666632998,5,0.3004,0.08181870201854831,5,0.47539999999999993,0.12720180816324897,5,0.9815999999999999,0.008848728722251582,5
LR,LR_C=10,fine_pineapple,0.7602,0.032614413991362785,5,0.4086,0.05479781017522506,5,0.4234,0.05544186144061183,5,0.9074,0.028130055101261337,5,0.3634,0.07217548060110164,5,0.3442,0.07308693453689244,5,0.5698000000000001,0.0710858635735686,5,0.9503999999999999,0.01774260409297348,5
LR,LR_C=10,fine_plum,0.6132,0.08750828532201964,5,0.121,0.09413288479590967,5,0.11399999999999999,0.08441859984624242,5,0.7938000000000001,0.024324884377936902,5,0.11179999999999998,0.054361751259502294,5,0.0794,0.06770745896871333,5,0.27040000000000003,0.19404458250618595,5,0.9560000000000001,0.03730951621235525,5
LR,LR_C=10,fine_popcorn,0.8012,0.09205270229602175,5,0.4558,0.10142583497314678,5,0.441,0.0933702308018996,5,0.9852000000000001,0.009257429448826503,5,0.558,0.1737368700074915,5,0.35419999999999996,0.08196157636356197,5,0.6108,0.1854513413270446,5,0.9917999999999999,0.0029495762407505247,5
LR,LR_C=10,fine_potato,0.6954,0.0834403978897512,5,0.26959999999999995,0.06433350604467318,5,0.2598,0.0468369512244339,5,0.9074,0.057221499456061066,5,0.2118,0.13911757617209983,5,0.1988,0.0365882494798535,5,0.4102,0.17285745572580893,5,0.9810000000000001,0.009433981132056608,5
LR,LR_C=10,fine_powdery,0.6477999999999999,0.07948710587258791,5,0.192,0.08225569889071517,5,0.2062,0.0719736062734111,5,0.812,0.029060282173440765,5,0.1854,0.057574299822056016,5,0.1526,0.044173521480633623,5,0.36639999999999995,0.19251311643625738,5,0.9292,0.038758224933554415,5
LR,LR_C=10,fine_pungent,0.7138,0.055589567366548215,5,0.2812,0.030078231330980882,5,0.2912,0.016452963258939104,5,0.8606,0.012856904759700104,5,0.2782,0.03419356664637371,5,0.21080000000000002,0.021253235047869766,5,0.5096,0.14295034102792478,5,0.9178000000000001,0.03320692698820534,5
LR,LR_C=10,fine_radish,0.675,0.06829714488908009,5,0.42699999999999994,0.04825971404805461,5,0.40119999999999995,0.08931517228332485,5,0.873,0.04026785318340184,5,0.3788,0.12165607259812392,5,0.5942000000000001,0.23487911784575488,5,0.3542,0.13972544506996568,5,0.9962,0.0032710854467592246,5
LR,LR_C=10,fine_raspberry,0.6102000000000001,0.11412580777370208,5,0.1566,0.13770366734404715,5,0.1162,0.09908178440056477,5,0.7706,0.08181564642536293,5,0.148,0.15938161750967392,5,0.253,0.42217531903227123,5,0.24420000000000003,0.23592943860400292,5,0.9762000000000001,0.020315019074566506,5
LR,LR_C=10,fine_ripe,0.6204000000000001,0.09431489808084406,5,0.1416,0.09164769500647575,5,0.13240000000000002,0.08477794524521104,5,0.8272,0.06305315218131446,5,0.11979999999999999,0.025173398658107325,5,0.11440000000000002,0.08455057657993825,5,0.2798,0.2244742746953423,5,0.9608000000000001,0.04204402454570684,5
LR,LR_C=10,fine_roasted,0.8242,0.03871950412905623,5,0.512,0.03898076448711596,5,0.53,0.03363777638310833,5,0.9263999999999999,0.013667479650615901,5,0.5,0.032534596969994924,5,0.4264,0.04363828594250694,5,0.7114,0.08422173116244995,5,0.9368000000000001,0.012497999839974345,5
LR,LR_C=10,fine_rose,0.7108000000000001,0.07502133030012204,5,0.3862,0.07577400609707789,5,0.41,0.07615444832706754,5,0.8782,0.02275302177733764,5,0.434,0.05754997827975262,5,0.4194,0.14135522629177882,5,0.4806,0.1864746631582961,5,0.9408,0.0411424355137126,5
LR,LR_C=10,fine_rummy,0.6559999999999999,0.07450167783345553,5,0.23820000000000002,0.06142637869840612,5,0.2394,0.05348177259590413,5,0.8396000000000001,0.047347650416889764,5,0.18280000000000002,0.07804934336687273,5,0.20620000000000002,0.03977059215048225,5,0.3362,0.16174578819864213,5,0.9762000000000001,0.012657013865837459,5
LR,LR_C=10,fine_sandalwood,0.728,0.0961795196494555,5,0.43100000000000005,0.08674099376880574,5,0.4202,0.08135539318324261,5,0.9304,0.05683132938793531,5,0.40120000000000006,0.0838313783734945,5,0.44160000000000005,0.13262465834074746,5,0.4612,0.19354766854705333,5,0.9952,0.0028635642126552787,5
LR,LR_C=10,fine_savory,0.7032,0.1118132371412258,5,0.2556,0.13254735003009302,5,0.2508,0.11823366694812439,5,0.8976000000000001,0.013885243966167823,5,0.2164,0.05844056810127704,5,0.178,0.07103520254071218,5,0.4554,0.24190452662155787,5,0.9512,0.021040437257813804,5
LR,LR_C=10,fine_sharp,0.597,0.0809506022213547,5,0.1366,0.06429074583484003,5,0.1452,0.04772525536862009,5,0.8028000000000001,0.08346376459278605,5,0.11539999999999999,0.017742604092973503,5,0.1216,0.016682325976913416,5,0.2286,0.18750013333328594,5,0.9656,0.026698314553544333,5
LR,LR_C=10,fine_smoky,0.7234,0.04304997096398556,5,0.346,0.0650807191109625,5,0.33520000000000005,0.07890627351484798,5,0.9216,0.032020306057250605,5,0.3032,0.08603022724600931,5,0.3012,0.15239652227003084,5,0.46699999999999997,0.09702834637362427,5,0.9795999999999999,0.013352902306240415,5
LR,LR_C=10,fine_soapy,0.5532,0.05700614002017682,5,0.10540000000000001,0.12271430234491822,5,0.11339999999999999,0.12099710740344168,5,0.807,0.07263607918933952,5,0.1204,0.10405911781290479,5,0.1166,0.13200113635874502,5,0.1186,0.11124882021846344,5,0.9879999999999999,0.008860022573334668,5
LR,LR_C=10,fine_solvent,0.7238,0.12438528851918142,5,0.3026,0.10273655629813568,5,0.2874,0.07780295624203491,5,0.9204000000000001,0.030418744221285647,5,0.2206,0.09306879176179304,5,0.2218,0.07043223693735705,5,0.46699999999999997,0.2552753415432051,5,0.9810000000000001,0.007648529270389197,5
LR,LR_C=10,fine_sour,0.642,0.03885871845545089,5,0.30460000000000004,0.04916096012081129,5,0.309,0.04576570768599564,5,0.8682000000000001,0.0430488095073488,5,0.2666,0.09441027486455066,5,0.34500000000000003,0.0731505297315064,5,0.2926,0.08083501716459272,5,0.9916,0.003507135583350006,5
LR,LR_C=10,fine_spicy,0.6482,0.03614830563110811,5,0.30379999999999996,0.033274614948936666,5,0.35940000000000005,0.039664845896587086,5,0.7946000000000001,0.009289779329994878,5,0.358,0.03969256857397868,5,0.3866,0.062480396925755854,5,0.3594,0.10011143790796333,5,0.9369999999999999,0.031591137997862596,5
LR,LR_C=10,fine_strawberry,0.5844,0.07289581606649316,5,0.08739999999999999,0.06763357154549803,5,0.0832,0.055065415643577954,5,0.8231999999999999,0.11377917208347053,5,0.11779999999999999,0.08409042751704858,5,0.058199999999999995,0.0390858030491891,5,0.20059999999999997,0.16161930577749675,5,0.9682000000000001,0.018458060569843213,5
LR,LR_C=10,fine_sulfurous,0.9176,0.03939923857132265,5,0.7426,0.022277791632026724,5,0.7564,0.01891560202584101,5,0.9768000000000001,0.0051672042731055415,5,0.7333999999999999,0.01616477652180817,5,0.6748000000000001,0.05591243153360438,5,0.8736,0.09075681792570736,5,0.9618,0.012676750372236574,5
LR,LR_C=10,fine_sweaty,0.6242,0.0743047777737071,5,0.2386,0.07613015171402196,5,0.2182,0.09265095790114637,5,0.8576,0.09811370954153145,5,0.16460000000000002,0.09610827227663601,5,0.30179999999999996,0.16140693913212034,5,0.2582,0.1618508572729845,5,0.9898,0.016161683080669544,5
LR,LR_C=10,fine_sweet,0.6676,0.018036074961032954,5,0.3156,0.0320359173428825,5,0.5314,0.02297389823255946,5,0.7336,0.01716974082506782,5,0.5058,0.016843396332094106,5,0.4744,0.021290843102141344,5,0.6066,0.051834351544125676,5,0.7285999999999999,0.03433365695640364,5
LR,LR_C=10,fine_tea,0.5616,0.04324696521144575,5,0.0698,0.03365560874505169,5,0.07339999999999999,0.02243434866449213,5,0.6597999999999999,0.0673995548946727,5,0.041,0.013946325680981354,5,0.0518,0.011366617790706258,5,0.1522,0.09730724536230588,5,0.9709999999999999,0.011445523142259611,5
LR,LR_C=10,fine_terpenic,0.7422000000000001,0.1240511991074653,5,0.30300000000000005,0.09863822788351381,5,0.2778,0.07382546985966293,5,0.9178000000000001,0.08018541014424002,5,0.2872,0.0957115458030012,5,0.2048,0.0509970587387155,5,0.5028,0.25521696652064496,5,0.9815999999999999,0.008905054744357283,5
LR,LR_C=10,fine_tobacco,0.6428,0.013682105101189643,5,0.2346,0.0605871273456664,5,0.2452,0.06805659409638422,5,0.7786,0.030484422251372902,5,0.1728,0.07472081370006621,5,0.21539999999999998,0.09332898799408468,5,0.31320000000000003,0.03136399209284428,5,0.9719999999999999,0.01661324772583615,5
LR,LR_C=10,fine_tomato,0.701,0.07653103945458993,5,0.2008,0.034135025999697144,5,0.1674,0.03100483833210552,5,0.9148,0.05744301524119361,5,0.1854,0.09113890497476915,5,0.11560000000000001,0.037587231874667226,5,0.4356,0.17626202086666315,5,0.966,0.030854497241083006,5
LR,LR_C=10,fine_tropical,0.6998,0.03138789575616688,5,0.3452,0.02792310870945426,5,0.39459999999999995,0.026604510895710896,5,0.806,0.011768602295939786,5,0.31579999999999997,0.03809461904258919,5,0.3484,0.059823072472082205,5,0.47940000000000005,0.0908889432219343,5,0.9202,0.03282834141408909,5
LR,LR_C=10,fine_vanilla,0.7504000000000001,0.06635359824455644,5,0.48979999999999996,0.060462385000924324,5,0.49119999999999997,0.07137716721753531,5,0.8754,0.027473623714391972,5,0.5134000000000001,0.06138240790324213,5,0.5092000000000001,0.09833971730689486,5,0.5136000000000001,0.13777808243693912,5,0.9875999999999999,0.006426507605223838,5
LR,LR_C=10,fine_vegetable,0.6916,0.07194303301918818,5,0.2942,0.04106336566819629,5,0.3238,0.028101601377857475,5,0.8452,0.03660874212534485,5,0.3074,0.07594603347114318,5,0.2712,0.04852525115854632,5,0.47000000000000003,0.20211382931407737,5,0.9134,0.059881549746144645,5
LR,LR_C=10,fine_vetiver,0.6799999999999999,0.06119640512317698,5,0.254,0.085375640553966,5,0.2398,0.09090489535773087,5,0.9168,0.04487426879627119,5,0.2064,0.07767432008070621,5,0.2004,0.1218002463051697,5,0.3742,0.12520463250215624,5,0.9862,0.007529940238806687,5
LR,LR_C=10,fine_violet,0.7112,0.0793454472543951,5,0.41079999999999994,0.07409925775606664,5,0.4076000000000001,0.07629416753592637,5,0.9019999999999999,0.04643274706497563,5,0.3498,0.14120623215708294,5,0.4272,0.08204998476538557,5,0.4306,0.16214283826305745,5,0.9922000000000001,0.0037682887362833544,5
LR,LR_C=10,fine_warm,0.5218,0.01570668647423764,5,0.034199999999999994,0.028287806560424577,5,0.0536,0.0335603933230825,5,0.6354,0.06619138916807832,5,0.041400000000000006,0.013315404612703289,5,0.0438,0.02878714991102801,5,0.06999999999999999,0.0427551166528639,5,0.9736,0.01569394787808348,5
LR,LR_C=10,fine_waxy,0.7946000000000001,0.023447814397081896,5,0.4878,0.015155856953666452,5,0.5344,0.01250199984002561,5,0.8906000000000001,0.005941380311005215,5,0.5054000000000001,0.020923670806051228,5,0.442,0.02669269563007828,5,0.6834,0.06379890281188226,5,0.9052,0.018899735447883936,5
LR,LR_C=10,fine_weedy,0.5498000000000001,0.10166464478863828,5,0.026999999999999996,0.051850747342733636,5,0.027000000000000003,0.028913664589601918,5,0.629,0.13396454754896908,5,0.0258,0.01953714411064217,5,0.0172,0.020462160198766895,5,0.19319999999999998,0.26209483016648766,5,0.9061999999999999,0.0820774024930127,5
LR,LR_C=10,fine_winey,0.6926,0.0924218588863046,5,0.3038,0.11073933357213236,5,0.3268,0.10257290090467364,5,0.8886,0.012300406497347954,5,0.2858,0.06238349140598016,5,0.2722,0.054883513007095305,5,0.43600000000000005,0.20195048898182938,5,0.9488,0.018033302526159728,5
LR,LR_C=10,fine_woody,0.7658,0.007823042886243189,5,0.49160000000000004,0.040265369736288276,5,0.563,0.03396321539548335,5,0.852,0.023643180835073822,5,0.5874,0.0582348692794961,5,0.5168,0.07268906382668576,5,0.628,0.03374907406137244,5,0.9039999999999999,0.03173326330524487,5
LR,LR_C=100,fine_alcoholic,0.8438000000000001,0.050514354395557674,5,0.5696,0.04340276488888697,5,0.563,0.060402814503961656,5,0.9612,0.02075331298853267,5,0.4896,0.054298250432219294,5,0.49119999999999997,0.11446265766615764,5,0.7058,0.11192274121017588,5,0.9822,0.011166915420114921,5
LR,LR_C=100,fine_aldehydic,0.6397999999999999,0.041463236728456226,5,0.304,0.07358328614570023,5,0.3174,0.07028726769479661,5,0.8972,0.023815961034566735,5,0.3258,0.07224749130592702,5,0.358,0.09498684119392538,5,0.2964,0.08391841275906022,5,0.9833999999999999,0.0070922492905988906,5
LR,LR_C=100,fine_alliaceous,0.759,0.0623377895020348,5,0.429,0.07558438992278764,5,0.4338,0.0739641805200328,5,0.9612,0.009833615815151605,5,0.44980000000000003,0.09442827966239777,5,0.3748,0.09201467274299246,5,0.545,0.136444127759314,5,0.9736,0.016935170504013206,5
LR,LR_C=100,fine_almond,0.6140000000000001,0.0580430874437258,5,0.2152,0.08132465800727355,5,0.2234,0.08420985690523408,5,0.8960000000000001,0.025475478405714055,5,0.2378,0.09553899727336476,5,0.22680000000000003,0.061283766202804485,5,0.2432,0.12091608660554642,5,0.9852000000000001,0.008167006795638188,5
LR,LR_C=100,fine_amber,0.6662,0.024973986465920844,5,0.31520000000000004,0.05605086975239546,5,0.3274,0.05409066462893574,5,0.865,0.04062634613154372,5,0.27199999999999996,0.09431860898041276,5,0.3168,0.08644767203343305,5,0.3492,0.05414979224336876,5,0.9833999999999999,0.007092249290598874,5
LR,LR_C=100,fine_animal,0.6502,0.033040883765420116,5,0.3416,0.08685505166655536,5,0.3432,0.08325683155153095,5,0.757,0.041194659848091945,5,0.2844,0.05594014658543541,5,0.4258,0.16109220961921156,5,0.3156,0.0714373851705114,5,0.9847999999999999,0.0162542302186231,5
LR,LR_C=100,fine_anisic,0.6752,0.0792224715595266,5,0.33120000000000005,0.1033281181479659,5,0.3308,0.09030891428867915,5,0.819,0.07087665341986739,5,0.3256,0.18481693645334565,5,0.3486,0.17110902956886875,5,0.36560000000000004,0.16830418889617693,5,0.9846,0.012340988615179908,5
LR,LR_C=100,fine_apple,0.7962,0.03999624982420224,5,0.46319999999999995,0.029827839345148672,5,0.48600000000000004,0.024,5,0.9208000000000001,0.0173262806164508,5,0.4702,0.03158638947394906,5,0.38780000000000003,0.03259907974161232,5,0.663,0.09495261976375373,5,0.9298,0.017541379649275005,5
LR,LR_C=100,fine_apricot,0.5784,0.03684155262743411,5,0.1248,0.03769217425408092,5,0.1328,0.040861962752662774,5,0.8480000000000001,0.033346664001066124,5,0.1308,0.04979658622837512,5,0.121,0.030471297970385187,5,0.17980000000000002,0.08408150807401114,5,0.9778,0.011903780911962394,5
LR,LR_C=100,fine_aromatic,0.5966,0.052405152418440674,5,0.1066,0.041530711527735714,5,0.1052,0.04105118755894888,5,0.6804,0.0762023621681113,5,0.0586,0.021149468078417482,5,0.07880000000000001,0.03145949777094351,5,0.2452,0.14608627587833156,5,0.9486000000000001,0.04952070274137878,5
LR,LR_C=100,fine_balsamic,0.749,0.09768572055321086,5,0.3834,0.08833628925871859,5,0.394,0.09281163720137688,5,0.8725999999999999,0.03922754134533546,5,0.41859999999999997,0.09881700258558744,5,0.35,0.11461020896935839,5,0.5818,0.24150093167522146,5,0.9158,0.05523766830705287,5
LR,LR_C=100,fine_banana,0.6914,0.06938515691414122,5,0.3564,0.09442086633790223,5,0.363,0.10077946219344495,5,0.897,0.03111269837220811,5,0.2958,0.10070352526103543,5,0.364,0.11026785569693465,5,0.40380000000000005,0.14864622430455474,5,0.9785999999999999,0.015388307249337083,5
LR,LR_C=100,fine_beefy,0.6636,0.14017774431057164,5,0.16699999999999998,0.12084080436673698,5,0.14279999999999998,0.09430111346108273,5,0.9033999999999999,0.040985363241040074,5,0.24780000000000002,0.16150294114968927,5,0.10200000000000001,0.06429618962271404,5,0.3556,0.29841380665109984,5,0.9720000000000001,0.024606909598728518,5
LR,LR_C=100,fine_bergamot,0.6918,0.12819399361904596,5,0.3232,0.22073445585136908,5,0.3228,0.2182170937392394,5,0.9534,0.037898548784880894,5,0.3976,0.2683566656522621,5,0.2762,0.19001894642377112,5,0.3892,0.25742027892145564,5,0.9944,0.002966479394838262,5
LR,LR_C=100,fine_berry,0.6246,0.02311493023999857,5,0.1724,0.049470193045914025,5,0.19039999999999999,0.055608452594906835,5,0.7577999999999999,0.046116157689035674,5,0.1634,0.03726660703632677,5,0.15560000000000002,0.08142665411276581,5,0.34740000000000004,0.14195703575378005,5,0.9019999999999999,0.10663254662625292,5
LR,LR_C=100,fine_bitter,0.5568,0.016146206984923687,5,0.126,0.029580398915498077,5,0.1306,0.030680612770934035,5,0.729,0.04960846701924985,5,0.0982,0.037798148102784083,5,0.1612,0.05738205294340731,5,0.12400000000000003,0.039344631145812,5,0.9894000000000001,0.008876936408468847,5
LR,LR_C=100,fine_black currant,0.686,0.11656543226874765,5,0.2894,0.12745509012981787,5,0.2758,0.12731732011003058,5,0.8718,0.013179529581893274,5,0.2384,0.13000499990384984,5,0.2578,0.11226620150339103,5,0.382,0.2391599882923563,5,0.9904,0.007503332592921621,5
LR,LR_C=100,fine_brandy,0.635,0.10833974340010226,5,0.1612,0.08513048807565948,5,0.1498,0.05743431030316286,5,0.8554,0.10400624981221081,5,0.1584,0.16590901120795096,5,0.10800000000000001,0.03357082066318904,5,0.28700000000000003,0.22176000541125537,5,0.9832000000000001,0.005069516742254643,5
LR,LR_C=100,fine_burnt,0.7014,0.049500505047928495,5,0.274,0.057900777196856344,5,0.2866,0.056411878181815575,5,0.861,0.021142374511866017,5,0.2508,0.05550855789876007,5,0.2132,0.05894658599104786,5,0.47640000000000005,0.12228981969076577,5,0.9259999999999999,0.034633798521097804,5
LR,LR_C=100,fine_buttery,0.6388,0.07059532562429328,5,0.3116,0.10004898800087884,5,0.3194,0.10530574533234167,5,0.8874000000000001,0.03500428545192722,5,0.28759999999999997,0.0543626710160566,5,0.381,0.06261788881781309,5,0.2904,0.1467729539118158,5,0.9868,0.006685805860178734,5
LR,LR_C=100,fine_cabbage,0.7485999999999999,0.12571117690961298,5,0.306,0.09219273290232806,5,0.27799999999999997,0.06963117118072912,5,0.8917999999999999,0.05268491245128911,5,0.2584,0.09140185993731201,5,0.20400000000000001,0.042801869118065404,5,0.5168,0.2612138970269384,5,0.9808,0.011562871615649816,5
LR,LR_C=100,fine_camphoreous,0.727,0.06079062427710377,5,0.369,0.10275212893171606,5,0.378,0.09833107342035885,5,0.9236000000000001,0.023458473948660855,5,0.41259999999999997,0.122978859971948,5,0.3194,0.11125331455736498,5,0.484,0.11934613525372326,5,0.9698,0.010871982339941537,5
LR,LR_C=100,fine_caramellic,0.7462,0.08143218037115302,5,0.43,0.07880355321938219,5,0.4466,0.08290235219823382,5,0.898,0.012409673645990875,5,0.49800000000000005,0.04526588119102514,5,0.4126,0.040414106448120324,5,0.5306,0.17676198686369196,5,0.9612,0.015514509338035793,5
LR,LR_C=100,fine_cedar,0.685,0.06960244248587832,5,0.2968,0.07008352160101546,5,0.2962,0.05804050309912897,5,0.8969999999999999,0.05046285762816051,5,0.24220000000000003,0.06639804213981011,5,0.24780000000000002,0.035821781083580986,5,0.3816,0.13966137619256086,5,0.9890000000000001,0.0023452078799117604,5
LR,LR_C=100,fine_celery,0.6292,0.07659438621726788,5,0.2334,0.0931412905214438,5,0.22560000000000002,0.08338644973855165,5,0.7243999999999999,0.13592019717466566,5,0.24020000000000002,0.12703621530886378,5,0.24580000000000002,0.15083666662983505,5,0.2664,0.15631314723976356,5,0.9922000000000001,0.004764451699828637,5
LR,LR_C=100,fine_chamomile,0.6764,0.0597143198906259,5,0.35059999999999997,0.14172614437710496,5,0.3508,0.13884775835424928,5,0.8785999999999999,0.06225190760129366,5,0.33999999999999997,0.1890714150790648,5,0.36,0.18760197227108247,5,0.358,0.11794278273807177,5,0.9954000000000001,0.0026076809620810782,5
LR,LR_C=100,fine_cheesy,0.7014,0.059395286008234675,5,0.40380000000000005,0.08209872106190207,5,0.4206,0.0861817846183287,5,0.9016,0.03058267483396441,5,0.3886,0.0885200542250173,5,0.43620000000000003,0.07192496089675686,5,0.42460000000000003,0.12367012573778678,5,0.978,0.008774964387392135,5
LR,LR_C=100,fine_cherry,0.6038,0.03953732413808503,5,0.18919999999999998,0.05735154749437891,5,0.2002,0.05392772941632162,5,0.8876,0.017067512999848582,5,0.18439999999999998,0.06802426037819154,5,0.18919999999999998,0.056543788341426156,5,0.2238,0.08008870082602164,5,0.9837999999999999,0.0047644516998286346,5
LR,LR_C=100,fine_chocolate,0.6567999999999999,0.05103626161857863,5,0.2366,0.055648899360185015,5,0.233,0.05853204250664759,5,0.8661999999999999,0.020909328061896253,5,0.1494,0.01887591057406237,5,0.20400000000000001,0.09054832963671942,5,0.3362,0.11096485930239357,5,0.9773999999999999,0.012381437719424977,5
LR,LR_C=100,fine_cinnamon,0.765,0.13302255447855452,5,0.3404,0.10371981488606699,5,0.31,0.08657078028988764,5,0.9347999999999999,0.03612755181298611,5,0.3822,0.1765012747829318,5,0.2502,0.11642465374653256,5,0.5564,0.28172468830402486,5,0.9734,0.017742604092973527,5
LR,LR_C=100,fine_citrus,0.743,0.011726039399558593,5,0.4284,0.031237797617629837,5,0.47219999999999995,0.03178364359226299,5,0.8708,0.015106290080625405,5,0.3992,0.05012683911838049,5,0.417,0.050139804546886685,5,0.5506,0.027835229476330933,5,0.9356,0.014099645385611604,5
LR,LR_C=100,fine_clean,0.6258,0.06649210479447919,5,0.19080000000000003,0.11893149288561043,5,0.2,0.11615506876585284,5,0.7592,0.047856034102294755,5,0.12179999999999999,0.06371577512672981,5,0.16699999999999998,0.12394151846738041,5,0.286,0.1325084902940185,5,0.9656,0.018501351301999487,5
LR,LR_C=100,fine_clove,0.7285999999999999,0.09295859293255247,5,0.3296,0.09548979003013883,5,0.31520000000000004,0.08690339464025555,5,0.9186,0.05811884376000611,5,0.2832,0.11583695437985236,5,0.24939999999999998,0.06440729772316178,5,0.4668,0.18930715781501764,5,0.9904,0.004159326868617069,5
LR,LR_C=100,fine_cocoa,0.7041999999999999,0.05572880763124222,5,0.3298,0.08217481365966096,5,0.3362,0.08120775825005885,5,0.8502000000000001,0.05166913972575893,5,0.27599999999999997,0.0709894358337915,5,0.2894,0.09943993161703199,5,0.4378,0.1178800237529667,5,0.9705999999999999,0.015501612819316616,5
LR,LR_C=100,fine_coconut,0.7116,0.06526714334180711,5,0.42780000000000007,0.09433822131034696,5,0.42380000000000007,0.09659296040602547,5,0.9225999999999999,0.0195397031707239,5,0.4164,0.1066550514509275,5,0.47059999999999996,0.16550166162307856,5,0.434,0.1366565036871645,5,0.9885999999999999,0.00955510334847299,5
LR,LR_C=100,fine_coffee,0.7575999999999999,0.05013781008380802,5,0.3814,0.022777181564012688,5,0.3778,0.015959323293924483,5,0.9252,0.013590437814875544,5,0.33680000000000004,0.07999812497802683,5,0.29900000000000004,0.045721985958617324,5,0.5456000000000001,0.11054094264117705,5,0.9693999999999999,0.011326958991715314,5
LR,LR_C=100,fine_cognac,0.7682,0.07181712887605576,5,0.4266,0.09979629251630545,5,0.42940000000000006,0.09418492448369858,5,0.9434000000000001,0.019034179782696135,5,0.3856,0.11085260484084261,5,0.353,0.07591113225344487,5,0.5609999999999999,0.14442298985964802,5,0.9753999999999999,0.010406728592598152,5
LR,LR_C=100,fine_cooked,0.6045999999999999,0.10303057798537285,5,0.12279999999999999,0.11223502127232837,5,0.1244,0.09862707539007733,5,0.7698,0.06913899044678046,5,0.11680000000000001,0.05351822119614964,5,0.0868,0.06758106243615884,5,0.24459999999999998,0.22710195948075831,5,0.9644,0.02381806037443012,5
LR,LR_C=100,fine_cooling,0.7104,0.06092043991961976,5,0.2524,0.08020785497692853,5,0.23600000000000004,0.08258631847951574,5,0.8545999999999999,0.05507994190265641,5,0.2512,0.10582391034166144,5,0.1682,0.08252090644194354,5,0.4648,0.12112885700773374,5,0.9558,0.018619881847100964,5
LR,LR_C=100,fine_cortex,0.5836,0.06496383609362975,5,0.0932,0.10694952080304053,5,0.0946,0.10643213800351849,5,0.7278,0.04872063217980653,5,0.0502,0.04727261363622706,5,0.0726,0.1010163353126612,5,0.2294,0.12415031212204018,5,0.9378,0.029516097302997174,5
LR,LR_C=100,fine_coumarinic,0.7030000000000001,0.06036555309114628,5,0.33039999999999997,0.08515456535030873,5,0.3312,0.0827629144001104,5,0.9052,0.026929537686339884,5,0.29159999999999997,0.12005332148674605,5,0.2782,0.0735098632837798,5,0.4192,0.12300691037498664,5,0.9872,0.00286356421265523,5
LR,LR_C=100,fine_creamy,0.629,0.06235783832045494,5,0.2716,0.08069262667679124,5,0.2762,0.07880799451832282,5,0.7762,0.02356268236003703,5,0.24380000000000002,0.05831980795578806,5,0.3518,0.15505869856283458,5,0.2882,0.15163343958375408,5,0.9696,0.03102901867607158,5
LR,LR_C=100,fine_cucumber,0.7398,0.10141844013787632,5,0.3678,0.1077552782929913,5,0.3592,0.09357189749064619,5,0.9616,0.031037074604414593,5,0.3922,0.17029004668506026,5,0.2934,0.057816952531242936,5,0.4902,0.20673824029433938,5,0.9894000000000001,0.004037325847637269,5
LR,LR_C=100,fine_dairy,0.6816,0.02377603835797711,5,0.2772,0.049786544366927095,5,0.2878,0.053811708763056396,5,0.8288,0.07159748598938372,5,0.18860000000000002,0.04774725122978286,5,0.231,0.06484597134749391,5,0.3992,0.049936960259911706,5,0.9640000000000001,0.012165525060596457,5
LR,LR_C=100,fine_dry,0.594,0.05090677754484174,5,0.1518,0.07324069906820933,5,0.18039999999999998,0.0660060603278214,5,0.7016,0.06542018037272598,5,0.134,0.08167006795638168,5,0.1514,0.048122759688114324,5,0.2338,0.10473872254328866,5,0.9544,0.01937266114915552,5
LR,LR_C=100,fine_earthy,0.629,0.029639500670557876,5,0.21680000000000002,0.041099878345318745,5,0.26680000000000004,0.0448854096561455,5,0.7348,0.023573289969794218,5,0.22519999999999998,0.020364184245876375,5,0.24,0.07250172411743047,5,0.3496,0.10288245720238218,5,0.9082000000000001,0.05633560153224604,5
LR,LR_C=100,fine_ethereal,0.7192000000000001,0.08934595681954506,5,0.446,0.11913227942081861,5,0.46319999999999995,0.13842579239433672,5,0.9094000000000001,0.015501612819316593,5,0.5506,0.07817800202102888,5,0.5069999999999999,0.06779749257900322,5,0.46699999999999997,0.19271351794827474,5,0.9714,0.016226521500309326,5
LR,LR_C=100,fine_fatty,0.7666000000000001,0.018955210365490558,5,0.5018,0.03592631347633656,5,0.5634,0.030237394067611046,5,0.8629999999999999,0.010583005244258363,5,0.5174,0.043431555348617215,5,0.5286000000000001,0.05508901886946252,5,0.6086,0.04247116668988502,5,0.9246000000000001,0.01694992625352686,5
LR,LR_C=100,fine_fermented,0.6706,0.04670438951533359,5,0.2824,0.03933573438999201,5,0.29500000000000004,0.04074923312161838,5,0.8596,0.016440802900101924,5,0.2514,0.025500980373311142,5,0.26480000000000004,0.06759955621156102,5,0.3754,0.10626993930552514,5,0.9658,0.015449919093639276,5
LR,LR_C=100,fine_fishy,0.735,0.049814656477787746,5,0.42960000000000004,0.090309467942182,5,0.4164,0.10141153780512355,5,0.9119999999999999,0.04071854614300466,5,0.4312,0.09291770552483528,5,0.44639999999999996,0.22780978907852048,5,0.48740000000000006,0.11440410831783969,5,0.9826,0.019165072397463075,5
LR,LR_C=100,fine_floral,0.7644,0.017938784797192932,5,0.4848,0.031877892025665676,5,0.6066,0.024865638942122546,5,0.8492,0.014601369798755192,5,0.593,0.029257477676655586,5,0.5366,0.04231784493567693,5,0.704,0.05714892824891822,5,0.8252,0.039092198710228614,5
LR,LR_C=100,fine_fresh,0.6582000000000001,0.028074899821726906,5,0.23759999999999998,0.018568791021496254,5,0.3252,0.018185158784019457,5,0.752,0.012806248474865688,5,0.2564,0.017213366899011952,5,0.248,0.028939592256975583,5,0.5032,0.11631938789385028,5,0.8126,0.06349251924439603,5
LR,LR_C=100,fine_fruit skin,0.5728,0.03727868023414989,5,0.11539999999999999,0.0805189418708418,5,0.1234,0.08111904831788894,5,0.7168,0.07235468194940814,5,0.0776,0.054159948301304724,5,0.1034,0.08067713430706373,5,0.1686,0.06287924935938723,5,0.9776,0.012401612798341996,5
LR,LR_C=100,fine_fruity,0.768,0.013285330255586416,5,0.5282,0.029676590100616358,5,0.717,0.015921683328090668,5,0.8486,0.004505552130427519,5,0.7854,0.010922453936730504,5,0.6754,0.050222504915625236,5,0.7706000000000001,0.05451880409546779,5,0.7656,0.0643218469884067,5
LR,LR_C=100,fine_garlic,0.8423999999999999,0.03729343105695697,5,0.5324,0.06213533616228366,5,0.5266,0.06420903363234806,5,0.9709999999999999,0.016837458240482734,5,0.5978,0.11036394338732196,5,0.4248,0.08117080756035387,5,0.7091999999999999,0.07521768409091036,5,0.975,0.007874007874011818,5
LR,LR_C=100,fine_gassy,0.6744,0.1690260334978017,5,0.1908,0.17904524567829216,5,0.16560000000000002,0.15194341051852167,5,0.9349999999999999,0.06955932719628621,5,0.23479999999999998,0.17827422696508882,5,0.1116,0.10556656667714452,5,0.362,0.3476729785301124,5,0.9872,0.010425929215182697,5
LR,LR_C=100,fine_geranium,0.641,0.10145688739558295,5,0.18819999999999998,0.12139481043273638,5,0.1832,0.10863102687538215,5,0.8426,0.06470548662980596,5,0.1662,0.09325609899625867,5,0.14079999999999998,0.08870569316565877,5,0.3016,0.20912986396017189,5,0.9808,0.006942621983083921,5
LR,LR_C=100,fine_grape,0.6732,0.03594718347798612,5,0.3654,0.08884424573375588,5,0.3566,0.09450026454989426,5,0.8560000000000001,0.06005414223848343,5,0.3416,0.052405152418440716,5,0.4394,0.20968619410919737,5,0.3618,0.08613768048885459,5,0.9846,0.019191143790821888,5
LR,LR_C=100,fine_grapefruit,0.667,0.053197744313081496,5,0.3274,0.06374794114322438,5,0.33120000000000005,0.0683973683704278,5,0.876,0.06520352751193757,5,0.3006,0.15336492428192308,5,0.3438,0.07906136856897936,5,0.34500000000000003,0.11106979787502992,5,0.9892,0.006534523701081837,5
LR,LR_C=100,fine_grassy,0.54,0.07079901129253151,5,0.054000000000000006,0.0894874292847884,5,0.06420000000000001,0.08098271420494622,5,0.7769999999999999,0.05747608198198623,5,0.08020000000000001,0.059213174209798956,5,0.0492,0.05746042116100438,5,0.1014,0.14783199924238324,5,0.9785999999999999,0.0089888820216977,5
LR,LR_C=100,fine_green,0.7222,0.013103434664239778,5,0.4102,0.022687000683210626,5,0.601,0.018303005217723142,5,0.7954000000000001,0.014380542409798046,5,0.6176,0.01832484652050328,5,0.5124000000000001,0.019718012070186006,5,0.7298,0.04988687202060277,5,0.7146,0.03625327571406478,5
LR,LR_C=100,fine_hawthorn,0.6252,0.09788615836776926,5,0.1956,0.1389471122405932,5,0.1928,0.13186053238175552,5,0.925,0.08001874780324922,5,0.225,0.19204556750938045,5,0.1628,0.10973012348484805,5,0.2584,0.19973682684973246,5,0.9924,0.0046151923036857456,5
LR,LR_C=100,fine_hay,0.6272,0.0574212504217733,5,0.1394,0.05844056810127705,5,0.1352,0.04779853554242013,5,0.7874,0.08534225213808226,5,0.0988,0.01853914776897795,5,0.09,0.036359317925395686,5,0.3048,0.11414771132177814,5,0.9492,0.019110206696946016,5
LR,LR_C=100,fine_hazelnut,0.7394000000000001,0.05538321045226611,5,0.30920000000000003,0.04972122283291109,5,0.288,0.06101229384312642,5,0.89,0.09243916918709302,5,0.3048,0.07683553865237103,5,0.21559999999999996,0.08172086636838843,5,0.4992,0.11654269603883374,5,0.9795999999999999,0.008734987120768995,5
LR,LR_C=100,fine_herbal,0.6896,0.019907285098676772,5,0.2924,0.02339444378479643,5,0.40780000000000005,0.013311649033834983,5,0.7684,0.022142718893577638,5,0.373,0.028644371174805013,5,0.30019999999999997,0.040033735773719624,5,0.6744,0.13508626873224383,5,0.7044,0.10940201095043905,5
LR,LR_C=100,fine_honey,0.6477999999999999,0.09766626848610528,5,0.31579999999999997,0.0952349725678545,5,0.31379999999999997,0.09255646924985848,5,0.8291999999999999,0.04117887808088025,5,0.3446,0.15916909247715147,5,0.399,0.11392321975787024,5,0.3134,0.20964446093326675,5,0.982,0.01576388277043446,5
LR,LR_C=100,fine_hyacinth,0.648,0.06531079543230198,5,0.2206,0.06805365530226867,5,0.21959999999999996,0.06094915914104147,5,0.8608,0.051756159053778346,5,0.1296,0.04015345564207395,5,0.1788,0.04728318940173135,5,0.3126,0.13329778692836575,5,0.9842000000000001,0.004324349662087922,5
LR,LR_C=100,fine_jasmin,0.681,0.06239390995922598,5,0.3388,0.08259963680307558,5,0.331,0.08131113084934928,5,0.8622,0.060656409389280505,5,0.29379999999999995,0.11987576902777308,5,0.3762,0.20692438232359184,5,0.3846,0.1383755758795605,5,0.9773999999999999,0.02176694742034355,5
LR,LR_C=100,fine_juicy,0.6113999999999999,0.08376932612836277,5,0.10400000000000001,0.07109149034870489,5,0.0938,0.06136529964075788,5,0.8352,0.03675187070068676,5,0.0864,0.05840633527281094,5,0.0626,0.04709883225728637,5,0.276,0.2042486230063743,5,0.9468,0.04822032766375606,5
LR,LR_C=100,fine_ketonic,0.7878000000000001,0.09164442154326688,5,0.4306,0.14881296986486092,5,0.41899999999999993,0.14594862109660373,5,0.9410000000000001,0.030248966924508312,5,0.39380000000000004,0.07178579246619766,5,0.3276,0.12229595250865827,5,0.5871999999999999,0.18169534941764473,5,0.9882,0.0020493901531919603,5
LR,LR_C=100,fine_lactonic,0.6856,0.04640905084140377,5,0.3184,0.07340504069885119,5,0.3234,0.07269662990813262,5,0.9087999999999999,0.05084486208064682,5,0.26539999999999997,0.13033150041336897,5,0.28419999999999995,0.06737358532837628,5,0.3854,0.09441557074974445,5,0.9858,0.008671793355471528,5
LR,LR_C=100,fine_lavender,0.6492,0.11237748884896834,5,0.1776,0.08829665905344324,5,0.1532,0.07005854694468049,5,0.826,0.07256376506218518,5,0.1462,0.09692883987751012,5,0.1426,0.06973019432068148,5,0.31579999999999997,0.23279325591605954,5,0.9833999999999999,0.015076471735787526,5
LR,LR_C=100,fine_leafy,0.5468,0.05918361259673152,5,0.0804,0.09585301247222229,5,0.07780000000000001,0.07261335965233946,5,0.7014,0.03334366506549632,5,0.0964,0.03906788962818442,5,0.1692,0.2819338574914336,5,0.1348,0.1598083226868989,5,0.959,0.043914690025092955,5
LR,LR_C=100,fine_leathery,0.6792,0.09541331144028074,5,0.2298,0.0729773937599857,5,0.2166,0.05449587140325403,5,0.7968,0.08801817994028274,5,0.1296,0.05006296035993077,5,0.16299999999999998,0.03321144381083123,5,0.3802,0.20030027458792962,5,0.9783999999999999,0.011349008767288886,5
LR,LR_C=100,fine_lemon,0.703,0.053324478431579656,5,0.2852,0.06047892194806386,5,0.27999999999999997,0.07621351586168951,5,0.8710000000000001,0.03796709101313931,5,0.23899999999999996,0.0477336359394505,5,0.2218,0.07808136781588806,5,0.4364,0.12387211146985425,5,0.9698,0.021487205495363943,5
LR,LR_C=100,fine_lily,0.6774,0.0906051874894589,5,0.2048,0.09881396662415692,5,0.1898,0.09472433689395773,5,0.8593999999999999,0.03412184051307906,5,0.1572,0.052059581250716955,5,0.143,0.07762731478030141,5,0.4046,0.1972075049281847,5,0.9503999999999999,0.043724135211573915,5
LR,LR_C=100,fine_malty,0.8122,0.0682033723506397,5,0.42379999999999995,0.17156252504553554,5,0.3814,0.21555231383587603,5,0.9346,0.02999666648146089,5,0.534,0.12591465363491258,5,0.3656,0.29796526643218,5,0.655,0.17208137609863536,5,0.9694,0.0382922968754814,5
LR,LR_C=100,fine_meaty,0.8058,0.045416957185615156,5,0.5266,0.021732464195300033,5,0.5486000000000001,0.01683151805393675,5,0.9294,0.009964938534682456,5,0.5248,0.0571725458590047,5,0.4816000000000001,0.05525667380507085,5,0.659,0.10771490147607246,5,0.9524000000000001,0.01703819239238713,5
LR,LR_C=100,fine_medicinal,0.6868000000000001,0.036704223190254244,5,0.31520000000000004,0.0266401951944801,5,0.3186,0.028271894170713078,5,0.8603999999999999,0.04031500961180586,5,0.231,0.043617656975128774,5,0.2808,0.04630010799123476,5,0.3886,0.07829942528524718,5,0.9853999999999999,0.005412947441089767,5
LR,LR_C=100,fine_melon,0.6788000000000001,0.06992281458865908,5,0.27799999999999997,0.04583666654546334,5,0.2782,0.05834552253600957,5,0.8646,0.03771339284657374,5,0.2314,0.05354717546239017,5,0.2572,0.06872917866525105,5,0.3936,0.15775709175818375,5,0.9644,0.017938784797192953,5
LR,LR_C=100,fine_metallic,0.634,0.043278170016764865,5,0.1518,0.027635122579789655,5,0.1568,0.03259907974161234,5,0.746,0.041237119201030556,5,0.12840000000000001,0.028483328457187023,5,0.1172,0.055760200860470364,5,0.3698,0.1483650902335182,5,0.8977999999999999,0.07458686211391384,5
LR,LR_C=100,fine_milky,0.6392,0.04873089369178452,5,0.1924,0.042547620379993045,5,0.1958,0.043332435888142735,5,0.7796000000000001,0.0424063674464107,5,0.144,0.05050742519669756,5,0.1518,0.04760462162437593,5,0.3122,0.1154651462563487,5,0.9662,0.019677398201998136,5
LR,LR_C=100,fine_mint,0.7088,0.042127188370457376,5,0.3922,0.03252998616661249,5,0.4154,0.032562248079639686,5,0.8652,0.014498275759551557,5,0.3872,0.05929333858031606,5,0.4018,0.05912444502910789,5,0.4518000000000001,0.09729696809253613,5,0.966,0.01612451549659704,5
LR,LR_C=100,fine_muguet,0.6772,0.11411047278843425,5,0.2446,0.14600102739364543,5,0.22440000000000002,0.1318267802838255,5,0.9054,0.040134772953138775,5,0.2392,0.13783758558535475,5,0.21059999999999998,0.20829618335437639,5,0.3776,0.2376221790995108,5,0.9773999999999999,0.013974977638622571,5
LR,LR_C=100,fine_mushroom,0.6584,0.09306341923656151,5,0.223,0.09121677477306463,5,0.22119999999999998,0.07609993429694932,5,0.8848,0.04822551192055921,5,0.18880000000000002,0.06217475371885281,5,0.18660000000000002,0.08146655755584618,5,0.3524,0.19663748371050727,5,0.9640000000000001,0.017691806012954156,5
LR,LR_C=100,fine_musk,0.7656,0.04817987131572683,5,0.5554,0.05763939624944037,5,0.5556,0.05653582934741474,5,0.8768,0.04163772328069825,5,0.5481999999999999,0.07454998323272782,5,0.6052,0.1330402194826813,5,0.5394,0.10204802790843143,5,0.9917999999999999,0.006760177512462217,5
LR,LR_C=100,fine_musty,0.6118,0.07239958563417338,5,0.1274,0.06297062807372975,5,0.1456,0.0620266071940099,5,0.7392,0.023231444208227814,5,0.124,0.018083141320025125,5,0.1092,0.02444790379562223,5,0.3382,0.2277985952546679,5,0.8859999999999999,0.0850235261559999,5
LR,LR_C=100,fine_natural,0.5856,0.05142275760789183,5,0.07680000000000001,0.033506715744757797,5,0.07880000000000001,0.03451376536977674,5,0.7001999999999999,0.07366274499365336,5,0.0628,0.030078231330980885,5,0.053000000000000005,0.03273377460666582,5,0.2924,0.23187992582369002,5,0.8788,0.13740887889798098,5
LR,LR_C=100,fine_nutty,0.6846,0.03150079364079576,5,0.42160000000000003,0.029211299183706307,5,0.44720000000000004,0.02485357117196641,5,0.8371999999999999,0.00920326029187487,5,0.44020000000000004,0.0379499670619093,5,0.5396,0.09868282525343508,5,0.4,0.08351047838445187,5,0.9688000000000001,0.021799082549501927,5
LR,LR_C=100,fine_odorless,0.8897999999999999,0.0181851587840195,5,0.665,0.0511126207506522,5,0.6702,0.05477864547430869,5,0.9702,0.013881642554107204,5,0.7954,0.0705322621216703,5,0.5782,0.07679648429453004,5,0.805,0.03708099243547831,5,0.9743999999999999,0.00884872872225162,5
LR,LR_C=100,fine_oily,0.6890000000000001,0.010793516572461416,5,0.331,0.014832396974191314,5,0.386,0.009591663046625445,5,0.7996000000000001,0.022289010745208015,5,0.3094,0.014842506526864004,5,0.3398,0.033907226368430674,5,0.45499999999999996,0.04263801121065569,5,0.9224,0.023415806627148227,5
LR,LR_C=100,fine_onion,0.8446,0.06384199245011075,5,0.5236000000000001,0.02015688467993011,5,0.5164,0.024521419208520575,5,0.9687999999999999,0.010473776778220915,5,0.5462,0.06571681672144507,5,0.41980000000000006,0.09374806664673141,5,0.7306,0.14779140705737934,5,0.9583999999999999,0.020525593779474445,5
LR,LR_C=100,fine_orange,0.6854,0.030713189349203047,5,0.2768,0.04333243588814273,5,0.2806,0.04601412826513178,5,0.9042,0.027307508125056057,5,0.22559999999999997,0.06422071316950631,5,0.2234,0.05635423675288309,5,0.40140000000000003,0.06532074708697078,5,0.9698,0.012316655390161716,5
LR,LR_C=100,fine_orangeflower,0.759,0.05116639522186411,5,0.3686,0.07939962216534786,5,0.3494,0.08688383048646049,5,0.9166000000000001,0.023039097204534686,5,0.2564,0.09143194190216021,5,0.2758,0.11049524876663251,5,0.528,0.10264745491243318,5,0.9902,0.0032710854467592415,5
LR,LR_C=100,fine_orris,0.6492,0.09674554253297667,5,0.1938,0.07712457455312152,5,0.18280000000000002,0.06531232655479363,5,0.8416,0.03507563256735369,5,0.16,0.08248030067840441,5,0.1528,0.08975912209909363,5,0.3278,0.21285957812605003,5,0.9709999999999999,0.0234200768572608,5
LR,LR_C=100,fine_ozone,0.6082,0.10236063696558362,5,0.10900000000000001,0.10772186407596185,5,0.09559999999999999,0.09196086123998622,5,0.8308,0.06533911539039997,5,0.1686,0.10612162833277672,5,0.0622,0.06270725635841516,5,0.2354,0.2184943935207492,5,0.9808,0.02075331298853271,5
LR,LR_C=100,fine_peach,0.6588,0.08171107636055223,5,0.24459999999999998,0.08040087064205213,5,0.2344,0.10040567713032965,5,0.8482,0.030441747650225365,5,0.197,0.08070006195784486,5,0.2484,0.12447811052550566,5,0.3606,0.2110492833439621,5,0.9570000000000001,0.06309120382430503,5
LR,LR_C=100,fine_pear,0.7372,0.09256727283440948,5,0.37320000000000003,0.1144888640872989,5,0.3792,0.10421947994496998,5,0.907,0.027721832551258204,5,0.2948,0.07745450277420932,5,0.31020000000000003,0.07245481350469408,5,0.5032,0.1914907308461692,5,0.9708,0.007791020472312984,5
LR,LR_C=100,fine_phenolic,0.7432000000000001,0.08313362737184027,5,0.46799999999999997,0.07681145747868605,5,0.47919999999999996,0.07254102287671439,5,0.9036,0.03454417461743728,5,0.5086,0.08918968550230459,5,0.4816,0.05417840898365325,5,0.5078,0.17575181364640313,5,0.9785999999999999,0.009864076236526204,5
LR,LR_C=100,fine_pine,0.7286,0.06135389148212199,5,0.3578,0.05801465332138079,5,0.3526,0.0585986347963841,5,0.9353999999999999,0.02160555484129024,5,0.3268,0.04176960617482525,5,0.3004,0.08181870201854831,5,0.47539999999999993,0.12720180816324897,5,0.9815999999999999,0.008848728722251582,5
LR,LR_C=100,fine_pineapple,0.7602,0.032614413991362785,5,0.4086,0.05479781017522506,5,0.4234,0.05544186144061183,5,0.9074,0.028130055101261337,5,0.3634,0.07217548060110164,5,0.3442,0.07308693453689244,5,0.5698000000000001,0.0710858635735686,5,0.9503999999999999,0.01774260409297348,5
LR,LR_C=100,fine_plum,0.6132,0.08750828532201964,5,0.121,0.09413288479590967,5,0.11399999999999999,0.08441859984624242,5,0.7938000000000001,0.024324884377936902,5,0.11179999999999998,0.054361751259502294,5,0.0794,0.06770745896871333,5,0.27040000000000003,0.19404458250618595,5,0.9560000000000001,0.03730951621235525,5
LR,LR_C=100,fine_popcorn,0.8012,0.09205270229602175,5,0.4558,0.10142583497314678,5,0.441,0.0933702308018996,5,0.9852000000000001,0.009257429448826503,5,0.558,0.1737368700074915,5,0.35419999999999996,0.08196157636356197,5,0.6108,0.1854513413270446,5,0.9917999999999999,0.0029495762407505247,5
LR,LR_C=100,fine_potato,0.6954,0.0834403978897512,5,0.26959999999999995,0.06433350604467318,5,0.2598,0.0468369512244339,5,0.9074,0.057221499456061066,5,0.2118,0.13911757617209983,5,0.1988,0.0365882494798535,5,0.4102,0.17285745572580893,5,0.9810000000000001,0.009433981132056608,5
LR,LR_C=100,fine_powdery,0.6477999999999999,0.07948710587258791,5,0.192,0.08225569889071517,5,0.2062,0.0719736062734111,5,0.812,0.029060282173440765,5,0.1854,0.057574299822056016,5,0.1526,0.044173521480633623,5,0.36639999999999995,0.19251311643625738,5,0.9292,0.038758224933554415,5
LR,LR_C=100,fine_pungent,0.7138,0.055589567366548215,5,0.2812,0.030078231330980882,5,0.2912,0.016452963258939104,5,0.8606,0.012856904759700104,5,0.2782,0.03419356664637371,5,0.21080000000000002,0.021253235047869766,5,0.5096,0.14295034102792478,5,0.9178000000000001,0.03320692698820534,5
LR,LR_C=100,fine_radish,0.675,0.06829714488908009,5,0.42699999999999994,0.04825971404805461,5,0.40119999999999995,0.08931517228332485,5,0.8728,0.04044378815096336,5,0.3788,0.12165607259812392,5,0.5942000000000001,0.23487911784575488,5,0.3542,0.13972544506996568,5,0.9962,0.0032710854467592246,5
LR,LR_C=100,fine_raspberry,0.6102000000000001,0.11412580777370208,5,0.1566,0.13770366734404715,5,0.1162,0.09908178440056477,5,0.7706,0.08181564642536293,5,0.148,0.15938161750967392,5,0.253,0.42217531903227123,5,0.24420000000000003,0.23592943860400292,5,0.9762000000000001,0.020315019074566506,5
LR,LR_C=100,fine_ripe,0.6204000000000001,0.09431489808084406,5,0.1416,0.09164769500647575,5,0.13240000000000002,0.08477794524521104,5,0.8272,0.06305315218131446,5,0.12,0.02544602129999894,5,0.11440000000000002,0.08455057657993825,5,0.2798,0.2244742746953423,5,0.9608000000000001,0.04204402454570684,5
LR,LR_C=100,fine_roasted,0.8242,0.03871950412905623,5,0.512,0.03898076448711596,5,0.53,0.03363777638310833,5,0.9263999999999999,0.013667479650615901,5,0.5,0.032534596969994924,5,0.4264,0.04363828594250694,5,0.7114,0.08422173116244995,5,0.9368000000000001,0.012497999839974345,5
LR,LR_C=100,fine_rose,0.7108000000000001,0.07502133030012204,5,0.3862,0.07577400609707789,5,0.41,0.07615444832706754,5,0.8782,0.02275302177733764,5,0.434,0.05754997827975262,5,0.4194,0.14135522629177882,5,0.4806,0.1864746631582961,5,0.9408,0.0411424355137126,5
LR,LR_C=100,fine_rummy,0.6559999999999999,0.07450167783345553,5,0.23820000000000002,0.06142637869840612,5,0.2394,0.05348177259590413,5,0.8396000000000001,0.047347650416889764,5,0.18280000000000002,0.07804934336687273,5,0.20620000000000002,0.03977059215048225,5,0.3362,0.16174578819864213,5,0.9762000000000001,0.012657013865837459,5
LR,LR_C=100,fine_sandalwood,0.728,0.0961795196494555,5,0.43100000000000005,0.08674099376880574,5,0.4202,0.08135539318324261,5,0.9304,0.05683132938793531,5,0.40120000000000006,0.0838313783734945,5,0.44160000000000005,0.13262465834074746,5,0.4612,0.19354766854705333,5,0.9952,0.0028635642126552787,5
LR,LR_C=100,fine_savory,0.7032,0.1118132371412258,5,0.2548,0.1333049136378701,5,0.25,0.11903780911962382,5,0.8976000000000001,0.013885243966167823,5,0.2164,0.05844056810127704,5,0.177,0.07233602145542704,5,0.4554,0.24190452662155787,5,0.9507999999999999,0.02095709903588758,5
LR,LR_C=100,fine_sharp,0.597,0.0809506022213547,5,0.1366,0.06429074583484003,5,0.1452,0.04772525536862009,5,0.8028000000000001,0.08346376459278605,5,0.11539999999999999,0.017742604092973503,5,0.1216,0.016682325976913416,5,0.2286,0.18750013333328594,5,0.9656,0.026698314553544333,5
LR,LR_C=100,fine_smoky,0.7234,0.04304997096398556,5,0.346,0.0650807191109625,5,0.33520000000000005,0.07890627351484798,5,0.9216,0.032020306057250605,5,0.3032,0.08603022724600931,5,0.3012,0.15239652227003084,5,0.46699999999999997,0.09702834637362427,5,0.9795999999999999,0.013352902306240415,5
LR,LR_C=100,fine_soapy,0.5532,0.05700614002017682,5,0.10540000000000001,0.12271430234491822,5,0.11339999999999999,0.12099710740344168,5,0.8068,0.07269938101524662,5,0.1204,0.10405911781290479,5,0.1166,0.13200113635874502,5,0.1186,0.11124882021846344,5,0.9879999999999999,0.008860022573334668,5
LR,LR_C=100,fine_solvent,0.7238,0.12438528851918142,5,0.3026,0.10273655629813568,5,0.2874,0.07780295624203491,5,0.9204000000000001,0.030418744221285647,5,0.2206,0.09306879176179304,5,0.2218,0.07043223693735705,5,0.46699999999999997,0.2552753415432051,5,0.9810000000000001,0.007648529270389197,5
LR,LR_C=100,fine_sour,0.642,0.03885871845545089,5,0.30460000000000004,0.04916096012081129,5,0.309,0.04576570768599564,5,0.8682000000000001,0.0430488095073488,5,0.2666,0.09441027486455066,5,0.34500000000000003,0.0731505297315064,5,0.2926,0.08083501716459272,5,0.9916,0.003507135583350006,5
LR,LR_C=100,fine_spicy,0.6482,0.03614830563110811,5,0.30379999999999996,0.033274614948936666,5,0.35940000000000005,0.039664845896587086,5,0.7946000000000001,0.009289779329994878,5,0.358,0.03969256857397868,5,0.3866,0.062480396925755854,5,0.3594,0.10011143790796333,5,0.9369999999999999,0.031591137997862596,5
LR,LR_C=100,fine_strawberry,0.5844,0.07289581606649316,5,0.08739999999999999,0.06763357154549803,5,0.0832,0.055065415643577954,5,0.8231999999999999,0.11377917208347053,5,0.11779999999999999,0.08409042751704858,5,0.058199999999999995,0.0390858030491891,5,0.20059999999999997,0.16161930577749675,5,0.9682000000000001,0.018458060569843213,5
LR,LR_C=100,fine_sulfurous,0.9176,0.03939923857132265,5,0.7426,0.022277791632026724,5,0.7564,0.01891560202584101,5,0.9768000000000001,0.0051672042731055415,5,0.7333999999999999,0.01616477652180817,5,0.6748000000000001,0.05591243153360438,5,0.8736,0.09075681792570736,5,0.9618,0.012676750372236574,5
LR,LR_C=100,fine_sweaty,0.6242,0.0743047777737071,5,0.2386,0.07613015171402196,5,0.2182,0.09265095790114637,5,0.8576,0.09811370954153145,5,0.16460000000000002,0.09610827227663601,5,0.30179999999999996,0.16140693913212034,5,0.2582,0.1618508572729845,5,0.9898,0.016161683080669544,5
LR,LR_C=100,fine_sweet,0.6688000000000001,0.01851215816699934,5,0.3164,0.03216053482142361,5,0.5332,0.02376341726267497,5,0.7333999999999999,0.017314733610425515,5,0.5058,0.016843396332094106,5,0.47040000000000004,0.024845522735495028,5,0.6208,0.06727332309318457,5,0.717,0.048301138702933295,5
LR,LR_C=100,fine_tea,0.5616,0.04324696521144575,5,0.0698,0.03365560874505169,5,0.07339999999999999,0.02243434866449213,5,0.6597999999999999,0.0673995548946727,5,0.041,0.013946325680981354,5,0.0518,0.011366617790706258,5,0.1522,0.09730724536230588,5,0.9709999999999999,0.011445523142259611,5
LR,LR_C=100,fine_terpenic,0.7422000000000001,0.1240511991074653,5,0.30300000000000005,0.09863822788351381,5,0.2778,0.07382546985966293,5,0.9178000000000001,0.08018541014424002,5,0.2872,0.0957115458030012,5,0.2048,0.0509970587387155,5,0.5028,0.25521696652064496,5,0.9815999999999999,0.008905054744357283,5
LR,LR_C=100,fine_tobacco,0.6428,0.013682105101189643,5,0.2346,0.0605871273456664,5,0.2452,0.06805659409638422,5,0.7786,0.030484422251372902,5,0.1728,0.07472081370006621,5,0.21539999999999998,0.09332898799408468,5,0.31320000000000003,0.03136399209284428,5,0.9719999999999999,0.01661324772583615,5
LR,LR_C=100,fine_tomato,0.701,0.07653103945458993,5,0.2008,0.034135025999697144,5,0.1674,0.03100483833210552,5,0.9148,0.05744301524119361,5,0.1854,0.09113890497476915,5,0.11560000000000001,0.037587231874667226,5,0.4356,0.17626202086666315,5,0.966,0.030854497241083006,5
LR,LR_C=100,fine_tropical,0.6998,0.03138789575616688,5,0.3452,0.02792310870945426,5,0.39459999999999995,0.026604510895710896,5,0.806,0.011768602295939786,5,0.31579999999999997,0.03809461904258919,5,0.3484,0.059823072472082205,5,0.47940000000000005,0.0908889432219343,5,0.9202,0.03282834141408909,5
LR,LR_C=100,fine_vanilla,0.7504000000000001,0.06635359824455644,5,0.48979999999999996,0.060462385000924324,5,0.49119999999999997,0.07137716721753531,5,0.8754,0.027473623714391972,5,0.5132,0.061308237619426,5,0.5092000000000001,0.09833971730689486,5,0.5136000000000001,0.13777808243693912,5,0.9875999999999999,0.006426507605223838,5
LR,LR_C=100,fine_vegetable,0.6916,0.07194303301918818,5,0.2942,0.04106336566819629,5,0.3238,0.028101601377857475,5,0.8452,0.03660874212534485,5,0.3074,0.07594603347114318,5,0.2712,0.04852525115854632,5,0.47000000000000003,0.20211382931407737,5,0.9134,0.059881549746144645,5
LR,LR_C=100,fine_vetiver,0.6799999999999999,0.06119640512317698,5,0.254,0.085375640553966,5,0.2398,0.09090489535773087,5,0.9168,0.04487426879627119,5,0.2064,0.07767432008070621,5,0.2004,0.1218002463051697,5,0.3742,0.12520463250215624,5,0.9862,0.007529940238806687,5
LR,LR_C=100,fine_violet,0.7112,0.0793454472543951,5,0.41079999999999994,0.07409925775606664,5,0.4076000000000001,0.07629416753592637,5,0.9019999999999999,0.04643274706497563,5,0.3498,0.14120623215708294,5,0.4272,0.08204998476538557,5,0.4306,0.16214283826305745,5,0.9922000000000001,0.0037682887362833544,5
LR,LR_C=100,fine_warm,0.5218,0.01570668647423764,5,0.034199999999999994,0.028287806560424577,5,0.0536,0.0335603933230825,5,0.6354,0.06619138916807832,5,0.041400000000000006,0.013315404612703289,5,0.0438,0.02878714991102801,5,0.06999999999999999,0.0427551166528639,5,0.9736,0.01569394787808348,5
LR,LR_C=100,fine_waxy,0.7946000000000001,0.023447814397081896,5,0.4878,0.015155856953666452,5,0.5344,0.01250199984002561,5,0.8906000000000001,0.005941380311005215,5,0.5054000000000001,0.020923670806051228,5,0.442,0.02669269563007828,5,0.6834,0.06379890281188226,5,0.9052,0.018899735447883936,5
LR,LR_C=100,fine_weedy,0.5498000000000001,0.10166464478863828,5,0.026999999999999996,0.051850747342733636,5,0.027200000000000002,0.029132456127144515,5,0.629,0.13396454754896908,5,0.0258,0.01953714411064217,5,0.0172,0.020462160198766895,5,0.19319999999999998,0.26209483016648766,5,0.9064,0.08181564642536296,5
LR,LR_C=100,fine_winey,0.6926,0.0924218588863046,5,0.3038,0.11073933357213236,5,0.3268,0.10257290090467364,5,0.8888,0.01251798705862888,5,0.2858,0.06238349140598016,5,0.2722,0.054883513007095305,5,0.43600000000000005,0.20195048898182938,5,0.9488,0.018033302526159728,5
LR,LR_C=100,fine_woody,0.7658,0.007823042886243189,5,0.49160000000000004,0.040265369736288276,5,0.563,0.03396321539548335,5,0.8518000000000001,0.023784448700779257,5,0.5874,0.0582348692794961,5,0.5168,0.07268906382668576,5,0.628,0.03374907406137244,5,0.9039999999999999,0.03173326330524487,5
RF,RF_n_estimators=100_max_features=log2,fine_alcoholic,0.8166,0.05588201857485104,5,0.5831999999999999,0.10467903323970852,5,0.5822,0.10668270712725655,5,0.942,0.02396872962841373,5,0.6614,0.06436847054265002,5,0.5612,0.17916947284624132,5,0.646,0.11424753826669527,5,0.9872,0.007854934754662198,5
RF,RF_n_estimators=100_max_features=log2,fine_aldehydic,0.7022,0.01937008002048517,5,0.37839999999999996,0.04174086726458856,5,0.3946,0.04092432039753381,5,0.9064,0.03543021309560529,5,0.3766,0.05895167512463069,5,0.374,0.0696850055607374,5,0.4262,0.040702579770820424,5,0.9778,0.0071554175279992995,5
RF,RF_n_estimators=100_max_features=log2,fine_alliaceous,0.7622,0.059797157123060614,5,0.4152,0.04528465523772926,5,0.41259999999999997,0.0599941663830743,5,0.9623999999999999,0.004277849927241427,5,0.4548,0.03729209031416716,5,0.35819999999999996,0.10748348710383376,5,0.5554,0.13684772559308392,5,0.9693999999999999,0.018689569283426525,5
RF,RF_n_estimators=100_max_features=log2,fine_almond,0.6568,0.06114899835647349,5,0.3496,0.09892067529086125,5,0.3412,0.11513340088783966,5,0.9096,0.03877886022048614,5,0.3196,0.08674272303772808,5,0.4464,0.18852400377670744,5,0.324,0.12533355496434304,5,0.9902,0.0072594765651526096,5
RF,RF_n_estimators=100_max_features=log2,fine_amber,0.7424000000000001,0.04401477024817919,5,0.4152,0.050790747188833515,5,0.4176,0.06372440662728837,5,0.908,0.033,5,0.3844,0.07378549993054191,5,0.3786,0.09638360856494221,5,0.5042,0.0972352816625735,5,0.9805999999999999,0.012778888840583926,5
RF,RF_n_estimators=100_max_features=log2,fine_animal,0.65,0.04675467891024383,5,0.32,0.056802288686284466,5,0.31120000000000003,0.06317990186760344,5,0.8039999999999999,0.032931747600150184,5,0.25839999999999996,0.0655766726816785,5,0.4088,0.1818755068721459,5,0.32999999999999996,0.1403513448457121,5,0.9704,0.048957124098541575,5
RF,RF_n_estimators=100_max_features=log2,fine_anisic,0.6772,0.10589948064084166,5,0.37879999999999997,0.1746802793677638,5,0.36960000000000004,0.1702389497148053,5,0.8482,0.0751977393277218,5,0.37839999999999996,0.18418278964116055,5,0.4506,0.2332312157495218,5,0.3652,0.22188780948939038,5,0.9896,0.013277801022759746,5
RF,RF_n_estimators=100_max_features=log2,fine_apple,0.7156,0.0784429729166354,5,0.4436,0.07443319152098747,5,0.4640000000000001,0.07211795892841118,5,0.905,0.02440286868382485,5,0.4904,0.052357425452365394,5,0.5105999999999999,0.09428838740799425,5,0.4633999999999999,0.17398649372868,5,0.9676,0.018036074961032992,5
RF,RF_n_estimators=100_max_features=log2,fine_apricot,0.5728,0.06543852076567748,5,0.173,0.09529165755720698,5,0.1514,0.08282089108431517,5,0.8454,0.058543146481889755,5,0.14079999999999998,0.040812988128780765,5,0.32999999999999996,0.3771365800343425,5,0.1568,0.13980772510845027,5,0.9885999999999999,0.010502380682492903,5
RF,RF_n_estimators=100_max_features=log2,fine_aromatic,0.587,0.08836571733426939,5,0.1028,0.06469698601944297,5,0.098,0.05115173506343651,5,0.7016,0.07865939231903582,5,0.0638,0.03030181512715039,5,0.0992,0.054265090067187764,5,0.24120000000000003,0.2271248555310493,5,0.9328,0.09344891652662432,5
RF,RF_n_estimators=100_max_features=log2,fine_balsamic,0.721,0.042479406775518896,5,0.4154,0.05905336569578402,5,0.4492,0.056140003562522134,5,0.8936,0.01650151508195537,5,0.48860000000000003,0.05695436769906241,5,0.42679999999999996,0.06009742090971957,5,0.48439999999999994,0.09035651609042925,5,0.9576,0.01217784874269675,5
RF,RF_n_estimators=100_max_features=log2,fine_banana,0.7332,0.0954421290625896,5,0.4264,0.11484903134114802,5,0.41879999999999995,0.12363737299053225,5,0.8859999999999999,0.043908996800200335,5,0.39960000000000007,0.13027394213732846,5,0.446,0.18258148865643528,5,0.48860000000000003,0.20721558821671693,5,0.9776,0.02265612499965517,5
RF,RF_n_estimators=100_max_features=log2,fine_beefy,0.6242,0.13471154367759286,5,0.2068,0.23019817549233532,5,0.1988,0.21994476579359645,5,0.9408,0.027012959852633668,5,0.2884,0.1635827007968752,5,0.20460000000000003,0.27382439628345756,5,0.2582,0.27554890672982174,5,0.9902,0.010256705123966486,5
RF,RF_n_estimators=100_max_features=log2,fine_bergamot,0.6808,0.15218475613542906,5,0.2886,0.22532487656714692,5,0.2836,0.21496348527133627,5,0.9411999999999999,0.05629564814441697,5,0.3362,0.2692743953665109,5,0.24,0.18278812871737596,5,0.369,0.3043493058970235,5,0.993,0.002738612787525838,5
RF,RF_n_estimators=100_max_features=log2,fine_berry,0.6456,0.057985342975617596,5,0.1646,0.03791173960661789,5,0.17099999999999999,0.047302219821061246,5,0.7806,0.05297452217811881,5,0.20179999999999998,0.049721222832911104,5,0.1266,0.058926225061512294,5,0.4412,0.2480981660552935,5,0.8496,0.155869496695152,5
RF,RF_n_estimators=100_max_features=log2,fine_bitter,0.583,0.048754486972995614,5,0.1934,0.11855715921023073,5,0.18680000000000002,0.1111292040824553,5,0.7428,0.03873886936914912,5,0.1702,0.06227118113541769,5,0.258,0.20705192585436144,5,0.1734,0.10313971107192418,5,0.9928000000000001,0.008074651695274545,5
RF,RF_n_estimators=100_max_features=log2,fine_black currant,0.7716000000000001,0.13474902597050564,5,0.3608,0.09072320541074372,5,0.332,0.07693178796830347,5,0.8926000000000001,0.04077131344462669,5,0.3028,0.08873387177397365,5,0.26739999999999997,0.08409696784070161,5,0.5568,0.27607372203815417,5,0.9868,0.007463243262818139,5
RF,RF_n_estimators=100_max_features=log2,fine_brandy,0.6538,0.1795708773715827,5,0.12919999999999998,0.09482457487381633,5,0.1048,0.06141823833357646,5,0.8522000000000001,0.10405623479638307,5,0.09459999999999999,0.05392402062161166,5,0.071,0.04204164601915582,5,0.33940000000000003,0.3883475247764559,5,0.969,0.03012474066278409,5
RF,RF_n_estimators=100_max_features=log2,fine_burnt,0.6644,0.02510577622779265,5,0.2586,0.026987033923719747,5,0.2824,0.027409852243308424,5,0.8577999999999999,0.014855975228843073,5,0.24159999999999998,0.02068332661831747,5,0.2326,0.04982268559602142,5,0.3822,0.06778421645191453,5,0.9471999999999999,0.02284075305238421,5
RF,RF_n_estimators=100_max_features=log2,fine_buttery,0.6848000000000001,0.10877591645212649,5,0.3254,0.09637842082126062,5,0.3168,0.118011440123405,5,0.8522000000000001,0.05384886256923166,5,0.32280000000000003,0.1342114004099503,5,0.371,0.17045380605900243,5,0.396,0.23380975172135146,5,0.9730000000000001,0.018506755523321768,5
RF,RF_n_estimators=100_max_features=log2,fine_cabbage,0.6756,0.10909307952386348,5,0.23959999999999998,0.1357232478243871,5,0.2278,0.12849396873005361,5,0.9396000000000001,0.03370904923013993,5,0.2832,0.09769698050605248,5,0.1722,0.10055446285471371,5,0.364,0.2276543432487068,5,0.9874,0.009659192512834607,5
RF,RF_n_estimators=100_max_features=log2,fine_camphoreous,0.726,0.057144553546247936,5,0.4502,0.08368213668400201,5,0.4626,0.08185230601516368,5,0.915,0.03405877273185281,5,0.4588,0.13089957983125847,5,0.4668,0.07120884776486698,5,0.4664,0.11532692660432775,5,0.9856,0.004037325847637296,5
RF,RF_n_estimators=100_max_features=log2,fine_caramellic,0.7518,0.029286515668477824,5,0.5272,0.10153423068108612,5,0.5436,0.08698448137455327,5,0.9032,0.011099549540409306,5,0.5038,0.09236178863577728,5,0.5842,0.18545538547046833,5,0.5248,0.05794997842967675,5,0.9785999999999999,0.012340988615179927,5
RF,RF_n_estimators=100_max_features=log2,fine_cedar,0.6843999999999999,0.08552368093107314,5,0.3678,0.15339719684531394,5,0.3412,0.145741895143435,5,0.931,0.047010637094172615,5,0.335,0.09506576670915771,5,0.45359999999999995,0.3490921081892285,5,0.38079999999999997,0.18108892843020524,5,0.9884000000000001,0.01619567843592854,5
RF,RF_n_estimators=100_max_features=log2,fine_celery,0.6006,0.0754506461204938,5,0.1552,0.09486938389174876,5,0.1384,0.08675713227164668,5,0.7372,0.07367971226871074,5,0.18939999999999999,0.09528798455209343,5,0.1794,0.1912192458932939,5,0.2162,0.154961930808828,5,0.985,0.011045361017187266,5
RF,RF_n_estimators=100_max_features=log2,fine_chamomile,0.7094,0.0570157872873821,5,0.3496,0.134006716249597,5,0.34459999999999996,0.14260715269578872,5,0.8586,0.11043006836908147,5,0.3202,0.19271533410707098,5,0.3056,0.15043370632939945,5,0.4264,0.11110490538225573,5,0.9924,0.005412947441089737,5
RF,RF_n_estimators=100_max_features=log2,fine_cheesy,0.7092,0.05940286188391938,5,0.4676,0.07783829391758275,5,0.4732,0.07530737015724293,5,0.8904,0.03010481689032506,5,0.5012000000000001,0.0713946776727789,5,0.5602,0.13268270422327094,5,0.43339999999999995,0.1252210046278179,5,0.985,0.009460443964212271,5
RF,RF_n_estimators=100_max_features=log2,fine_cherry,0.6254,0.0525195201805957,5,0.2434,0.09047264780031587,5,0.2532,0.09218297022769446,5,0.875,0.037603191353926375,5,0.1974,0.04726838266748715,5,0.2534,0.08430480413357237,5,0.2642,0.10719934701293661,5,0.9869999999999999,0.004743416490252571,5
RF,RF_n_estimators=100_max_features=log2,fine_chocolate,0.636,0.05560125897855193,5,0.23500000000000001,0.09732163171669492,5,0.23600000000000004,0.10463985856259557,5,0.8484,0.050629043048432194,5,0.24620000000000003,0.0901759391412144,5,0.231,0.11788977903109328,5,0.2868,0.11619681579113947,5,0.9852000000000001,0.009757048734120394,5
RF,RF_n_estimators=100_max_features=log2,fine_cinnamon,0.7322,0.0962714911071809,5,0.3906,0.08040708923969328,5,0.3832,0.06946365956383237,5,0.9186,0.034268060931427084,5,0.35140000000000005,0.1050228546555463,5,0.3586,0.10583146979986624,5,0.4768,0.19793862685186037,5,0.9872,0.006906518659932831,5
RF,RF_n_estimators=100_max_features=log2,fine_citrus,0.726,0.06147357155721476,5,0.45099999999999996,0.05160910772334666,5,0.48319999999999996,0.0634405233269714,5,0.885,0.007778174593052037,5,0.5112,0.037090430032556916,5,0.5046,0.06991995423339459,5,0.4948,0.14096524394332105,5,0.9574,0.01837933622305221,5
RF,RF_n_estimators=100_max_features=log2,fine_clean,0.6076,0.0949936840005692,5,0.17980000000000002,0.145107546323408,5,0.1768,0.14178399063363958,5,0.7482,0.05957516260993334,5,0.173,0.12747352666338216,5,0.194,0.17213947833080012,5,0.23700000000000002,0.20722813515543684,5,0.9782,0.02389979079406347,5
RF,RF_n_estimators=100_max_features=log2,fine_clove,0.7647999999999999,0.07205345238085402,5,0.4386,0.04676323342113972,5,0.4266,0.05022250491562522,5,0.9318,0.04917011287357388,5,0.3654,0.08689821632231584,5,0.38580000000000003,0.10809579085237316,5,0.537,0.14790706541609158,5,0.9932000000000001,0.004549725266430936,5
RF,RF_n_estimators=100_max_features=log2,fine_cocoa,0.7196,0.06949676251452294,5,0.3934,0.05691045598130452,5,0.3984,0.05843201177436899,5,0.8534,0.07740348829348717,5,0.382,0.07945438943192502,5,0.3802,0.061957243321503576,5,0.45899999999999996,0.14660320596767318,5,0.9805999999999999,0.009555103348473051,5
RF,RF_n_estimators=100_max_features=log2,fine_coconut,0.7314,0.10533660332477025,5,0.5334000000000001,0.1332790306087195,5,0.502,0.18251986193288666,5,0.8694000000000001,0.0418903330137157,5,0.5132000000000001,0.11064221617447839,5,0.724,0.23881582862113643,5,0.4686,0.21604929992943742,5,0.9942,0.00697853852894719,5
RF,RF_n_estimators=100_max_features=log2,fine_coffee,0.7016,0.09170768779115528,5,0.3276,0.09475916842184719,5,0.3292,0.0929849450179974,5,0.9372,0.012517987058628822,5,0.3574,0.1276706700851844,5,0.294,0.044497190922573975,5,0.42679999999999996,0.19487868020899565,5,0.976,0.013564659966250548,5
RF,RF_n_estimators=100_max_features=log2,fine_cognac,0.7636000000000001,0.07462774283066588,5,0.44299999999999995,0.01936491673103709,5,0.43739999999999996,0.008049844718999253,5,0.9342,0.029183899670880142,5,0.3718,0.10842831733454135,5,0.4072,0.12315518665488676,5,0.549,0.16122034611053288,5,0.9782,0.012833549781724485,5
RF,RF_n_estimators=100_max_features=log2,fine_cooked,0.6744,0.11423353273010513,5,0.162,0.10752441583194024,5,0.14279999999999998,0.08943545158380987,5,0.8186,0.07550033112510171,5,0.128,0.04988486744494767,5,0.089,0.05977039400907443,5,0.4276,0.2748041120507479,5,0.9208000000000001,0.06268731929186318,5
RF,RF_n_estimators=100_max_features=log2,fine_cooling,0.6638,0.08473606080058244,5,0.28559999999999997,0.0954321748678086,5,0.2826,0.10114741716919913,5,0.8878,0.0624355667868884,5,0.2834,0.08418610336629198,5,0.2854,0.09444204572117229,5,0.3466,0.18364721615096705,5,0.9815999999999999,0.020317480158720497,5
RF,RF_n_estimators=100_max_features=log2,fine_cortex,0.5556,0.05512077648219408,5,0.1286,0.1313784609439462,5,0.1238,0.10387348073497875,5,0.7525999999999999,0.10143865141059395,5,0.11099999999999999,0.11348788481595734,5,0.19340000000000002,0.2714061532095395,5,0.1272,0.10639407878260894,5,0.9842000000000001,0.01056882207249226,5
RF,RF_n_estimators=100_max_features=log2,fine_coumarinic,0.6764,0.08985154422713058,5,0.41980000000000006,0.15057622654323624,5,0.40380000000000005,0.14731496868953947,5,0.9154,0.05277594148852299,5,0.4678,0.11033902301543184,5,0.5402,0.21979126461258644,5,0.35760000000000003,0.18093866364047237,5,0.9955999999999999,0.0037815340802378064,5
RF,RF_n_estimators=100_max_features=log2,fine_creamy,0.611,0.043977266854592086,5,0.23500000000000001,0.0747261667690776,5,0.254,0.08482629309359214,5,0.7577999999999999,0.05124158467494934,5,0.24559999999999998,0.055841740660548915,5,0.292,0.08019351594736324,5,0.2492,0.10019580829555697,5,0.9728,0.01967739820199816,5
RF,RF_n_estimators=100_max_features=log2,fine_cucumber,0.7304,0.07577136662354719,5,0.404,0.07701623205532714,5,0.3934,0.07758737010622284,5,0.9394,0.04705103612036614,5,0.4484,0.14964224002600332,5,0.3862,0.150065652299252,5,0.46980000000000005,0.1576981293484485,5,0.991,0.00812403840463595,5
RF,RF_n_estimators=100_max_features=log2,fine_dairy,0.6754,0.09885241524616378,5,0.27959999999999996,0.09879929149543536,5,0.2852,0.08266922039066293,5,0.8184000000000001,0.06433350604467321,5,0.2552,0.10057186485294985,5,0.25339999999999996,0.10098910832362072,5,0.382,0.21386794991302457,5,0.9686,0.01976866206904251,5
RF,RF_n_estimators=100_max_features=log2,fine_dry,0.6157999999999999,0.06893257575341279,5,0.17880000000000001,0.08069510517993021,5,0.19780000000000003,0.07993247149938502,5,0.757,0.029478805945967388,5,0.1518,0.0422397916661529,5,0.1744,0.04024673899833376,5,0.27799999999999997,0.1545137534331491,5,0.9534,0.027391604553220275,5
RF,RF_n_estimators=100_max_features=log2,fine_earthy,0.6524,0.038122172026263126,5,0.28300000000000003,0.06458715042483296,5,0.331,0.05906352512337881,5,0.7684,0.0454620721041177,5,0.29379999999999995,0.04125772654909621,5,0.3114,0.0649099376058859,5,0.3628,0.07847738527754348,5,0.9416,0.01795271567200903,5
RF,RF_n_estimators=100_max_features=log2,fine_ethereal,0.7716000000000001,0.03931030399271929,5,0.5302,0.04449381979556258,5,0.5538000000000001,0.04488540965614547,5,0.9076000000000001,0.029711950457686178,5,0.5868,0.06563687987709349,5,0.5504,0.08238203687697944,5,0.5738,0.08606799637495927,5,0.9693999999999999,0.01132695899171531,5
RF,RF_n_estimators=100_max_features=log2,fine_fatty,0.7692,0.019954949260772372,5,0.5105999999999999,0.005856620185738524,5,0.5693999999999999,0.004335896677735759,5,0.8565999999999999,0.019781304304822795,5,0.5378000000000001,0.0384408636739603,5,0.5416000000000001,0.05613198731561182,5,0.6106,0.0606572336988755,5,0.9274000000000001,0.02110213259365036,5
RF,RF_n_estimators=100_max_features=log2,fine_fermented,0.6706000000000001,0.05351915544924083,5,0.3656,0.08691835249243968,5,0.3666,0.07081878281924929,5,0.8702,0.01779606698121812,5,0.4144,0.053158254297898104,5,0.4426,0.20419671887667537,5,0.3592,0.11833722998279116,5,0.9818,0.015023315213360889,5
RF,RF_n_estimators=100_max_features=log2,fine_fishy,0.6834,0.091084027139779,5,0.42400000000000004,0.09052347761768768,5,0.40120000000000006,0.08709305368397643,5,0.901,0.06293250352560273,5,0.43100000000000005,0.07393240155709811,5,0.5604,0.247867504929549,5,0.3734,0.1867077930885586,5,0.9936,0.005224940191045246,5
RF,RF_n_estimators=100_max_features=log2,fine_floral,0.77,0.022923786772695333,5,0.5034,0.04197380135274857,5,0.62,0.031208973068654496,5,0.8618,0.01870026737776764,5,0.6226,0.03547957158704147,5,0.5622,0.04097194161862481,5,0.6944,0.045374001366421265,5,0.8455999999999999,0.026024987992312298,5
RF,RF_n_estimators=100_max_features=log2,fine_fresh,0.6826000000000001,0.03308020556163457,5,0.2642,0.029961642144582135,5,0.343,0.02726719640887198,5,0.7764,0.016876018487783192,5,0.2926,0.023319519720611744,5,0.25220000000000004,0.03917524728703064,5,0.5808,0.1451092691732682,5,0.7842,0.08992052046112721,5
RF,RF_n_estimators=100_max_features=log2,fine_fruit skin,0.5572,0.07924455817278556,5,0.0868,0.09788615836776923,5,0.0718,0.07291570475556004,5,0.7382,0.08282330589876258,5,0.1036,0.05517970641458688,5,0.125,0.21196226079186833,5,0.1332,0.18750653321951213,5,0.9818,0.030210925176167632,5
RF,RF_n_estimators=100_max_features=log2,fine_fruity,0.7702,0.009093954035511734,5,0.5422,0.014254823744964359,5,0.7162,0.011924764148611097,5,0.859,0.009797958971132715,5,0.805,0.006519202405202681,5,0.7112,0.05775119046392031,5,0.7318,0.08204693778563586,5,0.8089999999999999,0.0712179752590594,5
RF,RF_n_estimators=100_max_features=log2,fine_garlic,0.8346,0.048603497816515205,5,0.5514,0.0817881409496512,5,0.5478,0.09101483395578981,5,0.9753999999999999,0.01553383404057092,5,0.6002,0.1217033278098836,5,0.47400000000000003,0.13427211177307072,5,0.6912,0.10514608884785016,5,0.9778,0.014202112518917752,5
RF,RF_n_estimators=100_max_features=log2,fine_gassy,0.6679999999999999,0.17642420468858575,5,0.1512,0.11575923289310447,5,0.11739999999999999,0.08444406432662985,5,0.9151999999999999,0.07260303023979095,5,0.22119999999999998,0.21630464627464663,5,0.0988,0.09539234770147971,5,0.363,0.38108857238180205,5,0.9730000000000001,0.03163858403911273,5
RF,RF_n_estimators=100_max_features=log2,fine_geranium,0.6592,0.07270625832760205,5,0.3292,0.07130007012619274,5,0.3102,0.05643757613505384,5,0.8732,0.03431763395107545,5,0.24180000000000001,0.0848746134011814,5,0.4058,0.22960117595517668,5,0.3268,0.15163673697359756,5,0.992,0.006782329983125275,5
RF,RF_n_estimators=100_max_features=log2,fine_grape,0.6384000000000001,0.03877241287307252,5,0.361,0.12263767773404712,5,0.32120000000000004,0.11664347388516859,5,0.8291999999999999,0.062090256884635264,5,0.348,0.08740423330708873,5,0.5724,0.29657933171413003,5,0.2964,0.11042780446970771,5,0.9804,0.03881752181682904,5
RF,RF_n_estimators=100_max_features=log2,fine_grapefruit,0.7173999999999999,0.07475158861188165,5,0.3266,0.07811401922830498,5,0.3124,0.07210617171920859,5,0.8896000000000001,0.04516968009627698,5,0.3382,0.12062006466587555,5,0.2824,0.1701346525549689,5,0.45599999999999996,0.15960419793977848,5,0.9783999999999999,0.012481987021303952,5
RF,RF_n_estimators=100_max_features=log2,fine_grassy,0.5668,0.053415353598005914,5,0.1082,0.08478030431650974,5,0.1186,0.08333846650856974,5,0.7354,0.042664973924754705,5,0.0864,0.04617141973125799,5,0.0988,0.06804924687312859,5,0.1502,0.10964807339848703,5,0.9837999999999999,0.004438468204234456,5
RF,RF_n_estimators=100_max_features=log2,fine_green,0.733,0.0211541958013062,5,0.4346,0.04968198868805474,5,0.6154,0.0307782390659375,5,0.8178000000000001,0.019791412279066868,5,0.6696,0.03202030605725055,5,0.5288,0.07115265279664561,5,0.7522,0.06797205308065957,5,0.7138,0.09847690084481744,5
RF,RF_n_estimators=100_max_features=log2,fine_hawthorn,0.6452,0.1674386454794711,5,0.2622,0.20969430130549566,5,0.22880000000000003,0.16268128349628916,5,0.914,0.09399999999999996,5,0.2486,0.22342179839935045,5,0.3304,0.3872315844556071,5,0.3008,0.34283771671156604,5,0.99,0.01007472083980496,5
RF,RF_n_estimators=100_max_features=log2,fine_hay,0.5944,0.030875556675143526,5,0.1626,0.05030208743183527,5,0.1736,0.04689669497949723,5,0.7744,0.05901101592075842,5,0.1206,0.027736257858622528,5,0.154,0.05105389309347525,5,0.20779999999999998,0.061779446420310365,5,0.9818,0.007758865896508338,5
RF,RF_n_estimators=100_max_features=log2,fine_hazelnut,0.7486,0.10946369261083787,5,0.30999999999999994,0.07678215938614907,5,0.2754,0.12057694638694413,5,0.8878,0.06485522338254641,5,0.3464,0.08774280597291154,5,0.2584,0.15883261629778692,5,0.5282,0.25026925500348624,5,0.9686,0.03312551886386082,5
RF,RF_n_estimators=100_max_features=log2,fine_herbal,0.6836,0.015208550226763855,5,0.3398,0.05647742911995908,5,0.4394,0.0379117396066179,5,0.7862,0.026527344382730807,5,0.44000000000000006,0.053446234666251285,5,0.41500000000000004,0.13187683648010365,5,0.5344,0.13516397449024647,5,0.8324,0.11814524958710779,5
RF,RF_n_estimators=100_max_features=log2,fine_honey,0.6774,0.0921862245674483,5,0.31720000000000004,0.04678888756959283,5,0.3128,0.05944493250059251,5,0.8455999999999999,0.028395422166257695,5,0.36740000000000006,0.11095629770319483,5,0.352,0.11719001663964386,5,0.39039999999999997,0.22338934620970624,5,0.9642,0.04166773331968035,5
RF,RF_n_estimators=100_max_features=log2,fine_hyacinth,0.5894,0.06822609471455918,5,0.2582,0.19889243323967856,5,0.2366,0.18782917771209034,5,0.837,0.05345091205957107,5,0.188,0.1245391504708459,5,0.40700000000000003,0.31628942442010294,5,0.182,0.13724612927146618,5,0.9968,0.004438468204234458,5
RF,RF_n_estimators=100_max_features=log2,fine_jasmin,0.686,0.04637887450122092,5,0.39560000000000006,0.10325357136680552,5,0.4002,0.10019331315012994,5,0.8484,0.07919153995219443,5,0.37439999999999996,0.11910625508343381,5,0.446,0.16022484201895787,5,0.38380000000000003,0.09143959754942058,5,0.9882,0.00794984276574074,5
RF,RF_n_estimators=100_max_features=log2,fine_juicy,0.6115999999999999,0.08304697465892419,5,0.1332,0.0766792018737806,5,0.122,0.07172865536171719,5,0.7926,0.09153851648349999,5,0.1036,0.052386066849879086,5,0.1086,0.07633347889360212,5,0.2526,0.17935662797900723,5,0.9708,0.022476654555338083,5
RF,RF_n_estimators=100_max_features=log2,fine_ketonic,0.8140000000000001,0.06792275023878229,5,0.557,0.13990889893069702,5,0.5549999999999999,0.14226559668451116,5,0.9076000000000001,0.05413686359589,5,0.5146,0.11958804288054882,5,0.5024,0.15840075757394598,5,0.634,0.13469409786623912,5,0.9938,0.0021679483388679344,5
RF,RF_n_estimators=100_max_features=log2,fine_lactonic,0.7310000000000001,0.11942989575478992,5,0.3806,0.1293959041082831,5,0.3722,0.11809826417013927,5,0.9038,0.06913899044678044,5,0.3448,0.17919737721294918,5,0.34199999999999997,0.12105164187238436,5,0.4756,0.24475763522309169,5,0.9868,0.00912140340079311,5
RF,RF_n_estimators=100_max_features=log2,fine_lavender,0.6348,0.1202526506984357,5,0.263,0.1791130927654369,5,0.2516,0.18012023761920815,5,0.8648,0.11724205730027085,5,0.23499999999999996,0.13116401945655673,5,0.3038,0.1878914580282989,5,0.2738,0.24179164584410273,5,0.9962,0.0019235384061671416,5
RF,RF_n_estimators=100_max_features=log2,fine_leafy,0.5804,0.027987497208575095,5,0.167,0.08346256645946135,5,0.1772,0.07306640815039425,5,0.7415999999999999,0.07000928509847817,5,0.15560000000000002,0.05454631059934301,5,0.2254,0.16009153631594644,5,0.1988,0.07620498671346909,5,0.962,0.040718546143004644,5
RF,RF_n_estimators=100_max_features=log2,fine_leathery,0.6038,0.02125323504786979,5,0.2264,0.10503475615242795,5,0.2162,0.09202282325597275,5,0.8064,0.055301898701581635,5,0.2246,0.029108418026406034,5,0.2954,0.2429594616391797,5,0.21879999999999997,0.04255819545046523,5,0.9892,0.009148770409186121,5
RF,RF_n_estimators=100_max_features=log2,fine_lemon,0.6588,0.07333621206470924,5,0.3156,0.06876263520255751,5,0.29660000000000003,0.05394256204519767,5,0.8667999999999999,0.06231933889251394,5,0.3532,0.1324677319198906,5,0.39039999999999997,0.24604430495339655,5,0.33120000000000005,0.1560983664232269,5,0.9868,0.010568822072492283,5
RF,RF_n_estimators=100_max_features=log2,fine_lily,0.6692,0.07144368411553256,5,0.2746,0.047589914898011725,5,0.27080000000000004,0.03950569579187285,5,0.849,0.03003331483536238,5,0.215,0.06443213483969006,5,0.25060000000000004,0.07321406968609244,5,0.3558,0.15244080818468528,5,0.983,0.010535653752852737,5
RF,RF_n_estimators=100_max_features=log2,fine_malty,0.7216,0.08792781129995218,5,0.3888,0.13829931308578505,5,0.32680000000000003,0.12927954207839693,5,0.8858,0.06275109560796527,5,0.6068,0.08502176192011082,5,0.5038,0.45554604597120585,5,0.4556,0.19002315648362433,5,0.9878,0.016006248779773503,5
RF,RF_n_estimators=100_max_features=log2,fine_meaty,0.8202,0.02758079041651994,5,0.5418000000000001,0.03103546358603326,5,0.564,0.027285527299284507,5,0.9384,0.01266096362841308,5,0.5690000000000001,0.033241540277189306,5,0.4796,0.028806249321978745,5,0.6886,0.06006080252544083,5,0.9517999999999999,0.006572670690061994,5
RF,RF_n_estimators=100_max_features=log2,fine_medicinal,0.6536,0.03893969696851786,5,0.3546,0.10490138225972048,5,0.3524,0.09623305045565167,5,0.8757999999999999,0.040014997188554176,5,0.3062,0.0627670295617054,5,0.43339999999999995,0.18282724085868607,5,0.3148,0.07854743789583464,5,0.993,0.004183300132670372,5
RF,RF_n_estimators=100_max_features=log2,fine_melon,0.6206,0.043275859321335236,5,0.3088,0.07283337147214865,5,0.3064,0.08459491710498923,5,0.8480000000000001,0.022158519806160376,5,0.2976,0.06379890281188227,5,0.4311999999999999,0.08339484396531961,5,0.2504,0.09008495989897537,5,0.9906,0.004878524367060182,5
RF,RF_n_estimators=100_max_features=log2,fine_metallic,0.6008,0.05993913579623918,5,0.1584,0.05257661076942864,5,0.1714,0.05103234268579094,5,0.7318,0.048225511920559246,5,0.1182,0.02869146214468687,5,0.15940000000000001,0.027005554984113906,5,0.2366,0.13896150546104485,5,0.9650000000000001,0.02182887995294305,5
RF,RF_n_estimators=100_max_features=log2,fine_milky,0.6172000000000001,0.058396917726880083,5,0.2204,0.07756481160938895,5,0.22359999999999997,0.08509582833488372,5,0.8006,0.027226825007701492,5,0.20179999999999998,0.09182973374675547,5,0.24180000000000001,0.076845299140546,5,0.2504,0.12277336844772159,5,0.9843999999999999,0.010334408546211052,5
RF,RF_n_estimators=100_max_features=log2,fine_mint,0.6958,0.03661557045848118,5,0.4366,0.0667779903860546,5,0.44939999999999997,0.05602053195034836,5,0.8878,0.017922053453775948,5,0.4824,0.05513891547718363,5,0.5294,0.1557298943684224,5,0.41180000000000005,0.07753837759458215,5,0.9800000000000001,0.010816653826391959,5
RF,RF_n_estimators=100_max_features=log2,fine_muguet,0.6446,0.10213128805610942,5,0.24380000000000002,0.165943363832363,5,0.2408,0.16218261312483528,5,0.8986000000000001,0.03419502887847879,5,0.2218,0.13739614259505253,5,0.2346,0.1922298103833014,5,0.305,0.212235718011837,5,0.9846,0.015883954167649816,5
RF,RF_n_estimators=100_max_features=log2,fine_mushroom,0.6641999999999999,0.05923850099386378,5,0.27779999999999994,0.06526254668644184,5,0.2812,0.06772887124410092,5,0.8465999999999999,0.059969158740139104,5,0.298,0.10150123151962247,5,0.2658,0.0849511624405458,5,0.35259999999999997,0.12812806093904644,5,0.976,0.01677796173556253,5
RF,RF_n_estimators=100_max_features=log2,fine_musk,0.778,0.028714108030722434,5,0.6426000000000001,0.06395545324677167,5,0.632,0.05145872132107442,5,0.9004,0.04650591360246566,5,0.6746,0.048880466446219586,5,0.7708,0.19954623524386525,5,0.5604,0.062472393903227376,5,0.9954000000000001,0.005549774770204639,5
RF,RF_n_estimators=100_max_features=log2,fine_musty,0.5984,0.04671509392048783,5,0.1562,0.057772830984815,5,0.18880000000000002,0.05865321815552835,5,0.7354,0.02998833106393224,5,0.14100000000000001,0.03354847239443251,5,0.1612,0.040904767448306074,5,0.254,0.11476497723608887,5,0.9428000000000001,0.02961756235749321,5
RF,RF_n_estimators=100_max_features=log2,fine_natural,0.629,0.10972693379476164,5,0.0944,0.06732978538507307,5,0.0772,0.04623526792395606,5,0.7605999999999999,0.041271055232450754,5,0.054000000000000006,0.01889444362769118,5,0.04479999999999999,0.026565014586858407,5,0.3566,0.3056939646116685,5,0.9014,0.08894548892439683,5
RF,RF_n_estimators=100_max_features=log2,fine_nutty,0.7176,0.013501851724856104,5,0.4676,0.029846272799128545,5,0.5006,0.02501599488327419,5,0.851,0.03126499640172696,5,0.4842000000000001,0.04413275427616094,5,0.5462,0.06769564240037906,5,0.46719999999999995,0.031665438572677305,5,0.9682000000000001,0.009549869109050684,5
RF,RF_n_estimators=100_max_features=log2,fine_odorless,0.897,0.0230217288664427,5,0.7024,0.06364982325191483,5,0.7078,0.06781002875681448,5,0.9757999999999999,0.014855975228843108,5,0.8408,0.05246617958266066,5,0.6336,0.1062087567011308,5,0.8150000000000001,0.0487339717240448,5,0.9785999999999999,0.010212737145349477,5
RF,RF_n_estimators=100_max_features=log2,fine_oily,0.6942,0.02137054047047006,5,0.38780000000000003,0.028865203966021092,5,0.434,0.027358728040608907,5,0.8272,0.01554670383071597,5,0.39699999999999996,0.024738633753705965,5,0.4368,0.04334397305277862,5,0.4364,0.04938927008976746,5,0.9516,0.009710818709048207,5
RF,RF_n_estimators=100_max_features=log2,fine_onion,0.8388,0.07152412180516446,5,0.5267999999999999,0.048038526205536336,5,0.521,0.055140729048499156,5,0.9757999999999999,0.005449770637375483,5,0.6406000000000001,0.05520235502222703,5,0.43479999999999996,0.09635195898371764,5,0.7162,0.15906193762179557,5,0.9616,0.019526904516589397,5
RF,RF_n_estimators=100_max_features=log2,fine_orange,0.7266,0.05496180491941654,5,0.3484,0.0818400879764923,5,0.3518,0.0768518054439842,5,0.8914,0.044037484033491295,5,0.2982,0.07441572414483381,5,0.2784,0.05926466063346689,5,0.4782,0.10869314605806567,5,0.9753999999999999,0.002880972058177553,5
RF,RF_n_estimators=100_max_features=log2,fine_orangeflower,0.7716000000000001,0.15894747560121866,5,0.3466,0.2015757921973767,5,0.3144,0.19311861639935182,5,0.9132,0.06608857692521455,5,0.3382,0.15586115616150165,5,0.2384,0.17866952734028263,5,0.554,0.3252422174318703,5,0.9892,0.007949842765740728,5
RF,RF_n_estimators=100_max_features=log2,fine_orris,0.6308,0.08007933566157999,5,0.2712,0.1242847536908691,5,0.263,0.11653969280893099,5,0.8084,0.0684930653424126,5,0.2468,0.08068271190286058,5,0.3276,0.2150599916302426,5,0.2706,0.162715395706737,5,0.9914,0.00477493455452536,5
RF,RF_n_estimators=100_max_features=log2,fine_ozone,0.5598,0.0631363603638981,5,0.0994,0.11047081062434547,5,0.086,0.09804080783020916,5,0.876,0.07859707373687648,5,0.185,0.078835271294009,5,0.1386,0.21360898857491928,5,0.1388,0.14948478183413855,5,0.9810000000000001,0.032687918257362274,5
RF,RF_n_estimators=100_max_features=log2,fine_peach,0.6448,0.026817904466978792,5,0.3032,0.09945199847162452,5,0.2954,0.08547104772962598,5,0.8462,0.02153369452741449,5,0.321,0.028757607689096822,5,0.3746,0.24467079923848697,5,0.308,0.06412487816752557,5,0.9815999999999999,0.018420097719610503,5
RF,RF_n_estimators=100_max_features=log2,fine_pear,0.7363999999999999,0.07374483032728467,5,0.36419999999999997,0.07369328327602183,5,0.3658,0.07456339584541466,5,0.8994,0.03093218388668996,5,0.317,0.04843036237733516,5,0.3048,0.07373398131119736,5,0.5064,0.16278912740106447,5,0.9662,0.019292485583770672,5
RF,RF_n_estimators=100_max_features=log2,fine_phenolic,0.7268,0.07779588678072895,5,0.48040000000000005,0.08335946257024454,5,0.48760000000000003,0.09070170891444106,5,0.9006000000000001,0.0359277051869445,5,0.471,0.08437712960275431,5,0.5444,0.06978753470355574,5,0.4692,0.16087479603716673,5,0.9846,0.007266360849833997,5
RF,RF_n_estimators=100_max_features=log2,fine_pine,0.7592000000000001,0.06163359473533897,5,0.491,0.04764451699828641,5,0.4922000000000001,0.04966084977122322,5,0.9390000000000001,0.049527769988159144,5,0.42119999999999996,0.04717732506194051,5,0.485,0.0784346862045103,5,0.5269999999999999,0.12720062892926276,5,0.991,0.004636809247747853,5
RF,RF_n_estimators=100_max_features=log2,fine_pineapple,0.7502,0.05095782569929765,5,0.4126,0.0813037514509632,5,0.43220000000000003,0.07694933398022365,5,0.8987999999999999,0.031204166388480843,5,0.42460000000000003,0.1045624215480877,5,0.3606,0.0649907685752369,5,0.5412,0.1015662345467233,5,0.959,0.005873670062235403,5
RF,RF_n_estimators=100_max_features=log2,fine_plum,0.581,0.015748015748023644,5,0.1346,0.03495425582100125,5,0.144,0.03530580688781946,5,0.8088000000000001,0.047483681407405644,5,0.11179999999999998,0.0464510495037518,5,0.1242,0.03930903204099536,5,0.1802,0.03007823133098089,5,0.9823999999999999,0.0085322916030806,5
RF,RF_n_estimators=100_max_features=log2,fine_popcorn,0.8184000000000001,0.0996182714164425,5,0.5342,0.07623122719725821,5,0.52,0.06723466367878998,5,0.9882,0.004969909455915672,5,0.5924,0.19045550661506222,5,0.471,0.11716868182240513,5,0.6428,0.20187917178352005,5,0.9942,0.003420526275297418,5
RF,RF_n_estimators=100_max_features=log2,fine_potato,0.6599999999999999,0.1376862375112342,5,0.2484,0.17158758696362625,5,0.227,0.17337964125006142,5,0.9346,0.04655426940679018,5,0.2472,0.09072320541074373,5,0.25739999999999996,0.1881828897641866,5,0.32999999999999996,0.2825216805839863,5,0.9902,0.008043631020876083,5
RF,RF_n_estimators=100_max_features=log2,fine_powdery,0.6534,0.06890065311736893,5,0.24420000000000003,0.0770791800682908,5,0.2632,0.07372719986544994,5,0.8356,0.059944140664455255,5,0.23079999999999998,0.10691445178272208,5,0.2234,0.042193601410640456,5,0.3482,0.1535942707264825,5,0.9581999999999999,0.016177144370994496,5
RF,RF_n_estimators=100_max_features=log2,fine_pungent,0.6824,0.047589914898011725,5,0.325,0.04847679857416328,5,0.34619999999999995,0.05014678454297942,5,0.8744,0.022578751072634684,5,0.3266,0.06012736481835871,5,0.3244,0.07338460328979099,5,0.4032,0.1147070180939248,5,0.9612,0.02381596103456672,5
RF,RF_n_estimators=100_max_features=log2,fine_radish,0.671,0.06233377896453897,5,0.35300000000000004,0.10984989758757174,5,0.34700000000000003,0.1161981066971403,5,0.8754,0.05470191952756318,5,0.3334,0.10979435322456252,5,0.3978,0.1568572599531179,5,0.3502,0.1263930377829412,5,0.992,0.0076485292703892096,5
RF,RF_n_estimators=100_max_features=log2,fine_raspberry,0.5898,0.1004051791492849,5,0.0856,0.06920476862182258,5,0.0758,0.04632170117774173,5,0.806,0.0893448375677073,5,0.0824,0.08263655365514706,5,0.0538,0.033862959114643244,5,0.2042,0.21927767784250177,5,0.9753999999999999,0.019856988694160044,5
RF,RF_n_estimators=100_max_features=log2,fine_ripe,0.6439999999999999,0.05300943312279427,5,0.18580000000000002,0.04830838436544946,5,0.1864,0.038894729720104756,5,0.7868,0.09900858548631022,5,0.12200000000000003,0.052096065110524434,5,0.13620000000000002,0.029911536236041092,5,0.32480000000000003,0.11208345105322196,5,0.9635999999999999,0.010406728592598145,5
RF,RF_n_estimators=100_max_features=log2,fine_roasted,0.7924,0.05571624538678108,5,0.5132,0.026347675419285118,5,0.5359999999999999,0.027221315177632356,5,0.9336,0.01840652058374965,5,0.5428,0.048566449324610864,5,0.4842000000000001,0.06914622187798844,5,0.6317999999999999,0.13362522217006786,5,0.9532,0.02361567276196037,5
RF,RF_n_estimators=100_max_features=log2,fine_rose,0.7013999999999999,0.06851496186965299,5,0.4202,0.052208236898022106,5,0.4408,0.08062071694049863,5,0.89,0.019118054294305173,5,0.48860000000000003,0.05951722439764812,5,0.506,0.09730364844136115,5,0.438,0.15730543537970965,5,0.9645999999999999,0.02178990591994381,5
RF,RF_n_estimators=100_max_features=log2,fine_rummy,0.5988,0.06099754093404096,5,0.1842,0.07079689258717504,5,0.1914,0.068878879201102,5,0.8240000000000001,0.050363677387577646,5,0.18719999999999998,0.06293409250954525,5,0.2,0.061461369981476985,5,0.21339999999999998,0.12988186940447077,5,0.9837999999999999,0.010521406750050137,5
RF,RF_n_estimators=100_max_features=log2,fine_sandalwood,0.7118,0.13226942201431138,5,0.5422,0.1750762690943579,5,0.499,0.2159953703207548,5,0.9484,0.04622553406938636,5,0.6006,0.14932447890416362,5,0.7962,0.19040273107284988,5,0.4248,0.26485127902277533,5,0.999,0.000999999999999987,5
RF,RF_n_estimators=100_max_features=log2,fine_savory,0.7638,0.026451843035977696,5,0.3438,0.025351528553521192,5,0.33399999999999996,0.01927433526739639,5,0.8821999999999999,0.023004347415217025,5,0.2656,0.030352924076602564,5,0.2352,0.010825894882179493,5,0.5774,0.05574764569019932,5,0.9503999999999999,0.003781534080237783,5
RF,RF_n_estimators=100_max_features=log2,fine_sharp,0.6078,0.07979786964574927,5,0.20099999999999998,0.10083402203621551,5,0.2032,0.11446047352689052,5,0.812,0.06980329505116506,5,0.1718,0.056197864728119336,5,0.2294,0.03712546296007633,5,0.23159999999999997,0.17071408846372346,5,0.984,0.011661903789690627,5
RF,RF_n_estimators=100_max_features=log2,fine_smoky,0.6546000000000001,0.08352125477984634,5,0.3262,0.10397451610851574,5,0.32320000000000004,0.10493188266680435,5,0.9277999999999998,0.04414408227611034,5,0.337,0.09407178110358067,5,0.3768,0.10421228334510285,5,0.3168,0.16980930480983658,5,0.9926,0.003974921382870336,5
RF,RF_n_estimators=100_max_features=log2,fine_soapy,0.5494,0.05401666409544373,5,0.097,0.11920989891783317,5,0.0924,0.10278764517197579,5,0.8096,0.06622914766173578,5,0.11379999999999998,0.08511874059218687,5,0.1318,0.21081318744329067,5,0.11040000000000001,0.11503173475176318,5,0.9890000000000001,0.010344080432788588,5
RF,RF_n_estimators=100_max_features=log2,fine_solvent,0.673,0.14008033409440457,5,0.33120000000000005,0.20344458705013513,5,0.3166,0.201295305459417,5,0.8998000000000002,0.059587750419024865,5,0.3324,0.1293108657460772,5,0.37120000000000003,0.24171822438533674,5,0.35259999999999997,0.28355034826287906,5,0.9938,0.004658325879540822,5
RF,RF_n_estimators=100_max_features=log2,fine_sour,0.6846,0.031221787264665006,5,0.4184,0.06336244944760262,5,0.4192,0.05971348256466038,5,0.79,0.07592101158440923,5,0.3366,0.08439964454901454,5,0.4908,0.11207452877438298,5,0.3754,0.06352401120836121,5,0.994,0.002549509756796399,5
RF,RF_n_estimators=100_max_features=log2,fine_spicy,0.6536000000000001,0.019756011743264384,5,0.333,0.05047276493317954,5,0.3874,0.041367861922028286,5,0.8082,0.005630275304103634,5,0.3956,0.03359017713558531,5,0.42919999999999997,0.07884605253276795,5,0.3586,0.04136181814185638,5,0.9490000000000001,0.01599999999999999,5
RF,RF_n_estimators=100_max_features=log2,fine_strawberry,0.5896,0.08450029585747022,5,0.08020000000000001,0.07247206358314906,5,0.06999999999999999,0.057493477890974726,5,0.7462,0.09717355607365617,5,0.0998,0.07201874755922932,5,0.0436,0.035004285451927165,5,0.2172,0.19099528789998985,5,0.962,0.027613402542968186,5
RF,RF_n_estimators=100_max_features=log2,fine_sulfurous,0.9324,0.026735743864721617,5,0.7372,0.024873680869545646,5,0.7484,0.025412595302329935,5,0.9804,0.0027928480087537847,5,0.7622,0.030711561340967364,5,0.6384000000000001,0.045774447020144354,5,0.9106,0.062107165448118805,5,0.9538,0.011388590782006306,5
RF,RF_n_estimators=100_max_features=log2,fine_sweaty,0.5862,0.08314866204575999,5,0.1476,0.1399617804973915,5,0.1504,0.13776175085995387,5,0.7806,0.14492342805771602,5,0.1744,0.13240770370337218,5,0.13440000000000002,0.1239628976750705,5,0.1776,0.16833983485794443,5,0.9945999999999999,0.0024083189157584717,5
RF,RF_n_estimators=100_max_features=log2,fine_sweet,0.6822,0.0326833290838005,5,0.33899999999999997,0.06153048025166062,5,0.5542,0.03331966386385077,5,0.7518,0.02106418761785038,5,0.5492,0.023615672761960405,5,0.47140000000000004,0.05847478088885841,5,0.6868000000000001,0.07024030182167498,5,0.6769999999999999,0.11897688851201317,5
RF,RF_n_estimators=100_max_features=log2,fine_tea,0.523,0.03832753579347358,5,0.0338,0.05451788697299263,5,0.0386,0.052913136365178734,5,0.6864,0.11838200876822455,5,0.06420000000000001,0.0276983754036225,5,0.0372,0.0557377789295555,5,0.056600000000000004,0.08785101023892668,5,0.9902,0.012132600710482472,5
RF,RF_n_estimators=100_max_features=log2,fine_terpenic,0.722,0.17717082152544195,5,0.3608,0.2510810626072783,5,0.348,0.2371782030457268,5,0.9544,0.039093477716877496,5,0.37560000000000004,0.1620857797587438,5,0.321,0.2419535079307593,5,0.4526,0.35730351243725555,5,0.9916,0.007092249290598896,5
RF,RF_n_estimators=100_max_features=log2,fine_tobacco,0.6891999999999999,0.07928871294200703,5,0.25620000000000004,0.06314823829688362,5,0.2464,0.05856876300554759,5,0.8492000000000001,0.05526934050628798,5,0.25460000000000005,0.09433080090829296,5,0.2082,0.11818079370185326,5,0.42000000000000004,0.18953891421024863,5,0.9578,0.031924911902775834,5
RF,RF_n_estimators=100_max_features=log2,fine_tomato,0.6798,0.1258717601370538,5,0.1604,0.11253577209047796,5,0.1274,0.0917812617041191,5,0.8162,0.07263401407054411,5,0.168,0.09026904231241184,5,0.079,0.06077417214573968,5,0.3954,0.278084159922855,5,0.9640000000000001,0.03453259329966394,5
RF,RF_n_estimators=100_max_features=log2,fine_tropical,0.6986,0.02089976076418097,5,0.33399999999999996,0.03035621847332108,5,0.3856,0.03496140729432955,5,0.8164,0.030956420981760775,5,0.351,0.028257742301889606,5,0.32999999999999996,0.05782732917920385,5,0.4852,0.07051737374576565,5,0.9120000000000001,0.03565809865935088,5
RF,RF_n_estimators=100_max_features=log2,fine_vanilla,0.7518,0.09012602287907745,5,0.5032,0.08325683155153096,5,0.5012000000000001,0.08534166625980538,5,0.9182,0.03298029714844907,5,0.5631999999999999,0.08922555687693967,5,0.5378000000000001,0.1087506321820706,5,0.515,0.18704143925879102,5,0.9885999999999999,0.007987490219086353,5
RF,RF_n_estimators=100_max_features=log2,fine_vegetable,0.7455999999999999,0.019743353311937707,5,0.3764,0.03518948706645211,5,0.4034,0.04139202821800353,5,0.851,0.03798025802966586,5,0.37120000000000003,0.025003999680051178,5,0.3198,0.06380595583485918,5,0.5730000000000001,0.0701569668671615,5,0.9186,0.03863677005133841,5
RF,RF_n_estimators=100_max_features=log2,fine_vetiver,0.5946,0.04053763683294822,5,0.205,0.04823380557244058,5,0.1786,0.04734765041688975,5,0.9054,0.04875756351582796,5,0.2004,0.05589991055449016,5,0.3054,0.202332152659927,5,0.1976,0.08981814961353857,5,0.9916,0.00991463564635635,5
RF,RF_n_estimators=100_max_features=log2,fine_violet,0.7222,0.06319572770369844,5,0.3758,0.03798947222586807,5,0.3702,0.0500019999600016,5,0.9054,0.05395183036746758,5,0.422,0.06431562796086189,5,0.3472,0.10115186602332159,5,0.4596,0.13871301308817427,5,0.985,0.014899664425751368,5
RF,RF_n_estimators=100_max_features=log2,fine_warm,0.5542,0.04801770506802672,5,0.1008,0.07930762888902934,5,0.11280000000000001,0.08362236542935149,5,0.6436,0.10214352647133348,5,0.0962,0.05173200170107474,5,0.11299999999999999,0.06986057543421755,5,0.123,0.10540161289088512,5,0.9852000000000001,0.011300442469213376,5
RF,RF_n_estimators=100_max_features=log2,fine_waxy,0.7746000000000001,0.012033287165193073,5,0.495,0.02230470802319546,5,0.5454000000000001,0.02122027332528966,5,0.8876,0.011013627921806738,5,0.5414000000000001,0.012136721138759068,5,0.4896,0.040445024415866074,5,0.6202,0.033929338337197225,5,0.9286,0.015192103211866344,5
RF,RF_n_estimators=100_max_features=log2,fine_weedy,0.5172,0.0614223086508477,5,0.028200000000000003,0.05622010316603839,5,0.0344,0.047151882252991766,5,0.6234,0.12111894979729639,5,0.03319999999999999,0.022072607458114228,5,0.0262,0.036785866851278624,5,0.0682,0.10900091742733177,5,0.9663999999999999,0.05090481313196228,5
RF,RF_n_estimators=100_max_features=log2,fine_winey,0.7226,0.05897711420542716,5,0.36879999999999996,0.07166030979559047,5,0.3914,0.06262427644292587,5,0.8912000000000001,0.027040710049848926,5,0.33599999999999997,0.0607165545794555,5,0.33399999999999996,0.07012845356914696,5,0.49139999999999995,0.12390036319559357,5,0.9533999999999999,0.012973048986263782,5
RF,RF_n_estimators=100_max_features=log2,fine_woody,0.7832,0.024468346899617056,5,0.5006,0.04255937029609343,5,0.5702,0.03675187070068678,5,0.8582000000000001,0.016946976131451894,5,0.6064,0.03628084894265846,5,0.4984,0.06194594417716144,5,0.6769999999999999,0.06312685640834652,5,0.8897999999999999,0.0322211110919534,5
RF,RF_n_estimators=100_max_features=sqrt,fine_alcoholic,0.8224,0.059180233186428025,5,0.6072,0.04105118755894888,5,0.6078,0.04059802950883208,5,0.9491999999999999,0.029414282245195045,5,0.6607999999999999,0.08225995380499555,5,0.592,0.10584186317332096,5,0.6556,0.12306624232501781,5,0.9896,0.004722287581247067,5
RF,RF_n_estimators=100_max_features=sqrt,fine_aldehydic,0.7184,0.06836519582360602,5,0.382,0.0463303356344415,5,0.3868,0.04050555517456834,5,0.9012,0.041811481676687814,5,0.3754,0.07877055287351993,5,0.3722,0.1234917001259599,5,0.4654,0.15586147695951041,5,0.9718,0.020801442257689762,5
RF,RF_n_estimators=100_max_features=sqrt,fine_alliaceous,0.7609999999999999,0.05663038053907109,5,0.4162,0.03406170870640519,5,0.4152,0.05049455416181037,5,0.9603999999999999,0.003577708763999657,5,0.429,0.028870400066504112,5,0.3598,0.10050721367145743,5,0.5509999999999999,0.13100572506573901,5,0.9705999999999999,0.018365728953678932,5
RF,RF_n_estimators=100_max_features=sqrt,fine_almond,0.6402,0.06828762699054636,5,0.3064,0.09001277687084204,5,0.29900000000000004,0.10114346246792226,5,0.8926000000000001,0.03995997997997495,5,0.292,0.07012488859171184,5,0.386,0.13187683648010368,5,0.29159999999999997,0.14118888058200618,5,0.9885999999999999,0.01130486620885008,5
RF,RF_n_estimators=100_max_features=sqrt,fine_amber,0.6956,0.0642674100925189,5,0.379,0.08144937077718893,5,0.3844,0.07237610102789456,5,0.9134,0.02504595775769015,5,0.3414,0.06660180177742943,5,0.3942,0.11819983079514115,5,0.40459999999999996,0.13002807389175614,5,0.9864,0.005412947441089737,5
RF,RF_n_estimators=100_max_features=sqrt,fine_animal,0.6434,0.036239481232490045,5,0.3412,0.06824734427067472,5,0.3372,0.051528632817104715,5,0.7891999999999999,0.03977059215048226,5,0.26020000000000004,0.0716289047801235,5,0.4558,0.21939849589274765,5,0.2992,0.07671179831029903,5,0.9878,0.007918333157931669,5
RF,RF_n_estimators=100_max_features=sqrt,fine_anisic,0.6796,0.0726450273590698,5,0.3666,0.15095131665540384,5,0.36819999999999997,0.1447193836360562,5,0.843,0.07305819598101226,5,0.3516,0.1791027637977706,5,0.4034,0.2126212595203029,5,0.3726,0.1468853294240102,5,0.9869999999999999,0.010816653826391983,5
RF,RF_n_estimators=100_max_features=sqrt,fine_apple,0.7649999999999999,0.0779262471828331,5,0.44580000000000003,0.04910397132615648,5,0.46340000000000003,0.029271146202361105,5,0.907,0.026580067720004014,5,0.4896,0.0459597650124541,5,0.4242,0.1340846747395093,5,0.5946,0.19173888494512528,5,0.9358000000000001,0.0384148408821382,5
RF,RF_n_estimators=100_max_features=sqrt,fine_apricot,0.605,0.0732768722039908,5,0.18580000000000002,0.06833520322644837,5,0.1868,0.05978879493684414,5,0.852,0.035327043465311396,5,0.1278,0.043008138764657096,5,0.19860000000000003,0.08684065868013668,5,0.2286,0.1625247673433191,5,0.9818,0.017093858546273297,5
RF,RF_n_estimators=100_max_features=sqrt,fine_aromatic,0.5506,0.10572275062634344,5,0.039,0.07093306704210667,5,0.0366,0.05011786108764021,5,0.7296,0.049490403110098016,5,0.0648,0.025133642792082488,5,0.032,0.04899489769353539,5,0.15299999999999997,0.30092690142292033,5,0.9488,0.09148606451258025,5
RF,RF_n_estimators=100_max_features=sqrt,fine_balsamic,0.7258,0.0522369600953195,5,0.4368,0.0730937753847754,5,0.46099999999999997,0.06423394741100691,5,0.8888,0.021970434679359458,5,0.49380000000000007,0.07688432870227846,5,0.4726,0.151828192375461,5,0.4944,0.11854661530385424,5,0.9576,0.02534363825499406,5
RF,RF_n_estimators=100_max_features=sqrt,fine_banana,0.7243999999999999,0.12154957836208234,5,0.395,0.13189200127376943,5,0.3864,0.13750927241462665,5,0.8936,0.045697921178101716,5,0.404,0.1328589477603974,5,0.40519999999999995,0.15020885459918798,5,0.47240000000000004,0.2583849840838279,5,0.9768000000000001,0.021879213879844983,5
RF,RF_n_estimators=100_max_features=sqrt,fine_beefy,0.6458,0.16601716778694905,5,0.2032,0.17712481474937386,5,0.1834,0.1738484972612648,5,0.9067999999999999,0.04144514446832096,5,0.2274,0.1269283262317754,5,0.197,0.19194269978303422,5,0.30820000000000003,0.3579339324512276,5,0.9832000000000001,0.029794294755875625,5
RF,RF_n_estimators=100_max_features=sqrt,fine_bergamot,0.6626,0.15805948247416224,5,0.23759999999999998,0.2266170779089696,5,0.22679999999999997,0.2178696858215938,5,0.9186,0.058062896930828375,5,0.3214,0.26297015039734073,5,0.192,0.17380880299915766,5,0.3358,0.3180058175568491,5,0.9894000000000001,0.01176010204037364,5
RF,RF_n_estimators=100_max_features=sqrt,fine_berry,0.6248,0.03907940634144797,5,0.1902,0.03617595886773424,5,0.205,0.05111262075065218,5,0.7817999999999999,0.0570718844966591,5,0.1862,0.06198548217123104,5,0.18839999999999998,0.08339244570103457,5,0.346,0.21889266776207922,5,0.9038,0.1467964577229301,5
RF,RF_n_estimators=100_max_features=sqrt,fine_bitter,0.5614,0.037600531911131226,5,0.185,0.07931897629193155,5,0.15660000000000002,0.05989407316254257,5,0.726,0.04194639436232875,5,0.1518,0.03449927535470853,5,0.3794,0.35688345436570745,5,0.1288,0.07865875666446807,5,0.9944,0.004615192303685704,5
RF,RF_n_estimators=100_max_features=sqrt,fine_black currant,0.7634000000000001,0.11003317681499519,5,0.3348,0.09885190944033403,5,0.3088,0.10329181961801234,5,0.8984,0.048526281538976396,5,0.3052,0.10936269930831079,5,0.2334,0.09461659473897799,5,0.5436,0.2270469114522371,5,0.983,0.01118033988749897,5
RF,RF_n_estimators=100_max_features=sqrt,fine_brandy,0.6382,0.14787055149690898,5,0.10800000000000001,0.07967433714816835,5,0.0836,0.05517517557742793,5,0.7929999999999999,0.13532738082147305,5,0.1044,0.054339672431843025,5,0.0654,0.06244837868191616,5,0.3202,0.32661552320733317,5,0.9566000000000001,0.038383590243748655,5
RF,RF_n_estimators=100_max_features=sqrt,fine_burnt,0.6763999999999999,0.0474425968935091,5,0.26539999999999997,0.03391607288587522,5,0.284,0.03183551475946322,5,0.8532,0.027086897201414592,5,0.23280000000000003,0.03156263613832026,5,0.2312,0.04028895630318564,5,0.409,0.1170491349818528,5,0.9438000000000001,0.026574423794317698,5
RF,RF_n_estimators=100_max_features=sqrt,fine_buttery,0.682,0.07251206796113326,5,0.364,0.14566914566921849,5,0.3788,0.13868561569247187,5,0.8538,0.04913959706794512,5,0.3306,0.1248811434925225,5,0.38739999999999997,0.1689091471768181,5,0.384,0.14262187770464949,5,0.9804,0.009710818709048157,5
RF,RF_n_estimators=100_max_features=sqrt,fine_cabbage,0.6976,0.14269477916167783,5,0.23399999999999999,0.13830220533310378,5,0.2088,0.12164374213250759,5,0.9390000000000001,0.032680269276736416,5,0.314,0.10734756634409558,5,0.1554,0.10637809924979857,5,0.4138,0.30063881984866825,5,0.982,0.015905973720586893,5
RF,RF_n_estimators=100_max_features=sqrt,fine_camphoreous,0.7414,0.04053763683294824,5,0.4746,0.059693383217907854,5,0.4878,0.05837979102394936,5,0.9192,0.027833433133553596,5,0.43660000000000004,0.11521631828868688,5,0.483,0.05133225107084241,5,0.49720000000000003,0.08186391146286623,5,0.9856,0.0026076809620810756,5
RF,RF_n_estimators=100_max_features=sqrt,fine_caramellic,0.7556,0.031572139617073815,5,0.4946,0.03139745212592898,5,0.5156000000000001,0.0314769757124156,5,0.901,0.017776388834631198,5,0.49560000000000004,0.08053136035110794,5,0.507,0.06852736679604723,5,0.5384,0.07069512005789363,5,0.9728,0.010733126291999007,5
RF,RF_n_estimators=100_max_features=sqrt,fine_cedar,0.675,0.10262553288534003,5,0.2864,0.10149532008915485,5,0.273,0.11081967334368027,5,0.932,0.04727049819919396,5,0.3048,0.09347566528246803,5,0.2778,0.09636233704098299,5,0.362,0.21426035564238197,5,0.9884000000000001,0.011171392035015154,5
RF,RF_n_estimators=100_max_features=sqrt,fine_celery,0.5780000000000001,0.08715790268243032,5,0.0662,0.06813736126384702,5,0.054000000000000006,0.051278650528265655,5,0.7263999999999999,0.08887800627826888,5,0.1392,0.044353128412773765,5,0.0332,0.031123945765278542,5,0.1774,0.19570462437050384,5,0.9789999999999999,0.02162174831043968,5
RF,RF_n_estimators=100_max_features=sqrt,fine_chamomile,0.7252,0.040344764220404145,5,0.4218,0.10107769289017235,5,0.41879999999999995,0.10245828419410502,5,0.8906000000000001,0.06424406587382217,5,0.3234,0.1740080457909921,5,0.41079999999999994,0.16251676836560586,5,0.45499999999999996,0.07997187005441349,5,0.9955999999999999,0.0020736441353328187,5
RF,RF_n_estimators=100_max_features=sqrt,fine_cheesy,0.7034,0.03768686773930672,5,0.45640000000000003,0.08921771124614215,5,0.4652,0.08221435397787907,5,0.8884000000000001,0.03254688925227727,5,0.49060000000000004,0.05958439392995453,5,0.5456,0.15634992804603398,5,0.42300000000000004,0.07716216689544173,5,0.9842000000000001,0.011166915420114913,5
RF,RF_n_estimators=100_max_features=sqrt,fine_cherry,0.6158,0.06125520386057007,5,0.21059999999999998,0.05482973645751,5,0.2158,0.055535574184481074,5,0.8874000000000001,0.032043720133592496,5,0.18560000000000001,0.03844866707702622,5,0.2182,0.0261572169773468,5,0.2484,0.13339340313523754,5,0.9837999999999999,0.011584472366059653,5
RF,RF_n_estimators=100_max_features=sqrt,fine_chocolate,0.6406,0.06610824456903996,5,0.2434,0.0961602828614808,5,0.2464,0.09848756266656213,5,0.8661999999999999,0.022928148638736625,5,0.2352,0.09412863538796257,5,0.23220000000000002,0.08771373894664393,5,0.2952,0.13403245875533285,5,0.9862,0.005674504383644451,5
RF,RF_n_estimators=100_max_features=sqrt,fine_cinnamon,0.7150000000000001,0.06571529502330484,5,0.3726,0.06272001275510074,5,0.3738,0.054062001442787895,5,0.9214,0.03017946321590225,5,0.375,0.12943144903770487,5,0.3386,0.06959022919922021,5,0.4418,0.135651022849074,5,0.9879999999999999,0.00474341649025259,5
RF,RF_n_estimators=100_max_features=sqrt,fine_citrus,0.7612,0.021510462570572497,5,0.4716,0.03333616654626023,5,0.5128,0.032158980083329784,5,0.883,0.007842193570679066,5,0.49820000000000003,0.02854295009279875,5,0.4612,0.024273442277518046,5,0.5778000000000001,0.04511319097558939,5,0.9443999999999999,0.0039115214431215675,5
RF,RF_n_estimators=100_max_features=sqrt,fine_clean,0.5614,0.07256238695081635,5,0.1348,0.153706538572697,5,0.131,0.15085091978506462,5,0.7622,0.07074390433104467,5,0.172,0.13308455958525015,5,0.1964,0.23297274518707117,5,0.1352,0.15379434319896165,5,0.9884000000000001,0.016349311912126453,5
RF,RF_n_estimators=100_max_features=sqrt,fine_clove,0.7452,0.06953200701835092,5,0.471,0.11440279716860069,5,0.4673999999999999,0.10792497394023312,5,0.9138,0.06589916539683947,5,0.41079999999999994,0.046622955719259146,5,0.47000000000000003,0.17468686270008973,5,0.4952,0.1401880879390257,5,0.9955999999999999,0.002509980079602247,5
RF,RF_n_estimators=100_max_features=sqrt,fine_cocoa,0.7058,0.04930212977144089,5,0.3746,0.05135464925398674,5,0.3856,0.049293001531657624,5,0.8353999999999999,0.08494292201237255,5,0.36819999999999997,0.06796469671822276,5,0.36,0.04531556024148877,5,0.43100000000000005,0.1037496987947435,5,0.9810000000000001,0.006519202405202648,5
RF,RF_n_estimators=100_max_features=sqrt,fine_coconut,0.7196,0.0941132296757475,5,0.5366,0.1048060112779797,5,0.49939999999999996,0.14261241180205883,5,0.882,0.02379075450674066,5,0.5262,0.09360929441033086,5,0.7532,0.24991738634996968,5,0.4444,0.19299041426972482,5,0.9952,0.006340346993658956,5
RF,RF_n_estimators=100_max_features=sqrt,fine_coffee,0.7012,0.07440228491115038,5,0.3364,0.05015276662358718,5,0.33740000000000003,0.05320056390678581,5,0.9263999999999999,0.01651665825765009,5,0.32720000000000005,0.10640582690811627,5,0.3128,0.05449036612099428,5,0.42619999999999997,0.1618987337813363,5,0.9763999999999999,0.013722244714331578,5
RF,RF_n_estimators=100_max_features=sqrt,fine_cognac,0.7609999999999999,0.06392573816546823,5,0.4622,0.09628447434555583,5,0.4676,0.09600677059457838,5,0.9258,0.032706268512320336,5,0.3774,0.13791229096784668,5,0.429,0.11025651908163978,5,0.54,0.12990573505430775,5,0.982,0.009539392014169463,5
RF,RF_n_estimators=100_max_features=sqrt,fine_cooked,0.6968,0.09482984762193808,5,0.18560000000000001,0.05955921423256019,5,0.1612,0.028778464170278437,5,0.8338000000000001,0.06014731914225274,5,0.1322,0.058546562665966986,5,0.0996,0.009449867723941964,5,0.4676,0.2178469646334325,5,0.9266,0.029466930617219007,5
RF,RF_n_estimators=100_max_features=sqrt,fine_cooling,0.674,0.07432361670424813,5,0.236,0.08720951782919109,5,0.23399999999999999,0.07695128329014404,5,0.8804000000000001,0.05498908982698299,5,0.253,0.09892926766129426,5,0.1722,0.055809497399636206,5,0.37760000000000005,0.15570420675113442,5,0.9704,0.010163660757817546,5
RF,RF_n_estimators=100_max_features=sqrt,fine_cortex,0.5634,0.05101274350591226,5,0.11320000000000001,0.11047714695809266,5,0.1082,0.09719670776317477,5,0.7166,0.10292375819022548,5,0.0812,0.08363432309763737,5,0.1478,0.20556799361768355,5,0.145,0.11316359838746731,5,0.9818,0.018363006289820856,5
RF,RF_n_estimators=100_max_features=sqrt,fine_coumarinic,0.6826000000000001,0.08323641030222292,5,0.4406,0.13654230113777927,5,0.41600000000000004,0.12855932482710072,5,0.8667999999999999,0.08115848692527478,5,0.41240000000000004,0.12469282256810135,5,0.5922000000000001,0.2903742412818327,5,0.37,0.1680773631397161,5,0.9954000000000001,0.004560701700396546,5
RF,RF_n_estimators=100_max_features=sqrt,fine_creamy,0.6048,0.03329714702493292,5,0.22440000000000002,0.07646110122147078,5,0.2424,0.07608744968784271,5,0.7608,0.03747932763537794,5,0.254,0.05223504570688151,5,0.29,0.13227055605840626,5,0.2394,0.0761498522651226,5,0.9696,0.021501162759255614,5
RF,RF_n_estimators=100_max_features=sqrt,fine_cucumber,0.7058,0.027499090894064094,5,0.3976,0.0695507009310474,5,0.3934,0.0695111501847006,5,0.923,0.04757625458146111,5,0.38980000000000004,0.11492475799408938,5,0.40940000000000004,0.16552431845502338,5,0.41879999999999995,0.057399477349536904,5,0.9932000000000001,0.004086563348340507,5
RF,RF_n_estimators=100_max_features=sqrt,fine_dairy,0.6718,0.09546831935254751,5,0.29900000000000004,0.12687198272274297,5,0.3122,0.11734010397131918,5,0.8088,0.0684850348616397,5,0.2582,0.10528865086038477,5,0.281,0.08514693182963201,5,0.36619999999999997,0.1946810211602559,5,0.9773999999999999,0.005941380311005202,5
RF,RF_n_estimators=100_max_features=sqrt,fine_dry,0.6146,0.04672579587337174,5,0.18760000000000002,0.05412300804648613,5,0.2118,0.049996999909994594,5,0.7498,0.029558416737031135,5,0.13740000000000002,0.04727367131924492,5,0.1848,0.037103908149950994,5,0.2732,0.10603631453421984,5,0.9558,0.023920702330826316,5
RF,RF_n_estimators=100_max_features=sqrt,fine_earthy,0.6612,0.04231666338453445,5,0.2906,0.059869023710095705,5,0.3376,0.05515251580843796,5,0.7546,0.049120260585628,5,0.278,0.04670653059262699,5,0.30979999999999996,0.05747347214150193,5,0.3862,0.09681012343758273,5,0.9362,0.026042273326266987,5
RF,RF_n_estimators=100_max_features=sqrt,fine_ethereal,0.7494,0.0511693267495284,5,0.5164,0.06740029673525183,5,0.5374000000000001,0.06815276956954867,5,0.906,0.026343879744638983,5,0.5837999999999999,0.08530357554053636,5,0.5728,0.09257807515821445,5,0.5246000000000001,0.11026014692535105,5,0.9742,0.013663820841916821,5
RF,RF_n_estimators=100_max_features=sqrt,fine_fatty,0.7662,0.026090228055730014,5,0.5072,0.018308467986153296,5,0.5660000000000001,0.019052558883257627,5,0.8577999999999999,0.019715476154534076,5,0.5536,0.020403431084011287,5,0.541,0.04891318840558238,5,0.604,0.07254998277050105,5,0.9280000000000002,0.02176005514698893,5
RF,RF_n_estimators=100_max_features=sqrt,fine_fermented,0.6557999999999999,0.03338712326631332,5,0.45940000000000003,0.06383807641212258,5,0.4242,0.055278386372975837,5,0.8699999999999999,0.023611437906235207,5,0.41200000000000003,0.055892754449928486,5,0.7293999999999999,0.21484599135194496,5,0.3172,0.07275781744939853,5,0.9942,0.008074651695274538,5
RF,RF_n_estimators=100_max_features=sqrt,fine_fishy,0.7001999999999999,0.07637538870604846,5,0.389,0.09252026804976303,5,0.38639999999999997,0.09079812773400123,5,0.8855999999999999,0.04840247927534296,5,0.4258,0.10130004935832955,5,0.4124,0.13873824274510613,5,0.41180000000000005,0.15660044699808492,5,0.9885999999999999,0.007700649323271392,5
RF,RF_n_estimators=100_max_features=sqrt,fine_floral,0.7794000000000001,0.012218837915284738,5,0.512,0.039528470752104757,5,0.627,0.031264996401726995,5,0.8619999999999999,0.01812456896039187,5,0.632,0.02681417535558387,5,0.5538000000000001,0.058929619038307055,5,0.7298,0.038583675304460045,5,0.8288,0.04997199215560656,5
RF,RF_n_estimators=100_max_features=sqrt,fine_fresh,0.671,0.034619358746227506,5,0.2692,0.02843765109849966,5,0.3486,0.02700555498411389,5,0.7746000000000001,0.021743964679883033,5,0.2922,0.026574423794317712,5,0.28259999999999996,0.0581231451316943,5,0.509,0.13820817631384913,5,0.8328,0.07500799957337885,5
RF,RF_n_estimators=100_max_features=sqrt,fine_fruit skin,0.5658000000000001,0.0776801132851903,5,0.1436,0.12578871173519504,5,0.1296,0.11481419772832974,5,0.7243999999999999,0.0779891018027519,5,0.1006,0.053416289650255556,5,0.21760000000000002,0.2100316642794605,5,0.14379999999999998,0.15898018744485112,5,0.9882,0.015023315213360883,5
RF,RF_n_estimators=100_max_features=sqrt,fine_fruity,0.7734,0.014099645385611653,5,0.544,0.02120141504711417,5,0.7202,0.018525657883055067,5,0.8597999999999999,0.010207840124139875,5,0.8034000000000001,0.008443932733033859,5,0.7026,0.047284246848184,5,0.7462,0.07555593954150791,5,0.8008,0.05554457669295897,5
RF,RF_n_estimators=100_max_features=sqrt,fine_garlic,0.828,0.03731621631409059,5,0.5551999999999999,0.10110736867310911,5,0.5574,0.10574166633829828,5,0.9736,0.017300289014926883,5,0.5818,0.12430084472762043,5,0.4822,0.12645236257183967,5,0.6758,0.06976890424823945,5,0.9802,0.00993478736561585,5
RF,RF_n_estimators=100_max_features=sqrt,fine_gassy,0.6986,0.2207460078914226,5,0.18439999999999998,0.19464917158827058,5,0.1486,0.15508642751704613,5,0.8808,0.12170743609163738,5,0.173,0.17024834800960623,5,0.0998,0.09640902447385306,5,0.4202,0.46019637112867373,5,0.977,0.029393876913398093,5
RF,RF_n_estimators=100_max_features=sqrt,fine_geranium,0.6388,0.08463864365642917,5,0.2622,0.09313538532695291,5,0.24779999999999996,0.08970618707759237,5,0.852,0.05329634133784421,5,0.25939999999999996,0.07875785675092994,5,0.30419999999999997,0.16646831530354353,5,0.2888,0.17954024618452544,5,0.9890000000000001,0.011895377253370329,5
RF,RF_n_estimators=100_max_features=sqrt,fine_grape,0.6482,0.04351091817004096,5,0.387,0.08274055837375043,5,0.3472,0.08357750893631614,5,0.808,0.08345058418010028,5,0.331,0.07567364138192376,5,0.6073999999999999,0.3049037553064901,5,0.3082,0.10525777880992929,5,0.9884000000000001,0.020403431084011336,5
RF,RF_n_estimators=100_max_features=sqrt,fine_grapefruit,0.6756,0.06492919220196723,5,0.3458,0.11452597958541982,5,0.34299999999999997,0.12382043450093365,5,0.8756,0.04761092311644461,5,0.34500000000000003,0.10769633234237833,5,0.37560000000000004,0.15852854632525967,5,0.364,0.13465325840840242,5,0.9879999999999999,0.010700467279516426,5
RF,RF_n_estimators=100_max_features=sqrt,fine_grassy,0.5740000000000001,0.06258594091327545,5,0.11080000000000001,0.07418355612937412,5,0.1152,0.07023318304049732,5,0.7384000000000001,0.06071078981532032,5,0.07039999999999999,0.03321596001924376,5,0.1002,0.06493997228210065,5,0.16560000000000002,0.13886612257854686,5,0.9826,0.014152738250953423,5
RF,RF_n_estimators=100_max_features=sqrt,fine_green,0.7298,0.02489377432210715,5,0.4226,0.04668297334146574,5,0.6098,0.031043517841894176,5,0.8158,0.019639246421387944,5,0.6648,0.028296642910423105,5,0.5136000000000001,0.030631682944298064,5,0.7518,0.046191990647730254,5,0.7081999999999999,0.027887273082895712,5
RF,RF_n_estimators=100_max_features=sqrt,fine_hawthorn,0.5864,0.11346497256863022,5,0.16499999999999998,0.21971913890237238,5,0.1626,0.21911823292460172,5,0.8371999999999999,0.09777371835007605,5,0.2064,0.16419591955953108,5,0.1778,0.22691452135110263,5,0.17980000000000002,0.2280048245103599,5,0.9936,0.006387487769068545,5
RF,RF_n_estimators=100_max_features=sqrt,fine_hay,0.5962,0.04537840896285369,5,0.16519999999999999,0.05278920344161295,5,0.1714,0.05433967243184302,5,0.8048,0.061613310250302256,5,0.1068,0.03545701623092389,5,0.1636,0.04534644418253762,5,0.21000000000000002,0.09870916877372637,5,0.983,0.011000000000000015,5
RF,RF_n_estimators=100_max_features=sqrt,fine_hazelnut,0.7492,0.08635508091594842,5,0.31880000000000003,0.06942405923021212,5,0.2888,0.1107235295680191,5,0.8812,0.07297396796118463,5,0.3146,0.0969061401563389,5,0.2564,0.16843782235590674,5,0.5274,0.20075183685336478,5,0.9715999999999999,0.028263050083103192,5
RF,RF_n_estimators=100_max_features=sqrt,fine_herbal,0.6974,0.03078636061635088,5,0.3426,0.047574152646158586,5,0.4478,0.040641112189505835,5,0.7812,0.028472794032198562,5,0.4368,0.058186768255334476,5,0.386,0.07271519786124495,5,0.5650000000000001,0.10879797792238605,5,0.8300000000000001,0.06903984356876831,5
RF,RF_n_estimators=100_max_features=sqrt,fine_honey,0.6602,0.10515797639741838,5,0.3104,0.08341342817556417,5,0.3056,0.09391112820108169,5,0.8356,0.028823601440486214,5,0.3704,0.12004290899507558,5,0.37039999999999995,0.09849010102543301,5,0.34500000000000003,0.2343533656681721,5,0.9756,0.025481365740477862,5
RF,RF_n_estimators=100_max_features=sqrt,fine_hyacinth,0.5648,0.049347745642531596,5,0.189,0.17256013444593743,5,0.1708,0.14677772310538137,5,0.7836000000000001,0.10740716922068098,5,0.176,0.09752691936075905,5,0.3146,0.3303555660194028,5,0.1348,0.09897322870352365,5,0.9955999999999999,0.0046690470119715045,5
RF,RF_n_estimators=100_max_features=sqrt,fine_jasmin,0.7008,0.06993353987894502,5,0.34059999999999996,0.04979256972681766,5,0.3458,0.036724651121555936,5,0.8548,0.05574226403726351,5,0.3546,0.12484510402895264,5,0.31260000000000004,0.06163034966637782,5,0.4222,0.14876222638828718,5,0.9792,0.010473776778220943,5
RF,RF_n_estimators=100_max_features=sqrt,fine_juicy,0.6228,0.10119140279687797,5,0.129,0.06524568951279465,5,0.1146,0.0447805761463606,5,0.8084,0.07153880066090006,5,0.11179999999999998,0.04788214698611582,5,0.08859999999999998,0.04129527818044092,5,0.2798,0.2301797123988124,5,0.966,0.031519835024948976,5
RF,RF_n_estimators=100_max_features=sqrt,fine_ketonic,0.7956,0.06484828448000765,5,0.5448000000000001,0.1560374954938716,5,0.54,0.16254691630418586,5,0.9118,0.05033587190066344,5,0.4968,0.15320476493895352,5,0.5218,0.21330072667480532,5,0.5976,0.1276882923372382,5,0.9936,0.004615192303685695,5
RF,RF_n_estimators=100_max_features=sqrt,fine_lactonic,0.7354,0.11684519673482516,5,0.396,0.17675830956421826,5,0.39580000000000004,0.1695205002352223,5,0.876,0.08354938659260162,5,0.3558,0.17880911609870456,5,0.34640000000000004,0.15610028827647948,5,0.48319999999999996,0.23421720688284198,5,0.9875999999999999,0.005813776741499425,5
RF,RF_n_estimators=100_max_features=sqrt,fine_lavender,0.6344000000000001,0.11983029666991568,5,0.28159999999999996,0.20322475242942234,5,0.2488,0.20019290696725497,5,0.8582000000000001,0.1012852407806784,5,0.21259999999999998,0.10838034877227513,5,0.422,0.4077125212695828,5,0.2738,0.24179164584410273,5,0.9952,0.0048682645778552035,5
RF,RF_n_estimators=100_max_features=sqrt,fine_leafy,0.5808,0.03342454188167729,5,0.143,0.05895761189193469,5,0.1626,0.05890925224444798,5,0.7328,0.05658356651891079,5,0.13040000000000002,0.030859358386071484,5,0.162,0.07769491617860207,5,0.20260000000000003,0.09200978208864533,5,0.9592,0.03884198759075027,5
RF,RF_n_estimators=100_max_features=sqrt,fine_leathery,0.6302,0.05492904514007139,5,0.2158,0.04502443780881666,5,0.2098,0.05235647046927437,5,0.7946,0.058607166797244176,5,0.1758,0.018512158166999335,5,0.2132,0.09474544843948969,5,0.275,0.12041802190702189,5,0.9856,0.012259690045021537,5
RF,RF_n_estimators=100_max_features=sqrt,fine_lemon,0.6944,0.09835293589923993,5,0.28959999999999997,0.10621817170333898,5,0.2872,0.09599322892787802,5,0.8475999999999999,0.05638528176749668,5,0.32039999999999996,0.1124224176932697,5,0.2338,0.06843390972317745,5,0.4109999999999999,0.2049194963882158,5,0.978,0.00987420882906577,5
RF,RF_n_estimators=100_max_features=sqrt,fine_lily,0.6477999999999999,0.08316670006679357,5,0.2318,0.07768654967238536,5,0.2242,0.0801355102311079,5,0.8526,0.02921129918370632,5,0.17400000000000002,0.05753694465297928,5,0.22280000000000003,0.08876204143664115,5,0.3196,0.1813954244185889,5,0.9757999999999999,0.02420123963767141,5
RF,RF_n_estimators=100_max_features=sqrt,fine_malty,0.7552,0.04662295571925915,5,0.5267999999999999,0.2235815287540543,5,0.4798,0.23024486964968402,5,0.9301999999999999,0.055328112203472106,5,0.6088,0.07788260396263079,5,0.6622,0.4636207501827329,5,0.5186,0.10395335492421588,5,0.992,0.013856406460551028,5
RF,RF_n_estimators=100_max_features=sqrt,fine_meaty,0.8484,0.02872803508769787,5,0.5438,0.028172681803477647,5,0.5564,0.021732464195300057,5,0.9422,0.009364827814754464,5,0.5562,0.02591717577206282,5,0.44020000000000004,0.015433729296576403,5,0.7588,0.06247159354458629,5,0.9384,0.007334848328356898,5
RF,RF_n_estimators=100_max_features=sqrt,fine_medicinal,0.6532,0.044291082623932373,5,0.31520000000000004,0.026489620608834676,5,0.31579999999999997,0.02528240494889678,5,0.8720000000000001,0.05750217387195027,5,0.279,0.07030291601349123,5,0.3506,0.08348532805229911,5,0.3168,0.09356922571016608,5,0.9906,0.005639148871948678,5
RF,RF_n_estimators=100_max_features=sqrt,fine_melon,0.6424000000000001,0.0691939303696502,5,0.2686,0.0902790119573758,5,0.2716,0.10439731797321233,5,0.8388,0.030482782025267954,5,0.28500000000000003,0.08744140895479668,5,0.304,0.10810180387024076,5,0.3116,0.15882159802747234,5,0.974,0.027248853186877406,5
RF,RF_n_estimators=100_max_features=sqrt,fine_metallic,0.6456000000000001,0.0368822450509727,5,0.1708,0.018780308836651223,5,0.1762,0.02360508419811292,5,0.717,0.03721558813185681,5,0.1372,0.06581185303575642,5,0.1254,0.0410524055324411,5,0.3792,0.12435312621723674,5,0.9124000000000001,0.05798103138096115,5
RF,RF_n_estimators=100_max_features=sqrt,fine_milky,0.6168,0.040690293682892016,5,0.2082,0.05583636807672934,5,0.21139999999999998,0.05927731437911133,5,0.8,0.06790802603521912,5,0.1746,0.07721593099872591,5,0.219,0.09917661014573952,5,0.25339999999999996,0.09063277552850293,5,0.9800000000000001,0.014781745499094492,5
RF,RF_n_estimators=100_max_features=sqrt,fine_mint,0.7070000000000001,0.024031229681395833,5,0.4248,0.04015221039992694,5,0.44800000000000006,0.03522073253071263,5,0.8752000000000001,0.019097120201747725,5,0.46440000000000003,0.04607927950825619,5,0.466,0.07188532534530256,5,0.4384,0.0504955443578936,5,0.9751999999999998,0.007085195833567337,5
RF,RF_n_estimators=100_max_features=sqrt,fine_muguet,0.6642,0.11411704517730906,5,0.2714,0.12977981353045626,5,0.2612,0.12820374409509264,5,0.9036,0.04181865612379237,5,0.2158,0.09308437033143642,5,0.26139999999999997,0.08477499631377168,5,0.3402,0.23234177411735496,5,0.9882,0.00825832912882504,5
RF,RF_n_estimators=100_max_features=sqrt,fine_mushroom,0.5896,0.07448019871079826,5,0.1992,0.11812154756859565,5,0.1972,0.12581414864791637,5,0.8214,0.08291742880721763,5,0.2448,0.10956139831163163,5,0.2664,0.10844952743096671,5,0.192,0.1561457652323623,5,0.9875999999999999,0.013575713609236172,5
RF,RF_n_estimators=100_max_features=sqrt,fine_musk,0.7824,0.023190515302597324,5,0.6092,0.031704889212864344,5,0.6122,0.027941009287425576,5,0.8952,0.0503656629063889,5,0.6542,0.04764661582945847,5,0.6689999999999999,0.08185047342563147,5,0.571,0.047989582202807295,5,0.9942,0.002280350850198285,5
RF,RF_n_estimators=100_max_features=sqrt,fine_musty,0.6008,0.02268700068321064,5,0.1612,0.038622532283629454,5,0.1966,0.037680233544923794,5,0.7418,0.030605555051330197,5,0.1522,0.020400980368599934,5,0.1634,0.04574166590757272,5,0.26339999999999997,0.06485599432589095,5,0.9384,0.03142928570616902,5
RF,RF_n_estimators=100_max_features=sqrt,fine_natural,0.5846,0.07754547053181118,5,0.0746,0.06056236455093212,5,0.0712,0.04847370421166511,5,0.743,0.07097887009526145,5,0.0508,0.01736951352226078,5,0.046599999999999996,0.029636126602509985,5,0.2314,0.20303398730261885,5,0.9380000000000001,0.05298584716695582,5
RF,RF_n_estimators=100_max_features=sqrt,fine_nutty,0.7018,0.027179036038829586,5,0.4394,0.0279874972085751,5,0.47140000000000004,0.029005171952601824,5,0.8455999999999999,0.023522329816580645,5,0.48339999999999994,0.03131772660970141,5,0.5276,0.0646900301437555,5,0.43520000000000003,0.062106360382814266,5,0.968,0.0099498743710662,5
RF,RF_n_estimators=100_max_features=sqrt,fine_odorless,0.9106,0.02182429838505693,5,0.7018,0.07926979248112104,5,0.7048,0.08131543518914472,5,0.974,0.018343936327844187,5,0.8364,0.0584491231756303,5,0.609,0.10874971264329848,5,0.845,0.03708099243547835,5,0.9762000000000001,0.008871302046486743,5
RF,RF_n_estimators=100_max_features=sqrt,fine_oily,0.6906,0.030443390087176565,5,0.3794,0.05383121770868647,5,0.4218,0.0470233984309939,5,0.8156000000000001,0.025832150510555613,5,0.3894,0.04190823308134095,5,0.43600000000000005,0.108358202273755,5,0.4344,0.08133756819576057,5,0.9468,0.030841530441921967,5
RF,RF_n_estimators=100_max_features=sqrt,fine_onion,0.8183999999999999,0.043895330047739683,5,0.5768,0.04207968631061786,5,0.588,0.03942080668885407,5,0.9763999999999999,0.006268971207462988,5,0.6392,0.05254236386003203,5,0.5378000000000001,0.04057339029462533,5,0.6584,0.09297203880737476,5,0.9785999999999999,0.007266360849834017,5
RF,RF_n_estimators=100_max_features=sqrt,fine_orange,0.6923999999999999,0.04190823308134094,5,0.3464,0.06167090075554274,5,0.3544,0.05894319299121826,5,0.8976,0.043310506808394635,5,0.2898,0.06139788269965017,5,0.33140000000000003,0.09088619257070898,5,0.40199999999999997,0.0860116271209887,5,0.983,0.005385164807134512,5
RF,RF_n_estimators=100_max_features=sqrt,fine_orangeflower,0.7651999999999999,0.14863781483862037,5,0.3326,0.21795022367504008,5,0.3,0.21652828914485975,5,0.9022,0.04840144625938365,5,0.294,0.12083252873295337,5,0.2252,0.20033896276061733,5,0.5429999999999999,0.30422771076941696,5,0.9875999999999999,0.009289779329994901,5
RF,RF_n_estimators=100_max_features=sqrt,fine_orris,0.628,0.06579513659838399,5,0.24180000000000001,0.10901697115587096,5,0.23120000000000002,0.09806477451154415,5,0.827,0.07319152956456094,5,0.2178,0.058606313653052765,5,0.2832,0.23266112696365931,5,0.2694,0.13650750895097308,5,0.9869999999999999,0.009354143466934847,5
RF,RF_n_estimators=100_max_features=sqrt,fine_ozone,0.637,0.1174989361653968,5,0.1248,0.10616590789891076,5,0.1042,0.08383436049735216,5,0.8722,0.0722405703189005,5,0.1682,0.08882116864801994,5,0.06760000000000001,0.05490264110222749,5,0.3114,0.24732428105626833,5,0.9621999999999999,0.029123873368767397,5
RF,RF_n_estimators=100_max_features=sqrt,fine_peach,0.6454,0.04993295504974645,5,0.3124,0.08254877346151185,5,0.292,0.07784921322659594,5,0.8497999999999999,0.039493037361033594,5,0.302,0.016688319268278625,5,0.4204,0.2515130215316893,5,0.3082,0.1154066722507845,5,0.9822,0.019664689166117,5
RF,RF_n_estimators=100_max_features=sqrt,fine_pear,0.6918,0.10237040587982446,5,0.3404,0.13726725756712707,5,0.34900000000000003,0.13976050944383397,5,0.8852,0.01663430190900721,5,0.3064,0.04974736173909126,5,0.329,0.07620367445208923,5,0.404,0.214456289252612,5,0.9792,0.009782637681116488,5
RF,RF_n_estimators=100_max_features=sqrt,fine_phenolic,0.7146,0.07068097339454234,5,0.45039999999999997,0.07340504069885116,5,0.46159999999999995,0.073398228861465,5,0.8998000000000002,0.03648561360317244,5,0.4692,0.06153210544098094,5,0.504,0.0547950727711899,5,0.446,0.1471716684691724,5,0.9832000000000001,0.006833739825307965,5
RF,RF_n_estimators=100_max_features=sqrt,fine_pine,0.6978,0.09582379662693395,5,0.4154,0.13969538288719494,5,0.4088,0.12919249204191394,5,0.9266,0.043362426131387063,5,0.3978,0.07927609980315631,5,0.47240000000000004,0.20402279284432906,5,0.4034,0.19577742464339445,5,0.9922000000000001,0.006534523701081805,5
RF,RF_n_estimators=100_max_features=sqrt,fine_pineapple,0.736,0.03540480193420098,5,0.40519999999999995,0.05978043158091115,5,0.4262,0.060487188726208806,5,0.8966,0.032623611081546454,5,0.4176,0.06739658745070111,5,0.3724,0.07072340489540926,5,0.5102,0.0768940829973282,5,0.9614,0.014397916515940724,5
RF,RF_n_estimators=100_max_features=sqrt,fine_plum,0.5912,0.07161494257485651,5,0.13740000000000002,0.06043426180570091,5,0.13140000000000002,0.04508103814243856,5,0.7922,0.06699776115662376,5,0.101,0.03574213200132303,5,0.1434,0.10856933268653722,5,0.20260000000000003,0.15480568465014455,5,0.9800000000000001,0.01324764129949177,5
RF,RF_n_estimators=100_max_features=sqrt,fine_popcorn,0.8344000000000001,0.1239528136025964,5,0.54,0.12282711427042484,5,0.5229999999999999,0.11759464273511781,5,0.9774,0.02964456105257755,5,0.5684,0.22777905961698938,5,0.4582,0.0990388812537783,5,0.675,0.2499439937265947,5,0.9938,0.0037682887362833588,5
RF,RF_n_estimators=100_max_features=sqrt,fine_potato,0.6364,0.11161451518507795,5,0.21139999999999998,0.14647286438108595,5,0.20800000000000002,0.13697445017228577,5,0.8960000000000001,0.07585182924623503,5,0.2294,0.11978021539469696,5,0.187,0.1303341858454642,5,0.2858,0.22591303636576618,5,0.9874,0.005029910535983742,5
RF,RF_n_estimators=100_max_features=sqrt,fine_powdery,0.6155999999999999,0.05785153411967565,5,0.217,0.07807048097712735,5,0.23680000000000004,0.08120160096943904,5,0.825,0.05531274717458899,5,0.2152,0.09684885130965673,5,0.23879999999999998,0.0647047138931933,5,0.261,0.12864097325502474,5,0.9702,0.017137677789012127,5
RF,RF_n_estimators=100_max_features=sqrt,fine_pungent,0.6982,0.05294053267582409,5,0.3102,0.044245903765207435,5,0.3266,0.051022544036925466,5,0.8664,0.033313660861574564,5,0.2858,0.044347491473588435,5,0.2796,0.0852836443874205,5,0.4548,0.1475167787066949,5,0.9414,0.04622553406938633,5
RF,RF_n_estimators=100_max_features=sqrt,fine_radish,0.611,0.056360447123847364,5,0.27080000000000004,0.0838492695257389,5,0.2152,0.0541451752236522,5,0.8608,0.037332291652134024,5,0.2714,0.09668143565338697,5,0.5196,0.4449149356899586,5,0.23620000000000002,0.13562153221373072,5,0.9856,0.024172298194420846,5
RF,RF_n_estimators=100_max_features=sqrt,fine_raspberry,0.585,0.1001723514748456,5,0.0728,0.06692309018567506,5,0.06420000000000001,0.04161970687066405,5,0.7386,0.12357305531546918,5,0.073,0.06759067983087609,5,0.0408,0.02479314421367326,5,0.20099999999999998,0.21783824273988253,5,0.969,0.018841443681416797,5
RF,RF_n_estimators=100_max_features=sqrt,fine_ripe,0.6205999999999999,0.03953226530316724,5,0.1756,0.04442184147466198,5,0.18180000000000002,0.050544040202579764,5,0.7788,0.0742879532629618,5,0.1038,0.0313878957561669,5,0.152,0.05673182528352141,5,0.2766,0.09969854562630288,5,0.9648,0.029422780290108544,5
RF,RF_n_estimators=100_max_features=sqrt,fine_roasted,0.8032,0.04909887982428929,5,0.5115999999999999,0.023028243528328454,5,0.5332000000000001,0.017484278652549565,5,0.9374,0.016087262041752107,5,0.5342,0.04873602363755171,5,0.46080000000000004,0.062427558017273115,5,0.659,0.11656543226874763,5,0.9471999999999999,0.01937008002048517,5
RF,RF_n_estimators=100_max_features=sqrt,fine_rose,0.746,0.10444855192868882,5,0.417,0.0682825014187383,5,0.4194,0.0964121361655264,5,0.8912000000000001,0.026536766947011483,5,0.4896,0.06045907706870827,5,0.4426,0.17681572328274428,5,0.5684,0.26252485596605896,5,0.9238,0.06192091730586682,5
RF,RF_n_estimators=100_max_features=sqrt,fine_rummy,0.6437999999999999,0.11506172256662943,5,0.221,0.08834874079464856,5,0.219,0.07362404498531713,5,0.8252,0.05399259208447026,5,0.18439999999999998,0.0739378117068662,5,0.20460000000000003,0.05935739212600231,5,0.30999999999999994,0.24977690045318443,5,0.9778,0.0195371441106422,5
RF,RF_n_estimators=100_max_features=sqrt,fine_sandalwood,0.7470000000000001,0.11204240268755397,5,0.47639999999999993,0.13645622008541786,5,0.4678,0.12821154394203355,5,0.9364000000000001,0.07289924553793407,5,0.5606,0.15916752181271152,5,0.48760000000000003,0.1594092218160543,5,0.49800000000000005,0.22455845564128732,5,0.9958,0.0024899799195977385,5
RF,RF_n_estimators=100_max_features=sqrt,fine_savory,0.7758,0.023242202993692368,5,0.339,0.029461839725312463,5,0.3226,0.03076198953253836,5,0.8897999999999999,0.034773553169039274,5,0.24820000000000003,0.04900204077382901,5,0.22039999999999998,0.02759166540823514,5,0.6096,0.050579640172701876,5,0.942,0.012186057606953906,5
RF,RF_n_estimators=100_max_features=sqrt,fine_sharp,0.6382,0.0707580384126072,5,0.2012,0.06716546731766257,5,0.20140000000000002,0.07369735409090342,5,0.7976,0.06413501383799648,5,0.15360000000000001,0.05342096966547874,5,0.178,0.017073371078963877,5,0.307,0.15911788083053394,5,0.9692000000000001,0.017922053453775896,5
RF,RF_n_estimators=100_max_features=sqrt,fine_smoky,0.6944,0.09201521613298529,5,0.4226,0.07624827866909521,5,0.4044,0.0830258995735668,5,0.9,0.042561719890060815,5,0.3558,0.09404892343881453,5,0.5189999999999999,0.1607420293513803,5,0.3962,0.190064988885381,5,0.9932000000000001,0.006140032573203525,5
RF,RF_n_estimators=100_max_features=sqrt,fine_soapy,0.5482,0.07652907944043232,5,0.0936,0.1443461118284798,5,0.0772,0.11313354940069723,5,0.7908000000000001,0.09745614398281925,5,0.13340000000000002,0.1017167636134772,5,0.15,0.2912378752841052,5,0.1058,0.16460012150663803,5,0.991,0.014439529078193663,5
RF,RF_n_estimators=100_max_features=sqrt,fine_solvent,0.6742,0.07041093665049486,5,0.38,0.10387492478938314,5,0.3766,0.1019156513985953,5,0.9109999999999999,0.042649736224272226,5,0.3478,0.15739027924239798,5,0.4394,0.1400528471684885,5,0.3542,0.14213796115042598,5,0.9945999999999999,0.0025099800796022104,5
RF,RF_n_estimators=100_max_features=sqrt,fine_sour,0.6982,0.023402991261802373,5,0.4524,0.07105842666425992,5,0.45199999999999996,0.06371812928829598,5,0.7976,0.05316765934287494,5,0.3258,0.06957873238281938,5,0.5328,0.13890536346736224,5,0.40199999999999997,0.0474552420708187,5,0.9944,0.0026076809620810553,5
RF,RF_n_estimators=100_max_features=sqrt,fine_spicy,0.661,0.025308101469687528,5,0.33399999999999996,0.041340053217188755,5,0.39,0.0353199660248987,5,0.8051999999999999,0.007596051605933156,5,0.3982,0.033461918653896715,5,0.4128,0.07085689804105173,5,0.38180000000000003,0.06902680638708415,5,0.9408,0.025752669764511734,5
RF,RF_n_estimators=100_max_features=sqrt,fine_strawberry,0.588,0.09782126558167192,5,0.0766,0.09973113856765098,5,0.067,0.08229216244576394,5,0.7285999999999999,0.1257469681543058,5,0.0886,0.06901304224565094,5,0.040400000000000005,0.05150048543460537,5,0.21719999999999998,0.21559035228877937,5,0.9592,0.038258332425760544,5
RF,RF_n_estimators=100_max_features=sqrt,fine_sulfurous,0.9231999999999999,0.029072323608545614,5,0.7388,0.016021860066796248,5,0.7518,0.019664689166117,5,0.9804,0.0027018512172212635,5,0.7678,0.03241450292693074,5,0.6574,0.05602499442213276,5,0.8884000000000001,0.07111469609018939,5,0.958,0.014265342617687096,5
RF,RF_n_estimators=100_max_features=sqrt,fine_sweaty,0.5940000000000001,0.06783067152844646,5,0.1786,0.1395019713122363,5,0.1708,0.1434841454656228,5,0.7686,0.0943440512168096,5,0.1618,0.13620278998610857,5,0.21200000000000002,0.1800319416103709,5,0.19980000000000003,0.1447262933954988,5,0.9878,0.02004245493945296,5
RF,RF_n_estimators=100_max_features=sqrt,fine_sweet,0.679,0.01624807680927191,5,0.3384,0.04091210089936717,5,0.5478,0.0162388423232692,5,0.7502,0.019942417105255805,5,0.5454,0.021972710347155613,5,0.48439999999999994,0.06642514584101415,5,0.6524,0.08879358084906812,5,0.705,0.10777522906493868,5
RF,RF_n_estimators=100_max_features=sqrt,fine_tea,0.5974,0.0931520262796253,5,0.1288,0.11743381114483169,5,0.1286,0.10787863551232005,5,0.6774,0.10458393758125573,5,0.06399999999999999,0.050744457825461095,5,0.0974,0.08397499627865428,5,0.22000000000000003,0.1936349658506955,5,0.9753999999999999,0.018742998692845302,5
RF,RF_n_estimators=100_max_features=sqrt,fine_terpenic,0.7406,0.14546408491445578,5,0.3684,0.17584169016476156,5,0.3516,0.17264645956404667,5,0.9234,0.07748096540441402,5,0.36360000000000003,0.15628435622287984,5,0.3106,0.1206619244003675,5,0.4918,0.294436240975869,5,0.9896,0.0067305274681855615,5
RF,RF_n_estimators=100_max_features=sqrt,fine_tobacco,0.6362,0.09377739599711647,5,0.21680000000000002,0.14703298949555507,5,0.21880000000000002,0.1447262933954988,5,0.8311999999999999,0.05782473519178449,5,0.25739999999999996,0.13839544790201735,5,0.2062,0.17363812945318202,5,0.3046,0.2172206251717364,5,0.9678000000000001,0.041160660830457996,5
RF,RF_n_estimators=100_max_features=sqrt,fine_tomato,0.5922,0.07828920742988776,5,0.11240000000000001,0.08142358380715013,5,0.10619999999999999,0.07017620679404096,5,0.8211999999999999,0.0836074159390182,5,0.1778,0.08818559973147543,5,0.0752,0.04595867709149166,5,0.1994,0.16899497033935656,5,0.986,0.013057564857200603,5
RF,RF_n_estimators=100_max_features=sqrt,fine_tropical,0.6933999999999999,0.0258127875286649,5,0.3402,0.034492028064467314,5,0.3926,0.03553589734339068,5,0.8182,0.02128849454517625,5,0.35019999999999996,0.023058620947489457,5,0.3478,0.050395436301316016,5,0.462,0.06635887280537547,5,0.9252,0.020042454939452878,5
RF,RF_n_estimators=100_max_features=sqrt,fine_vanilla,0.7706,0.09699381423575422,5,0.5446,0.06553853828092293,5,0.5349999999999999,0.07565051222562871,5,0.9269999999999999,0.028346075566116687,5,0.556,0.09136465399704638,5,0.5972,0.1609757745749341,5,0.5516,0.2009149073613006,5,0.9896,0.007092249290598861,5
RF,RF_n_estimators=100_max_features=sqrt,fine_vegetable,0.7556,0.04247116668988504,5,0.3672,0.02737151804339686,5,0.3874,0.02643482551483933,5,0.8462,0.03483819742753631,5,0.366,0.04426059195266144,5,0.294,0.05408326913195983,5,0.6088,0.12371822824466897,5,0.9022,0.044059051283476355,5
RF,RF_n_estimators=100_max_features=sqrt,fine_vetiver,0.6024,0.09679772724604643,5,0.11879999999999999,0.11070094850542157,5,0.10840000000000001,0.1003832655376383,5,0.8798,0.06468925722250947,5,0.156,0.04166533331199932,5,0.0742,0.07070502103811298,5,0.21799999999999997,0.20545194085235602,5,0.9873999999999998,0.012660963628413137,5
RF,RF_n_estimators=100_max_features=sqrt,fine_violet,0.6778000000000001,0.060034989797617185,5,0.3792,0.09562531045701238,5,0.3704,0.09601197841936183,5,0.917,0.04157523301197479,5,0.3936,0.061524791750968165,5,0.44539999999999996,0.18165434208958506,5,0.365,0.12502799686470226,5,0.991,0.010319883720275137,5
RF,RF_n_estimators=100_max_features=sqrt,fine_warm,0.5328,0.02428373941550194,5,0.11159999999999999,0.09651321153085726,5,0.1028,0.07508461893091022,5,0.6684,0.043706978847776704,5,0.08479999999999999,0.04586065852122056,5,0.2182,0.19937577586055938,5,0.0726,0.04910498956317983,5,0.993,0.007348469228349539,5
RF,RF_n_estimators=100_max_features=sqrt,fine_waxy,0.7586,0.04931835358160288,5,0.46099999999999997,0.022416511771459893,5,0.508,0.031112698372208102,5,0.885,0.01802775637731994,5,0.5366000000000001,0.0175299743297017,5,0.466,0.0744882541076108,5,0.5972000000000001,0.1305706705198377,5,0.9196,0.03314815228636435,5
RF,RF_n_estimators=100_max_features=sqrt,fine_weedy,0.537,0.08219184874426419,5,0.017599999999999998,0.04390102504498044,5,0.014400000000000001,0.024265201420964964,5,0.6308,0.10349009614451035,5,0.029800000000000004,0.01782414093301554,5,0.0076,0.012992305415129371,5,0.125,0.21650635094610965,5,0.9488,0.06841929552399677,5
RF,RF_n_estimators=100_max_features=sqrt,fine_winey,0.6674,0.1015544189092725,5,0.2954,0.13580611179177465,5,0.3126,0.1489036601296288,5,0.8934000000000001,0.022255336438706117,5,0.3358,0.07384917061145642,5,0.3096,0.056840126671217045,5,0.3708,0.22168716697183893,5,0.9640000000000001,0.01989974874213241,5
RF,RF_n_estimators=100_max_features=sqrt,fine_woody,0.7736,0.04509212791607865,5,0.5088,0.03774519837012386,5,0.5740000000000001,0.03710121291817827,5,0.8593999999999999,0.01947562579225637,5,0.6042,0.043251589566165066,5,0.5354,0.043373955318831585,5,0.6365999999999999,0.11825523244237443,5,0.9106,0.030737599125500985,5
RF,RF_n_estimators=300_max_features=log2,fine_alcoholic,0.8211999999999999,0.05811798344746659,5,0.591,0.11897898974188678,5,0.5900000000000001,0.12215359184240143,5,0.9492,0.025626158510397096,5,0.6528,0.06190880389734568,5,0.5672,0.18750386662679783,5,0.6554,0.11827003001606114,5,0.9872,0.008642916174532774,5
RF,RF_n_estimators=300_max_features=log2,fine_aldehydic,0.7096,0.05694558806439706,5,0.3764,0.0877000570125242,5,0.3922,0.0837239511728872,5,0.9134,0.031101446911679227,5,0.378,0.06681691402631525,5,0.3574,0.08037599144023046,5,0.44320000000000004,0.11482900330491422,5,0.976,0.005873670062235391,5
RF,RF_n_estimators=300_max_features=log2,fine_alliaceous,0.8112,0.06594467378037445,5,0.43620000000000003,0.03830404678359714,5,0.42060000000000003,0.05542833210552163,5,0.9632,0.004969909455915644,5,0.4586,0.03884327483619267,5,0.329,0.09524967191544545,5,0.6618,0.15047159200327478,5,0.9606,0.019475625792256333,5
RF,RF_n_estimators=300_max_features=log2,fine_almond,0.6768,0.057608159144343425,5,0.3632,0.08140454532764126,5,0.3652,0.0827629144001104,5,0.915,0.03133687923198479,5,0.3416,0.06921199318037302,5,0.4013999999999999,0.12501919852566645,5,0.3648,0.11848080013234212,5,0.9888,0.00676017751246223,5
RF,RF_n_estimators=300_max_features=log2,fine_amber,0.7203999999999999,0.05119863279424559,5,0.4218,0.04774096773212712,5,0.4168,0.05175615905377832,5,0.9196,0.016395121225535346,5,0.3876,0.06375186271788456,5,0.45119999999999993,0.19002552460130193,5,0.457,0.11654827326048206,5,0.9836,0.014536161804272847,5
RF,RF_n_estimators=300_max_features=log2,fine_animal,0.6548,0.015155856953666424,5,0.36560000000000004,0.08839570125294557,5,0.3686,0.06662056739476178,5,0.8074,0.035564026768632344,5,0.2686,0.08019538640096449,5,0.46040000000000003,0.194840447546191,5,0.3218,0.03043353413588369,5,0.9882,0.007854934754662228,5
RF,RF_n_estimators=300_max_features=log2,fine_anisic,0.6628000000000001,0.09421358713051955,5,0.376,0.19392653248073094,5,0.3708,0.18579747038105768,5,0.857,0.07373940601876312,5,0.375,0.185903200617956,5,0.46580000000000005,0.2617999236057948,5,0.33340000000000003,0.19097460564169258,5,0.9926,0.0060249481325568175,5
RF,RF_n_estimators=300_max_features=log2,fine_apple,0.7436,0.08136522598751876,5,0.45099999999999996,0.06235783832045496,5,0.4744,0.05190664697319603,5,0.9086000000000001,0.021466252583997942,5,0.504,0.042255177197593224,5,0.4646,0.08635855487443037,5,0.5328,0.19109604914806583,5,0.9548,0.030962881002904098,5
RF,RF_n_estimators=300_max_features=log2,fine_apricot,0.6076,0.04100365837336957,5,0.181,0.03265731158561586,5,0.182,0.044519658579104136,5,0.8484,0.049732283277565334,5,0.1464,0.04133158598457116,5,0.1894,0.08611213619461545,5,0.23700000000000002,0.09096702699330128,5,0.9783999999999999,0.012300406497347989,5
RF,RF_n_estimators=300_max_features=log2,fine_aromatic,0.5738000000000001,0.04039430652950982,5,0.11059999999999999,0.036156603822815,5,0.11120000000000001,0.04281588490268536,5,0.7196,0.0808752125190407,5,0.073,0.029300170647967222,5,0.1254,0.06884257403671075,5,0.20220000000000002,0.14447387307053133,5,0.9458,0.08189444425600552,5
RF,RF_n_estimators=300_max_features=log2,fine_balsamic,0.7232000000000001,0.053644198195145036,5,0.4242,0.06819604094080535,5,0.45380000000000004,0.06700895462548272,5,0.897,0.015083103128998378,5,0.5022,0.05480145983457011,5,0.445,0.08874401388262762,5,0.48760000000000003,0.11688584174312988,5,0.9587999999999999,0.016558985476169734,5
RF,RF_n_estimators=300_max_features=log2,fine_banana,0.7306,0.09771028605013907,5,0.4234,0.10690790429149753,5,0.4138,0.11531348576814422,5,0.8917999999999999,0.0457460380798163,5,0.41079999999999994,0.15063432543746463,5,0.4502,0.18502216083485784,5,0.48319999999999996,0.21195919418605083,5,0.9778,0.022286767374386108,5
RF,RF_n_estimators=300_max_features=log2,fine_beefy,0.6355999999999999,0.12254917380382457,5,0.2294,0.17662474345345844,5,0.22160000000000002,0.17233194712530814,5,0.9480000000000001,0.02215851980616031,5,0.2872,0.15769971464780777,5,0.22759999999999997,0.1843171180330248,5,0.28040000000000004,0.25310333857932416,5,0.9906,0.010430723848324242,5
RF,RF_n_estimators=300_max_features=log2,fine_bergamot,0.6818,0.1521995400781487,5,0.31779999999999997,0.270024443338006,5,0.3134,0.26636028232452374,5,0.9488,0.05523314222457379,5,0.3396,0.27648110242835766,5,0.2932,0.2681617049468473,5,0.369,0.3043493058970235,5,0.9944,0.00517687164221792,5
RF,RF_n_estimators=300_max_features=log2,fine_berry,0.6724,0.03897178466531907,5,0.20579999999999998,0.04519070700929563,5,0.2118,0.05721625643119269,5,0.7936,0.05268586148104631,5,0.20579999999999998,0.058109379621537866,5,0.1514,0.06441506035082169,5,0.45099999999999996,0.1419929575718458,5,0.8939999999999999,0.07460562981437799,5
RF,RF_n_estimators=300_max_features=log2,fine_bitter,0.5964,0.04332782016210832,5,0.2092,0.09071218220283314,5,0.199,0.07497332859090625,5,0.7609999999999999,0.05902541825349483,5,0.18180000000000002,0.06430940833190738,5,0.2774,0.20399460777187226,5,0.20540000000000003,0.09521186900801812,5,0.9879999999999999,0.011979148550710956,5
RF,RF_n_estimators=300_max_features=log2,fine_black currant,0.7196,0.09815447009688354,5,0.3406,0.09153851648349995,5,0.3268,0.09237532137968452,5,0.9077999999999999,0.04264621905866923,5,0.3274,0.07995498733662586,5,0.2902,0.08141068725910622,5,0.44960000000000006,0.20029303532574466,5,0.9896,0.005504543577809174,5
RF,RF_n_estimators=300_max_features=log2,fine_brandy,0.6859999999999999,0.19684130664065402,5,0.1424,0.10166021837474086,5,0.1044,0.06065723369887552,5,0.8576,0.12194793971199346,5,0.10840000000000001,0.06308169306542112,5,0.0784,0.06031003233293778,5,0.41059999999999997,0.4266893483554517,5,0.9616,0.03623948123249005,5
RF,RF_n_estimators=300_max_features=log2,fine_burnt,0.6496000000000001,0.01955249344712846,5,0.2718,0.042322570810384375,5,0.29660000000000003,0.03728672686090854,5,0.8657999999999999,0.01564288975860918,5,0.23959999999999998,0.02067123605399542,5,0.281,0.08291260459061699,5,0.3384,0.05346307136706605,5,0.9608000000000001,0.021463923220138497,5
RF,RF_n_estimators=300_max_features=log2,fine_buttery,0.6839999999999999,0.06873863542433759,5,0.3664,0.13323025181992265,5,0.37779999999999997,0.13433986750030683,5,0.8667999999999999,0.04492994547069923,5,0.3408,0.1524981967106497,5,0.3956,0.15408861087049877,5,0.3876,0.13744198776211003,5,0.9800000000000001,0.012165525060596441,5
RF,RF_n_estimators=300_max_features=log2,fine_cabbage,0.6778000000000001,0.020656718035544704,5,0.2612,0.02612852846985457,5,0.2564,0.03206711711395335,5,0.9538,0.023402991261802418,5,0.29500000000000004,0.09626525853079085,5,0.2016,0.046682973341465726,5,0.3698,0.04548296384361951,5,0.9853999999999999,0.005683308895353111,5
RF,RF_n_estimators=300_max_features=log2,fine_camphoreous,0.73,0.07011419257183239,5,0.465,0.07442445834535846,5,0.4708,0.07914985786468602,5,0.9282,0.026271657732240623,5,0.4636,0.13411301204581155,5,0.499,0.08083316151184487,5,0.47400000000000003,0.1438940582512009,5,0.9864,0.0067305274681855485,5
RF,RF_n_estimators=300_max_features=log2,fine_caramellic,0.7542,0.030597385509222873,5,0.5034,0.05662861467491499,5,0.5256000000000001,0.05413224547346986,5,0.9082000000000001,0.01380941707676323,5,0.5074,0.08636144973308404,5,0.5232,0.07077570204526407,5,0.5334,0.062444375247094897,5,0.9751999999999998,0.007791020472312984,5
RF,RF_n_estimators=300_max_features=log2,fine_cedar,0.6546000000000001,0.06376362599476292,5,0.3544,0.1109517913329929,5,0.3412,0.10238505750352442,5,0.9486000000000001,0.030377623343507278,5,0.35540000000000005,0.08963704591294827,5,0.44539999999999996,0.20549403884297957,5,0.31579999999999997,0.13056875583385177,5,0.9942,0.006140032573203495,5
RF,RF_n_estimators=300_max_features=log2,fine_celery,0.5946,0.06660555532386166,5,0.1642,0.08371200630733923,5,0.1496,0.07860534332982715,5,0.746,0.09428149341201592,5,0.1728,0.0540712492920221,5,0.20539999999999997,0.17853795114764814,5,0.20800000000000002,0.1390323703315167,5,0.9810000000000001,0.028310775333784118,5
RF,RF_n_estimators=300_max_features=log2,fine_chamomile,0.7496,0.04662938987376957,5,0.4372,0.1120856815119576,5,0.43099999999999994,0.11447052022245727,5,0.8876,0.0679175971306406,5,0.31839999999999996,0.1772012979636436,5,0.3996,0.17435108258912535,5,0.505,0.09431595835276234,5,0.994,0.0037416573867739373,5
RF,RF_n_estimators=300_max_features=log2,fine_cheesy,0.7226,0.05792063535563123,5,0.4468,0.06141416774653879,5,0.461,0.05972018084366458,5,0.8902000000000001,0.021475567512873824,5,0.5067999999999999,0.06362546659946786,5,0.48019999999999996,0.088086321299053,5,0.4664,0.12224074607102169,5,0.9789999999999999,0.008746427842267954,5
RF,RF_n_estimators=300_max_features=log2,fine_cherry,0.631,0.060922081382697335,5,0.2496,0.08982928253080953,5,0.2592,0.08999833331790096,5,0.893,0.0327948166636132,5,0.2036,0.051597480558647435,5,0.254,0.06527633568147036,5,0.2752,0.12461420464778483,5,0.9868,0.003962322551231765,5
RF,RF_n_estimators=300_max_features=log2,fine_chocolate,0.6444,0.060723142211186666,5,0.2466,0.07092460785933187,5,0.2218,0.06485522338254644,5,0.8702,0.02108791122894823,5,0.2528,0.07378821044042197,5,0.302,0.26755092973114486,5,0.3084,0.139688224271053,5,0.9804,0.018119050747762693,5
RF,RF_n_estimators=300_max_features=log2,fine_cinnamon,0.7248,0.09064325678173749,5,0.3886,0.08690396998986873,5,0.3856,0.08143893417770152,5,0.9391999999999999,0.01946021582614131,5,0.3806,0.10867750457201342,5,0.35960000000000003,0.09081464639583198,5,0.4614,0.1872025640850039,5,0.9882,0.0071554175279993385,5
RF,RF_n_estimators=300_max_features=log2,fine_citrus,0.7422000000000001,0.04648870830642643,5,0.4694,0.042618071284374205,5,0.5044,0.048772943319016535,5,0.884,0.008306623862918076,5,0.5214000000000001,0.02572547375657056,5,0.503,0.07707788269017253,5,0.53,0.10772650555921694,5,0.9541999999999999,0.016813684902483517,5
RF,RF_n_estimators=300_max_features=log2,fine_clean,0.5900000000000001,0.08302710400826947,5,0.1822,0.13065871574449214,5,0.175,0.13348595431729887,5,0.7722,0.07237541018882038,5,0.1716,0.1214713958098778,5,0.252,0.2004233020384606,5,0.1942,0.17618654886227836,5,0.986,0.013583077707206152,5
RF,RF_n_estimators=300_max_features=log2,fine_clove,0.7282,0.07656500506105904,5,0.42380000000000007,0.0906791045390282,5,0.4162,0.09112738337075198,5,0.9391999999999999,0.03476636305396355,5,0.37279999999999996,0.06335376863297083,5,0.41980000000000006,0.1454860818085359,5,0.46180000000000004,0.15757442685918294,5,0.9945999999999999,0.004505552130427512,5
RF,RF_n_estimators=300_max_features=log2,fine_cocoa,0.702,0.04642736262162648,5,0.35140000000000005,0.035125489320435105,5,0.362,0.03145631892005167,5,0.8698,0.07712133297603202,5,0.391,0.09333005946639057,5,0.3256,0.0310531801914071,5,0.4258,0.09858346717376092,5,0.9783999999999999,0.006580273550544855,5
RF,RF_n_estimators=300_max_features=log2,fine_coconut,0.7024,0.10102623421666279,5,0.49420000000000003,0.10764153473450665,5,0.4542,0.1393151104510921,5,0.8734,0.04671509392048788,5,0.5336000000000001,0.11427510665057371,5,0.7068,0.24878444485136125,5,0.4104,0.20763020011549377,5,0.9945999999999999,0.0065038450166036675,5
RF,RF_n_estimators=300_max_features=log2,fine_coffee,0.6924,0.08939407139178751,5,0.32080000000000003,0.11446265766615767,5,0.3274,0.10879246297423364,5,0.9458,0.004868264577855224,5,0.36619999999999997,0.12374853534486782,5,0.2894,0.09145928055697793,5,0.40780000000000005,0.18752519830678757,5,0.9772000000000001,0.011691877522451247,5
RF,RF_n_estimators=300_max_features=log2,fine_cognac,0.7522,0.07515118096211129,5,0.42800000000000005,0.03589568219159514,5,0.426,0.021529050141610977,5,0.9359999999999999,0.026429150572804996,5,0.3792,0.12382931801475773,5,0.3942,0.10388310738517594,5,0.525,0.16066113406795063,5,0.9789999999999999,0.011247221879202005,5
RF,RF_n_estimators=300_max_features=log2,fine_cooked,0.671,0.08033367911405524,5,0.1792,0.07050319141712665,5,0.1662,0.054878957716049975,5,0.8193999999999999,0.06178834841618602,5,0.1306,0.05707714078332935,5,0.1078,0.034142349069740355,5,0.4,0.18016797717685573,5,0.9416,0.024582514110643754,5
RF,RF_n_estimators=300_max_features=log2,fine_cooling,0.682,0.09067248755824453,5,0.28359999999999996,0.0737753346315691,5,0.279,0.0657114906237866,5,0.8964000000000001,0.05427522455043369,5,0.28440000000000004,0.10044550761482565,5,0.24980000000000002,0.05840119861783661,5,0.385,0.19362980142529712,5,0.9795999999999999,0.014432601983010562,5
RF,RF_n_estimators=300_max_features=log2,fine_cortex,0.5554,0.05305468876546162,5,0.11839999999999999,0.11263791546366615,5,0.11639999999999999,0.09683387836909146,5,0.7438,0.10099851484056585,5,0.11239999999999999,0.11536377247645813,5,0.1626,0.198075238230325,5,0.1272,0.10639407878260894,5,0.984,0.010653637876331268,5
RF,RF_n_estimators=300_max_features=log2,fine_coumarinic,0.6734,0.06857331842633839,5,0.45380000000000004,0.13743798601551174,5,0.43079999999999996,0.13444218088085302,5,0.9266,0.04908462080937367,5,0.4798,0.12335598891014574,5,0.6334,0.2594856450750214,5,0.35,0.13693063937629152,5,0.9968,0.0030331501776206357,5
RF,RF_n_estimators=300_max_features=log2,fine_creamy,0.619,0.04216040796766557,5,0.233,0.07154718722633337,5,0.2566,0.07868163699364675,5,0.7632,0.03544291184426022,5,0.2514,0.056007142401661596,5,0.2672,0.08014798812197346,5,0.27040000000000003,0.09214553705958854,5,0.9673999999999999,0.016964669168598605,5
RF,RF_n_estimators=300_max_features=log2,fine_cucumber,0.7178,0.0822477963230626,5,0.40659999999999996,0.10599433947150197,5,0.393,0.10918104231046705,5,0.9369999999999999,0.05558327086453259,5,0.4608,0.15319986945164152,5,0.42560000000000003,0.2038585293776054,5,0.4448,0.1751276677170115,5,0.9906,0.012239281024635364,5
RF,RF_n_estimators=300_max_features=log2,fine_dairy,0.6668000000000001,0.054043500996882106,5,0.292,0.11823070667132121,5,0.302,0.11944664080667987,5,0.8206,0.06685656287904727,5,0.2642,0.12281775116000128,5,0.2872,0.1515344845241505,5,0.3652,0.11027102974036289,5,0.9683999999999999,0.026120872879748836,5
RF,RF_n_estimators=300_max_features=log2,fine_dry,0.6157999999999999,0.04793954526275775,5,0.20659999999999998,0.028814926687395888,5,0.22400000000000003,0.023248655875125337,5,0.7548,0.03249923076012727,5,0.1584,0.05194035040313072,5,0.22719999999999999,0.07101901153916464,5,0.2676,0.11969461140753163,5,0.9635999999999999,0.024845522735495,5
RF,RF_n_estimators=300_max_features=log2,fine_earthy,0.6712,0.03288920795641024,5,0.2894,0.03578826623350174,5,0.3356,0.03182451884946575,5,0.759,0.041880783182743894,5,0.2976,0.04358095914502113,5,0.2914,0.056747687177540536,5,0.41740000000000005,0.08478679142413635,5,0.9252,0.025232915011944176,5
RF,RF_n_estimators=300_max_features=log2,fine_ethereal,0.7804,0.04311380289420082,5,0.524,0.05965735495309859,5,0.5466,0.05482517669830166,5,0.9120000000000001,0.02712931993250111,5,0.5922,0.06934839579975874,5,0.523,0.10956504917171352,5,0.5968,0.09690562419178775,5,0.9638,0.016754103974847497,5
RF,RF_n_estimators=300_max_features=log2,fine_fatty,0.7654,0.014859340496805389,5,0.5056,0.01463898903613229,5,0.5656,0.012177848742696689,5,0.8602000000000001,0.0213471309547677,5,0.544,0.040018745607527495,5,0.5392,0.053190224665816195,5,0.602,0.04577663159298639,5,0.9286,0.016742162345408058,5
RF,RF_n_estimators=300_max_features=log2,fine_fermented,0.6636,0.04409421730794189,5,0.3946,0.05965986925899183,5,0.3766,0.04281121348431972,5,0.8742000000000001,0.014342245291445838,5,0.4332,0.04889989775040435,5,0.5538000000000001,0.26088733200368314,5,0.34199999999999997,0.10238408079384215,5,0.9853999999999999,0.015026643005009497,5
RF,RF_n_estimators=300_max_features=log2,fine_fishy,0.7074,0.0783600663603598,5,0.41600000000000004,0.0673386961560736,5,0.41259999999999997,0.0646242988356547,5,0.9094,0.04839214812343009,5,0.4276,0.09261101446372345,5,0.4518,0.11291899751591848,5,0.4242,0.16156948969406323,5,0.9907999999999999,0.005357238094391569,5
RF,RF_n_estimators=300_max_features=log2,fine_floral,0.7768,0.015122830422906963,5,0.513,0.03200781154655848,5,0.6278,0.024014578905323308,5,0.8635999999999999,0.01828387267512003,5,0.631,0.034568772034887243,5,0.5638,0.04086196275266276,5,0.712,0.04159326868617083,5,0.8416,0.03286031040632451,5
RF,RF_n_estimators=300_max_features=log2,fine_fresh,0.6721999999999999,0.042558195450465255,5,0.2754,0.02666083269517289,5,0.353,0.015652475842498525,5,0.7766,0.016379865689315046,5,0.2952,0.02480322559668399,5,0.29159999999999997,0.052988678035972896,5,0.4974,0.1519006254101674,5,0.8465999999999999,0.06962255381699235,5
RF,RF_n_estimators=300_max_features=log2,fine_fruit skin,0.5800000000000001,0.06825320505294973,5,0.1246,0.09228109232123338,5,0.1106,0.07944369075011558,5,0.7382,0.07341798144868876,5,0.1062,0.05472842040475863,5,0.1542,0.20040009980037435,5,0.1816,0.15875547234662496,5,0.9789999999999999,0.02743173344869039,5
RF,RF_n_estimators=300_max_features=log2,fine_fruity,0.7802,0.007395944834840255,5,0.5554,0.012895735729302122,5,0.7283999999999999,0.009208691546577092,5,0.8614,0.00981325634027769,5,0.8088000000000001,0.007362064927722333,5,0.7086,0.0372196184827303,5,0.7538,0.051353675623074906,5,0.806,0.04296510211788167,5
RF,RF_n_estimators=300_max_features=log2,fine_garlic,0.8524,0.05302169367343903,5,0.5808,0.08340983155479931,5,0.5744,0.08990995495494364,5,0.9757999999999999,0.014889593681494501,5,0.5984,0.1131936393972735,5,0.49960000000000004,0.14685639243832732,5,0.7256,0.11145761526248439,5,0.9789999999999999,0.011768602295939817,5
RF,RF_n_estimators=300_max_features=log2,fine_gassy,0.6854,0.17265659558788943,5,0.233,0.21490579331418685,5,0.21200000000000002,0.21413196865484616,5,0.9381999999999999,0.04847370421166509,5,0.24420000000000003,0.2110727362782792,5,0.189,0.202171956512272,5,0.3916,0.365497332411606,5,0.9794,0.03187946047222256,5
RF,RF_n_estimators=300_max_features=log2,fine_geranium,0.6496000000000001,0.07119901684714479,5,0.3114,0.06468230051567431,5,0.30300000000000005,0.062100724633453334,5,0.8987999999999999,0.03123619695161365,5,0.24419999999999997,0.07784086330456517,5,0.36419999999999997,0.12780140844294322,5,0.3068,0.14606060386017855,5,0.9928000000000001,0.004604345773288525,5
RF,RF_n_estimators=300_max_features=log2,fine_grape,0.6528,0.045041092349098304,5,0.38580000000000003,0.09531369261548939,5,0.3458,0.08211698971589255,5,0.8282,0.05769055381949454,5,0.3518,0.08509817859390409,5,0.5978,0.34835283836937514,5,0.3182,0.10664989451471577,5,0.9878,0.01851215816699934,5
RF,RF_n_estimators=300_max_features=log2,fine_grapefruit,0.7048,0.037592552453910334,5,0.3742,0.1090536565182479,5,0.375,0.10843200634499023,5,0.9057999999999999,0.04249941176063499,5,0.37,0.11445304714161172,5,0.366,0.1819161894939535,5,0.42279999999999995,0.07458351024187583,5,0.9872,0.007155417527999351,5
RF,RF_n_estimators=300_max_features=log2,fine_grassy,0.558,0.037489998666310996,5,0.09459999999999999,0.05932368835465307,5,0.1052,0.059204729540806106,5,0.7472,0.04803332176728984,5,0.09159999999999999,0.05030208743183527,5,0.0902,0.05339194695831947,5,0.1336,0.0803822119625978,5,0.9826,0.008443932733033824,5
RF,RF_n_estimators=300_max_features=log2,fine_green,0.7382,0.026099808428415736,5,0.45199999999999996,0.05423559716643672,5,0.6234,0.038474666990111844,5,0.8208,0.017767948671695302,5,0.6762,0.025742960202742783,5,0.5624,0.05860290095208598,5,0.7076,0.06467843535522486,5,0.769,0.06936497675340202,5
RF,RF_n_estimators=300_max_features=log2,fine_hawthorn,0.6557999999999999,0.192134588244803,5,0.2056,0.19136169940716977,5,0.19,0.15524174696260024,5,0.9148,0.10540730524968368,5,0.257,0.23636835659622463,5,0.15460000000000002,0.10609335511708545,5,0.323,0.3907006526741413,5,0.9885999999999999,0.00760263112349929,5
RF,RF_n_estimators=300_max_features=log2,fine_hay,0.5982000000000001,0.020692993983471773,5,0.181,0.041315856520227186,5,0.1906,0.04115580153514205,5,0.7978,0.06409914195993578,5,0.135,0.02849561369755002,5,0.18460000000000001,0.060006666296337455,5,0.2144,0.0488344140949802,5,0.9826,0.014536161804272836,5
RF,RF_n_estimators=300_max_features=log2,fine_hazelnut,0.729,0.10791895106977274,5,0.2964,0.0847189471133819,5,0.27,0.11484554845530584,5,0.9129999999999999,0.05587038571551121,5,0.3494,0.06417787780847851,5,0.24359999999999998,0.14164850864022538,5,0.48360000000000003,0.23896506020755418,5,0.9738,0.026128528469854563,5
RF,RF_n_estimators=300_max_features=log2,fine_herbal,0.6971999999999999,0.013773162309360877,5,0.3466,0.058883783845809355,5,0.45380000000000004,0.044985553236566965,5,0.7894,0.026931394319641106,5,0.4506,0.05254807322823546,5,0.3938,0.09200380426917139,5,0.5644,0.061601948021146186,5,0.8295999999999999,0.07546721142323999,5
RF,RF_n_estimators=300_max_features=log2,fine_honey,0.6612,0.06965773467462176,5,0.3652,0.13415923374855718,5,0.3516,0.11259351668724092,5,0.8576,0.012895735729302134,5,0.3714,0.12305811635158408,5,0.4932,0.2989526718395405,5,0.3448,0.16352889652902328,5,0.9778,0.030367746047410205,5
RF,RF_n_estimators=300_max_features=log2,fine_hyacinth,0.6008,0.09145873386396729,5,0.2372,0.19331244139992648,5,0.19979999999999998,0.17583714055909805,5,0.835,0.05738902334070519,5,0.22080000000000002,0.11628284482244146,5,0.38360000000000005,0.3609526284708286,5,0.21339999999999998,0.20119716697806658,5,0.9884000000000001,0.023712865706194217,5
RF,RF_n_estimators=300_max_features=log2,fine_jasmin,0.7196,0.06170737395157889,5,0.3624,0.0701092005374473,5,0.36719999999999997,0.06084159761216006,5,0.875,0.07442109915877348,5,0.37060000000000004,0.1142838571277676,5,0.3186,0.08644246641552981,5,0.46080000000000004,0.12760760165444693,5,0.978,0.008062257748298557,5
RF,RF_n_estimators=300_max_features=log2,fine_juicy,0.6208,0.09743818553318816,5,0.1234,0.052865868005736935,5,0.1038,0.03240678941209696,5,0.8018000000000001,0.10073579304298945,5,0.10400000000000001,0.04361765697512878,5,0.0988,0.0864303187544741,5,0.282,0.23060464002270206,5,0.9592,0.04001499718855416,5
RF,RF_n_estimators=300_max_features=log2,fine_ketonic,0.8046,0.06308961879739013,5,0.5466,0.13553523527112793,5,0.5449999999999999,0.13890104391256392,5,0.9052,0.05202595506091168,5,0.5286,0.12518706003417449,5,0.499,0.15792878141744773,5,0.6157999999999999,0.12476858578985338,5,0.9938,0.002387467277262689,5
RF,RF_n_estimators=300_max_features=log2,fine_lactonic,0.7482,0.0859575476616219,5,0.40700000000000003,0.1232010551902864,5,0.4034,0.11863726227454846,5,0.9032,0.06271921555631897,5,0.3478,0.18034605623633693,5,0.3498,0.12944381020350104,5,0.5096,0.17137473559425265,5,0.9872,0.004438468204234431,5
RF,RF_n_estimators=300_max_features=log2,fine_lavender,0.654,0.15539144120574977,5,0.2452,0.17688329485850268,5,0.22359999999999997,0.16392162761515028,5,0.8632,0.12295202316350874,5,0.2484,0.1373546504491202,5,0.25339999999999996,0.18641968780147658,5,0.31379999999999997,0.3147748401635684,5,0.9944,0.00461519230368568,5
RF,RF_n_estimators=300_max_features=log2,fine_leafy,0.5774,0.04881905365735802,5,0.1318,0.05629120712864488,5,0.14500000000000002,0.0655248044636533,5,0.7554000000000001,0.059952481183016944,5,0.1526,0.03582317685521483,5,0.15760000000000002,0.059944140664455275,5,0.193,0.1203307940636976,5,0.961,0.02996664812754339,5
RF,RF_n_estimators=300_max_features=log2,fine_leathery,0.5974,0.007797435475847173,5,0.21539999999999998,0.08544179305234646,5,0.20600000000000002,0.0651805185619139,5,0.8135999999999999,0.0355710556492213,5,0.24220000000000003,0.06516670929239869,5,0.2852,0.23070478972054312,5,0.2044,0.020707486568871652,5,0.9902,0.007596051605933177,5
RF,RF_n_estimators=300_max_features=log2,fine_lemon,0.7104,0.08789653007940648,5,0.3568,0.0886775056031686,5,0.3452,0.08504822161573984,5,0.8724000000000001,0.052252272677846254,5,0.3598,0.11616669057866802,5,0.34740000000000004,0.1632706342242842,5,0.4391999999999999,0.18804972746590196,5,0.9822,0.013065221008463673,5
RF,RF_n_estimators=300_max_features=log2,fine_lily,0.6704000000000001,0.06720714247756708,5,0.2622,0.07601776108252598,5,0.2582,0.06907387349787183,5,0.8638,0.018430952227163934,5,0.2238,0.05935233778041098,5,0.2286,0.126875135467908,5,0.36239999999999994,0.14786243606812383,5,0.9785999999999999,0.014909728367747043,5
RF,RF_n_estimators=300_max_features=log2,fine_malty,0.746,0.032855745311893364,5,0.5446,0.21891733599694657,5,0.5096,0.21398200858950736,5,0.9114000000000001,0.0644383426230067,5,0.6072,0.08486283049722067,5,0.6816,0.43719881061137394,5,0.4968,0.06522039558297694,5,0.9955999999999999,0.006985699678629172,5
RF,RF_n_estimators=300_max_features=log2,fine_meaty,0.8054,0.05413224547346988,5,0.5429999999999999,0.03438749772809879,5,0.5654,0.02893613657695162,5,0.9400000000000001,0.011045361017187238,5,0.5726,0.02838661656485319,5,0.512,0.041719300090006295,5,0.6514,0.12170990099412621,5,0.959,0.013472193585307447,5
RF,RF_n_estimators=300_max_features=log2,fine_medicinal,0.6592,0.04042523964060074,5,0.34859999999999997,0.07358192712888134,5,0.34659999999999996,0.06566429775760949,5,0.8926000000000001,0.03223817612707026,5,0.3142,0.053279451949133264,5,0.41080000000000005,0.15744903937464974,5,0.327,0.08501470461043784,5,0.9917999999999999,0.0060166435825965295,5
RF,RF_n_estimators=300_max_features=log2,fine_melon,0.642,0.025806975801127924,5,0.332,0.034999999999999996,5,0.33740000000000003,0.03617734097470404,5,0.858,0.021130546609115463,5,0.30300000000000005,0.06442437426937106,5,0.417,0.09477605182745269,5,0.2966,0.05611416933360057,5,0.9875999999999999,0.006024948132556869,5
RF,RF_n_estimators=300_max_features=log2,fine_metallic,0.6060000000000001,0.06372597586541928,5,0.1658,0.05931863113727424,5,0.17519999999999997,0.059826415570381625,5,0.7398,0.046494085645380746,5,0.14020000000000002,0.045581794611445486,5,0.1688,0.04261103143553322,5,0.2472,0.14567841295126743,5,0.9648,0.021016660058153877,5
RF,RF_n_estimators=300_max_features=log2,fine_milky,0.6386000000000001,0.03860440389385651,5,0.24580000000000002,0.0740655115421476,5,0.2552,0.06966491225861123,5,0.8173999999999999,0.046008694830433926,5,0.2084,0.09318154323684492,5,0.23820000000000002,0.10196911297054612,5,0.2946,0.07841747254279495,5,0.9815999999999999,0.007162401831787984,5
RF,RF_n_estimators=300_max_features=log2,fine_mint,0.7203999999999999,0.03504711115056415,5,0.4514,0.045136459763698795,5,0.471,0.042679034665746615,5,0.8948,0.011819475453673903,5,0.4912000000000001,0.06502076591366793,5,0.49559999999999993,0.09055826853468435,5,0.46480000000000005,0.07663028122093772,5,0.976,0.011113055385446421,5
RF,RF_n_estimators=300_max_features=log2,fine_muguet,0.6646,0.05916755867872192,5,0.28700000000000003,0.11999583326099285,5,0.28759999999999997,0.11925309220309552,5,0.923,0.027120103244641224,5,0.22240000000000001,0.12008247166010533,5,0.2714,0.15760488571107178,5,0.34299999999999997,0.12068347028487372,5,0.9868,0.008814760348415648,5
RF,RF_n_estimators=300_max_features=log2,fine_mushroom,0.6902,0.07735761113167859,5,0.3024,0.08475435092076393,5,0.30579999999999996,0.08026954590627755,5,0.8524,0.061170254209051644,5,0.3082,0.10960930617424783,5,0.26139999999999997,0.04052530073916787,5,0.4034000000000001,0.1611452760710037,5,0.9766,0.008792041856133317,5
RF,RF_n_estimators=300_max_features=log2,fine_musk,0.8066000000000001,0.025598828098176676,5,0.6132,0.05735590640901769,5,0.6184000000000001,0.05567135708782391,5,0.9057999999999999,0.04060418697622207,5,0.6841999999999999,0.05396017049639483,5,0.6252,0.10729958061427822,5,0.6215999999999999,0.052557587463657456,5,0.9922000000000001,0.003563705936241092,5
RF,RF_n_estimators=300_max_features=log2,fine_musty,0.6008,0.030670833050310188,5,0.1754,0.036156603822815,5,0.2048,0.037685540993861295,5,0.7468,0.020351904087824342,5,0.147,0.030282007859453435,5,0.196,0.0660189366772898,5,0.25339999999999996,0.08216933734672563,5,0.9484,0.029652993103563768,5
RF,RF_n_estimators=300_max_features=log2,fine_natural,0.663,0.12091112438481416,5,0.1034,0.06722573911828712,5,0.0772,0.02852542725359254,5,0.771,0.05689024520952606,5,0.0632,0.02943976902083303,5,0.0426,0.014774978849392644,5,0.48819999999999997,0.30534685195691796,5,0.8380000000000001,0.06875681784376005,5
RF,RF_n_estimators=300_max_features=log2,fine_nutty,0.6914,0.02455198566307822,5,0.4084,0.03741390115986303,5,0.43920000000000003,0.028101601377857447,5,0.8544,0.02476489450815413,5,0.48840000000000006,0.04750052631287365,5,0.49660000000000004,0.1276804605254853,5,0.42400000000000004,0.07865430693865406,5,0.9586,0.03135761470520358,5
RF,RF_n_estimators=300_max_features=log2,fine_odorless,0.906,0.027083205127901678,5,0.7253999999999999,0.054779558231150445,5,0.7318,0.05554007562112243,5,0.9795999999999999,0.014170391667134725,5,0.8484,0.047721064531294766,5,0.6576000000000001,0.07188045631463394,5,0.8300000000000001,0.054198708471696985,5,0.9814,0.006542170893518435,5
RF,RF_n_estimators=300_max_features=log2,fine_oily,0.694,0.023864199127563435,5,0.38280000000000003,0.03849285648013148,5,0.4304,0.03470302580467587,5,0.8294,0.015883954167649823,5,0.4,0.025739075352467507,5,0.4274,0.04892136547562834,5,0.4378,0.04925139591930365,5,0.95,0.007416198487095664,5
RF,RF_n_estimators=300_max_features=log2,fine_onion,0.8150000000000001,0.07234984450570714,5,0.5519999999999999,0.06578753681359409,5,0.5593999999999999,0.062488398923320115,5,0.976,0.004472135954999584,5,0.6378,0.052232173992664645,5,0.5054000000000001,0.06382240985735338,5,0.6556,0.15530228588143832,5,0.9747999999999999,0.012029131306956481,5
RF,RF_n_estimators=300_max_features=log2,fine_orange,0.7178,0.06317990186760344,5,0.3464,0.08470714255598517,5,0.3516,0.07816840794080429,5,0.8949999999999999,0.04584212036980842,5,0.3036,0.0672889292528868,5,0.2866,0.05259087373299668,5,0.4584,0.12837951549994256,5,0.9778,0.0021679483388678776,5
RF,RF_n_estimators=300_max_features=log2,fine_orangeflower,0.7041999999999999,0.19164341887996053,5,0.2992,0.2923998974008028,5,0.2822,0.2864763515545393,5,0.9126,0.06323211209504233,5,0.34719999999999995,0.16723994738100104,5,0.24000000000000005,0.2773887164251639,5,0.41419999999999996,0.3895544891282861,5,0.9938,0.00831865373723418,5
RF,RF_n_estimators=300_max_features=log2,fine_orris,0.6288,0.09060463564299565,5,0.24020000000000002,0.1407060766278415,5,0.22480000000000003,0.13387008627770433,5,0.8406,0.07457412419867898,5,0.251,0.08383614972074993,5,0.2906,0.24477397737504697,5,0.2734,0.18919117315562056,5,0.9846,0.016905620367203368,5
RF,RF_n_estimators=300_max_features=log2,fine_ozone,0.6194,0.14274032366503864,5,0.1024,0.1107736430745148,5,0.0814,0.09236774328736196,5,0.8916000000000001,0.06779970501410752,5,0.1802,0.08472425862762094,5,0.0578,0.07623778590698972,5,0.2722,0.3194561002704441,5,0.967,0.038619943034655005,5
RF,RF_n_estimators=300_max_features=log2,fine_peach,0.6532,0.04546097227292882,5,0.2842,0.07278186587330664,5,0.2908,0.07852515520519524,5,0.8614,0.029988331063932172,5,0.3198,0.027252522818997857,5,0.2912,0.09784528603872544,5,0.32459999999999994,0.09635507251826443,5,0.982,0.010839741694339414,5
RF,RF_n_estimators=300_max_features=log2,fine_pear,0.7126,0.05868389898430403,5,0.368,0.07023887812315913,5,0.3802,0.06723986912539316,5,0.9042,0.026357162214472235,5,0.3224,0.038901156795139155,5,0.33799999999999997,0.05728437832428663,5,0.4492,0.12299065005113194,5,0.976,0.007778174593052034,5
RF,RF_n_estimators=300_max_features=log2,fine_phenolic,0.7136,0.07444326698902998,5,0.473,0.06824221567329126,5,0.4746,0.08201402319115919,5,0.9048,0.037137582042992515,5,0.48819999999999997,0.06533146255824984,5,0.5694,0.1093357215186327,5,0.441,0.15567112770196018,5,0.9858,0.007395944834840239,5
RF,RF_n_estimators=300_max_features=log2,fine_pine,0.7392,0.05229913957227213,5,0.4992,0.11001227204271347,5,0.49660000000000004,0.09924867757305385,5,0.9507999999999999,0.03527321930303494,5,0.437,0.04240872551728003,5,0.5482,0.21105141553659384,5,0.4852,0.10696588241116886,5,0.993,0.004636809247747885,5
RF,RF_n_estimators=300_max_features=log2,fine_pineapple,0.757,0.04571651780264982,5,0.4144,0.04219952606368938,5,0.42539999999999994,0.049399392708817776,5,0.9056000000000001,0.03030346514839518,5,0.43520000000000003,0.09963282591596002,5,0.3658,0.10738808127534452,5,0.562,0.11506737156987641,5,0.952,0.02588435821108953,5
RF,RF_n_estimators=300_max_features=log2,fine_plum,0.596,0.02934280150224243,5,0.1516,0.044590357702086234,5,0.15899999999999997,0.04364057744805859,5,0.8221999999999999,0.045135351998184296,5,0.10740000000000001,0.03329113996245848,5,0.1322,0.04349367770147748,5,0.21100000000000002,0.0602536305960064,5,0.9814,0.007829431652425355,5
RF,RF_n_estimators=300_max_features=log2,fine_popcorn,0.7904,0.13823277469543907,5,0.5344,0.12353461053486182,5,0.5,0.16672282387243806,5,0.9853999999999999,0.010139033484509253,5,0.6022000000000001,0.18434532812089377,5,0.5918,0.2514054494238341,5,0.5856,0.27832229519030627,5,0.9954000000000001,0.0037148351242013663,5
RF,RF_n_estimators=300_max_features=log2,fine_potato,0.6402,0.1197129901055019,5,0.2274,0.15889241643325838,5,0.21479999999999996,0.16198055438848208,5,0.9381999999999999,0.02901206645518375,5,0.253,0.09340503198436367,5,0.2294,0.15120284388859886,5,0.29,0.2466140709691967,5,0.9906,0.008820430828479978,5
RF,RF_n_estimators=300_max_features=log2,fine_powdery,0.6102000000000001,0.062033861720837566,5,0.2158,0.08446715337928704,5,0.2364,0.08216933734672566,5,0.8426,0.0567741138195921,5,0.2394,0.10379691710258065,5,0.24500000000000002,0.072691127381545,5,0.2468,0.1354592189553742,5,0.9732,0.013899640283115272,5
RF,RF_n_estimators=300_max_features=log2,fine_pungent,0.6990000000000001,0.06515750148678205,5,0.333,0.06479583319936554,5,0.3466,0.06992352965919268,5,0.8862,0.027040710049848968,5,0.3404,0.062400320511997384,5,0.3224,0.11847700198772756,5,0.4492,0.17471605535840146,5,0.9484,0.048613784053496555,5
RF,RF_n_estimators=300_max_features=log2,fine_radish,0.615,0.04782781617427248,5,0.316,0.15359036428109676,5,0.2942,0.12888638407527772,5,0.8962,0.04469004363390131,5,0.33799999999999997,0.10948059188732949,5,0.4732,0.3131240968050846,5,0.23420000000000002,0.09644532129657718,5,0.9955999999999999,0.004560701700396543,5
RF,RF_n_estimators=300_max_features=log2,fine_raspberry,0.573,0.049994999749975,5,0.09559999999999999,0.07319357895334809,5,0.097,0.07098239218285053,5,0.784,0.09855455342093537,5,0.0934,0.08614116321480689,5,0.0716,0.05636310850192704,5,0.164,0.1037954719628944,5,0.9823999999999999,0.009710818709048177,5
RF,RF_n_estimators=300_max_features=log2,fine_ripe,0.658,0.05904659177293809,5,0.21480000000000002,0.06061930385611499,5,0.21400000000000002,0.05633382642782221,5,0.7969999999999999,0.09980230458260969,5,0.12,0.04330704330706497,5,0.1654,0.05235265036270847,5,0.34900000000000003,0.12578553175941978,5,0.9667999999999999,0.014307340773183547,5
RF,RF_n_estimators=300_max_features=log2,fine_roasted,0.7976,0.057760713291994635,5,0.5196,0.01803607496103301,5,0.5408000000000001,0.018047160441465596,5,0.9394,0.014926486525636207,5,0.5496000000000001,0.04544007042248064,5,0.4875999999999999,0.07557314337778995,5,0.6424000000000001,0.13898489126520194,5,0.9528000000000001,0.024201239637671422,5
RF,RF_n_estimators=300_max_features=log2,fine_rose,0.719,0.08876373133211564,5,0.417,0.06747962655498325,5,0.4324,0.09688291903116875,5,0.8936,0.025025986494042543,5,0.4976,0.07088582368852044,5,0.47400000000000003,0.12524575841121333,5,0.48679999999999995,0.20754083935457135,5,0.9518000000000001,0.03263740185737826,5
RF,RF_n_estimators=300_max_features=log2,fine_rummy,0.6088,0.05697982098953977,5,0.2012,0.07143668525344662,5,0.21000000000000002,0.0718366201877566,5,0.8176,0.05769142050599897,5,0.19519999999999998,0.04633788946423866,5,0.2088,0.05492449362533986,5,0.2338,0.12135567559863034,5,0.9836,0.009449867723941976,5
RF,RF_n_estimators=300_max_features=log2,fine_sandalwood,0.6886,0.07641858412716113,5,0.5266,0.12677263111571044,5,0.47940000000000005,0.13531555712481844,5,0.9603999999999999,0.036800815208361884,5,0.6195999999999999,0.14433052345224834,5,0.8,0.27386127875258304,5,0.378,0.1535464099222121,5,0.9987999999999999,0.0017888543819998305,5
RF,RF_n_estimators=300_max_features=log2,fine_savory,0.7946,0.03648698398059231,5,0.355,0.043531597719357815,5,0.3326,0.03876596445337068,5,0.8858,0.029295050776539044,5,0.2642,0.038395312213862776,5,0.2242,0.030186089511561452,5,0.6494,0.07207149228370399,5,0.9400000000000001,0.008396427811873301,5
RF,RF_n_estimators=300_max_features=log2,fine_sharp,0.6424,0.07108656694481733,5,0.2178,0.08161923792832179,5,0.22160000000000002,0.0874517009554417,5,0.8210000000000001,0.0649576785299475,5,0.1728,0.048360107526762175,5,0.19619999999999999,0.04323424568556735,5,0.31379999999999997,0.1544998381876175,5,0.9705999999999999,0.01683151805393682,5
RF,RF_n_estimators=300_max_features=log2,fine_smoky,0.7150000000000001,0.09202173656261872,5,0.3902,0.11657272408243706,5,0.371,0.10858867344249122,5,0.9242000000000001,0.042493528919118964,5,0.3546,0.08644246641552984,5,0.4202,0.25948545238606346,5,0.4436,0.19360604329410797,5,0.9864,0.013885243966167816,5
RF,RF_n_estimators=300_max_features=log2,fine_soapy,0.5482,0.05306316990154282,5,0.091,0.11796609682446903,5,0.0852,0.10140364884953598,5,0.817,0.07482312476768127,5,0.1252,0.07467061001491818,5,0.1252,0.21300516425664426,5,0.11040000000000001,0.11503173475176318,5,0.9864,0.015059880477613388,5
RF,RF_n_estimators=300_max_features=log2,fine_solvent,0.6492,0.11452816247543661,5,0.31880000000000003,0.13800978226198315,5,0.30379999999999996,0.1426523746735399,5,0.9174,0.0506537264177079,5,0.3448,0.12977364909718767,5,0.3934,0.125071179733782,5,0.3044,0.23338230438488689,5,0.9944,0.004615192303685712,5
RF,RF_n_estimators=300_max_features=log2,fine_sour,0.678,0.028133609793270366,5,0.4262,0.07244101048439344,5,0.4242,0.06736987457313544,5,0.8218,0.07587950975065667,5,0.3478,0.08210176611985882,5,0.5242,0.11792667213145634,5,0.361,0.05605800567269586,5,0.9949999999999999,0.002121320343559592,5
RF,RF_n_estimators=300_max_features=log2,fine_spicy,0.6562,0.03365560874505167,5,0.3428,0.06415372163795334,5,0.3902,0.04907850853479554,5,0.8124,0.005770615218501312,5,0.4032,0.030865838721797278,5,0.45039999999999997,0.12304186279474154,5,0.3664,0.08472484877531503,5,0.9468,0.03101128826733901,5
RF,RF_n_estimators=300_max_features=log2,fine_strawberry,0.5606,0.08081027162434236,5,0.04240000000000001,0.05822628272524359,5,0.0386,0.04007867263271078,5,0.7998000000000001,0.08701551585780547,5,0.10540000000000001,0.08773710731497819,5,0.0218,0.02240981927637972,5,0.1686,0.20513361499276514,5,0.953,0.04345112196480086,5
RF,RF_n_estimators=300_max_features=log2,fine_sulfurous,0.9446,0.014415269681833874,5,0.7506,0.010310189135025597,5,0.7592000000000001,0.014237275020171544,5,0.9802,0.0024899799195977554,5,0.7586,0.02793385043276351,5,0.6408,0.03523066845803528,5,0.9356,0.0365827828356455,5,0.9533999999999999,0.008203657720797508,5
RF,RF_n_estimators=300_max_features=log2,fine_sweaty,0.5970000000000001,0.07250172411743047,5,0.1996,0.14460567070485167,5,0.1988,0.14044109085306905,5,0.8042,0.1000034999387522,5,0.1876,0.1371670514372894,5,0.2242,0.17340472888592168,5,0.19980000000000003,0.1447262933954988,5,0.9942,0.003346640106136334,5
RF,RF_n_estimators=300_max_features=log2,fine_sweet,0.6849999999999999,0.016583123951776958,5,0.3488,0.026185874054535596,5,0.552,0.021748563170931493,5,0.7554000000000001,0.02004494948858695,5,0.5538000000000001,0.025820534463871885,5,0.497,0.022169799277395368,5,0.6246,0.059475204917679804,5,0.7448,0.03695537849894116,5
RF,RF_n_estimators=300_max_features=log2,fine_tea,0.5434,0.03116568625908949,5,0.0848,0.06289435586759753,5,0.0832,0.053513549686037463,5,0.7028000000000001,0.08847429005083911,5,0.0628,0.023498936146132233,5,0.11440000000000002,0.13025283106328248,5,0.0988,0.07141918509756325,5,0.9882,0.011945710527214373,5
RF,RF_n_estimators=300_max_features=log2,fine_terpenic,0.6992,0.12021938279661896,5,0.31900000000000006,0.2212961816209218,5,0.3144,0.22124714687425914,5,0.9484,0.04653278414193587,5,0.36879999999999996,0.1363697180461997,5,0.2684,0.2151285662109986,5,0.4086,0.2414866455934986,5,0.99,0.007968688725254582,5
RF,RF_n_estimators=300_max_features=log2,fine_tobacco,0.6746000000000001,0.0887006200654764,5,0.28959999999999997,0.10705746120658756,5,0.28659999999999997,0.11828059857812691,5,0.8612,0.05238988451981929,5,0.2704,0.11276879000858349,5,0.2824,0.10696401263976589,5,0.37679999999999997,0.20102039697503335,5,0.9725999999999999,0.03183237345847777,5
RF,RF_n_estimators=300_max_features=log2,fine_tomato,0.6726,0.11422040097985998,5,0.155,0.09671607932500159,5,0.1238,0.07446945682627208,5,0.8792,0.05313379338989455,5,0.1674,0.07822275883654323,5,0.0762,0.04647795176209898,5,0.37720000000000004,0.2527829108147938,5,0.9678000000000001,0.029295050776539024,5
RF,RF_n_estimators=300_max_features=log2,fine_tropical,0.7228,0.023993749185985944,5,0.3698,0.027362382937163893,5,0.4192,0.023220680437919982,5,0.8242,0.024447903795622193,5,0.3618,0.026376125568399925,5,0.3494,0.025589060162499132,5,0.529,0.05526300751859238,5,0.9166000000000001,0.012361229712289978,5
RF,RF_n_estimators=300_max_features=log2,fine_vanilla,0.7608,0.10075564500314609,5,0.5244,0.055563477213003844,5,0.5146,0.06375970514360936,5,0.9224,0.03585805348872131,5,0.5732,0.09738172313119131,5,0.5756,0.12085859506050861,5,0.5332,0.2102229768602852,5,0.9890000000000001,0.008860022573334686,5
RF,RF_n_estimators=300_max_features=log2,fine_vegetable,0.7418,0.014394443372357247,5,0.4088,0.021016660058153846,5,0.44020000000000004,0.02175316068988597,5,0.8568,0.03296513309543888,5,0.3686,0.029971653274385796,5,0.3764,0.048371479200041013,5,0.5414,0.047072284839382916,5,0.942,0.022825424421026613,5
RF,RF_n_estimators=300_max_features=log2,fine_vetiver,0.6002,0.03469437994834321,5,0.254,0.09046822646653355,5,0.2306,0.0828057968985264,5,0.9161999999999999,0.052475708666010416,5,0.23900000000000002,0.07410465572418512,5,0.37839999999999996,0.21655322671343413,5,0.20539999999999997,0.07323455468561271,5,0.9954000000000001,0.005504543577809172,5
RF,RF_n_estimators=300_max_features=log2,fine_violet,0.7128,0.03655406954088695,5,0.42119999999999996,0.036002777670618734,5,0.42140000000000005,0.03294389169481952,5,0.9294,0.05181988035493712,5,0.4312,0.06559496931930069,5,0.4394,0.1200220813017338,5,0.434,0.07612161322515439,5,0.9917999999999999,0.004658325879540839,5
RF,RF_n_estimators=300_max_features=log2,fine_warm,0.5424,0.03423886680367792,5,0.1,0.07399662154450026,5,0.1076,0.07601513007290063,5,0.6552,0.07475760830845249,5,0.09140000000000001,0.043558007300610074,5,0.1406,0.09361249916544265,5,0.09459999999999999,0.07378888805233481,5,0.9904,0.0075033325929216264,5
RF,RF_n_estimators=300_max_features=log2,fine_waxy,0.7502,0.03703646851415514,5,0.476,0.027613402542968155,5,0.525,0.03138470965295045,5,0.8902000000000001,0.014359665734271136,5,0.5524,0.015741664460913903,5,0.5064,0.05508448057302528,5,0.5624,0.09320568652179971,5,0.9378,0.021822007240398344,5
RF,RF_n_estimators=300_max_features=log2,fine_weedy,0.5286,0.09172949362119033,5,0.014199999999999999,0.050469792945880006,5,0.012,0.026832815729997475,5,0.65,0.14469450576991508,5,0.033999999999999996,0.019862024066041206,5,0.0064,0.014310835055998655,5,0.1,0.22360679774997896,5,0.9576,0.05863701902382145,5
RF,RF_n_estimators=300_max_features=log2,fine_winey,0.7134,0.07027659638884053,5,0.3478,0.07523762356693627,5,0.3704,0.06538577827020185,5,0.8926000000000001,0.023394443784796444,5,0.33140000000000003,0.06838713329274741,5,0.3122,0.03620359098211115,5,0.476,0.15076471735787525,5,0.9512,0.01388164255410716,5
RF,RF_n_estimators=300_max_features=log2,fine_woody,0.7772,0.02128849454517629,5,0.5078,0.04991693099540478,5,0.5782,0.04246410248668865,5,0.8618,0.01882020191177557,5,0.6142,0.036023603373343996,5,0.5226,0.05542833210552166,5,0.6488,0.030605555051330165,5,0.9057999999999999,0.018939376969689406,5
RF,RF_n_estimators=300_max_features=sqrt,fine_alcoholic,0.8276,0.05219961685683144,5,0.6294000000000001,0.0802639395992995,5,0.6315999999999999,0.08059962779070387,5,0.9460000000000001,0.036925600875273475,5,0.6384000000000001,0.07434245086086416,5,0.6228,0.137657909325981,5,0.6652,0.1062812307042029,5,0.9906,0.005224940191045244,5
RF,RF_n_estimators=300_max_features=sqrt,fine_aldehydic,0.716,0.0732563990378998,5,0.37439999999999996,0.09497789216444004,5,0.3848,0.08832157154398917,5,0.9046,0.04565413453346806,5,0.387,0.08609587678861282,5,0.3512,0.10984853207940469,5,0.4588,0.15534220289412665,5,0.9732,0.01235718414526549,5
RF,RF_n_estimators=300_max_features=sqrt,fine_alliaceous,0.7386,0.0665980480194427,5,0.4096,0.03960176763731638,5,0.4126,0.04573073364817146,5,0.9602,0.005805170109480011,5,0.4324,0.04165093036175783,5,0.3816,0.09085868147843659,5,0.501,0.1488472371258533,5,0.976,0.01618641405623867,5
RF,RF_n_estimators=300_max_features=sqrt,fine_almond,0.682,0.05750217387195023,5,0.3154,0.06596059429689823,5,0.3196,0.062388300185210986,5,0.9071999999999999,0.04206185920760045,5,0.3134,0.083356463456651,5,0.29500000000000004,0.07894301742396222,5,0.382,0.11856432853097089,5,0.9822,0.008526429498916887,5
RF,RF_n_estimators=300_max_features=sqrt,fine_amber,0.6982,0.08876485791122517,5,0.3672,0.07041448714575715,5,0.3646,0.05601160594019778,5,0.9204000000000001,0.027664056101736067,5,0.3618,0.0820408434866439,5,0.3816,0.12113958890470118,5,0.41259999999999997,0.18588383469253048,5,0.9837999999999999,0.01061602562167211,5
RF,RF_n_estimators=300_max_features=sqrt,fine_animal,0.6524,0.0374205825716276,5,0.3392,0.0942507294401481,5,0.3482,0.08412906750939296,5,0.7978,0.03866135020922055,5,0.27280000000000004,0.08283537891505054,5,0.4034,0.15495257338940846,5,0.3182,0.07449295268681459,5,0.9868,0.005932958789676543,5
RF,RF_n_estimators=300_max_features=sqrt,fine_anisic,0.6796,0.11726167319290644,5,0.349,0.16041508657230466,5,0.34419999999999995,0.15548215331670706,5,0.8526,0.05553197277244884,5,0.372,0.18295491247845738,5,0.38039999999999996,0.1823877737130425,5,0.372,0.2454577356695038,5,0.9874,0.013390294993016411,5
RF,RF_n_estimators=300_max_features=sqrt,fine_apple,0.7512000000000001,0.07576080780984318,5,0.46020000000000005,0.06219083533769265,5,0.48179999999999995,0.055006363268261985,5,0.9082000000000001,0.02396247065725902,5,0.5022,0.04363141070375793,5,0.47040000000000004,0.11290172717899404,5,0.5492,0.17395459177612993,5,0.9533999999999999,0.025055937420100628,5
RF,RF_n_estimators=300_max_features=sqrt,fine_apricot,0.5900000000000001,0.046168170853955234,5,0.14579999999999999,0.07150314678390036,5,0.1568,0.07053155322265349,5,0.8518000000000001,0.04025170803829323,5,0.1296,0.03847466699011182,5,0.13379999999999997,0.061050798520576294,5,0.20179999999999998,0.09723271054537154,5,0.9783999999999999,0.010737783756436886,5
RF,RF_n_estimators=300_max_features=sqrt,fine_aromatic,0.5734,0.10715549449281637,5,0.0792,0.09715297216246141,5,0.0792,0.08901235869248719,5,0.74,0.05834809337073488,5,0.064,0.02501999200639361,5,0.0696,0.08675425061632427,5,0.19739999999999996,0.288843902480215,5,0.9494,0.08044439073049155,5
RF,RF_n_estimators=300_max_features=sqrt,fine_balsamic,0.727,0.055339859052946624,5,0.42539999999999994,0.05958439392995452,5,0.45199999999999996,0.0570569890548038,5,0.8936,0.016742162345408092,5,0.5008,0.07383562825628286,5,0.4452,0.11109770474676783,5,0.49779999999999996,0.1263693000692811,5,0.9558,0.02053533540023146,5
RF,RF_n_estimators=300_max_features=sqrt,fine_banana,0.7262000000000001,0.1098803895151451,5,0.3822,0.10361322309435222,5,0.37140000000000006,0.11429479428215444,5,0.9018,0.04107554016686814,5,0.41240000000000004,0.13004537669598254,5,0.384,0.15782426936311156,5,0.4806,0.24160980940350912,5,0.9718,0.027086897201414526,5
RF,RF_n_estimators=300_max_features=sqrt,fine_beefy,0.6352,0.1762702470639898,5,0.1778,0.21446374985064492,5,0.16,0.20509144301993684,5,0.9411999999999999,0.02341367122003718,5,0.24159999999999998,0.14417974892473628,5,0.16219999999999998,0.23683053012650204,5,0.286,0.37619875066246566,5,0.984,0.027991070004556792,5
RF,RF_n_estimators=300_max_features=sqrt,fine_bergamot,0.6622,0.15807023755280433,5,0.2354,0.22719110898096342,5,0.2242,0.21849759724079346,5,0.9326000000000001,0.05607851638551077,5,0.3236,0.2728943018826153,5,0.189,0.17466539439740203,5,0.3358,0.3180058175568491,5,0.9890000000000001,0.012186057606953953,5
RF,RF_n_estimators=300_max_features=sqrt,fine_berry,0.618,0.033786091813052324,5,0.18180000000000002,0.0467514705651063,5,0.1954,0.05142275760789186,5,0.7916,0.05706399915883916,5,0.1976,0.0655347236203831,5,0.18819999999999998,0.10791061115571536,5,0.3344,0.19769370247936582,5,0.9014,0.14473873013122643,5
RF,RF_n_estimators=300_max_features=sqrt,fine_bitter,0.5698000000000001,0.05321841786449499,5,0.19219999999999998,0.06051198228450296,5,0.16999999999999998,0.06766830868286867,5,0.7386,0.04311960111132757,5,0.1658,0.038790462745370805,5,0.3266,0.12995306845165294,5,0.14540000000000003,0.11222655657196294,5,0.9948,0.006140032573203501,5
RF,RF_n_estimators=300_max_features=sqrt,fine_black currant,0.7238,0.07791148824146538,5,0.3326,0.0488804664462196,5,0.31,0.06647932009279278,5,0.9034000000000001,0.05363114766625828,5,0.3048,0.10473633562427129,5,0.2932,0.16003030962914494,5,0.4628,0.16826378101065004,5,0.9846,0.01310724990224878,5
RF,RF_n_estimators=300_max_features=sqrt,fine_brandy,0.6719999999999999,0.18105109775972078,5,0.1346,0.10130054294030216,5,0.1014,0.059095685121673645,5,0.8168,0.11240862956196913,5,0.094,0.053842362503887214,5,0.0686,0.04526367196770496,5,0.3822,0.3862417636662302,5,0.9616,0.029228410836034113,5
RF,RF_n_estimators=300_max_features=sqrt,fine_burnt,0.6644,0.05091954438130803,5,0.2598,0.029701851794122214,5,0.2782,0.022151749366585014,5,0.8619999999999999,0.019899748742132392,5,0.2366,0.027208454568387382,5,0.2414,0.05907452919829322,5,0.3774,0.12135402753926214,5,0.951,0.020112185361118712,5
RF,RF_n_estimators=300_max_features=sqrt,fine_buttery,0.6944,0.09906714894454165,5,0.34540000000000004,0.13792135440170242,5,0.35300000000000004,0.12641795758514693,5,0.8644000000000001,0.041650930361757786,5,0.3318,0.1429937061552011,5,0.3426,0.16381941276906103,5,0.41459999999999997,0.2088128348545654,5,0.9738,0.01620802270482123,5
RF,RF_n_estimators=300_max_features=sqrt,fine_cabbage,0.6788000000000001,0.1288262395632194,5,0.22560000000000002,0.1312889942074354,5,0.20939999999999998,0.11797796404413834,5,0.9418,0.03951202348652873,5,0.3304,0.10573693772755102,5,0.155,0.09040464589831652,5,0.372,0.26902323319743227,5,0.9853999999999999,0.012054044964243333,5
RF,RF_n_estimators=300_max_features=sqrt,fine_camphoreous,0.7363999999999999,0.05924778476871516,5,0.43979999999999997,0.04969104547099004,5,0.45099999999999996,0.044158804331639226,5,0.9238,0.025820534463871964,5,0.4452,0.12626836500089797,5,0.4298,0.02053533540023147,5,0.4902,0.12363332883975908,5,0.9822,0.005069516742254636,5
RF,RF_n_estimators=300_max_features=sqrt,fine_caramellic,0.7652,0.019175505208468446,5,0.49779999999999996,0.05667186250689135,5,0.5196,0.05417840898365325,5,0.9024000000000001,0.01734358671094305,5,0.5,0.08195425553319365,5,0.49260000000000004,0.09690871993788795,5,0.5606,0.040549969173847705,5,0.9698,0.011054410884348366,5
RF,RF_n_estimators=300_max_features=sqrt,fine_cedar,0.7586,0.06423628258235374,5,0.3366,0.036596447915064105,5,0.30720000000000003,0.05442150310309334,5,0.9372,0.04859732502926474,5,0.3198,0.08870851142928735,5,0.24620000000000003,0.11227065511521699,5,0.5376,0.13750018181806162,5,0.9794,0.012136721138758964,5
RF,RF_n_estimators=300_max_features=sqrt,fine_celery,0.5986,0.07383630543303202,5,0.15839999999999999,0.10436378682282471,5,0.1238,0.06981189010476654,5,0.7622,0.05996832497243854,5,0.1674,0.06036803790086274,5,0.265,0.4136205991001899,5,0.2162,0.154961930808828,5,0.9810000000000001,0.015668439615992392,5
RF,RF_n_estimators=300_max_features=sqrt,fine_chamomile,0.7368,0.03484537272006142,5,0.41259999999999997,0.1226918905225606,5,0.409,0.1303667902496644,5,0.8952,0.06277897737300285,5,0.33940000000000003,0.17544600308926964,5,0.3714,0.16349709477541183,5,0.48,0.06723466367878997,5,0.9938,0.0037682887362833675,5
RF,RF_n_estimators=300_max_features=sqrt,fine_cheesy,0.6874,0.039462640560408546,5,0.4654,0.061251938744826664,5,0.46180000000000004,0.06698283362175719,5,0.8914,0.027070278905101823,5,0.49560000000000004,0.05228575331770599,5,0.6184,0.15171783019803572,5,0.3856,0.08205973434029629,5,0.9892,0.006180614856144979,5
RF,RF_n_estimators=300_max_features=sqrt,fine_cherry,0.6158,0.07380853609170146,5,0.1918,0.09439650417255928,5,0.198,0.0929166292974514,5,0.8928,0.03152300747073475,5,0.1958,0.05253760557924199,5,0.18,0.05799568949499611,5,0.25,0.15555545634917473,5,0.9815999999999999,0.010358571330062865,5
RF,RF_n_estimators=300_max_features=sqrt,fine_chocolate,0.6326,0.03461647006845155,5,0.2514,0.03889472972010474,5,0.2542,0.0448854096561455,5,0.8718,0.030817202987941696,5,0.2378,0.07428795326296182,5,0.2624,0.08121453071957013,5,0.2758,0.07307667206434622,5,0.9892,0.0040865633483405115,5
RF,RF_n_estimators=300_max_features=sqrt,fine_cinnamon,0.7408,0.05022150933614002,5,0.3862,0.08586733954187706,5,0.384,0.09004165702606766,5,0.932,0.027156951228000513,5,0.373,0.09687879024843365,5,0.3222,0.0956723575543114,5,0.49640000000000006,0.102819258896376,5,0.9846,0.008648699324175845,5
RF,RF_n_estimators=300_max_features=sqrt,fine_citrus,0.7416,0.05922246195490357,5,0.4526,0.05782559986718686,5,0.4896,0.06300238090739113,5,0.8852,0.008348652585896685,5,0.5166000000000001,0.02196132965009176,5,0.4708,0.04166773331968032,5,0.5334,0.13336903688637777,5,0.9494,0.01656200470957546,5
RF,RF_n_estimators=300_max_features=sqrt,fine_clean,0.5658,0.06623971618296683,5,0.1612,0.18150812653983292,5,0.1612,0.16993439910742028,5,0.7718,0.07574100606672712,5,0.1758,0.13072757933963283,5,0.22560000000000002,0.27692833007837964,5,0.1406,0.13570482673803463,5,0.9911999999999999,0.010592450141492297,5
RF,RF_n_estimators=300_max_features=sqrt,fine_clove,0.7030000000000001,0.04889273974732853,5,0.4464,0.11517074281257374,5,0.43900000000000006,0.11823705003085963,5,0.932,0.05166236541235796,5,0.3988,0.04882315024657872,5,0.5134000000000001,0.18506161136227037,5,0.4096,0.09729491250831157,5,0.9965999999999999,0.0027928480087537665,5
RF,RF_n_estimators=300_max_features=sqrt,fine_cocoa,0.6976,0.0769402365475958,5,0.36219999999999997,0.07513787327307048,5,0.3708,0.06841564148643202,5,0.8625999999999999,0.07044714330616964,5,0.381,0.07800320506235627,5,0.3572,0.052413738656959016,5,0.4142,0.16076597898809314,5,0.9814,0.008294576541331103,5
RF,RF_n_estimators=300_max_features=sqrt,fine_coconut,0.705,0.09425232092633053,5,0.531,0.10593630161564066,5,0.4854,0.14057133420438178,5,0.8858,0.04416106882764504,5,0.5368,0.0988898376983196,5,0.7882,0.2386706936345558,5,0.4144,0.1938434935714893,5,0.9958,0.007190271204899026,5
RF,RF_n_estimators=300_max_features=sqrt,fine_coffee,0.7022,0.07298081939797613,5,0.33540000000000003,0.07077994066117888,5,0.33940000000000003,0.07105842666425988,5,0.9339999999999999,0.012903487900563889,5,0.3282,0.10682087810910375,5,0.304,0.044362146025637664,5,0.4274,0.155202448434295,5,0.9768000000000001,0.011009087155618312,5
RF,RF_n_estimators=300_max_features=sqrt,fine_cognac,0.7654,0.07567892705370494,5,0.4678,0.10652558378154987,5,0.4686,0.10545520375970074,5,0.9282,0.03108375781658321,5,0.3736,0.13570482673803463,5,0.43879999999999997,0.14181396264120116,5,0.5496000000000001,0.15291435511422732,5,0.9815999999999999,0.009555103348472994,5
RF,RF_n_estimators=300_max_features=sqrt,fine_cooked,0.6874,0.13388913324090196,5,0.16040000000000001,0.10206027630768008,5,0.13240000000000002,0.07431554346164738,5,0.8358000000000001,0.05805772989017055,5,0.13740000000000002,0.058760530971052334,5,0.0794,0.04481406029361767,5,0.45339999999999997,0.32116008469297674,5,0.9216000000000001,0.05421992253775361,5
RF,RF_n_estimators=300_max_features=sqrt,fine_cooling,0.6614,0.06289117585162486,5,0.23900000000000002,0.06608328079022713,5,0.24159999999999998,0.05738728082075331,5,0.8952,0.04711899829155963,5,0.254,0.0791296404642407,5,0.1916,0.04206304791619362,5,0.3472,0.13352789970639092,5,0.9757999999999999,0.009884331034521238,5
RF,RF_n_estimators=300_max_features=sqrt,fine_cortex,0.563,0.053202443552904564,5,0.1036,0.09510152469860829,5,0.1048,0.09002055320869784,5,0.7121999999999999,0.08731093860450707,5,0.0828,0.07844233550832101,5,0.11460000000000001,0.13586500653221933,5,0.145,0.11316359838746731,5,0.9812,0.015642889758609193,5
RF,RF_n_estimators=300_max_features=sqrt,fine_coumarinic,0.6624,0.04125893842550967,5,0.4354,0.09993397820561331,5,0.41100000000000003,0.08850706186514158,5,0.9081999999999999,0.06959669532384424,5,0.42560000000000003,0.12396693107437969,5,0.6214000000000001,0.2545875095129374,5,0.3282,0.08337985368180974,5,0.9965999999999999,0.0034351128074635298,5
RF,RF_n_estimators=300_max_features=sqrt,fine_creamy,0.6312,0.01853914776897798,5,0.22999999999999998,0.03203903868720159,5,0.25880000000000003,0.03370014836762591,5,0.7596,0.043940869358718916,5,0.2532,0.05332635370996222,5,0.2338,0.05261843783313981,5,0.3046,0.04796144284735393,5,0.9578,0.016177144370994545,5
RF,RF_n_estimators=300_max_features=sqrt,fine_cucumber,0.6956,0.03788535337039894,5,0.3852,0.07091685272204344,5,0.3774,0.07078700445703294,5,0.9146000000000001,0.06036803790086275,5,0.39519999999999994,0.10873453913085758,5,0.41319999999999996,0.18141030841713485,5,0.3988,0.07896011651460502,5,0.9932000000000001,0.004549725266430923,5
RF,RF_n_estimators=300_max_features=sqrt,fine_dairy,0.6698000000000001,0.09276960709197818,5,0.3264,0.12127159601489543,5,0.33540000000000003,0.11870046335208638,5,0.8098000000000001,0.06519355796395838,5,0.2606,0.09924615861583765,5,0.3416,0.08264562904352535,5,0.357,0.19129427592063492,5,0.983,0.00803118920210455,5
RF,RF_n_estimators=300_max_features=sqrt,fine_dry,0.5766,0.031197756329582358,5,0.1778,0.08785897791347223,5,0.19460000000000002,0.07700844109576559,5,0.7474000000000001,0.026566896694947276,5,0.1454,0.054335071546837956,5,0.24620000000000003,0.1454087342631109,5,0.1754,0.06645900992341068,5,0.9776,0.013501851724856146,5
RF,RF_n_estimators=300_max_features=sqrt,fine_earthy,0.6574,0.019047309521294634,5,0.2772,0.056957879174000144,5,0.3282,0.051368278149067824,5,0.7584,0.04183061080118249,5,0.2858,0.04349367770147747,5,0.2894,0.07046843264895285,5,0.3846,0.02566709956344893,5,0.9304,0.018324846520503226,5
RF,RF_n_estimators=300_max_features=sqrt,fine_ethereal,0.7406,0.04104022417092771,5,0.5138,0.07817096647733096,5,0.5352,0.07302876145738749,5,0.9109999999999999,0.02530810146968749,5,0.5916,0.08729432971275967,5,0.585,0.1138002636200813,5,0.5044000000000001,0.08516924327478788,5,0.9766,0.011674759098157024,5
RF,RF_n_estimators=300_max_features=sqrt,fine_fatty,0.7692,0.025820534463871996,5,0.505,0.017131841699011875,5,0.5650000000000001,0.019248376554920153,5,0.8586,0.021512786895239812,5,0.5542,0.03338712326631331,5,0.53,0.043686382317605556,5,0.6142000000000001,0.07111399299715915,5,0.9238,0.020216330032921365,5
RF,RF_n_estimators=300_max_features=sqrt,fine_fermented,0.6502,0.03241450292693072,5,0.4288,0.11133373253421444,5,0.3992,0.07982606090745051,5,0.8779999999999999,0.01841195263952198,5,0.4258,0.04870523585817031,5,0.6724,0.30662729819766543,5,0.30920000000000003,0.06897608281136294,5,0.9916,0.009838699100999083,5
RF,RF_n_estimators=300_max_features=sqrt,fine_fishy,0.7174,0.08654074185029845,5,0.40700000000000003,0.06622310774948575,5,0.39039999999999997,0.06540489278333844,5,0.9151999999999999,0.037318896017969214,5,0.4462,0.10392641627613261,5,0.442,0.19612750954417385,5,0.4492,0.184301926197205,5,0.9858,0.01413152504155161,5
RF,RF_n_estimators=300_max_features=sqrt,fine_floral,0.7774,0.012739701723352884,5,0.5086,0.0410950118627553,5,0.6248,0.03161803282938396,5,0.8634000000000001,0.018174157477033184,5,0.6326,0.027933850432763512,5,0.5534,0.05930682928634781,5,0.7247999999999999,0.03425930530527436,5,0.8298,0.04955501992734944,5
RF,RF_n_estimators=300_max_features=sqrt,fine_fresh,0.6636,0.05252903958764144,5,0.2732,0.03645133742402328,5,0.3488,0.027941009287425548,5,0.7804,0.020562101059959828,5,0.294,0.02011218536111878,5,0.3034,0.04571433035712107,5,0.4614,0.17397212420385053,5,0.866,0.06975672010638116,5
RF,RF_n_estimators=300_max_features=sqrt,fine_fruit skin,0.5708,0.08171107636055226,5,0.075,0.10411051820061216,5,0.07239999999999999,0.10335037493884577,5,0.7232000000000001,0.08370005973713518,5,0.1052,0.05673358793519055,5,0.0528,0.08385523239488399,5,0.17980000000000002,0.20530148562540895,5,0.9614,0.057661078727335655,5
RF,RF_n_estimators=300_max_features=sqrt,fine_fruity,0.777,0.01629417073680033,5,0.549,0.020297783130184405,5,0.725,0.023097618924902173,5,0.8624,0.009939818911831343,5,0.8088000000000001,0.006534523701081782,5,0.6978,0.04041286923741,5,0.7634000000000001,0.08211150954646979,5,0.7912,0.057781484923805825,5
RF,RF_n_estimators=300_max_features=sqrt,fine_garlic,0.8018000000000001,0.04845822943525691,5,0.556,0.08215534066632556,5,0.5614,0.07895125078173242,5,0.9768000000000001,0.01325518766370361,5,0.5862,0.12298251908299812,5,0.5288,0.1268491229768657,5,0.6186,0.09700154637942639,5,0.985,0.006442049363362584,5
RF,RF_n_estimators=300_max_features=sqrt,fine_gassy,0.6674,0.1957876400593255,5,0.16040000000000001,0.1477034190531824,5,0.1292,0.10098861321951105,5,0.9266,0.06793231925968672,5,0.2062,0.2073395765405148,5,0.0912,0.06459256923207188,5,0.3536,0.40648161090017343,5,0.9814,0.017770762504743583,5
RF,RF_n_estimators=300_max_features=sqrt,fine_geranium,0.622,0.05785326265648292,5,0.3218,0.09741509123334022,5,0.298,0.07963981416352,5,0.8686,0.0407835751252879,5,0.24739999999999998,0.08187062965435163,5,0.4766,0.24157255638834477,5,0.2488,0.11880530291194916,5,0.9955999999999999,0.0037815340802378355,5
RF,RF_n_estimators=300_max_features=sqrt,fine_grape,0.665,0.05129327441292862,5,0.36760000000000004,0.10388599520628371,5,0.3328,0.10673659166377761,5,0.8158,0.07685831119664288,5,0.3458,0.06821803280658273,5,0.5312,0.3487215221347831,5,0.3516,0.12972393765223134,5,0.9783999999999999,0.03366452138379514,5
RF,RF_n_estimators=300_max_features=sqrt,fine_grapefruit,0.7088,0.03582875939800316,5,0.3606,0.12437966071669433,5,0.3608,0.1302812342588141,5,0.9007999999999999,0.041823438404798796,5,0.35419999999999996,0.11337856940356938,5,0.3338,0.18336357326361197,5,0.434,0.07018546858146636,5,0.9842000000000001,0.008899438184514797,5
RF,RF_n_estimators=300_max_features=sqrt,fine_grassy,0.5568,0.0667809853176786,5,0.0678,0.07248241165965713,5,0.072,0.06623065755373414,5,0.74,0.06463745044476925,5,0.0732,0.036751870700686785,5,0.055200000000000006,0.05454997708523808,5,0.139,0.15808067560584374,5,0.9752000000000001,0.025830214865540695,5
RF,RF_n_estimators=300_max_features=sqrt,fine_green,0.7363999999999999,0.023028243528328465,5,0.44079999999999997,0.03694184619100673,5,0.6178,0.03087393722867237,5,0.8202,0.021276747871796547,5,0.6734,0.030138015860371414,5,0.5398000000000001,0.023188359148503767,5,0.727,0.07701623205532718,5,0.7454,0.03799736832992518,5
RF,RF_n_estimators=300_max_features=sqrt,fine_hawthorn,0.5894,0.11430573039003779,5,0.18280000000000002,0.21619019404219056,5,0.186,0.21569886416019907,5,0.8783999999999998,0.12189872845932398,5,0.1878,0.14616668567084634,5,0.1944,0.20786245452221525,5,0.1842,0.22870330124421032,5,0.9945999999999999,0.003847076812334283,5
RF,RF_n_estimators=300_max_features=sqrt,fine_hay,0.5838,0.042044024545706826,5,0.151,0.05033388520668755,5,0.1552,0.05342939265984595,5,0.8051999999999999,0.05759079787604961,5,0.1234,0.04552252189850646,5,0.16419999999999998,0.05959194576450748,5,0.184,0.09320944158184835,5,0.9837999999999999,0.011924764148611091,5
RF,RF_n_estimators=300_max_features=sqrt,fine_hazelnut,0.7656,0.081552437118703,5,0.3358,0.09543950963830442,5,0.3084,0.1303430090185124,5,0.8907999999999999,0.0637863621787604,5,0.3052,0.08791018143537187,5,0.2496,0.14248613967681206,5,0.5578000000000001,0.18390405107011643,5,0.9730000000000001,0.02478911051248108,5
RF,RF_n_estimators=300_max_features=sqrt,fine_herbal,0.6828,0.030490982273452556,5,0.34619999999999995,0.06981189010476653,5,0.438,0.043566041821583905,5,0.7876000000000001,0.02980436209684753,5,0.4478,0.05674240037220843,5,0.43579999999999997,0.17007263154311456,5,0.5254,0.15246081463772915,5,0.8404,0.10867060320068164,5
RF,RF_n_estimators=300_max_features=sqrt,fine_honey,0.6432,0.048659017663738334,5,0.40099999999999997,0.10934578181164557,5,0.3866,0.10832497403646124,5,0.8470000000000001,0.031344856037314905,5,0.37520000000000003,0.11504216618266538,5,0.593,0.1505257453062432,5,0.2928,0.097158118549095,5,0.9936,0.002880972058177606,5
RF,RF_n_estimators=300_max_features=sqrt,fine_hyacinth,0.5720000000000001,0.03885871845545084,5,0.23620000000000002,0.16098975122659206,5,0.1984,0.12771374240855995,5,0.8098000000000001,0.0643210696428472,5,0.1758,0.10699859812165764,5,0.4516,0.3593247834480667,5,0.149,0.07757899200170108,5,0.9955999999999999,0.005128352561983252,5
RF,RF_n_estimators=300_max_features=sqrt,fine_jasmin,0.7104,0.06916863451015931,5,0.3722,0.05611327828598148,5,0.37560000000000004,0.049646752159632754,5,0.8718,0.051630417391301434,5,0.3678,0.13859545447091692,5,0.35679999999999995,0.08947457739492262,5,0.4396,0.1474323573711009,5,0.9812,0.011606032913963374,5
RF,RF_n_estimators=300_max_features=sqrt,fine_juicy,0.624,0.07470609078247904,5,0.1776,0.10001649863897456,5,0.175,0.09549083725677558,5,0.8295999999999999,0.058474780888858414,5,0.1172,0.050440063441673025,5,0.142,0.0680147042925278,5,0.26580000000000004,0.1496786557930021,5,0.9823999999999999,0.009316651759081718,5
RF,RF_n_estimators=300_max_features=sqrt,fine_ketonic,0.796,0.06392573816546822,5,0.5504,0.12885185291644044,5,0.548,0.13089117617318596,5,0.9126,0.049074433262137625,5,0.5064,0.1418055005985311,5,0.5267999999999999,0.17511767472188522,5,0.5976,0.1276882923372382,5,0.9944,0.0027928480087537795,5
RF,RF_n_estimators=300_max_features=sqrt,fine_lactonic,0.7348,0.08153956095049814,5,0.3654,0.11730856746205706,5,0.3588,0.11673774025566881,5,0.8821999999999999,0.08980924228608105,5,0.34340000000000004,0.1657959589374844,5,0.3034,0.1372508652067447,5,0.487,0.16779153733129692,5,0.9827999999999999,0.010709808588392242,5
RF,RF_n_estimators=300_max_features=sqrt,fine_lavender,0.6344000000000001,0.12012202129501479,5,0.28659999999999997,0.20139339611814486,5,0.2552,0.1983461620500886,5,0.8550000000000001,0.10648474069086142,5,0.21100000000000002,0.10772186407596183,5,0.4298,0.4013641737873474,5,0.2738,0.24179164584410273,5,0.9954000000000001,0.003911521443121592,5
RF,RF_n_estimators=300_max_features=sqrt,fine_leafy,0.5751999999999999,0.02703146314944863,5,0.1262,0.02953303235362058,5,0.1456,0.030664311503766063,5,0.7375999999999999,0.056796126628494634,5,0.14279999999999998,0.02949067649274936,5,0.1416,0.0549026411022275,5,0.195,0.08450443775329199,5,0.9554,0.03512548932043507,5
RF,RF_n_estimators=300_max_features=sqrt,fine_leathery,0.6128,0.03998374669787711,5,0.22480000000000003,0.058546562665966966,5,0.2206,0.07234155099249669,5,0.8204,0.03878530649614618,5,0.1734,0.019007893097342486,5,0.2616,0.10346400340214948,5,0.23700000000000002,0.08918239736629645,5,0.9888,0.012437845472588903,5
RF,RF_n_estimators=300_max_features=sqrt,fine_lemon,0.6954,0.08815497717088924,5,0.2992,0.12360299349125813,5,0.2994,0.11981569179368787,5,0.8573999999999999,0.06097786483634859,5,0.33499999999999996,0.12253978945632313,5,0.24539999999999998,0.10288488713120113,5,0.41180000000000005,0.18101712626157782,5,0.9788,0.008167006795638188,5
RF,RF_n_estimators=300_max_features=sqrt,fine_lily,0.6980000000000001,0.07477633315428087,5,0.23479999999999998,0.07721852109435921,5,0.21939999999999998,0.06359874212592573,5,0.8535999999999999,0.01105893304075944,5,0.1772,0.05042519211663948,5,0.1492,0.04318217224735227,5,0.4324,0.15634353200564455,5,0.9635999999999999,0.015436968614336159,5
RF,RF_n_estimators=300_max_features=sqrt,fine_malty,0.7558,0.047625623355500545,5,0.5322,0.21580824822049785,5,0.4862,0.220410299214896,5,0.9248,0.06423161215476379,5,0.607,0.08699712638932393,5,0.6666000000000001,0.4571408973172276,5,0.5186,0.10395335492421588,5,0.9932000000000001,0.01127829774389735,5
RF,RF_n_estimators=300_max_features=sqrt,fine_meaty,0.8442000000000001,0.02363683565962247,5,0.5412000000000001,0.01855262784621093,5,0.5558,0.014956603892595339,5,0.9433999999999999,0.009044335243675967,5,0.5642,0.037804761604856046,5,0.44320000000000004,0.017894133116750897,5,0.7487999999999999,0.05400648109255038,5,0.9395999999999999,0.007924645102463527,5
RF,RF_n_estimators=300_max_features=sqrt,fine_medicinal,0.6458,0.041354564439732636,5,0.3246,0.03634281221919955,5,0.3236,0.04000374982423522,5,0.8736,0.05855595614452898,5,0.2848,0.07821572731874324,5,0.3866,0.08074837459664434,5,0.2994,0.08727714477456283,5,0.9924,0.005029910535983751,5
RF,RF_n_estimators=300_max_features=sqrt,fine_melon,0.6220000000000001,0.05149271793176196,5,0.2792,0.09134932949945501,5,0.2862,0.10356978323816265,5,0.852,0.02529822128134705,5,0.2924,0.07690448621504468,5,0.35300000000000004,0.08352843827104635,5,0.2578,0.10673424942350979,5,0.9868,0.006379655163094643,5
RF,RF_n_estimators=300_max_features=sqrt,fine_metallic,0.5984,0.08169332898101288,5,0.1324,0.07115335550766387,5,0.1404,0.06231612953321155,5,0.7342,0.051099902152548164,5,0.139,0.0585533944361896,5,0.1246,0.043454573982493486,5,0.2434,0.20203291810989618,5,0.9534,0.04053146925538228,5
RF,RF_n_estimators=300_max_features=sqrt,fine_milky,0.625,0.0565022123460666,5,0.18839999999999998,0.07722564340942716,5,0.18919999999999998,0.08341282874953948,5,0.8076000000000001,0.050599407111151004,5,0.18860000000000002,0.0937352655087721,5,0.172,0.08224658047602952,5,0.27880000000000005,0.1276976898773036,5,0.9709999999999999,0.021400934559032705,5
RF,RF_n_estimators=300_max_features=sqrt,fine_mint,0.72,0.029748949561287027,5,0.4384,0.04779958158812689,5,0.46259999999999996,0.04524709935454426,5,0.8826,0.014432601983010567,5,0.4748,0.04626769931604551,5,0.46440000000000003,0.05630541714613259,5,0.466,0.06106963238795531,5,0.974,0.006892024376045055,5
RF,RF_n_estimators=300_max_features=sqrt,fine_muguet,0.682,0.08877218032694703,5,0.305,0.11921409312660983,5,0.2956,0.11022159498029412,5,0.9128000000000001,0.0466122301547566,5,0.21480000000000002,0.10039023856929516,5,0.2904,0.17138057066073736,5,0.3776,0.18043918643132925,5,0.9868,0.00949736805646706,5
RF,RF_n_estimators=300_max_features=sqrt,fine_mushroom,0.6397999999999999,0.06979756442742109,5,0.251,0.12244590642402056,5,0.2556,0.12715069799257886,5,0.8474,0.07112524165161059,5,0.2636,0.1112353361122265,5,0.25880000000000003,0.13151881994604422,5,0.3014,0.14724910865604587,5,0.978,0.01955760721560796,5
RF,RF_n_estimators=300_max_features=sqrt,fine_musk,0.782,0.03945250308915769,5,0.6054,0.044354255714643694,5,0.6056,0.040059955067373705,5,0.8928,0.05045988505734035,5,0.658,0.04679743582719037,5,0.6686,0.1198741006222779,5,0.5706,0.0821510803337363,5,0.9938,0.0038987177379236253,5
RF,RF_n_estimators=300_max_features=sqrt,fine_musty,0.6112,0.04448820068287768,5,0.1704,0.0363565674947457,5,0.1988,0.03986477141537374,5,0.7454,0.02646318197042834,5,0.15059999999999998,0.030270447634615515,5,0.1692,0.02861293413825294,5,0.28500000000000003,0.12049688792661827,5,0.9380000000000001,0.033256578296631735,5
RF,RF_n_estimators=300_max_features=sqrt,fine_natural,0.5918,0.08129391121111099,5,0.0802,0.05854656266596699,5,0.0752,0.04953483622663953,5,0.7676000000000001,0.0664138539764107,5,0.056600000000000004,0.018392933425639316,5,0.0514,0.032354288741989055,5,0.251,0.23326058389706564,5,0.9324,0.07638913535313772,5
RF,RF_n_estimators=300_max_features=sqrt,fine_nutty,0.7091999999999999,0.025013996082193644,5,0.4226,0.055134381287904176,5,0.4588,0.052774994078635375,5,0.8523999999999999,0.02408941676338394,5,0.4882000000000001,0.041751646674113345,5,0.4784,0.11145985824502024,5,0.4652,0.0685324740542759,5,0.9536,0.030770115371899366,5
RF,RF_n_estimators=300_max_features=sqrt,fine_odorless,0.9074,0.026660832695172866,5,0.6924,0.07029438099876834,5,0.6948000000000001,0.07406551154214758,5,0.9776,0.01984439467456746,5,0.845,0.05519510847892228,5,0.5976,0.09637582684470206,5,0.8400000000000001,0.051841103383319286,5,0.975,0.010271319292087046,5
RF,RF_n_estimators=300_max_features=sqrt,fine_oily,0.683,0.022068076490713885,5,0.3702,0.04421764353739353,5,0.4138,0.03643761792433749,5,0.8224,0.025363359398943946,5,0.3952,0.03398087697514591,5,0.4312,0.0967300367000861,5,0.4176,0.06622537278113277,5,0.9484,0.02795174413162798,5
RF,RF_n_estimators=300_max_features=sqrt,fine_onion,0.828,0.04935078520145345,5,0.5439999999999999,0.06884039511798286,5,0.5476,0.07745837591894113,5,0.9756,0.0071274118724821795,5,0.6466000000000001,0.05206054167985578,5,0.47140000000000004,0.09923356287063365,5,0.6876,0.10886826902270468,5,0.9683999999999999,0.017672011770027727,5
RF,RF_n_estimators=300_max_features=sqrt,fine_orange,0.7216,0.08076694868570934,5,0.3364,0.08212064295900269,5,0.33599999999999997,0.07307872467414848,5,0.9044000000000001,0.05039146753171611,5,0.3028,0.04712430370838387,5,0.2716,0.0328527015631896,5,0.46820000000000006,0.16916027902554429,5,0.9751999999999998,0.008318653737234179,5
RF,RF_n_estimators=300_max_features=sqrt,fine_orangeflower,0.7196,0.1391215296063122,5,0.3264,0.20400808807495846,5,0.30700000000000005,0.20337649815059752,5,0.9164,0.05099803917799193,5,0.2976,0.11613914068908897,5,0.272,0.21090756269038813,5,0.4476,0.28503473472543656,5,0.991,0.008972179222463182,5
RF,RF_n_estimators=300_max_features=sqrt,fine_orris,0.643,0.0507346035758633,5,0.2652,0.10299854367902489,5,0.2602,0.10823446770784252,5,0.8532,0.06600530281727368,5,0.22759999999999997,0.07294038661811439,5,0.28500000000000003,0.16824684246665672,5,0.30300000000000005,0.1000199980003999,5,0.9837999999999999,0.017210461934532746,5
RF,RF_n_estimators=300_max_features=sqrt,fine_ozone,0.6446,0.1186477981253761,5,0.11639999999999999,0.09180032679680393,5,0.0916,0.07000214282434503,5,0.8914,0.05771308343867961,5,0.1746,0.08678306286367173,5,0.056400000000000006,0.044438721853806734,5,0.3364,0.26128394516311176,5,0.9528000000000001,0.034513765369776725,5
RF,RF_n_estimators=300_max_features=sqrt,fine_peach,0.6368,0.04078847876545536,5,0.2948,0.0681520359196994,5,0.2882,0.06569398754832895,5,0.8635999999999999,0.03534543817807326,5,0.3104,0.01967993902429582,5,0.3698,0.18127244688589603,5,0.28819999999999996,0.09071218220283314,5,0.9856,0.012934450123604023,5
RF,RF_n_estimators=300_max_features=sqrt,fine_pear,0.6884,0.10072636199128805,5,0.34080000000000005,0.1303253620750773,5,0.3468,0.13854132957352475,5,0.8936,0.022700220263248545,5,0.31,0.04736559933116016,5,0.3414,0.06114572756947128,5,0.3968,0.21100402839756402,5,0.9798,0.01040192289915669,5
RF,RF_n_estimators=300_max_features=sqrt,fine_phenolic,0.7154,0.08678306286367171,5,0.4558,0.06711333697559677,5,0.4586,0.06932748372759538,5,0.9074,0.039664845896587066,5,0.47620000000000007,0.0648205214419014,5,0.5286,0.0879278112999522,5,0.44719999999999993,0.18498837801332274,5,0.9832000000000001,0.012377398757412651,5
RF,RF_n_estimators=300_max_features=sqrt,fine_pine,0.6988,0.09550235599188114,5,0.45600000000000007,0.10800925886237717,5,0.4394,0.10957098155990022,5,0.9414,0.03970264474817764,5,0.4126,0.07051099205088521,5,0.5718,0.159459085661495,5,0.4034,0.19577742464339445,5,0.9944,0.005899152481501068,5
RF,RF_n_estimators=300_max_features=sqrt,fine_pineapple,0.7398,0.030833423423291838,5,0.4142,0.06393903346157183,5,0.4354,0.06393981545171991,5,0.8972,0.031697003012903256,5,0.4266,0.07598223476576614,5,0.381,0.07786847886019092,5,0.5168,0.06207817651961117,5,0.9625999999999999,0.011970797801316305,5
RF,RF_n_estimators=300_max_features=sqrt,fine_plum,0.5762,0.051134137325274207,5,0.13540000000000002,0.04080808743374284,5,0.1326,0.03160379724020517,5,0.8019999999999999,0.03898717737923583,5,0.0958,0.02052315765178448,5,0.1608,0.1036397607098743,5,0.1676,0.11538760765350844,5,0.9847999999999999,0.013700364958642582,5
RF,RF_n_estimators=300_max_features=sqrt,fine_popcorn,0.8348000000000001,0.1025802125168397,5,0.5780000000000001,0.1779536456496466,5,0.567,0.18327438446220462,5,0.9747999999999999,0.03204996099841618,5,0.5908,0.2232010304635711,5,0.5189999999999999,0.20689127579479996,5,0.6748,0.20529539692842602,5,0.9945999999999999,0.004159326868617063,5
RF,RF_n_estimators=300_max_features=sqrt,fine_potato,0.6900000000000001,0.08438305517104723,5,0.27759999999999996,0.10249048736346217,5,0.26880000000000004,0.10020329335905082,5,0.9263999999999999,0.04587264980355941,5,0.2406,0.11813466891645315,5,0.2226,0.08909713800117262,5,0.3954,0.17054706095386105,5,0.9846,0.007503332592921613,5
RF,RF_n_estimators=300_max_features=sqrt,fine_powdery,0.6266,0.07635967522193893,5,0.21139999999999998,0.08948631180242037,5,0.2292,0.0875368493835596,5,0.8342,0.05302075065481439,5,0.2246,0.10523450004632512,5,0.21399999999999997,0.06633626459185052,5,0.2906,0.16706525671126238,5,0.9623999999999999,0.01741551032843999,5
RF,RF_n_estimators=300_max_features=sqrt,fine_pungent,0.6759999999999999,0.03155154512856698,5,0.32320000000000004,0.0652548848746207,5,0.35,0.06268173577685927,5,0.8724000000000001,0.033140609529699425,5,0.2972,0.051765818838302925,5,0.3254,0.07828665275767004,5,0.3874,0.06292296877929393,5,0.9650000000000001,0.011979148550710963,5
RF,RF_n_estimators=300_max_features=sqrt,fine_radish,0.6458,0.07278530071381169,5,0.2752,0.105293399603204,5,0.246,0.06247799612663646,5,0.8784000000000001,0.02329806858947757,5,0.2848,0.09064601480484404,5,0.3604,0.361967954382705,5,0.30619999999999997,0.15908551159675102,5,0.9853999999999999,0.014621901381147422,5
RF,RF_n_estimators=300_max_features=sqrt,fine_raspberry,0.5862,0.10005598432877466,5,0.07880000000000001,0.0682803046273228,5,0.0716,0.04465758614166243,5,0.7544000000000001,0.11426416761172331,5,0.0772,0.06857988043150848,5,0.046799999999999994,0.02792310870945425,5,0.20099999999999998,0.21783824273988253,5,0.9718,0.0202410474037289,5
RF,RF_n_estimators=300_max_features=sqrt,fine_ripe,0.6226,0.032500769221666136,5,0.1772,0.04412142336779265,5,0.18380000000000002,0.0498618090325652,5,0.7844,0.10118695568105605,5,0.1136,0.03445721985302935,5,0.1502,0.05991410518400487,5,0.2796,0.08236686226875467,5,0.9652,0.02497398646592087,5
RF,RF_n_estimators=300_max_features=sqrt,fine_roasted,0.791,0.05672741841473134,5,0.5108,0.033093806066996904,5,0.5344,0.02420330555936522,5,0.9381999999999999,0.013989281611290788,5,0.5482,0.04250529378795064,5,0.48100000000000004,0.06781224078291469,5,0.6284,0.13046570430576762,5,0.9536,0.01924318061028368,5
RF,RF_n_estimators=300_max_features=sqrt,fine_rose,0.7394000000000001,0.06957226458869942,5,0.41879999999999995,0.08078489957906737,5,0.4502,0.07078982977801258,5,0.8939999999999999,0.024647515087732486,5,0.4948,0.06400546851636976,5,0.4098,0.10018832267285442,5,0.538,0.1579113675452151,5,0.9406000000000001,0.02554016444739539,5
RF,RF_n_estimators=300_max_features=sqrt,fine_rummy,0.6572,0.11193390907138011,5,0.2242,0.08895054805901986,5,0.2218,0.07428795326296182,5,0.8378,0.04954997477295018,5,0.18519999999999998,0.06465059937850538,5,0.18719999999999998,0.0429383278668371,5,0.3402,0.24167064364543742,5,0.974,0.018096961070853897,5
RF,RF_n_estimators=300_max_features=sqrt,fine_sandalwood,0.7374,0.12352044365205302,5,0.4981999999999999,0.09877600923301162,5,0.4648,0.11636881025429452,5,0.945,0.05461684721768552,5,0.5796,0.15229346670162838,5,0.6134000000000001,0.2574350403499881,5,0.4779999999999999,0.24965275884716354,5,0.9968,0.003114482300479491,5
RF,RF_n_estimators=300_max_features=sqrt,fine_savory,0.7586,0.04283456548162947,5,0.348,0.0351283361405006,5,0.3408,0.03260674776790842,5,0.8914,0.029134172375408246,5,0.2528,0.04976645456529932,5,0.2492,0.038251797343392895,5,0.5636,0.09417696108921757,5,0.9538,0.012891857895586665,5
RF,RF_n_estimators=300_max_features=sqrt,fine_sharp,0.6294,0.037924925840402135,5,0.22800000000000004,0.03638681079732051,5,0.2354,0.03204372013359247,5,0.789,0.07849522278457459,5,0.1682,0.05797154474395177,5,0.23199999999999998,0.09728309205612248,5,0.2822,0.08537681184021806,5,0.9772000000000001,0.01068644000591405,5
RF,RF_n_estimators=300_max_features=sqrt,fine_smoky,0.663,0.056872664787224476,5,0.3764,0.08632960094892134,5,0.3668,0.07534056012534018,5,0.906,0.046647615158762416,5,0.3472,0.06004331769647644,5,0.47359999999999997,0.2011710714789778,5,0.3326,0.11663532912458387,5,0.9936,0.004159326868617082,5
RF,RF_n_estimators=300_max_features=sqrt,fine_soapy,0.5354,0.0534817725959041,5,0.08259999999999999,0.13996892512268572,5,0.0696,0.10941115116842523,5,0.7788,0.10753464557992462,5,0.13340000000000002,0.11040289851267493,5,0.1456,0.2926658504164776,5,0.08080000000000001,0.11572899377424829,5,0.9905999999999999,0.013722244714331526,5
RF,RF_n_estimators=300_max_features=sqrt,fine_solvent,0.6632,0.1397630137053434,5,0.29359999999999997,0.18089859037593412,5,0.2794,0.17308466136547165,5,0.9134,0.054523389476443945,5,0.3672,0.16392894802322133,5,0.3124,0.19305517346085288,5,0.3344,0.28554912011771283,5,0.9924,0.006804410334481622,5
RF,RF_n_estimators=300_max_features=sqrt,fine_sour,0.6980000000000001,0.024372115213907836,5,0.446,0.08196950652529271,5,0.44880000000000003,0.07602104971650946,5,0.8071999999999999,0.04873089369178446,5,0.3342,0.07222326494973762,5,0.5144,0.12810074160597199,5,0.40199999999999997,0.0474552420708187,5,0.9942,0.002280350850198285,5
RF,RF_n_estimators=300_max_features=sqrt,fine_spicy,0.67,0.0351069793630839,5,0.3368,0.03687411015875503,5,0.3892,0.02625261891697666,5,0.8148,0.00501996015920439,5,0.4058,0.03355890343858096,5,0.40780000000000005,0.10459541098920162,5,0.41559999999999997,0.1299434492385053,5,0.9241999999999999,0.06226315122124804,5
RF,RF_n_estimators=300_max_features=sqrt,fine_strawberry,0.575,0.09690975183127853,5,0.0658,0.09807242221950063,5,0.0596,0.08098333161830279,5,0.7766,0.11418099666757167,5,0.091,0.07143528539874394,5,0.036,0.05025932749251625,5,0.1886,0.21365813815532514,5,0.9614,0.03474622281630048,5
RF,RF_n_estimators=300_max_features=sqrt,fine_sulfurous,0.9272,0.01948589233265949,5,0.7516,0.01105893304075945,5,0.7652,0.012911235417263545,5,0.9810000000000001,0.0012247448713915779,5,0.7682,0.028119388329051562,5,0.6724,0.044404954678504034,5,0.8934,0.0469339962074401,5,0.9612,0.008927485648266264,5
RF,RF_n_estimators=300_max_features=sqrt,fine_sweaty,0.5956,0.07006639708162536,5,0.1774,0.1485220522346766,5,0.1736,0.14771695908053348,5,0.7514000000000001,0.11251577667154058,5,0.1796,0.14279460774132893,5,0.19380000000000003,0.19168255006650972,5,0.19980000000000003,0.1447262933954988,5,0.991,0.010862780491200257,5
RF,RF_n_estimators=300_max_features=sqrt,fine_sweet,0.6812,0.024128820940941126,5,0.33340000000000003,0.04352355683994588,5,0.5532,0.024509181952892617,5,0.754,0.018601075237738313,5,0.5554,0.019424211695716252,5,0.4524,0.04559385923564707,5,0.7234,0.0726519098166043,5,0.6392,0.09782228784893555,5
RF,RF_n_estimators=300_max_features=sqrt,fine_tea,0.571,0.07145628033979937,5,0.10900000000000001,0.09430800602281865,5,0.11400000000000002,0.08966325891913587,5,0.7024,0.08811526541978977,5,0.05619999999999999,0.03806179186533393,5,0.0958,0.07272001100109927,5,0.15660000000000002,0.15351807711145943,5,0.9853999999999999,0.01258173279004127,5
RF,RF_n_estimators=300_max_features=sqrt,fine_terpenic,0.632,0.09649352309870336,5,0.3024,0.13787784448561707,5,0.268,0.15192925985471,5,0.9400000000000001,0.056643622765497614,5,0.3896,0.15001433264858396,5,0.46319999999999995,0.3246177752372781,5,0.2694,0.19708703661073199,5,0.9944,0.006655824516917483,5
RF,RF_n_estimators=300_max_features=sqrt,fine_tobacco,0.6748000000000001,0.09247269867371666,5,0.25,0.10874511483280526,5,0.2448,0.1068957436009498,5,0.8512000000000001,0.054071249292022075,5,0.257,0.13282883723047492,5,0.21079999999999996,0.12514671390012605,5,0.38680000000000003,0.21327142330842172,5,0.9629999999999999,0.03484250278036867,5
RF,RF_n_estimators=300_max_features=sqrt,fine_tomato,0.6412,0.12267518086393843,5,0.1592,0.1136120592190811,5,0.14179999999999998,0.10302523962602561,5,0.8752000000000001,0.04763087234137117,5,0.15560000000000002,0.08332046567320661,5,0.1022,0.08261779469339521,5,0.3038,0.27297930324476977,5,0.9788,0.030938648968563527,5
RF,RF_n_estimators=300_max_features=sqrt,fine_tropical,0.7048,0.019084024732744384,5,0.3426,0.04825246107713056,5,0.3944,0.04954089220028239,5,0.8206,0.021042813500100184,5,0.3666,0.025105776227792666,5,0.33399999999999996,0.06886581154680456,5,0.49860000000000004,0.047579407310306014,5,0.9116,0.03205152102475014,5
RF,RF_n_estimators=300_max_features=sqrt,fine_vanilla,0.7692,0.07389993234097039,5,0.5204,0.07395133534967441,5,0.522,0.06922066165531794,5,0.9198000000000001,0.03333466664000104,5,0.5698000000000001,0.09473489325480873,5,0.5302,0.1202630450304664,5,0.5509999999999999,0.153236744940631,5,0.9875999999999999,0.0074363969770312845,5
RF,RF_n_estimators=300_max_features=sqrt,fine_vegetable,0.7464000000000001,0.036678331477863056,5,0.3936,0.04682734244007448,5,0.4224,0.0436325566521147,5,0.8518000000000001,0.03485254653536809,5,0.3654,0.04264739147943283,5,0.34459999999999996,0.049079527300087154,5,0.563,0.09261749294814671,5,0.9298,0.03429577233421052,5
RF,RF_n_estimators=300_max_features=sqrt,fine_vetiver,0.5631999999999999,0.09337130180092805,5,0.07100000000000001,0.10587964865827616,5,0.0658,0.0935318127697737,5,0.8952,0.058882934709472506,5,0.166,0.040521599178709615,5,0.0434,0.06134166610062038,5,0.1358,0.1964260675165086,5,0.9911999999999999,0.010686440005914032,5
RF,RF_n_estimators=300_max_features=sqrt,fine_violet,0.6998,0.05421900035965249,5,0.3992,0.0728162069871811,5,0.395,0.07442781738033165,5,0.9212,0.04465646649702593,5,0.41159999999999997,0.060098252886419255,5,0.4304,0.14571307422465563,5,0.409,0.11228089775202191,5,0.9907999999999999,0.007981227975693972,5
RF,RF_n_estimators=300_max_features=sqrt,fine_warm,0.5589999999999999,0.06905432643940565,5,0.09759999999999999,0.07213390326330608,5,0.094,0.07103872183534836,5,0.6696,0.05763939624944038,5,0.0766,0.037467319092777375,5,0.1352,0.10260458079442653,5,0.15,0.19357556664000752,5,0.9676,0.059112604408873747,5
RF,RF_n_estimators=300_max_features=sqrt,fine_waxy,0.761,0.05544366510251644,5,0.46340000000000003,0.04356374639536872,5,0.5088,0.050820271545909707,5,0.885,0.016385969608173925,5,0.5452,0.019740820651634478,5,0.46740000000000004,0.08270912887946529,5,0.6035999999999999,0.14388641353512152,5,0.9182,0.03817328909067174,5
RF,RF_n_estimators=300_max_features=sqrt,fine_weedy,0.54,0.12272937708633579,5,0.019999999999999997,0.06927842376959799,5,0.016,0.03577708763999664,5,0.6759999999999999,0.12370125302518158,5,0.036,0.021011901389450693,5,0.0086,0.019230184606498193,5,0.125,0.27950849718747367,5,0.9554,0.058028441302519884,5
RF,RF_n_estimators=300_max_features=sqrt,fine_winey,0.7094,0.05357518082097346,5,0.3764,0.05074248712863808,5,0.3964,0.04442746898035043,5,0.8956,0.022864820139244495,5,0.34199999999999997,0.07778495998584818,5,0.37720000000000004,0.10323129370496137,5,0.4566,0.11899915966089845,5,0.962,0.014404860290887908,5
RF,RF_n_estimators=300_max_features=sqrt,fine_woody,0.774,0.019685019685029545,5,0.5086,0.04866518262577469,5,0.5786,0.041331585984571165,5,0.8640000000000001,0.016170961628796235,5,0.6154,0.04075291400624014,5,0.5324,0.05802413291036759,5,0.6368,0.03149126863116191,5,0.9106,0.021030929603800208,5
SVM,SVM_C=0.1,fine_alcoholic,0.7891999999999999,0.12830705358630914,5,0.47919999999999996,0.15163343958375405,5,0.4699999999999999,0.1590927402492018,5,0.9528000000000001,0.018143869488066754,5,0.487,0.07568355171369802,5,0.43019999999999997,0.0860621868186023,5,0.5958,0.2658311494163165,5,0.9826,0.011371015785759853,5
SVM,SVM_C=0.1,fine_aldehydic,0.6618,0.10718068855908694,5,0.2656,0.12424491941322993,5,0.2742,0.11319540626721562,5,0.8907999999999999,0.026508489206290158,5,0.2952,0.09530844663512253,5,0.25460000000000005,0.1121173492373058,5,0.3556,0.2333437378632647,5,0.9678000000000001,0.022420972325035305,5
SVM,SVM_C=0.1,fine_alliaceous,0.8208,0.038925570002249166,5,0.4408,0.04313583197296651,5,0.42699999999999994,0.03568613176011094,5,0.9616,0.008473488065725919,5,0.382,0.051473294046524745,5,0.312,0.02564176280991615,5,0.6806,0.075725160944035,5,0.9612,0.0034205262752974343,5
SVM,SVM_C=0.1,fine_almond,0.5762,0.06644697133805269,5,0.1394,0.1195274027158626,5,0.1508,0.11954789835041016,5,0.891,0.03242684073418195,5,0.18760000000000002,0.08934371830184819,5,0.145,0.11488254871824528,5,0.1682,0.13930254843325732,5,0.9846,0.011238327277669068,5
SVM,SVM_C=0.1,fine_amber,0.7012,0.08445827372140637,5,0.3116,0.08892581177588427,5,0.3108,0.0838283961435503,5,0.908,0.016385969608173904,5,0.3054,0.0791599646285924,5,0.2682,0.08441682296793691,5,0.42919999999999997,0.17950821708211578,5,0.9734,0.016905620367203347,5
SVM,SVM_C=0.1,fine_animal,0.6368,0.056909577401347826,5,0.3378,0.11225283960773552,5,0.32999999999999996,0.12397378755204665,5,0.7814,0.05814894668005606,5,0.27480000000000004,0.07546323608221424,5,0.4702,0.1657534313370314,5,0.2832,0.11771023744772585,5,0.9904,0.007021395872616777,5
SVM,SVM_C=0.1,fine_anisic,0.6976,0.10223649055009662,5,0.3578,0.13566760851433918,5,0.3624,0.1289236207992934,5,0.8448,0.07266498469001419,5,0.3264,0.16340073439247452,5,0.34340000000000004,0.10642744007068856,5,0.4096,0.20942373313452323,5,0.9862,0.006220932405998336,5
SVM,SVM_C=0.1,fine_apple,0.7694000000000001,0.04993295504974643,5,0.42160000000000003,0.03668514685809504,5,0.4462,0.03183865575051814,5,0.9106,0.016257306049896513,5,0.45039999999999997,0.055193296694435644,5,0.36219999999999997,0.04793433007772196,5,0.6132,0.12081680346706743,5,0.9259999999999999,0.025426364270182203,5
SVM,SVM_C=0.1,fine_apricot,0.6476,0.11637568474556871,5,0.13999999999999999,0.08701149349367589,5,0.1232,0.05740818756937028,5,0.8366,0.06869716151341332,5,0.0886,0.03240833226193536,5,0.0826,0.023964557162609954,5,0.3494,0.26643629632615745,5,0.9460000000000001,0.03446737587922816,5
SVM,SVM_C=0.1,fine_aromatic,0.5814,0.09322714197056563,5,0.08180000000000001,0.10694250791897486,5,0.08120000000000001,0.09582640554669679,5,0.75,0.06873499836327923,5,0.0658,0.03573793502708292,5,0.0514,0.06224387520069746,5,0.20540000000000003,0.20749650599467934,5,0.9576,0.035781280021821446,5
SVM,SVM_C=0.1,fine_balsamic,0.7156,0.07471813702174325,5,0.3802,0.08168047502310452,5,0.4044,0.08159840684719279,5,0.884,0.022934689882359447,5,0.4144,0.0691071631598346,5,0.38780000000000003,0.11241530144958026,5,0.4878,0.17688894821327872,5,0.9434000000000001,0.03364966567441641,5
SVM,SVM_C=0.1,fine_banana,0.6656000000000001,0.09104284705565835,5,0.32439999999999997,0.09940724319686164,5,0.3162,0.09993597950688231,5,0.9054,0.02864087987475244,5,0.329,0.10500476179678711,5,0.385,0.1852214890340751,5,0.3552,0.2104511819876524,5,0.9762000000000001,0.0317206557309271,5
SVM,SVM_C=0.1,fine_beefy,0.5854,0.10793192298852086,5,0.1038,0.10562054724342229,5,0.0954,0.09025408578009088,5,0.9246000000000001,0.0453464441825376,5,0.1716,0.10988311972273083,5,0.0754,0.06964768481435689,5,0.1834,0.2322601989149239,5,0.9878,0.01611521020650992,5
SVM,SVM_C=0.1,fine_bergamot,0.7001999999999999,0.10244364304338262,5,0.39780000000000004,0.16392894802322136,5,0.3936,0.1673941456562923,5,0.9564,0.03775314556431023,5,0.4138,0.27738096546086216,5,0.41579999999999995,0.15221103770751973,5,0.4042,0.20459154430230003,5,0.9960000000000001,0.0022360679774997916,5
SVM,SVM_C=0.1,fine_berry,0.638,0.042201895692018404,5,0.179,0.047238755275726727,5,0.19519999999999998,0.050176687814163255,5,0.7657999999999999,0.04181746046808681,5,0.1244,0.03147697571241558,5,0.144,0.045044422518220835,5,0.35740000000000005,0.1329484862644175,5,0.9189999999999999,0.06418333116939316,5
SVM,SVM_C=0.1,fine_bitter,0.5766,0.043339358555474716,5,0.132,0.03198437118343894,5,0.1342,0.03213564998564678,5,0.752,0.03244996147917593,5,0.1012,0.027770487932335646,5,0.1412,0.05149951456081892,5,0.1706,0.10351473325087594,5,0.9826,0.01703819239238719,5
SVM,SVM_C=0.1,fine_black currant,0.8008,0.08029445809020698,5,0.3618,0.07774445317834577,5,0.3202,0.09090489535773087,5,0.906,0.031232995373482834,5,0.2638,0.09679979338820927,5,0.24159999999999998,0.12484910892753702,5,0.622,0.16521501142450706,5,0.9800000000000001,0.009300537618869143,5
SVM,SVM_C=0.1,fine_brandy,0.6601999999999999,0.10829219731818172,5,0.15860000000000002,0.054747602687241013,5,0.13440000000000002,0.022973898232559496,5,0.8702,0.09639346450875187,5,0.0922,0.033439497603881554,5,0.0964,0.025870832997798892,5,0.3478,0.23062892273086652,5,0.9728,0.016084153692376885,5
SVM,SVM_C=0.1,fine_burnt,0.6498,0.10754394450642023,5,0.21600000000000003,0.11748829728955987,5,0.2278,0.11293228059328297,5,0.8692,0.016115210206509894,5,0.2332,0.06071408403327847,5,0.19419999999999998,0.05130009746579436,5,0.357,0.2539527515109848,5,0.943,0.043468379311863,5
SVM,SVM_C=0.1,fine_buttery,0.6980000000000001,0.06447867864651073,5,0.3324,0.08745170095544169,5,0.3398,0.08859853271922734,5,0.8704000000000001,0.05138384960276917,5,0.2974,0.10312274239953086,5,0.3122,0.11792243213231315,5,0.4304,0.14231408925331324,5,0.9652,0.026668333281253245,5
SVM,SVM_C=0.1,fine_cabbage,0.732,0.05263553932468057,5,0.2938,0.03840182287340015,5,0.2732,0.043459176246219845,5,0.9374,0.026482069405542985,5,0.22080000000000002,0.08871978358855481,5,0.1964,0.044992221549952395,5,0.4838,0.11329695494584135,5,0.9802,0.009984988733093286,5
SVM,SVM_C=0.1,fine_camphoreous,0.702,0.07931897629193153,5,0.3826,0.14743235737110086,5,0.39580000000000004,0.14555651823260957,5,0.9228,0.025772077913897417,5,0.40120000000000006,0.14282051673341617,5,0.38439999999999996,0.14377691052460403,5,0.42380000000000007,0.15638638048116596,5,0.9802,0.009909591313470004,5
SVM,SVM_C=0.1,fine_caramellic,0.7006,0.05962214353744757,5,0.4109999999999999,0.07407091196954445,5,0.4304,0.07813321956760774,5,0.9054,0.016009372255026105,5,0.4688,0.0517754768205953,5,0.46159999999999995,0.08476319956207413,5,0.4274,0.13055382031943757,5,0.9734,0.01512613632095125,5
SVM,SVM_C=0.1,fine_cedar,0.6736,0.10714849508975852,5,0.2844,0.23125808093988848,5,0.2738,0.22409194541526922,5,0.9390000000000001,0.028766299727285043,5,0.2824,0.13232271158043882,5,0.2664,0.3098214001646756,5,0.36160000000000003,0.21856989728688625,5,0.986,0.01189537725337032,5
SVM,SVM_C=0.1,fine_celery,0.5549999999999999,0.058749468082698444,5,0.1226,0.14373865172597106,5,0.11779999999999999,0.14151395690885052,5,0.732,0.12873810624675197,5,0.1946,0.07487856836238256,5,0.1562,0.19442273529605536,5,0.11560000000000001,0.12092683738525536,5,0.9949999999999999,0.00848528137423863,5
SVM,SVM_C=0.1,fine_chamomile,0.6394,0.11694998931167119,5,0.3176,0.13282996649852774,5,0.2494,0.09766678043224318,5,0.8954000000000001,0.052998113173961206,5,0.3024,0.15418268385262981,5,0.5534,0.4349227517617353,5,0.2864,0.24405183875562173,5,0.9927999999999999,0.011166915420114921,5
SVM,SVM_C=0.1,fine_cheesy,0.6818000000000001,0.042073744782227265,5,0.4182,0.07842639861679229,5,0.42540000000000006,0.07831538801538306,5,0.8946,0.030956420981760834,5,0.44000000000000006,0.11977896309452675,5,0.5194,0.1319101967248931,5,0.37960000000000005,0.0878481644657417,5,0.9837999999999999,0.012029131306956469,5
SVM,SVM_C=0.1,fine_cherry,0.6046,0.06773330052492643,5,0.166,0.09677034669773588,5,0.1716,0.0932995176836408,5,0.8922000000000001,0.03717795045453691,5,0.1714,0.05219482732991844,5,0.1574,0.10114988877897989,5,0.2338,0.1450196538404364,5,0.9756,0.01636459593146132,5
SVM,SVM_C=0.1,fine_chocolate,0.6772,0.05083010918737043,5,0.20179999999999998,0.04454997194162978,5,0.18760000000000002,0.05653582934741474,5,0.8710000000000001,0.03314362683835315,5,0.21159999999999995,0.06737803796490367,5,0.133,0.05228288438867925,5,0.399,0.12792966817747944,5,0.9558,0.030161233396530696,5
SVM,SVM_C=0.1,fine_cinnamon,0.7502,0.13364018856616444,5,0.3686,0.15844178741733508,5,0.3598,0.1396323744695334,5,0.9326000000000001,0.03341855771872863,5,0.3758,0.18168434164781508,5,0.2814,0.09318959169349333,5,0.5168,0.26969464214181194,5,0.9833999999999999,0.0035777087639996923,5
SVM,SVM_C=0.1,fine_citrus,0.7455999999999999,0.04228829625321885,5,0.4144,0.03476780119593416,5,0.4542,0.03263740185737829,5,0.866,0.010099504938362088,5,0.42300000000000004,0.052187163172565734,5,0.39239999999999997,0.06257635336131372,5,0.5682,0.11309597693994249,5,0.9228,0.03148332892182777,5
SVM,SVM_C=0.1,fine_clean,0.5986,0.09151393336536247,5,0.155,0.0874271124994987,5,0.1548,0.07946508667333095,5,0.7842,0.054403124910247576,5,0.1376,0.08616727917254903,5,0.1674,0.10402788087815688,5,0.22759999999999997,0.21418286579462886,5,0.97,0.03522073253071263,5
SVM,SVM_C=0.1,fine_clove,0.6902,0.10891831801859596,5,0.325,0.09773944955850732,5,0.30619999999999997,0.08775932998832658,5,0.9179999999999999,0.04924936547814602,5,0.35459999999999997,0.14347229697750016,5,0.3254,0.15976795673726318,5,0.388,0.224117156862209,5,0.9926,0.006767569726275446,5
SVM,SVM_C=0.1,fine_cocoa,0.6494,0.0478988517607677,5,0.3342,0.04960544324970798,5,0.3298,0.04738881724626602,5,0.8710000000000001,0.06323369355019523,5,0.2854,0.0771122558352432,5,0.4224,0.14827440777153691,5,0.31320000000000003,0.10734849789354299,5,0.9856,0.012953763931769046,5
SVM,SVM_C=0.1,fine_coconut,0.6844,0.0798141591448535,5,0.3312,0.0691136744790783,5,0.32039999999999996,0.07127271567717901,5,0.9088,0.03502427729447103,5,0.3492,0.06917514004322652,5,0.3544,0.16582611374569448,5,0.3882,0.17577457153979922,5,0.9804,0.01818790807102347,5
SVM,SVM_C=0.1,fine_coffee,0.6734,0.08834477913266861,5,0.3078,0.10968682692101181,5,0.3174,0.0992008064483349,5,0.9353999999999999,0.019793938466106196,5,0.317,0.09199728256856285,5,0.2964,0.09177581380734248,5,0.367,0.18069587709740365,5,0.9802,0.008105553651663782,5
SVM,SVM_C=0.1,fine_cognac,0.7838,0.045433467840348685,5,0.43499999999999994,0.06359638354497842,5,0.4298,0.07440228491115042,5,0.943,0.019118054294305114,5,0.3604,0.07764856727590021,5,0.3538,0.11331681252135536,5,0.5972000000000001,0.10544524645521008,5,0.9708,0.017369513522260804,5
SVM,SVM_C=0.1,fine_cooked,0.632,0.1039062077067583,5,0.1712,0.10409707008364837,5,0.1684,0.0930043009758151,5,0.8380000000000001,0.04934571916590131,5,0.1464,0.03404849482723135,5,0.1342,0.06557972247577752,5,0.298,0.23484356495335354,5,0.9662,0.028411265371327623,5
SVM,SVM_C=0.1,fine_cooling,0.6298,0.053765230400324764,5,0.1908,0.037778300649976296,5,0.191,0.039306488014067095,5,0.8734,0.03947530873850136,5,0.21259999999999998,0.06187325755122322,5,0.16699999999999998,0.049704124577342676,5,0.2886,0.1252768933203566,5,0.9712,0.022185580902919784,5
SVM,SVM_C=0.1,fine_cortex,0.5,0.0,5,0.0,0.0,5,0.0,0.0,5,0.7404,0.06701343148951557,5,0.045200000000000004,0.027215804232100144,5,0.0,0.0,5,0.0,0.0,5,1.0,0.0,5
SVM,SVM_C=0.1,fine_coumarinic,0.6894,0.1255858272258458,5,0.31520000000000004,0.20010922017738214,5,0.2958,0.19563537512423462,5,0.9096,0.03132570829207216,5,0.28659999999999997,0.08241541118019129,5,0.3242,0.2938183112060921,5,0.3964,0.27152771497583816,5,0.9822,0.027815463325280045,5
SVM,SVM_C=0.1,fine_creamy,0.6237999999999999,0.04479620519642258,5,0.21259999999999998,0.06225993896559808,5,0.2426,0.058837063149004984,5,0.7626000000000001,0.04203926735803092,5,0.22240000000000001,0.049687020437937324,5,0.21340000000000003,0.052405152418440695,5,0.2908,0.09846166766818444,5,0.9565999999999999,0.013202272531651503,5
SVM,SVM_C=0.1,fine_cucumber,0.7276,0.12269392813012386,5,0.3528,0.15472136245522142,5,0.3428,0.1437243890228795,5,0.9634,0.026996296042235076,5,0.3496,0.1516667399267222,5,0.2908,0.13431195032460813,5,0.46579999999999994,0.2470631498220647,5,0.9896,0.004037325847637236,5
SVM,SVM_C=0.1,fine_dairy,0.6916,0.08755169901264052,5,0.22200000000000003,0.037000000000000005,5,0.21400000000000002,0.03510697936308392,5,0.8371999999999999,0.05859778152797255,5,0.1946,0.029339393313427605,5,0.155,0.059126981996377934,5,0.45940000000000003,0.23510912360008485,5,0.924,0.06008743629079212,5
SVM,SVM_C=0.1,fine_dry,0.6392,0.07386947948916385,5,0.122,0.052825183388228766,5,0.1244,0.03685512176075397,5,0.7356,0.02393324048264256,5,0.09280000000000001,0.013367871932360815,5,0.0784,0.009208691546577066,5,0.454,0.2295059912072014,5,0.8242,0.08599244152831106,5
SVM,SVM_C=0.1,fine_earthy,0.6236,0.04537951079507139,5,0.25820000000000004,0.05474668939762477,5,0.296,0.06471862174057788,5,0.7534,0.03419502887847887,5,0.24,0.0223830292855994,5,0.3294,0.03585108087631388,5,0.289,0.10790505085490669,5,0.958,0.019313207915827947,5
SVM,SVM_C=0.1,fine_ethereal,0.7514000000000001,0.035125489320435146,5,0.5288,0.06499384586251224,5,0.5514,0.06140684000988814,5,0.916,0.02117781858454734,5,0.5836,0.06337428500582869,5,0.5886,0.08977081931229097,5,0.526,0.07234293331072494,5,0.9766,0.009099450532861892,5
SVM,SVM_C=0.1,fine_fatty,0.7497999999999999,0.053499532708239615,5,0.47620000000000007,0.05467814920057189,5,0.5358,0.04687963310436636,5,0.8573999999999999,0.01818790807102347,5,0.5346,0.0597687209165463,5,0.5186,0.05763072097414709,5,0.5756,0.1367874263227436,5,0.9236000000000001,0.03628773897613353,5
SVM,SVM_C=0.1,fine_fermented,0.6684,0.032004687156727524,5,0.2508,0.024201239637671467,5,0.2632,0.03542880184256871,5,0.8657999999999999,0.01958826179118505,5,0.2298,0.04186526006129664,5,0.2142,0.06336955104780213,5,0.3856,0.08970674445101663,5,0.9516,0.02693139431964119,5
SVM,SVM_C=0.1,fine_fishy,0.6856,0.0332761175619993,5,0.3462,0.024076959940989226,5,0.352,0.028231188426986215,5,0.9054,0.037898548784880935,5,0.3162,0.08874795772298089,5,0.3406,0.0623442058254013,5,0.384,0.07344725998973684,5,0.9869999999999999,0.00787400787401179,5
SVM,SVM_C=0.1,fine_floral,0.7375999999999999,0.02064703368525366,5,0.4662,0.036092935596872704,5,0.5856,0.027862160720231257,5,0.8343999999999999,0.0162880324164707,5,0.5732,0.030638211436048248,5,0.572,0.04993996395673508,5,0.607,0.06506535176267011,5,0.868,0.03834057902536166,5
SVM,SVM_C=0.1,fine_fresh,0.6636,0.00890505474435729,5,0.2226,0.019488458122694056,5,0.3114,0.023006520814760324,5,0.7407999999999999,0.01617714437099457,5,0.2446,0.017487138130637615,5,0.2136,0.024965976848503255,5,0.593,0.06338769596696188,5,0.7348,0.06367652628716489,5
SVM,SVM_C=0.1,fine_fruit skin,0.5442,0.07011561880209001,5,0.1032,0.15040511959371594,5,0.10699999999999998,0.14830711378757258,5,0.7482,0.09670677328915485,5,0.0802,0.05437554597427045,5,0.1266,0.17374636686849024,5,0.0964,0.13843698927671028,5,0.9922000000000001,0.011670475568716131,5
SVM,SVM_C=0.1,fine_fruity,0.7504,0.00736885337077625,5,0.4952,0.01435966573427112,5,0.6938,0.009576011695899231,5,0.8358000000000001,0.007949842765740728,5,0.7727999999999999,0.006058052492344384,5,0.6712,0.02195905280288745,5,0.7192000000000001,0.030310064335134616,5,0.7812,0.0266308092254066,5
SVM,SVM_C=0.1,fine_garlic,0.7689999999999999,0.09610411021387169,5,0.496,0.11144281044553747,5,0.49879999999999997,0.11517682058469926,5,0.9746,0.00817312669668104,5,0.49540000000000006,0.11040063405615028,5,0.48339999999999994,0.06712525605165318,5,0.5532,0.19730610735605728,5,0.9852000000000001,0.007694153624668562,5
SVM,SVM_C=0.1,fine_gassy,0.6214000000000001,0.2047884274074099,5,0.14120000000000002,0.17324606777644336,5,0.11839999999999999,0.1276432528573289,5,0.95,0.03619392214170769,5,0.1954,0.1598915257291643,5,0.11739999999999999,0.1397365378131289,5,0.2536,0.42264323015990685,5,0.9892,0.01402497771834241,5
SVM,SVM_C=0.1,fine_geranium,0.7083999999999999,0.0810265388622765,5,0.23040000000000002,0.03351566797782792,5,0.20539999999999997,0.03564126821537079,5,0.8715999999999999,0.046944648257282826,5,0.124,0.04865696250281146,5,0.1472,0.048986732897795905,5,0.454,0.18100690594560198,5,0.9625999999999999,0.021720957621615154,5
SVM,SVM_C=0.1,fine_grape,0.6092,0.04485755231842243,5,0.2408,0.07293627355438446,5,0.22599999999999998,0.04599456489630052,5,0.8464,0.05128645045233684,5,0.2468,0.05749956521574752,5,0.3422,0.25940740159062536,5,0.2346,0.10399423060920254,5,0.984,0.016124515496597117,5
SVM,SVM_C=0.1,fine_grapefruit,0.6504000000000001,0.10170693191715106,5,0.28759999999999997,0.17461471873814075,5,0.2938,0.17352290915034824,5,0.8844,0.04921178720591237,5,0.32799999999999996,0.15280706789936122,5,0.2906,0.16604156106228343,5,0.3104,0.2071468078440988,5,0.9906,0.004615192303685723,5
SVM,SVM_C=0.1,fine_grassy,0.5488,0.045724173037901945,5,0.0688,0.05654378834142615,5,0.0728,0.05450412828401166,5,0.7826000000000001,0.04980261037335292,5,0.09140000000000001,0.05380334562088124,5,0.0648,0.056742400372208436,5,0.11880000000000002,0.10289654999075527,5,0.9794,0.016905620367203337,5
SVM,SVM_C=0.1,fine_green,0.7071999999999999,0.01652876280911552,5,0.38239999999999996,0.032585272747055534,5,0.5838,0.02436595986206991,5,0.7772,0.01527088733505688,5,0.5952,0.018860010604450902,5,0.4918,0.03145949777094355,5,0.724,0.06133922073192652,5,0.6906,0.05549144078143942,5
SVM,SVM_C=0.1,fine_hawthorn,0.6184000000000001,0.15666141835180739,5,0.1514,0.19644923008248216,5,0.1402,0.17872380927005777,5,0.9342,0.04454997194162973,5,0.21200000000000002,0.19571790924695676,5,0.1112,0.14393470741971862,5,0.2528,0.31919461148333944,5,0.9843999999999999,0.019768662069042504,5
SVM,SVM_C=0.1,fine_hay,0.6195999999999999,0.10671129274823729,5,0.1466,0.1281241585338222,5,0.14279999999999998,0.11691749227553591,5,0.7992,0.08063932043364455,5,0.1488,0.09078105529239017,5,0.1086,0.10321482451663617,5,0.2684,0.2305673437414761,5,0.9712,0.022015903342811123,5
SVM,SVM_C=0.1,fine_hazelnut,0.745,0.10791200118615167,5,0.3456,0.0877570509987659,5,0.3278,0.0843190369963984,5,0.9179999999999999,0.08131113084934925,5,0.2986,0.05561294813260667,5,0.2684,0.09231088776520352,5,0.5056,0.21942265151984652,5,0.9847999999999999,0.007726577508832745,5
SVM,SVM_C=0.1,fine_herbal,0.6634,0.022766203021145185,5,0.262,0.03391164991562633,5,0.3884,0.03045160094313597,5,0.7478,0.02779748190034489,5,0.34540000000000004,0.04174685616905782,5,0.302,0.05026430144744878,5,0.5826,0.11874047330207169,5,0.7445999999999999,0.09737453465870838,5
SVM,SVM_C=0.1,fine_honey,0.6418,0.12678998383153145,5,0.2184,0.11213072727847617,5,0.21259999999999998,0.11261571826348221,5,0.8422000000000001,0.012255610959882838,5,0.294,0.17334503165652024,5,0.24159999999999998,0.054605860491342875,5,0.3212,0.28852590871531797,5,0.9621999999999999,0.03520227265390687,5
SVM,SVM_C=0.1,fine_hyacinth,0.6948000000000001,0.09854795786823792,5,0.2254,0.08141437219557737,5,0.2008,0.07596841448918096,5,0.8648,0.04219834119962539,5,0.1488,0.05148980481609927,5,0.161,0.1141424548535732,5,0.41979999999999995,0.2097467520606696,5,0.9698,0.01626960356001342,5
SVM,SVM_C=0.1,fine_jasmin,0.6538,0.061738966625624704,5,0.2912,0.07126149030156469,5,0.298,0.06585969936159745,5,0.8674,0.04724193052786901,5,0.2972,0.11120341721368099,5,0.3044,0.09720236622634246,5,0.32439999999999997,0.12819243347405493,5,0.9832000000000001,0.007328028384224513,5
SVM,SVM_C=0.1,fine_juicy,0.6043999999999999,0.07916312272769434,5,0.123,0.089509776002401,5,0.11800000000000002,0.08065048046974053,5,0.8554,0.040172129642327886,5,0.0986,0.07151433422748196,5,0.08259999999999999,0.056336489063483534,5,0.2318,0.1692518832982369,5,0.9772000000000001,0.013989281611290868,5
SVM,SVM_C=0.1,fine_ketonic,0.8013999999999999,0.09614728285292312,5,0.4720000000000001,0.13459011850800937,5,0.462,0.1284133949399361,5,0.9423999999999999,0.03271543978001818,5,0.38239999999999996,0.03422426040106636,5,0.3776,0.10904265220545584,5,0.6122,0.1930031087832525,5,0.9904,0.002073644135332785,5
SVM,SVM_C=0.1,fine_lactonic,0.6888,0.08069820320180625,5,0.366,0.14269547995644433,5,0.37320000000000003,0.14203063049919903,5,0.9082000000000001,0.04558179461144551,5,0.271,0.09676259607927025,5,0.3654,0.12628855846829515,5,0.386,0.16108382910770405,5,0.9916,0.0016733200530681593,5
SVM,SVM_C=0.1,fine_lavender,0.6652,0.1328352362891714,5,0.1634,0.07531799253830389,5,0.1384,0.047982288398949885,5,0.8282,0.12882041763633592,5,0.188,0.15410061648157025,5,0.1026,0.04541255333054948,5,0.3538,0.2751421450814106,5,0.9766,0.013183322798141588,5
SVM,SVM_C=0.1,fine_leafy,0.6284,0.04160288451537946,5,0.1202,0.036355192201389885,5,0.1276,0.03272308053958245,5,0.7156,0.028684490582891662,5,0.1,0.033037857073363576,5,0.078,0.026457513110645904,5,0.39760000000000006,0.09163132652101028,5,0.8587999999999999,0.03562583332358699,5
SVM,SVM_C=0.1,fine_leathery,0.6734,0.1071788225350512,5,0.23359999999999997,0.1560618467146919,5,0.21719999999999998,0.16029254505434742,5,0.8522000000000001,0.059587750419024914,5,0.1606,0.10581729537273196,5,0.1994,0.1902979243186851,5,0.3742,0.22527694067524975,5,0.9725999999999999,0.022187834504520772,5
SVM,SVM_C=0.1,fine_lemon,0.6577999999999999,0.0918406228201878,5,0.24359999999999998,0.11077589990607162,5,0.2426,0.11117238865833548,5,0.8756,0.050082931224120684,5,0.21559999999999996,0.08393628535978942,5,0.2118,0.052366019516476514,5,0.3356,0.19238581028755736,5,0.9802,0.009497368056467035,5
SVM,SVM_C=0.1,fine_lily,0.6678,0.1294244953631267,5,0.2318,0.15402175171059446,5,0.2238,0.14044109085306908,5,0.8661999999999999,0.029243802762294827,5,0.1836,0.07345951265833446,5,0.1794,0.118670973704609,5,0.35700000000000004,0.2720202198366879,5,0.9789999999999999,0.01713184169901183,5
SVM,SVM_C=0.1,fine_malty,0.6612,0.13414432526201023,5,0.29619999999999996,0.2249804435945489,5,0.2366,0.2103599296444073,5,0.9364000000000001,0.02819219750214586,5,0.583,0.10058826969383651,5,0.457,0.49987198361180435,5,0.3316,0.27990051804167854,5,0.9911999999999999,0.015155856953666473,5
SVM,SVM_C=0.1,fine_meaty,0.8230000000000001,0.04070012284993744,5,0.5,0.040540103601249,5,0.5166000000000001,0.030664311503766084,5,0.9279999999999999,0.012747548783981918,5,0.4464,0.04503665174055459,5,0.40700000000000003,0.010630145812734625,5,0.7125999999999999,0.08845507334234712,5,0.9336,0.00808084154033474,5
SVM,SVM_C=0.1,fine_medicinal,0.633,0.039127995093027654,5,0.3168,0.038068359565392375,5,0.3126,0.04364974226728034,5,0.8792,0.03202655148466664,5,0.27619999999999995,0.03795655411124672,5,0.4042,0.0817049570099636,5,0.2726,0.08172698452775556,5,0.9936,0.0041593268686170495,5
SVM,SVM_C=0.1,fine_melon,0.6572,0.04573510686551414,5,0.2894,0.04563770371085732,5,0.3002,0.05000699951006859,5,0.8528,0.02580116276449574,5,0.27799999999999997,0.06045246066125017,5,0.3006,0.08294154568128087,5,0.3396,0.10461739817066756,5,0.9746,0.01636459593146133,5
SVM,SVM_C=0.1,fine_metallic,0.6582000000000001,0.02664957785781984,5,0.1422,0.017123083834403186,5,0.138,0.013946325680981359,5,0.7396,0.04884976970263017,5,0.08180000000000001,0.017469974241537966,5,0.0816,0.011104053313993053,5,0.457,0.059648973168026954,5,0.8596,0.011126544836560918,5
SVM,SVM_C=0.1,fine_milky,0.689,0.07310266752998827,5,0.1688,0.06364510978857685,5,0.1446,0.04589444410819245,5,0.799,0.04168333000133263,5,0.0852,0.024772969139770062,5,0.0862,0.028393661264444217,5,0.46440000000000003,0.15073254459472246,5,0.9136000000000001,0.0077006493232714135,5
SVM,SVM_C=0.1,fine_mint,0.7362,0.03238363784382481,5,0.38,0.07270144427726316,5,0.4016,0.07059249251868079,5,0.8694,0.021102132593650357,5,0.365,0.06151016176210237,5,0.33340000000000003,0.09892825683291909,5,0.5269999999999999,0.06462197768561405,5,0.946,0.02084466358567583,5
SVM,SVM_C=0.1,fine_muguet,0.7016,0.1306571850301391,5,0.2844,0.12138492492892188,5,0.2722,0.1066241060923842,5,0.9154,0.03531713465161067,5,0.2152,0.12830315662523664,5,0.2232,0.09124527385021101,5,0.422,0.27376358413784696,5,0.9815999999999999,0.01597811002590733,5
SVM,SVM_C=0.1,fine_mushroom,0.5714,0.06763726783364331,5,0.1694,0.10731169554153919,5,0.1534,0.11162347423369333,5,0.8488,0.04867442860476127,5,0.1488,0.031901410627118036,5,0.2898,0.21539777157621665,5,0.1528,0.14573160261247387,5,0.9896,0.011760102040373666,5
SVM,SVM_C=0.1,fine_musk,0.716,0.054309299387858063,5,0.5142,0.051765818838303,5,0.507,0.07207981686991165,5,0.8994,0.02377603835797718,5,0.5552,0.039194387353293315,5,0.6382,0.0561756174865929,5,0.43740000000000007,0.1115248851153858,5,0.9948,0.002387467277262684,5
SVM,SVM_C=0.1,fine_musty,0.624,0.04238513890504556,5,0.1462,0.03787743391519546,5,0.1736,0.03382750360283773,5,0.7516,0.016697305171793502,5,0.1552,0.01160603291396331,5,0.1176,0.02798749720857512,5,0.3754,0.15894432987684717,5,0.8722,0.08344579078659393,5
SVM,SVM_C=0.1,fine_natural,0.5366000000000001,0.022006817125609063,5,0.0474,0.03181666230137913,5,0.059399999999999994,0.036997297198579256,5,0.766,0.062477996126636494,5,0.06860000000000001,0.022875751353780706,5,0.041999999999999996,0.028310775333784132,5,0.10579999999999998,0.06016394268995342,5,0.968,0.021505813167606608,5
SVM,SVM_C=0.1,fine_nutty,0.6992,0.03012806001056157,5,0.4286,0.03143723906452345,5,0.4614,0.029585469406450186,5,0.8378,0.01925357109733155,5,0.45760000000000006,0.05762638284674825,5,0.5128,0.07654867732364812,5,0.4344,0.07786077317879654,5,0.9638,0.021253235047869707,5
SVM,SVM_C=0.1,fine_odorless,0.8907999999999999,0.01872698587600259,5,0.6104,0.0659719637421837,5,0.6068,0.07619186308261527,5,0.9682000000000001,0.01843095222716397,5,0.6934,0.06713270439956968,5,0.48860000000000003,0.09647953150798362,5,0.82,0.041079191812887446,5,0.9618,0.015896540504147447,5
SVM,SVM_C=0.1,fine_oily,0.7083999999999999,0.034209647761998356,5,0.298,0.020322401432901562,5,0.3468,0.015482247898803302,5,0.8056000000000001,0.016516658257650006,5,0.3466,0.03103707460441464,5,0.2572,0.025043961347997648,5,0.5548,0.10404662416436203,5,0.8619999999999999,0.037536648758246964,5
SVM,SVM_C=0.1,fine_onion,0.8198000000000001,0.03140382142351465,5,0.5294000000000001,0.032898328225002556,5,0.5376000000000001,0.030253925365148884,5,0.9708,0.004324349662087942,5,0.517,0.05945166103650938,5,0.45280000000000004,0.04860761257251792,5,0.6704000000000001,0.0689115374955457,5,0.9693999999999999,0.007893034904268474,5
SVM,SVM_C=0.1,fine_orange,0.6164,0.08385880991285291,5,0.2512,0.10481269007138401,5,0.23759999999999998,0.09651062117715334,5,0.8938,0.03729209031416719,5,0.2324,0.08140515954164085,5,0.33920000000000006,0.18251219137361754,5,0.24780000000000002,0.18620606864439196,5,0.9847999999999999,0.02077739155909616,5
SVM,SVM_C=0.1,fine_orangeflower,0.6908,0.13828123516949073,5,0.3226,0.22021194336366048,5,0.31880000000000003,0.21483877676062113,5,0.905,0.06281719509815759,5,0.33499999999999996,0.22589046017926473,5,0.2834,0.19190570601209334,5,0.3872,0.27814600482480417,5,0.9945999999999999,0.0028809720581775954,5
SVM,SVM_C=0.1,fine_orris,0.6166,0.10121165940740225,5,0.1452,0.11077544854343854,5,0.13679999999999998,0.10085484618995756,5,0.8652000000000001,0.06348779410248871,5,0.166,0.07614788243936925,5,0.1072,0.09444151629447718,5,0.2554,0.2193861891733388,5,0.9778,0.018886503117305744,5
SVM,SVM_C=0.1,fine_ozone,0.5634,0.07075874504257405,5,0.0924,0.08523672917234681,5,0.085,0.07798076685952761,5,0.8718,0.05144608828667152,5,0.099,0.022561028345356962,5,0.089,0.10237187113655782,5,0.1348,0.15067747011414814,5,0.992,0.009669539802906905,5
SVM,SVM_C=0.1,fine_peach,0.6258,0.04673007596826699,5,0.20099999999999998,0.059920781036298255,5,0.20220000000000002,0.06818504234801062,5,0.8406,0.02522498761149347,5,0.1956,0.050212548232488656,5,0.20179999999999998,0.11128432054876375,5,0.28819999999999996,0.12325055780806835,5,0.9638,0.03690121949204387,5
SVM,SVM_C=0.1,fine_pear,0.7098,0.011454256850621096,5,0.3574,0.04159687488261588,5,0.3684,0.04391241282371079,5,0.9056000000000001,0.032439173848913,5,0.296,0.04518296139032943,5,0.3252,0.0916662424232607,5,0.44700000000000006,0.030298514815086247,5,0.9730000000000001,0.008972179222463163,5
SVM,SVM_C=0.1,fine_phenolic,0.6734,0.09781768756211726,5,0.4224,0.1343402396901241,5,0.4182,0.14841394813156888,5,0.9196,0.035739334073258806,5,0.5136000000000001,0.11300575206598996,5,0.5602,0.05175615905377833,5,0.3564,0.19900075376741663,5,0.99,0.004123105625617667,5
SVM,SVM_C=0.1,fine_pine,0.721,0.050882216932834186,5,0.4006,0.04398067757549898,5,0.403,0.04228474902373194,5,0.9376,0.03390870094828166,5,0.33799999999999997,0.08694250974063263,5,0.38180000000000003,0.08187307249639529,5,0.45359999999999995,0.10580075614096526,5,0.9884000000000001,0.004560701700396583,5
SVM,SVM_C=0.1,fine_pineapple,0.71,0.05877499468311332,5,0.35,0.051633322573702345,5,0.3696,0.04893669379923412,5,0.8976000000000001,0.025530374066981495,5,0.3346,0.07634002881843836,5,0.32280000000000003,0.05647300239937664,5,0.4662,0.14078068049274375,5,0.954,0.025426364270182186,5
SVM,SVM_C=0.1,fine_plum,0.5844,0.06370871212008611,5,0.09759999999999999,0.0514081705568288,5,0.0972,0.03652670256127701,5,0.8172,0.02242097232503525,5,0.1036,0.05960117448507202,5,0.071,0.02152905014161098,5,0.20059999999999997,0.14157083032884987,5,0.9686,0.01622652150030929,5
SVM,SVM_C=0.1,fine_popcorn,0.7602,0.15469550736850765,5,0.3508,0.12799492177426416,5,0.321,0.10953310002003959,5,0.9822,0.010568822072492292,5,0.35960000000000003,0.23204590063175004,5,0.26680000000000004,0.08345477817357135,5,0.532,0.315450471548229,5,0.9879999999999999,0.008860022573334677,5
SVM,SVM_C=0.1,fine_potato,0.7168,0.10934669633784093,5,0.26799999999999996,0.08069696400732805,5,0.244,0.08529654154770872,5,0.9282,0.02625261891697665,5,0.1718,0.03954996839442479,5,0.2008,0.08798408947076738,5,0.4598,0.23528960878032842,5,0.9742000000000001,0.023209911675833653,5
SVM,SVM_C=0.1,fine_powdery,0.6534,0.07474824412653451,5,0.2238,0.06010158067804873,5,0.2332,0.04785080981550886,5,0.8368,0.04623526792395606,5,0.1742,0.0677399439031359,5,0.2062,0.09994598541212148,5,0.368,0.1889616363180633,5,0.9391999999999999,0.04221018834357409,5
SVM,SVM_C=0.1,fine_pungent,0.7136,0.034968557305099096,5,0.31320000000000003,0.042216110668795624,5,0.3286,0.04746367031741224,5,0.8644000000000001,0.033967631651323604,5,0.2112,0.03938527643675997,5,0.257,0.06798896969362016,5,0.4918,0.09559654805483303,5,0.9352,0.03167333263172666,5
SVM,SVM_C=0.1,fine_radish,0.6042,0.08642453355384684,5,0.22480000000000003,0.13220703460860167,5,0.20779999999999998,0.11954998954412333,5,0.8936,0.02193855054464633,5,0.16360000000000002,0.034839632604262635,5,0.30060000000000003,0.24908191423706383,5,0.2152,0.18127658425731658,5,0.9934,0.009016651263079888,5
SVM,SVM_C=0.1,fine_raspberry,0.5218,0.042464102486688686,5,0.0398,0.0617956309135201,5,0.0438,0.06005997002996255,5,0.7594000000000001,0.10761180232669655,5,0.0872,0.06319572770369845,5,0.044599999999999994,0.06500615355487509,5,0.056600000000000004,0.08785101023892669,5,0.9869999999999999,0.01593737745050924,5
SVM,SVM_C=0.1,fine_ripe,0.6158,0.10814665968026939,5,0.1582,0.059145583097979515,5,0.1518,0.03577988261579403,5,0.8256,0.06621404684808203,5,0.131,0.02904307146291521,5,0.1494,0.041070670800462956,5,0.2632,0.2480981660552935,5,0.969,0.03218695387886215,5
SVM,SVM_C=0.1,fine_roasted,0.8082,0.042640356471305436,5,0.5034,0.0526241389478251,5,0.5266,0.04658647872505495,5,0.93,0.012041594578792284,5,0.48719999999999997,0.02587856255668001,5,0.43479999999999996,0.039883580581487416,5,0.6736,0.08971789119233688,5,0.9427999999999999,0.008814760348415555,5
SVM,SVM_C=0.1,fine_rose,0.7374,0.061500406502721566,5,0.386,0.043422344478390384,5,0.4178,0.04108162606324146,5,0.874,0.021236760581595324,5,0.4042,0.06267136507209653,5,0.3566,0.052898960292240164,5,0.5502,0.15616241545263057,5,0.924,0.03524911346402908,5
SVM,SVM_C=0.1,fine_rummy,0.5997999999999999,0.030392433268825333,5,0.188,0.019824227601599027,5,0.196,0.014370107863199907,5,0.8524,0.044947747440778375,5,0.22960000000000003,0.10307909584391976,5,0.20539999999999997,0.07377533463156911,5,0.2184,0.07291296181064105,5,0.9808,0.013461054936371087,5
SVM,SVM_C=0.1,fine_sandalwood,0.7038,0.1182273234070703,5,0.42800000000000005,0.08826947377208046,5,0.3762,0.09178888821638487,5,0.9468,0.04246998940428405,5,0.5018,0.19956377426777638,5,0.5966,0.36929771188026606,5,0.4126,0.24022343765752752,5,0.9954000000000001,0.004449719092257395,5
SVM,SVM_C=0.1,fine_savory,0.71,0.10897935584320546,5,0.2682,0.05216991470186625,5,0.25460000000000005,0.03389395226290379,5,0.9016,0.021593980642762498,5,0.21600000000000003,0.0619394865978077,5,0.2096,0.054252188895933036,5,0.477,0.25847243566771294,5,0.943,0.04163532154313209,5
SVM,SVM_C=0.1,fine_sharp,0.674,0.09994748621151012,5,0.203,0.05057173123396113,5,0.194,0.019339079605813735,5,0.8178000000000001,0.08307647079648968,5,0.1534,0.04626337644400806,5,0.1424,0.022006817125609045,5,0.40499999999999997,0.24147670695120882,5,0.943,0.0423733406754766,5
SVM,SVM_C=0.1,fine_smoky,0.659,0.0735221055193606,5,0.311,0.10315279928339319,5,0.3156,0.10306454288454395,5,0.9338,0.039952471763333976,5,0.3358,0.08522440964887934,5,0.32439999999999997,0.0809030283734793,5,0.3282,0.1492186315444556,5,0.9902,0.004438468204234452,5
SVM,SVM_C=0.1,fine_soapy,0.6434,0.04354652684198822,5,0.1538,0.05062311724894072,5,0.1402,0.052442349299015964,5,0.8304,0.055581471732943505,5,0.1032,0.07520771237047434,5,0.09380000000000001,0.04121528842553452,5,0.3222,0.0927992456865895,5,0.9644,0.015224979474534573,5
SVM,SVM_C=0.1,fine_solvent,0.6572,0.10397451610851574,5,0.2958,0.09091314536413313,5,0.29159999999999997,0.07662440864372135,5,0.9321999999999999,0.0330181768121742,5,0.28700000000000003,0.12640806936267954,5,0.3094,0.06087117544454026,5,0.3234,0.21297722882975068,5,0.9914,0.00541294744108978,5
SVM,SVM_C=0.1,fine_sour,0.6696,0.06285141207642035,5,0.33659999999999995,0.09474597616785631,5,0.3416,0.09809332291241844,5,0.8507999999999999,0.06057804882958845,5,0.3266,0.09794539294933682,5,0.3522,0.08190054944870638,5,0.34859999999999997,0.12952528710641797,5,0.9904,0.0053197744313081725,5
SVM,SVM_C=0.1,fine_spicy,0.6526,0.031197756329582396,5,0.27640000000000003,0.025657357619209332,5,0.3452,0.02888252066562059,5,0.786,0.01218605760695393,5,0.3388,0.035294475488382035,5,0.3186,0.036204972034238614,5,0.395,0.09145217329292946,5,0.9102,0.0318072318820736,5
SVM,SVM_C=0.1,fine_strawberry,0.5448000000000001,0.06446084082603953,5,0.045200000000000004,0.06364903769893147,5,0.041999999999999996,0.05835666200186573,5,0.806,0.09853679515795102,5,0.08280000000000001,0.10296455700871053,5,0.0264,0.03648698398059231,5,0.1066,0.1533551433764124,5,0.983,0.02443358344574123,5
SVM,SVM_C=0.1,fine_sulfurous,0.9301999999999999,0.017569860557215558,5,0.7108,0.013217412757419651,5,0.7203999999999999,0.015109599597606837,5,0.9756,0.002302172886644303,5,0.7054,0.03135761470520354,5,0.596,0.03337663853655729,5,0.9158,0.043791551696645746,5,0.9448000000000001,0.00993478736561578,5
SVM,SVM_C=0.1,fine_sweaty,0.5778000000000001,0.08286857064050282,5,0.199,0.2407155998268496,5,0.1858,0.21191790863445215,5,0.8518000000000001,0.10439923371366285,5,0.2326,0.161229029644168,5,0.2834,0.41497325215006325,5,0.1582,0.1675311911257125,5,0.9972,0.004086563348340524,5
SVM,SVM_C=0.1,fine_sweet,0.6746000000000001,0.014117365193264633,5,0.323,0.03259601202601324,5,0.544,0.013874436925511574,5,0.7292,0.012537942414926005,5,0.5238,0.018349386910739056,5,0.4622,0.04077621855935149,5,0.6678,0.04764136857815903,5,0.6814,0.07400878326252906,5
SVM,SVM_C=0.1,fine_tea,0.5152,0.033988233257996776,5,0.0254,0.05679612662849466,5,0.027600000000000003,0.0617154761789942,5,0.6782,0.0848127348928214,5,0.0728,0.02890847626562147,5,0.0236,0.05277120426899503,5,0.0334,0.07468467044849297,5,0.9969999999999999,0.00670820393249937,5
SVM,SVM_C=0.1,fine_terpenic,0.6182000000000001,0.09228055049684085,5,0.252,0.1502381442909889,5,0.2508,0.15573117863806205,5,0.9364000000000001,0.041416180412973846,5,0.3028,0.10923232122407725,5,0.2886,0.11067881459430258,5,0.2414,0.1855648134749689,5,0.9952,0.0016431676725155065,5
SVM,SVM_C=0.1,fine_tobacco,0.658,0.07259132179537715,5,0.3318,0.12585984268224715,5,0.3392,0.1251067544139804,5,0.8078,0.054650709053039745,5,0.2678,0.14328363479476644,5,0.3702,0.13669747620201333,5,0.32720000000000005,0.1459030500023903,5,0.9892,0.002280350850198291,5
SVM,SVM_C=0.1,fine_tomato,0.6462,0.03125219992256552,5,0.18580000000000002,0.0895806898834788,5,0.1734,0.09707883394437739,5,0.9006000000000001,0.035387851022632054,5,0.189,0.08899157263471638,5,0.1348,0.11391093011647303,5,0.3144,0.060772526687640695,5,0.9778,0.01289185789558667,5
SVM,SVM_C=0.1,fine_tropical,0.6688000000000001,0.03222111109195338,5,0.2974,0.03735371467471474,5,0.3518,0.03441947123359103,5,0.7948000000000001,0.015139352694220457,5,0.3034,0.038409634208099404,5,0.31799999999999995,0.06645675285477014,5,0.417,0.0911537163257758,5,0.9208000000000001,0.030752235691084304,5
SVM,SVM_C=0.1,fine_vanilla,0.7112,0.08485693843169223,5,0.445,0.05997082624076475,5,0.43220000000000003,0.08063932043364457,5,0.9204000000000001,0.020767763480933607,5,0.5062,0.06653345023369821,5,0.5326000000000001,0.18300081967029547,5,0.43439999999999995,0.17794886906075014,5,0.9884000000000001,0.009289779329994877,5
SVM,SVM_C=0.1,fine_vegetable,0.7230000000000001,0.04338202392696774,5,0.34340000000000004,0.02940748204114049,5,0.3738,0.02690167281044064,5,0.852,0.031464265445104556,5,0.3044,0.052861138845091096,5,0.3004,0.049343692606046395,5,0.5256000000000001,0.11970923105592149,5,0.9199999999999999,0.03675595189897818,5
SVM,SVM_C=0.1,fine_vetiver,0.6113999999999999,0.055329015895820864,5,0.1896,0.04286373758784925,5,0.1722,0.05540036100965408,5,0.9146000000000001,0.043506321379771944,5,0.2138,0.06429385662720818,5,0.22600000000000003,0.16748582029533124,5,0.23399999999999999,0.12170250613689104,5,0.9890000000000001,0.012267844146385303,5
SVM,SVM_C=0.1,fine_violet,0.6908,0.04025791847574831,5,0.3894,0.06250839943559587,5,0.391,0.058395205282625734,5,0.8928,0.035414686219137986,5,0.41739999999999994,0.08147576326736684,5,0.4178,0.12307802403353739,5,0.38980000000000004,0.0814383202184328,5,0.9924,0.0035777087639996302,5
SVM,SVM_C=0.1,fine_warm,0.5396,0.051403307286593904,5,0.0526,0.07157024521405526,5,0.064,0.07418557811326942,5,0.7062,0.058392636522082146,5,0.06659999999999999,0.0434315553486172,5,0.0462,0.05405737692489342,5,0.1048,0.11798601612055556,5,0.9745999999999999,0.02281008548866051,5
SVM,SVM_C=0.1,fine_waxy,0.7712,0.04934267929490651,5,0.4742,0.020339616515558993,5,0.5196,0.022165288177689025,5,0.8904,0.010526157893552648,5,0.4742,0.04400795382655278,5,0.4628,0.06449573629318454,5,0.6295999999999999,0.14570964278317342,5,0.9132,0.049226009385283286,5
SVM,SVM_C=0.1,fine_weedy,0.5,0.0,5,0.0,0.0,5,0.0,0.0,5,0.6054,0.23620393730842,5,0.040600000000000004,0.04096095702006973,5,0.0,0.0,5,0.0,0.0,5,1.0,0.0,5
SVM,SVM_C=0.1,fine_winey,0.7173999999999999,0.07088582368852038,5,0.3254,0.07264502735906982,5,0.3436,0.0654316437207564,5,0.8778,0.022174309459372148,5,0.2832,0.054034248398585144,5,0.27359999999999995,0.037031068037527634,5,0.49660000000000004,0.1605826889798524,5,0.9384,0.02258982071642001,5
SVM,SVM_C=0.1,fine_woody,0.7554000000000001,0.025274493071078607,5,0.4718,0.05274182401093083,5,0.5439999999999999,0.04706378650300038,5,0.8382,0.021993180761317777,5,0.5416000000000001,0.04816949241999544,5,0.503,0.09025242379016755,5,0.615,0.07803524844581455,5,0.8958,0.05234691968014926,5
SVM,SVM_C=1,fine_alcoholic,0.8068,0.05751695402227071,5,0.5269999999999999,0.06620800555824048,5,0.5244,0.07304998288843056,5,0.9465999999999999,0.02374447304110997,5,0.4756,0.040905989781448875,5,0.47620000000000007,0.12320795428867408,5,0.6304000000000001,0.12143434440058548,5,0.983,0.010246950765959608,5
SVM,SVM_C=1,fine_aldehydic,0.6838,0.11050882317715628,5,0.3422,0.1277329244948224,5,0.3436,0.12789956997582128,5,0.898,0.02129553943904686,5,0.3316,0.08317631874518132,5,0.3662,0.11617099465873573,5,0.3888,0.23655168568412274,5,0.9785999999999999,0.017601136326953454,5
SVM,SVM_C=1,fine_alliaceous,0.7904,0.030875556675143516,5,0.414,0.03852920969861697,5,0.4072,0.051765818838302946,5,0.9555999999999999,0.010549881515922354,5,0.3988,0.07907401595973232,5,0.3108,0.06805659409638423,5,0.6188,0.0753405601253402,5,0.9618,0.015006665185843277,5
SVM,SVM_C=1,fine_almond,0.6022000000000001,0.08182420179873437,5,0.2166,0.1584402095429061,5,0.2162,0.16678639033206516,5,0.9026,0.03209049703572694,5,0.25220000000000004,0.09570632163028732,5,0.26280000000000003,0.1812669302437706,5,0.21400000000000002,0.17057109954502842,5,0.9905999999999999,0.00947628619238573,5
SVM,SVM_C=1,fine_amber,0.6322,0.1146808615244933,5,0.23399999999999999,0.13871914071244817,5,0.23700000000000002,0.13411748581001656,5,0.8960000000000001,0.026645825188948483,5,0.273,0.15335905581347326,5,0.23900000000000002,0.0644709236788182,5,0.2802,0.23733878739051484,5,0.9846,0.009316651759081683,5
SVM,SVM_C=1,fine_animal,0.6612,0.021924871721403488,5,0.3784,0.04186645435190326,5,0.3846,0.040370781513366816,5,0.774,0.05554277630799528,5,0.2838,0.08547338767125123,5,0.46420000000000006,0.06748110846748148,5,0.3324,0.044668781044483435,5,0.99,0.0030822070014845035,5
SVM,SVM_C=1,fine_anisic,0.667,0.09157510578754466,5,0.3568,0.1722112075330755,5,0.359,0.16856452770378472,5,0.8352,0.07616232664513344,5,0.3338,0.18399646735739247,5,0.4072,0.20481137663713897,5,0.3442,0.18381430847461247,5,0.99,0.005916079783099612,5
SVM,SVM_C=1,fine_apple,0.7518,0.021753160689885986,5,0.4446,0.02116128540519218,5,0.477,0.020976176963403027,5,0.921,0.015968719422671272,5,0.4768,0.029903177088730883,5,0.426,0.057306195127577626,5,0.5554,0.059521424714131285,5,0.9481999999999999,0.01782414093301553,5
SVM,SVM_C=1,fine_apricot,0.6576000000000001,0.1352601197692801,5,0.1788,0.13918943925456412,5,0.1654,0.11702905622109408,5,0.8328,0.0655568455616956,5,0.137,0.059820565025750144,5,0.1152,0.07203263149434427,5,0.3484,0.29453488757700674,5,0.967,0.025109759058979452,5
SVM,SVM_C=1,fine_aromatic,0.5724,0.055043619067063516,5,0.11679999999999999,0.0653926601385813,5,0.122,0.06482283548256741,5,0.6916,0.06948956756233272,5,0.073,0.03924920381358073,5,0.1202,0.06186840873984072,5,0.1646,0.12065156443245982,5,0.9804,0.011238327277669042,5
SVM,SVM_C=1,fine_balsamic,0.7212,0.05920050675458781,5,0.38,0.058236586438423735,5,0.4024,0.04872678934631341,5,0.8852,0.028665310045419043,5,0.4434,0.07972013547404447,5,0.38180000000000003,0.15092282796184278,5,0.5084,0.15204703219727767,5,0.9339999999999999,0.040484564959994286,5
SVM,SVM_C=1,fine_banana,0.7118,0.043825791493137936,5,0.35960000000000003,0.07095280121320087,5,0.3652,0.0851158034679812,5,0.9046,0.026510375327407215,5,0.354,0.09716995420396163,5,0.33799999999999997,0.12399395146538399,5,0.45380000000000004,0.10773439562182544,5,0.9698,0.02563591231066291,5
SVM,SVM_C=1,fine_beefy,0.6436,0.12394877974389258,5,0.21079999999999996,0.12192907774604055,5,0.16720000000000002,0.06989062884249934,5,0.905,0.042136682356350735,5,0.1956,0.09725379169986124,5,0.2844,0.4010296747124831,5,0.3056,0.2612810747069141,5,0.9818,0.01497330958739586,5
SVM,SVM_C=1,fine_bergamot,0.7144,0.13263973763544618,5,0.3674,0.1977076123977021,5,0.3534,0.1987594022933255,5,0.9474,0.04487538300672205,5,0.4162,0.27018641712713837,5,0.3508,0.19166037670838487,5,0.43739999999999996,0.2630233829909424,5,0.9914,0.009449867723941964,5
SVM,SVM_C=1,fine_berry,0.6438,0.10511041813255241,5,0.1598,0.0776962032534409,5,0.15960000000000002,0.06637243403703078,5,0.7744,0.056949978050917616,5,0.1452,0.021856349191939625,5,0.124,0.022967368155711702,5,0.3806,0.2814672272219272,5,0.9066000000000001,0.07719326395482963,5
SVM,SVM_C=1,fine_bitter,0.553,0.021702534414210675,5,0.16460000000000002,0.05109598810082842,5,0.1484,0.04947524633592035,5,0.7484,0.03818114718025117,5,0.14279999999999998,0.04833942490348846,5,0.2882,0.10560160983621414,5,0.11080000000000001,0.04606734201145102,5,0.9952,0.005167204273105531,5
SVM,SVM_C=1,fine_black currant,0.7744,0.07256927724595308,5,0.4356,0.0960484252864148,5,0.4166,0.10213128805610944,5,0.8865999999999999,0.03467419789987946,5,0.341,0.13251792331605564,5,0.3794,0.18542195123555358,5,0.558,0.14681280598094976,5,0.9906,0.005128352561983266,5
SVM,SVM_C=1,fine_brandy,0.6382,0.102740936339903,5,0.15360000000000001,0.060189700115551324,5,0.13879999999999998,0.03862253228362946,5,0.851,0.11507171676828322,5,0.1306,0.06507534095185365,5,0.1022,0.034852546535368116,5,0.2978,0.21602013795014577,5,0.9792,0.011777096416349804,5
SVM,SVM_C=1,fine_burnt,0.6514,0.038435660525090495,5,0.2404,0.07287866628856485,5,0.26680000000000004,0.07024741988144477,5,0.8619999999999999,0.021529050141611012,5,0.2524,0.06990922685883459,5,0.21939999999999998,0.07727418715198496,5,0.356,0.08156592425762121,5,0.9470000000000001,0.019377822375076063,5
SVM,SVM_C=1,fine_buttery,0.6688,0.06926904070362169,5,0.3236,0.10120671914453108,5,0.3346,0.10547653767544705,5,0.8712,0.04188913940390751,5,0.319,0.11425410277097277,5,0.34299999999999997,0.09805100713404225,5,0.3606,0.14569076841035605,5,0.9773999999999999,0.015533834040570953,5
SVM,SVM_C=1,fine_cabbage,0.781,0.09308329603102802,5,0.35700000000000004,0.08516748205741438,5,0.32880000000000004,0.06912090855884348,5,0.9,0.050314013952377105,5,0.2848,0.09218025819013526,5,0.2346,0.046187660689842265,5,0.5798,0.18948799434264957,5,0.9826,0.00563914887194869,5
SVM,SVM_C=1,fine_camphoreous,0.6950000000000001,0.05659505278732405,5,0.381,0.10509043724335723,5,0.394,0.10306308747558461,5,0.9304,0.022995651762887682,5,0.41880000000000006,0.13037331015203993,5,0.39459999999999995,0.11928243793618573,5,0.40800000000000003,0.11380026362008128,5,0.9822,0.007496665925596528,5
SVM,SVM_C=1,fine_caramellic,0.797,0.030446674695276642,5,0.5082,0.020510972673181558,5,0.5264,0.01821537811850196,5,0.9048,0.02092128103152388,5,0.5092,0.04850463895340321,5,0.4556,0.03253920712002675,5,0.6315999999999999,0.06904201619304,5,0.9621999999999999,0.009576011695899292,5
SVM,SVM_C=1,fine_cedar,0.6759999999999999,0.06515750148678197,5,0.34859999999999997,0.15218672741076994,5,0.33899999999999997,0.14663219291819923,5,0.9094,0.039978744352468135,5,0.355,0.12421151315397458,5,0.3864,0.25765150882538995,5,0.3624,0.13160091185094427,5,0.9902,0.008408329203831175,5
SVM,SVM_C=1,fine_celery,0.549,0.048197510309143564,5,0.11000000000000001,0.12507597691003655,5,0.1066,0.121724278597164,5,0.7293999999999999,0.12955423574704147,5,0.18,0.06946221994724903,5,0.1406,0.17781113575926566,5,0.1028,0.09994848673191606,5,0.9952,0.007529940238806685,5
SVM,SVM_C=1,fine_chamomile,0.6684,0.07736148912734295,5,0.39,0.11983321743156193,5,0.3688,0.10723199149507576,5,0.8798,0.0599057593224558,5,0.3614,0.21401004649314945,5,0.5065999999999999,0.28621285785233336,5,0.33999999999999997,0.15578992265226912,5,0.9968,0.002588435821108971,5
SVM,SVM_C=1,fine_cheesy,0.646,0.08400892809695887,5,0.40259999999999996,0.09003499319708978,5,0.3756,0.12139316290467099,5,0.9019999999999999,0.030091527046662177,5,0.4664,0.0850576275239323,5,0.6342000000000001,0.12935107266659987,5,0.3004,0.17541465161154585,5,0.992,0.0071414284285429026,5
SVM,SVM_C=1,fine_cherry,0.6454000000000001,0.08411480250229447,5,0.21260000000000004,0.066293287744688,5,0.2132,0.05646857533177192,5,0.9062000000000001,0.014822280526288801,5,0.1992,0.05168849001470249,5,0.17980000000000002,0.05592584375760459,5,0.3182,0.18838975556011534,5,0.9730000000000001,0.021552262062252286,5
SVM,SVM_C=1,fine_chocolate,0.5884,0.05039642844488086,5,0.22000000000000003,0.04540374433898597,5,0.18980000000000002,0.03324454842526816,5,0.8865999999999999,0.015175638372075183,5,0.269,0.03090307428072487,5,0.3672,0.22006294554058847,5,0.18580000000000002,0.11167676571247934,5,0.9916,0.011653325705565765,5
SVM,SVM_C=1,fine_cinnamon,0.7352000000000001,0.12784052565599063,5,0.3752,0.13293494649639725,5,0.36619999999999997,0.1256789560745951,5,0.9324,0.04355800730061006,5,0.3992,0.16376415969313918,5,0.3252,0.10146526499250864,5,0.4848,0.26356346484291027,5,0.986,0.01027131929208704,5
SVM,SVM_C=1,fine_citrus,0.7534,0.006348228099241569,5,0.4646,0.01512613632095121,5,0.5062,0.016724233913695426,5,0.8870000000000001,0.017204650534085264,5,0.4828,0.062005644904314955,5,0.46299999999999997,0.03344398301638129,5,0.5606,0.020119642143934843,5,0.9461999999999999,0.007886697661252114,5
SVM,SVM_C=1,fine_clean,0.596,0.10889444430272834,5,0.126,0.13058139224253967,5,0.128,0.12328219660599822,5,0.7678,0.055728807631242216,5,0.1384,0.06872626863143379,5,0.1022,0.10541442026591998,5,0.21760000000000002,0.2444356766104326,5,0.975,0.028451713480913576,5
SVM,SVM_C=1,fine_clove,0.687,0.1540097399517316,5,0.3106,0.18765473615126263,5,0.2872,0.17967387122227874,5,0.9097999999999999,0.06596741619921158,5,0.3988,0.16421540731612244,5,0.30979999999999996,0.20681199191536256,5,0.3798,0.3140536578357272,5,0.9944,0.006107372593841,5
SVM,SVM_C=1,fine_cocoa,0.6474,0.04754261246502975,5,0.35540000000000005,0.12846906242360454,5,0.3518,0.11914361082324139,5,0.8577999999999999,0.06412643760571768,5,0.37560000000000004,0.1403150027616434,5,0.4662,0.21541401997084594,5,0.30619999999999997,0.09646087289673466,5,0.9885999999999999,0.010139033484509256,5
SVM,SVM_C=1,fine_coconut,0.7116,0.06791391609972142,5,0.379,0.14172332200453105,5,0.38380000000000003,0.14309157906739303,5,0.9132,0.03281310713724013,5,0.3216,0.12571714282467605,5,0.3618,0.1664547986691883,5,0.4408,0.13176380383094594,5,0.9823999999999999,0.011760102040373666,5
SVM,SVM_C=1,fine_coffee,0.6732,0.09502736447992229,5,0.2898,0.09221550845709198,5,0.2958,0.08135846606223594,5,0.9346,0.01657709262808166,5,0.34900000000000003,0.07462238270117083,5,0.27,0.05568213357981175,5,0.3692,0.2050346312211671,5,0.977,0.01518222645068898,5
SVM,SVM_C=1,fine_cognac,0.7582,0.07648006276148052,5,0.41459999999999997,0.09311981529191306,5,0.4162,0.08671043766467797,5,0.9442,0.017866169147301814,5,0.3362,0.09992847442045737,5,0.3522,0.08704136947452057,5,0.5408000000000001,0.1562712385565559,5,0.9753999999999999,0.012054044964243333,5
SVM,SVM_C=1,fine_cooked,0.6938000000000001,0.04489654775146969,5,0.20460000000000003,0.03012142094921818,5,0.1868,0.021718655575334308,5,0.7944,0.04534644418253759,5,0.1212,0.031115912327939223,5,0.1204,0.01925616784305745,5,0.4484,0.10278278065901893,5,0.9390000000000001,0.020579115627256603,5
SVM,SVM_C=1,fine_cooling,0.7030000000000001,0.09319334740205448,5,0.2536,0.05538772427171925,5,0.23700000000000002,0.0426790346657466,5,0.8684000000000001,0.04693932253452326,5,0.24699999999999997,0.0880851860416949,5,0.182,0.03221024681681282,5,0.442,0.2080624906127964,5,0.9640000000000001,0.022000000000000023,5
SVM,SVM_C=1,fine_cortex,0.5298,0.049256471656016966,5,0.0258,0.04674612283387789,5,0.026000000000000002,0.03830796261875591,5,0.7198,0.061961278230843506,5,0.0922,0.09748179317185339,5,0.0156,0.022984777571253542,5,0.0786,0.11408242634165877,5,0.9814,0.018501351301999553,5
SVM,SVM_C=1,fine_coumarinic,0.6578,0.04034476422040411,5,0.34740000000000004,0.030484422251372927,5,0.3426,0.034753417098179,5,0.9094,0.025284382531515364,5,0.3276,0.10487754764486057,5,0.41319999999999996,0.12173208287053991,5,0.3228,0.08447899147125279,5,0.9934,0.004878524367060193,5
SVM,SVM_C=1,fine_creamy,0.6182,0.04783513353174631,5,0.22139999999999999,0.06170332243890923,5,0.24700000000000003,0.05964897316802696,5,0.7747999999999999,0.04435312841277378,5,0.229,0.07520638270785267,5,0.24500000000000002,0.07138627319029898,5,0.2714,0.11239795371802816,5,0.9646000000000001,0.020947553556441807,5
SVM,SVM_C=1,fine_cucumber,0.7302,0.08383137837349447,5,0.3702,0.0960348894933503,5,0.36360000000000003,0.09134166628653104,5,0.9571999999999999,0.028208154849263024,5,0.35300000000000004,0.13008458786497346,5,0.3126,0.07692723834897493,5,0.4702,0.1710283602213387,5,0.99,0.005522680508593606,5
SVM,SVM_C=1,fine_dairy,0.6674,0.07381937415069302,5,0.256,0.06408197874597817,5,0.2636,0.05083601085844561,5,0.834,0.07879403530724897,5,0.21400000000000002,0.052134441590948294,5,0.22119999999999998,0.05334041619635151,5,0.3698,0.1613000309981371,5,0.9658,0.015974980438172703,5
SVM,SVM_C=1,fine_dry,0.5886,0.06298650649147011,5,0.087,0.045232731511594564,5,0.11040000000000001,0.02438852189043035,5,0.6722,0.06092782615521419,5,0.0856,0.01422322045107928,5,0.0726,0.013575713609236161,5,0.316,0.17246014032233653,5,0.8608,0.06040447003326827,5
SVM,SVM_C=1,fine_earthy,0.6527999999999999,0.046359465052996464,5,0.24459999999999998,0.0460358555910499,5,0.2904,0.04612808255282242,5,0.7602,0.030946728421595765,5,0.25739999999999996,0.04198571185534431,5,0.24900000000000003,0.05654644109048774,5,0.40540000000000004,0.14616360696151423,5,0.9004,0.06587336335727821,5
SVM,SVM_C=1,fine_ethereal,0.7356,0.029177045772319055,5,0.5038,0.053288835603717194,5,0.5266,0.05042618367475375,5,0.909,0.015215124054702938,5,0.5624,0.06575180605884529,5,0.5728,0.08260568987666647,5,0.4946,0.06258833757178728,5,0.9766,0.0092897793299949,5
SVM,SVM_C=1,fine_fatty,0.781,0.03257299494980464,5,0.5174000000000001,0.01092245393673055,5,0.5744,0.0077974354758472,5,0.8652,0.017626684316683034,5,0.5612,0.041966653428644966,5,0.529,0.052335456432518086,5,0.644,0.09598176910226235,5,0.9182,0.03145155004129367,5
SVM,SVM_C=1,fine_fermented,0.674,0.07344725998973684,5,0.27599999999999997,0.03518522417151834,5,0.27959999999999996,0.04083258502715691,5,0.8725999999999999,0.014876155417311332,5,0.279,0.06129845022510764,5,0.26399999999999996,0.08002812005788965,5,0.3876,0.17439122684355426,5,0.9602,0.02924380276229477,5
SVM,SVM_C=1,fine_fishy,0.6748000000000001,0.03796972478172574,5,0.3488,0.032429924452579306,5,0.35619999999999996,0.03439040563878246,5,0.9048,0.037505999520076765,5,0.3162,0.08639849535726882,5,0.363,0.02558319761093207,5,0.36,0.07862569554541315,5,0.99,0.0027386127875258684,5
SVM,SVM_C=1,fine_floral,0.7794000000000001,0.014741099009232652,5,0.515,0.03446012188022556,5,0.6292,0.025459772190654043,5,0.8618,0.018019433953373794,5,0.6226,0.040967059938443254,5,0.5608,0.05120253899954571,5,0.7228,0.04628930762065902,5,0.836,0.041273478166977885,5
SVM,SVM_C=1,fine_fresh,0.6484,0.03742726279064504,5,0.24,0.022989127865145294,5,0.3246,0.023125743231299612,5,0.757,0.011269427669584695,5,0.2638,0.01327403480483609,5,0.2706,0.03476780119593415,5,0.44539999999999996,0.13556105635469207,5,0.851,0.06214096877262214,5
SVM,SVM_C=1,fine_fruit skin,0.5296000000000001,0.037266607036326754,5,0.054000000000000006,0.06998214057886483,5,0.0576,0.0620185456133889,5,0.7396,0.07978909699952742,5,0.09759999999999999,0.0820445001203615,5,0.06939999999999999,0.10448349151899548,5,0.0786,0.07835049457406124,5,0.9808,0.016254230218623093,5
SVM,SVM_C=1,fine_fruity,0.777,0.008514693182963213,5,0.5534000000000001,0.01510959959760679,5,0.7247999999999999,0.011606032913963341,5,0.8554,0.007700649323271385,5,0.7996000000000001,0.006066300355241224,5,0.721,0.010000000000000028,5,0.729,0.023420076857260764,5,0.8251999999999999,0.01591225942473288,5
SVM,SVM_C=1,fine_garlic,0.7652,0.09837530177844431,5,0.5154,0.07751322467811543,5,0.5034000000000001,0.08440556853667892,5,0.9682000000000001,0.021111608181282614,5,0.5426,0.10370053037472857,5,0.5582,0.1802115423606379,5,0.5452,0.20636787540700222,5,0.9853999999999999,0.011781341180018482,5
SVM,SVM_C=1,fine_gassy,0.6308,0.13081551895704116,5,0.1968,0.165988553822244,5,0.1822,0.16097422153872962,5,0.9501999999999999,0.04749421017345165,5,0.2598,0.23355770164993492,5,0.18860000000000002,0.18341564818738884,5,0.2728,0.2706033998308225,5,0.9896,0.01262141038077761,5
SVM,SVM_C=1,fine_geranium,0.6517999999999999,0.09117126740371662,5,0.2506,0.08133756819576055,5,0.24780000000000002,0.0692906920155947,5,0.8784000000000001,0.056438462062674936,5,0.1978,0.06258753869581389,5,0.23159999999999997,0.06573659559180109,5,0.3168,0.18896878049032334,5,0.9869999999999999,0.007449832212875711,5
SVM,SVM_C=1,fine_grape,0.631,0.0641677489086223,5,0.28500000000000003,0.0470584742634098,5,0.2596,0.06004415042283469,5,0.8333999999999999,0.05737856742721972,5,0.2794,0.06298650649147004,5,0.409,0.2343181597742693,5,0.2784,0.1460660809359928,5,0.9843999999999999,0.01934683436637635,5
SVM,SVM_C=1,fine_grapefruit,0.6874,0.04527471700629389,5,0.3778,0.07264778042032666,5,0.3722,0.05687442307399699,5,0.8934,0.05588649210676943,5,0.37360000000000004,0.12867905812524433,5,0.422,0.21801032085660535,5,0.3856,0.09580344461448136,5,0.9896,0.005983310120660665,5
SVM,SVM_C=1,fine_grassy,0.554,0.06896013341054383,5,0.0714,0.09325127344974973,5,0.078,0.08988603896045258,5,0.7806,0.053798698869024726,5,0.0994,0.06902390890119163,5,0.05620000000000001,0.06513217330935611,5,0.1288,0.14654930910789035,5,0.9789999999999999,0.01587450786638756,5
SVM,SVM_C=1,fine_green,0.7242,0.014669696656713818,5,0.4304,0.037058062550543565,5,0.606,0.022594247055390034,5,0.8096,0.020255863348670144,5,0.6498,0.0347303901504144,5,0.5549999999999999,0.06313873612925747,5,0.6838,0.09647901326195242,5,0.7644,0.08967050797224248,5
SVM,SVM_C=1,fine_hawthorn,0.5922,0.14381133474104185,5,0.136,0.19608671551127577,5,0.1322,0.18373676823107563,5,0.9221999999999999,0.073638984240686,5,0.2004,0.17696553336737636,5,0.10939999999999998,0.1500626535817623,5,0.19060000000000002,0.29370188967727123,5,0.9942,0.0064187226143525,5
SVM,SVM_C=1,fine_hay,0.5916,0.06280764284702942,5,0.10800000000000001,0.07396958834548155,5,0.10900000000000001,0.06776798654231952,5,0.78,0.10026714317262662,5,0.0994,0.026670208098175763,5,0.07680000000000001,0.049816663878666144,5,0.2172,0.1426874206088259,5,0.9667999999999999,0.023605084198112875,5
SVM,SVM_C=1,fine_hazelnut,0.7288,0.08830458651734915,5,0.3416,0.06731493147883312,5,0.32720000000000005,0.06354683312329576,5,0.8938,0.09104229786203771,5,0.3008,0.019942417105255805,5,0.2802,0.0835745176474265,5,0.4708,0.18100055248534466,5,0.9865999999999999,0.0071274118724821735,5
SVM,SVM_C=1,fine_herbal,0.6878,0.0229499455337044,5,0.3282,0.025390943267236066,5,0.43979999999999997,0.017166828478201796,5,0.7792,0.026300190113381316,5,0.41559999999999997,0.03812217202626316,5,0.37720000000000004,0.0213236957397164,5,0.5346,0.0697481182541866,5,0.8412,0.03275973137863005,5
SVM,SVM_C=1,fine_honey,0.6606,0.06376754660483655,5,0.3524,0.1611251066718033,5,0.3672,0.15203354892917548,5,0.8470000000000001,0.04134610017885604,5,0.3478,0.14927558407187694,5,0.4128,0.20543295743380616,5,0.3384,0.12331382728631857,5,0.9827999999999999,0.008613942186943207,5
SVM,SVM_C=1,fine_hyacinth,0.6364,0.04624716207509391,5,0.2254,0.08484279580494739,5,0.22479999999999997,0.09008440486565918,5,0.8436,0.05940370358824439,5,0.1482,0.06678472879334017,5,0.2092,0.11142576003779378,5,0.28759999999999997,0.09581649127368419,5,0.9853999999999999,0.008532291603080623,5
SVM,SVM_C=1,fine_jasmin,0.6826,0.07164705157925204,5,0.3936,0.05468820713828533,5,0.3746,0.09406008717835634,5,0.8699999999999999,0.05331510105026527,5,0.359,0.08325563044022909,5,0.5218,0.2833323137236556,5,0.3766,0.14970237139070308,5,0.9882,0.009038805230781355,5
SVM,SVM_C=1,fine_juicy,0.619,0.08222834061319735,5,0.1326,0.09165042280317097,5,0.124,0.08405652859831889,5,0.8488,0.04453313373208764,5,0.079,0.04331858723458095,5,0.0858,0.06576625274409362,5,0.2676,0.1763981292417808,5,0.9705999999999999,0.014859340496805365,5
SVM,SVM_C=1,fine_ketonic,0.7832,0.051833386923873674,5,0.4944,0.0927000539374169,5,0.4948,0.09200108695010076,5,0.9385999999999999,0.03775976694843337,5,0.4424,0.07966052974968221,5,0.4368,0.08788458340346163,5,0.5736000000000001,0.10348574781099089,5,0.993,0.0007071067811865482,5
SVM,SVM_C=1,fine_lactonic,0.7388,0.0582254240001736,5,0.3734,0.06844925127421046,5,0.37039999999999995,0.06325582977085983,5,0.8937999999999999,0.062363450834603464,5,0.3196,0.08882173157510496,5,0.30179999999999996,0.0592933385803161,5,0.49400000000000005,0.11940058626321737,5,0.9843999999999999,0.005683308895353107,5
SVM,SVM_C=1,fine_lavender,0.6315999999999999,0.06806467512594178,5,0.2476,0.13665760132535623,5,0.2406,0.14373691244770775,5,0.8388,0.0837090198246282,5,0.18680000000000002,0.09353983108815198,5,0.27199999999999996,0.16429090053925688,5,0.2738,0.1358793582557704,5,0.9896,0.011502173707608499,5
SVM,SVM_C=1,fine_leafy,0.5944,0.029871390995398886,5,0.13520000000000001,0.03246074552440224,5,0.155,0.03474910070778811,5,0.7056,0.04052530073916785,5,0.11280000000000001,0.0339587985653203,5,0.1282,0.04859218044088986,5,0.25179999999999997,0.10450693756875665,5,0.9369999999999999,0.05067050424063297,5
SVM,SVM_C=1,fine_leathery,0.6456,0.07535449555268746,5,0.2232,0.11706493924313975,5,0.21760000000000002,0.11940393628352461,5,0.8144,0.03982838184008984,5,0.183,0.05590617139457861,5,0.198,0.13491849391391825,5,0.3074,0.1554454888377273,5,0.9833999999999999,0.011148990985734962,5
SVM,SVM_C=1,fine_lemon,0.6626000000000001,0.04076518122123342,5,0.2902,0.06465833279632255,5,0.29359999999999997,0.06915417557891933,5,0.8625999999999999,0.05009790414777852,5,0.253,0.08140945890988344,5,0.2842,0.10564894698954648,5,0.3424,0.08898763959112525,5,0.983,0.010862780491200224,5
SVM,SVM_C=1,fine_lily,0.6098,0.08855055053470869,5,0.21799999999999997,0.09110433579144298,5,0.20939999999999998,0.07706036594774256,5,0.8507999999999999,0.0393916234750486,5,0.1752,0.07619186308261532,5,0.2648,0.14369307568564327,5,0.23200000000000004,0.19084417727559835,5,0.9879999999999999,0.014628738838327793,5
SVM,SVM_C=1,fine_malty,0.6994,0.06388505302494474,5,0.515,0.15440207252495025,5,0.4622,0.16349525987012586,5,0.945,0.02730384588295207,5,0.5974,0.06934551175094177,5,0.7686,0.36129461662194745,5,0.4022,0.13071036684211393,5,0.9970000000000001,0.006164414002968989,5
SVM,SVM_C=1,fine_meaty,0.795,0.07555461600723015,5,0.48460000000000003,0.06790655343926683,5,0.504,0.062277604321296746,5,0.9318,0.014342245291445802,5,0.4972,0.05756908892800023,5,0.4288,0.02450918195289267,5,0.646,0.1681695572926325,5,0.9442,0.017935997323817815,5
SVM,SVM_C=1,fine_medicinal,0.6388,0.07198402600577436,5,0.2596,0.06507149913748722,5,0.2632,0.05856364059721698,5,0.8754,0.03244687966507724,5,0.273,0.047513156072818384,5,0.265,0.030594117081556713,5,0.28900000000000003,0.14886235252742716,5,0.9888,0.00576194411635518,5
SVM,SVM_C=1,fine_melon,0.663,0.07266704892865818,5,0.3078,0.07512123534660489,5,0.314,0.07912332146718817,5,0.8638,0.03169700301290331,5,0.282,0.0595105032746321,5,0.329,0.08495587089777845,5,0.3484,0.1585096211590956,5,0.9783999999999999,0.015501612819316586,5
SVM,SVM_C=1,fine_metallic,0.647,0.06850912348001545,5,0.1472,0.04879754092164892,5,0.1462,0.03573793502708291,5,0.7498,0.0622028938233584,5,0.13820000000000002,0.03725855606434582,5,0.1,0.0457001094090594,5,0.40780000000000005,0.16590117540270774,5,0.8859999999999999,0.04868264577855234,5
SVM,SVM_C=1,fine_milky,0.5848000000000001,0.06258354416298265,5,0.144,0.029908192857476368,5,0.1364,0.030980639115421742,5,0.7952,0.02776148411018399,5,0.12940000000000002,0.035725341146026865,5,0.1814,0.08799318155402724,5,0.19619999999999999,0.15688116521749831,5,0.974,0.032140317359976356,5
SVM,SVM_C=1,fine_mint,0.7322,0.05657472934093455,5,0.4286,0.048319768211364585,5,0.4478,0.049246319659442574,5,0.874,0.012668859459319906,5,0.4404,0.0795883157253626,5,0.4306,0.06825173990456215,5,0.4986,0.1289391329271296,5,0.9658,0.019791412279066865,5
SVM,SVM_C=1,fine_muguet,0.6878,0.11773359758369738,5,0.3018,0.15749507928821138,5,0.2952,0.14988061916071738,5,0.916,0.038059164467970086,5,0.23759999999999998,0.16161157136789434,5,0.2682,0.17151880363388733,5,0.3902,0.2439768431634445,5,0.9862,0.012153188881935445,5
SVM,SVM_C=1,fine_mushroom,0.6326,0.09805763611264552,5,0.24900000000000003,0.0990706818387761,5,0.24500000000000002,0.10734290847559518,5,0.8842000000000001,0.03823872382807775,5,0.23420000000000002,0.06751073988633219,5,0.2876,0.05072277594927155,5,0.2808,0.20717552944303053,5,0.9843999999999999,0.012259690045021554,5
SVM,SVM_C=1,fine_musk,0.736,0.10374246960623211,5,0.567,0.11260772620029234,5,0.5474,0.13268496523721143,5,0.8804000000000001,0.04165093036175787,5,0.5654,0.11411091095946961,5,0.7272000000000001,0.09114658523499383,5,0.47620000000000007,0.21110471335334985,5,0.9960000000000001,0.003162277660168395,5
SVM,SVM_C=1,fine_musty,0.5528000000000001,0.04629470812090728,5,0.0984,0.042152105522737536,5,0.1142,0.058439712524960274,5,0.7482,0.02559687480924189,5,0.1436,0.0249559612117025,5,0.15460000000000002,0.040128543457244994,5,0.1436,0.13059977029076275,5,0.9620000000000001,0.03858108344772083,5
SVM,SVM_C=1,fine_natural,0.5128,0.01803330252615978,5,0.0186,0.02553037406698147,5,0.0254,0.03492563528412905,5,0.724,0.07041306696913578,5,0.05960000000000001,0.019475625792256333,5,0.0196,0.026847718711279736,5,0.0378,0.0543617512595023,5,0.9879999999999999,0.018179658962697843,5
SVM,SVM_C=1,fine_nutty,0.7276,0.02236738697300155,5,0.43979999999999997,0.020849460424672884,5,0.4806,0.018514858897652968,5,0.8423999999999999,0.011282730166054708,5,0.44079999999999997,0.046964880495962084,5,0.4664,0.04595976501245409,5,0.5028,0.05557607398872288,5,0.9532,0.01255786606076049,5
SVM,SVM_C=1,fine_odorless,0.8864000000000001,0.036080465628924495,5,0.6552,0.088315910231396,5,0.6592,0.09014266470434519,5,0.9650000000000001,0.025758493744782496,5,0.6462,0.08043133717650107,5,0.5668,0.11207675941068244,5,0.8,0.06846531968814579,5,0.9728,0.011691877522451224,5
SVM,SVM_C=1,fine_oily,0.6988000000000001,0.024263140769488167,5,0.3564,0.03211385993617087,5,0.40659999999999996,0.029728773940409986,5,0.8096,0.019112822920751362,5,0.3372,0.03429577233421052,5,0.36960000000000004,0.05889651942177907,5,0.4704,0.07545727267798644,5,0.9269999999999999,0.03634556369077247,5
SVM,SVM_C=1,fine_onion,0.8192,0.061900726974729495,5,0.5078,0.04271065440847286,5,0.5096,0.041088927949022955,5,0.9686,0.012481987021303945,5,0.5402,0.07808777112967176,5,0.42400000000000004,0.058970331523572075,5,0.6746000000000001,0.1365679318141708,5,0.9642,0.01395349418604531,5
SVM,SVM_C=1,fine_orange,0.6864,0.07073754307296796,5,0.264,0.04035467754796215,5,0.2602,0.02768031791724942,5,0.9024000000000001,0.02462315982972132,5,0.2318,0.02229798197146998,5,0.21139999999999998,0.049353824573177704,5,0.40599999999999997,0.15792878141744776,5,0.9673999999999999,0.017343586710943062,5
SVM,SVM_C=1,fine_orangeflower,0.6754,0.1347193378843587,5,0.33680000000000004,0.2339715794706699,5,0.33680000000000004,0.2304228721286149,5,0.9094,0.06379106520508966,5,0.3156,0.17094092546842027,5,0.3348,0.2231898295173864,5,0.3538,0.27115346208374325,5,0.9964000000000001,0.002073644135332779,5
SVM,SVM_C=1,fine_orris,0.6424,0.06597575312188565,5,0.1936,0.089740180521325,5,0.1754,0.0785958014145794,5,0.8710000000000001,0.05575392362874558,5,0.1628,0.08876767429644646,5,0.18080000000000002,0.18434261580003683,5,0.3168,0.1373579266005424,5,0.968,0.017392527130926146,5
SVM,SVM_C=1,fine_ozone,0.6264000000000001,0.09595207136899128,5,0.221,0.15340632320735675,5,0.20380000000000004,0.14759471535254914,5,0.8748000000000001,0.07189714876126868,5,0.1998,0.07484450547635411,5,0.246,0.23668016393436944,5,0.2642,0.2041083045836205,5,0.9888,0.01495660389259542,5
SVM,SVM_C=1,fine_peach,0.6616,0.05774339789101437,5,0.25620000000000004,0.05259942965470254,5,0.2606,0.04676323342113975,5,0.8480000000000001,0.025641762809916202,5,0.2182,0.05437554597427045,5,0.22560000000000002,0.05955501658130907,5,0.3482,0.12432095559478298,5,0.9751999999999998,0.011366617790706265,5
SVM,SVM_C=1,fine_pear,0.7156,0.05181505572707609,5,0.35,0.06158733636065129,5,0.3588,0.05792840408642376,5,0.9004,0.028058866691297424,5,0.293,0.07160656394493453,5,0.305,0.0768374908491942,5,0.4606,0.11117013987577776,5,0.9704,0.009889388252060932,5
SVM,SVM_C=1,fine_phenolic,0.693,0.08599127862754449,5,0.45439999999999997,0.10310577093451172,5,0.4526,0.11510994744156565,5,0.9012,0.03882911278924613,5,0.511,0.12574378712286347,5,0.5774,0.06290707432395817,5,0.3972,0.17660039637554611,5,0.9892,0.005403702434442516,5
SVM,SVM_C=1,fine_pine,0.7534,0.02484552273549506,5,0.488,0.03859404099080584,5,0.4948,0.03834970664816097,5,0.9436,0.041046315303568955,5,0.45280000000000004,0.10129511340632381,5,0.4808,0.06135715117245908,5,0.5146,0.04984776825495799,5,0.9916,0.0011401754250991018,5
SVM,SVM_C=1,fine_pineapple,0.7572,0.06796101823839899,5,0.4034,0.05794221259151225,5,0.41479999999999995,0.048313559173383196,5,0.9156000000000001,0.026585710447531736,5,0.4354,0.09820539700036857,5,0.3444,0.07388707600115191,5,0.564,0.15468354792931277,5,0.9501999999999999,0.021580083410404134,5
SVM,SVM_C=1,fine_plum,0.5884,0.061117100716575196,5,0.159,0.14349390230947096,5,0.1646,0.14293809849022057,5,0.8042,0.016300306745579966,5,0.13779999999999998,0.0887986486383661,5,0.1628,0.17310892524650484,5,0.1936,0.12555994584261335,5,0.9836,0.016318700928689162,5
SVM,SVM_C=1,fine_popcorn,0.7756000000000001,0.08942762436741794,5,0.479,0.14681961721786363,5,0.47640000000000005,0.14429241144287527,5,0.9853999999999999,0.009343446901438455,5,0.5176000000000001,0.2044389884537683,5,0.4244,0.13827074889505733,5,0.5572,0.1776322042873983,5,0.9942,0.0025884358211089435,5
SVM,SVM_C=1,fine_potato,0.6836,0.12943840233871864,5,0.2538,0.15863227918680362,5,0.23820000000000002,0.1537032855862229,5,0.9308,0.034866889737973465,5,0.2976,0.1241221172877743,5,0.2064,0.15634033388732416,5,0.3832,0.2692873929466435,5,0.984,0.014159802258506321,5
SVM,SVM_C=1,fine_powdery,0.631,0.08889881888979181,5,0.1964,0.11994915589532092,5,0.2124,0.12186590991741703,5,0.8198000000000001,0.04017088497904915,5,0.2002,0.06900507227733335,5,0.1802,0.07551622342252028,5,0.3108,0.19995299447620185,5,0.9516,0.03159588580812379,5
SVM,SVM_C=1,fine_pungent,0.6978,0.050176687814163276,5,0.3196,0.05401203569575951,5,0.3376,0.05656677470034861,5,0.8686,0.023681216184985112,5,0.2566,0.03393081195609677,5,0.2934,0.09487254608157199,5,0.44860000000000005,0.13302744077820938,5,0.9474,0.036678331477863084,5
SVM,SVM_C=1,fine_radish,0.6839999999999999,0.06099590150165831,5,0.4164,0.14025262920886725,5,0.3976,0.1313461076697745,5,0.885,0.041249242417285684,5,0.3448,0.10187099685386417,5,0.5252,0.28570736777339156,5,0.374,0.12488594796853648,5,0.994,0.006595452979136436,5
SVM,SVM_C=1,fine_raspberry,0.5591999999999999,0.06275906309052107,5,0.09659999999999999,0.09671763024392192,5,0.1004,0.09356708823085177,5,0.759,0.0950710260805047,5,0.0796,0.05762638284674824,5,0.09040000000000001,0.09363920119266289,5,0.1306,0.12688892780696037,5,0.9884000000000001,0.007469939758793255,5
SVM,SVM_C=1,fine_ripe,0.6098,0.07102605155856549,5,0.15360000000000001,0.1100604379420689,5,0.1584,0.11022386311502605,5,0.8362,0.05982641557038164,5,0.12719999999999998,0.0329802971484491,5,0.1272,0.09718899114611697,5,0.25060000000000004,0.16002593539798476,5,0.9692000000000001,0.031379929891572365,5
SVM,SVM_C=1,fine_roasted,0.8154,0.05919712830872793,5,0.4976,0.04416786161905513,5,0.5152,0.03381863391682168,5,0.9324,0.013483323032546497,5,0.515,0.057497826045860234,5,0.41900000000000004,0.04106701839676216,5,0.6950000000000001,0.13522019080004286,5,0.9352,0.021323695739716347,5
SVM,SVM_C=1,fine_rose,0.713,0.07139677863881537,5,0.41200000000000003,0.10291501348199883,5,0.4434,0.10180520615371298,5,0.8914,0.020069877926883365,5,0.4766,0.08495469380793509,5,0.4476,0.1103077513142209,5,0.47139999999999993,0.16246476541084223,5,0.9545999999999999,0.030369392486515073,5
SVM,SVM_C=1,fine_rummy,0.5938,0.06446084082603946,5,0.21600000000000003,0.089509776002401,5,0.20600000000000002,0.07802884082183971,5,0.8492000000000001,0.04034476422040415,5,0.1994,0.08817199101755613,5,0.3118,0.21371289151569683,5,0.1996,0.13901726511480508,5,0.9879999999999999,0.011247221879201996,5
SVM,SVM_C=1,fine_sandalwood,0.708,0.12337139052470791,5,0.3982,0.1712912723988003,5,0.3848,0.17961263875351313,5,0.9481999999999999,0.04965581536940061,5,0.5286,0.20248654276272288,5,0.42279999999999995,0.16225504614649125,5,0.42119999999999996,0.24860651640695183,5,0.9954000000000001,0.003507135583350038,5
SVM,SVM_C=1,fine_savory,0.7558,0.03622430123549662,5,0.3044,0.029938269823087633,5,0.288,0.04029267923581154,5,0.8872,0.02225308967312181,5,0.21200000000000002,0.06371028174478591,5,0.19619999999999999,0.04064726313049871,5,0.5791999999999999,0.09512728315262663,5,0.9326000000000001,0.028693204770467818,5
SVM,SVM_C=1,fine_sharp,0.6726,0.07718354746965184,5,0.19419999999999998,0.05229435916042953,5,0.184,0.04388051959582976,5,0.8064,0.0896955963244573,5,0.14300000000000002,0.038548670534792766,5,0.1332,0.04080073528749207,5,0.4098,0.19046311978963282,5,0.9349999999999999,0.04098170323449238,5
SVM,SVM_C=1,fine_smoky,0.7062,0.04097194161862482,5,0.43,0.05909314681077664,5,0.42519999999999997,0.045350854457220535,5,0.9202,0.031799371062962836,5,0.386,0.08795169128561428,5,0.4824,0.19163193888284907,5,0.4218,0.08837533592581134,5,0.991,0.007348469228349535,5
SVM,SVM_C=1,fine_soapy,0.5751999999999999,0.08609703827658652,5,0.11839999999999999,0.1367234434908659,5,0.1236,0.13197461877194416,5,0.8148,0.06213050780413761,5,0.1176,0.10111033577236306,5,0.1048,0.11989453698980618,5,0.16540000000000002,0.17425498558147484,5,0.9856,0.0081424811943289,5
SVM,SVM_C=1,fine_solvent,0.6843999999999999,0.1442057557797191,5,0.31399999999999995,0.11127668219353057,5,0.3056,0.08271215146518678,5,0.9276,0.037786240882098816,5,0.3134,0.1324624475087185,5,0.30179999999999996,0.01849864859928964,5,0.3788,0.29514013620651464,5,0.9902,0.0069065186599327885,5
SVM,SVM_C=1,fine_sour,0.6302,0.029414282245195128,5,0.3792,0.05026629089161046,5,0.3428,0.0186735106501161,5,0.8612,0.036065218701679926,5,0.3408,0.045958677091491665,5,0.6124,0.2667748114046751,5,0.2648,0.06271921555631893,5,0.9960000000000001,0.0043011626335213195,5
SVM,SVM_C=1,fine_spicy,0.6862,0.02715142721847229,5,0.30700000000000005,0.03720886991027812,5,0.3724,0.0328527015631896,5,0.807,0.006964194138592036,5,0.3814,0.051149780058178156,5,0.313,0.06836665854054885,5,0.4972,0.11056988740158868,5,0.876,0.0653337585020179,5
SVM,SVM_C=1,fine_strawberry,0.5357999999999999,0.0599808302710124,5,0.029400000000000003,0.052137318688248634,5,0.029200000000000004,0.040288956303185616,5,0.7926,0.13180971132659383,5,0.0842,0.0920717111820998,5,0.0172,0.023721298446754555,5,0.0972,0.13652545550189532,5,0.9747999999999999,0.02309112383579459,5
SVM,SVM_C=1,fine_sulfurous,0.9057999999999999,0.033101359488697746,5,0.7156,0.030696905381487553,5,0.733,0.02529822128134704,5,0.9768000000000001,0.0021679483388678603,5,0.7184,0.033612497675715766,5,0.6462,0.04421198932416409,5,0.8535999999999999,0.07264158588577206,5,0.9583999999999999,0.009581231653602779,5
SVM,SVM_C=1,fine_sweaty,0.6060000000000001,0.07700973964376195,5,0.20919999999999997,0.22073785357296558,5,0.19119999999999998,0.18803377356209175,5,0.841,0.10530194680061716,5,0.1984,0.1335844302304726,5,0.26959999999999995,0.4119979368880383,5,0.22200000000000003,0.15697770542341355,5,0.9896,0.00850294066779254,5
SVM,SVM_C=1,fine_sweet,0.6826,0.016979399282660103,5,0.34059999999999996,0.02274423003752819,5,0.5496000000000001,0.02329806858947749,5,0.7512000000000001,0.014754660280738439,5,0.5418000000000001,0.021856349191939687,5,0.47759999999999997,0.022029525641738146,5,0.6586000000000001,0.10067422708916121,5,0.7068,0.0719214849679844,5
SVM,SVM_C=1,fine_tea,0.508,0.017888543819998326,5,0.024399999999999998,0.05456005865099487,5,0.0236,0.05277120426899503,5,0.6542,0.08594300436917479,5,0.0508,0.028367234620244534,5,0.04,0.0894427190999916,5,0.0166,0.03711872842649651,5,0.9992000000000001,0.0017888543819998273,5
SVM,SVM_C=1,fine_terpenic,0.6924,0.15025744573897162,5,0.3454,0.13170345477625103,5,0.3282,0.12068844186582244,5,0.9338,0.051736834073994126,5,0.297,0.06445541094431094,5,0.3618,0.09154889404028865,5,0.39160000000000006,0.3062299789373993,5,0.9932000000000001,0.006016643582596531,5
SVM,SVM_C=1,fine_tobacco,0.6961999999999999,0.054237440942581365,5,0.28819999999999996,0.06152397906507672,5,0.2842,0.07021894331304053,5,0.8379999999999999,0.01798610574860496,5,0.2346,0.13076237991104323,5,0.24380000000000002,0.12267925660029082,5,0.43019999999999997,0.1370116783343668,5,0.9620000000000001,0.03130495168499701,5
SVM,SVM_C=1,fine_tomato,0.6014,0.07632692840669013,5,0.1384,0.12331788191499236,5,0.1328,0.12279128633579828,5,0.89,0.05597767412102793,5,0.2082,0.11280159573339378,5,0.1042,0.11348656308127406,5,0.2166,0.15415998183705135,5,0.9864,0.011802542099056469,5
SVM,SVM_C=1,fine_tropical,0.705,0.0317175030543074,5,0.33540000000000003,0.04827318096003204,5,0.3866,0.04459035770208621,5,0.8215999999999999,0.00976217188949262,5,0.3568,0.03225213171249303,5,0.322,0.06286493458200684,5,0.5048,0.08617830353401021,5,0.9046,0.039702644748177675,5
SVM,SVM_C=1,fine_vanilla,0.7375999999999999,0.046854028642156306,5,0.47379999999999994,0.041445144468320996,5,0.48019999999999996,0.037989472225868064,5,0.9054,0.027051802158081836,5,0.557,0.05055689863905812,5,0.49380000000000007,0.08815157400750143,5,0.48740000000000006,0.09741047171634062,5,0.9879999999999999,0.00494974746830584,5
SVM,SVM_C=1,fine_vegetable,0.7268,0.0389191469587914,5,0.363,0.034604912945996574,5,0.3956,0.02653865105840911,5,0.8554,0.03473902704452156,5,0.3258,0.046202813767128946,5,0.323,0.018801595676963167,5,0.52,0.09074690077352508,5,0.9328,0.015270887335056785,5
SVM,SVM_C=1,fine_vetiver,0.6364,0.06206287134833512,5,0.253,0.056484511151288185,5,0.2466,0.06004831388140719,5,0.9116,0.04603585559104989,5,0.27759999999999996,0.08987380040924052,5,0.26339999999999997,0.08125453833479089,5,0.2808,0.12832653661655488,5,0.9928000000000001,0.006300793600809334,5
SVM,SVM_C=1,fine_violet,0.6842,0.05980551814005125,5,0.3896,0.12005956854828359,5,0.387,0.11645600027478192,5,0.8954000000000001,0.04284040149204954,5,0.4112,0.10565367953838618,5,0.43899999999999995,0.18654356059644625,5,0.3752,0.12012368625712416,5,0.9932000000000001,0.0033466401061362705,5
SVM,SVM_C=1,fine_warm,0.5422,0.03387772129290869,5,0.0588,0.048012498372819554,5,0.0736,0.05268586148104632,5,0.6205999999999999,0.05934475545488408,5,0.054200000000000005,0.022072607458114228,5,0.054200000000000005,0.039512023486528755,5,0.1156,0.08076385330084244,5,0.969,0.018234582528810495,5
SVM,SVM_C=1,fine_waxy,0.7584,0.05735241930380966,5,0.4646,0.0583206652911299,5,0.5138,0.05250428553937285,5,0.8897999999999999,0.012891857895586677,5,0.4932,0.035195170123185994,5,0.46880000000000005,0.05600178568581542,5,0.5928,0.14225751298261896,5,0.9238,0.03325206760488735,5
SVM,SVM_C=1,fine_weedy,0.5,0.0,5,0.0,0.0,5,0.0,0.0,5,0.583,0.20896411175127655,5,0.0536,0.05895167512463069,5,0.0,0.0,5,0.0,0.0,5,1.0,0.0,5
SVM,SVM_C=1,fine_winey,0.6914,0.0700449855450053,5,0.3326,0.09165860570617469,5,0.3566,0.0901127072060317,5,0.8952,0.017810109488714553,5,0.3028,0.06956795239188804,5,0.323,0.06874590896918883,5,0.4244,0.14985926731437066,5,0.9587999999999999,0.015319921670818097,5
SVM,SVM_C=1,fine_woody,0.7642,0.044302370139756624,5,0.485,0.03696620077854905,5,0.554,0.03274904578762561,5,0.8488,0.01482228052628882,5,0.532,0.035580893749314405,5,0.509,0.04221966366516911,5,0.6266,0.12235726378110949,5,0.9019999999999999,0.036482872693909436,5
SVM,SVM_C=10,fine_alcoholic,0.7884,0.0698197679744068,5,0.5088,0.04296161077054727,5,0.503,0.05340880077290636,5,0.9428000000000001,0.025361387974635753,5,0.5436,0.05913374671031761,5,0.4828,0.13519504428787324,5,0.5938,0.14896711046402153,5,0.9836,0.01108151614175608,5
SVM,SVM_C=10,fine_aldehydic,0.6588,0.06777683970206931,5,0.30460000000000004,0.10157657210203541,5,0.3198,0.1083683533140557,5,0.8846,0.021766947420343567,5,0.3292,0.0565305227288763,5,0.31880000000000003,0.059175163709110246,5,0.33799999999999997,0.14053469322555193,5,0.9798,0.0064575537163851756,5
SVM,SVM_C=10,fine_alliaceous,0.7876000000000001,0.06331113646113144,5,0.402,0.014000000000000014,5,0.3888,0.03871304689636298,5,0.9349999999999999,0.014882876066137172,5,0.4184,0.04219360141064044,5,0.3068,0.09486674865304495,5,0.6155999999999999,0.14806012292308823,5,0.9593999999999999,0.02093561558684148,5
SVM,SVM_C=10,fine_almond,0.6396,0.06684534389170267,5,0.297,0.08315948532789269,5,0.2948,0.08221739475317859,5,0.8824,0.027951744131628,5,0.28640000000000004,0.11373785649466057,5,0.35340000000000005,0.12681403707791974,5,0.2902,0.14029682818937853,5,0.9894000000000001,0.008018728078691762,5
SVM,SVM_C=10,fine_amber,0.6557999999999999,0.13931152141872546,5,0.2578,0.18774770304853267,5,0.24559999999999998,0.19633720992211331,5,0.8625999999999999,0.016071714283174672,5,0.3,0.12437644471522732,5,0.2862,0.18285841517414506,5,0.32599999999999996,0.2902335266643053,5,0.986,0.012509996003196801,5
SVM,SVM_C=10,fine_animal,0.6454000000000001,0.024905822612393276,5,0.3048,0.04605105861975378,5,0.3176,0.042459392364940875,5,0.7784,0.04325852517134627,5,0.22559999999999997,0.0396585425854254,5,0.3432,0.08642742620256606,5,0.3076,0.05058952460737301,5,0.9836,0.007334848328356909,5
SVM,SVM_C=10,fine_anisic,0.6828000000000001,0.09472169761992229,5,0.35019999999999996,0.16597499811718633,5,0.354,0.16541916454873057,5,0.8114000000000001,0.07876103097344526,5,0.3242,0.15318191799295372,5,0.36019999999999996,0.17917086816779118,5,0.37760000000000005,0.1933838152483294,5,0.9878,0.007328028384224507,5
SVM,SVM_C=10,fine_apple,0.7392000000000001,0.05623788758479466,5,0.43899999999999995,0.033548472394432496,5,0.4654,0.034377318103656664,5,0.9048,0.021076052761368796,5,0.46180000000000004,0.054338752286006736,5,0.4476,0.0834164252410759,5,0.5262,0.1361128208509397,5,0.9522,0.026166772823563854,5
SVM,SVM_C=10,fine_apricot,0.585,0.10455381389504637,5,0.1072,0.12307193018718768,5,0.10699999999999998,0.11305529620499871,5,0.7998,0.06515903621141123,5,0.1286,0.04114365078599614,5,0.08220000000000001,0.0772573621087337,5,0.19060000000000002,0.23042308912086046,5,0.9794,0.021042813500100264,5
SVM,SVM_C=10,fine_aromatic,0.5056,0.018889150324988162,5,0.013000000000000001,0.028142494558940575,5,0.0232,0.03177577693778706,5,0.6352,0.0877108887197023,5,0.0852,0.0539786995026742,5,0.0214,0.02991320778519081,5,0.026600000000000002,0.03717257053258491,5,0.9847999999999999,0.016300306745580032,5
SVM,SVM_C=10,fine_balsamic,0.692,0.05616048432839589,5,0.3814,0.0643645865363866,5,0.4104,0.06329533948088122,5,0.8644000000000001,0.029039628096792183,5,0.4572,0.07292598988015178,5,0.426,0.08426743143112883,5,0.4242,0.13363083476503468,5,0.9602,0.026032671779899964,5
SVM,SVM_C=10,fine_banana,0.7062,0.08317872324098273,5,0.33920000000000006,0.07148916001744601,5,0.3388,0.06748110846748148,5,0.8936,0.027437201023428035,5,0.3606,0.08072050544935902,5,0.319,0.11450327506233172,5,0.44139999999999996,0.17982852943846256,5,0.9712,0.01766918221084385,5
SVM,SVM_C=10,fine_beefy,0.6538,0.031443600302764343,5,0.207,0.08175573374387878,5,0.1984,0.08811810256695272,5,0.8946,0.023943683927081915,5,0.2052,0.07766401998351617,5,0.153,0.10136074190730848,5,0.3276,0.06265620480048245,5,0.9800000000000001,0.009300537618869129,5
SVM,SVM_C=10,fine_bergamot,0.6199999999999999,0.1257596914754485,5,0.2182,0.21395607025742455,5,0.2192,0.2117609501300936,5,0.9381999999999999,0.049625598233169935,5,0.3036,0.271938044414532,5,0.2084,0.1863204229278154,5,0.2454,0.25230001981767664,5,0.9949999999999999,0.003535533905932741,5
SVM,SVM_C=10,fine_berry,0.614,0.029757352032733053,5,0.16219999999999998,0.028604195496465187,5,0.18119999999999997,0.036533546228090144,5,0.771,0.06675327707311456,5,0.16160000000000002,0.021766947420343522,5,0.1512,0.06035478440024452,5,0.3018,0.11569442510337308,5,0.9262,0.05892113372975775,5
SVM,SVM_C=10,fine_bitter,0.5668,0.025252722625491265,5,0.2366,0.1010979722843144,5,0.1988,0.0668258931852018,5,0.7406,0.05233354564712772,5,0.2004,0.08444702481437698,5,0.46719999999999995,0.3134153793290942,5,0.13740000000000002,0.05241469259663745,5,0.9968,0.0028635642126552453,5
SVM,SVM_C=10,fine_black currant,0.5997999999999999,0.08064242059859066,5,0.2326,0.11163915083876265,5,0.2032,0.07771228989033846,5,0.8554,0.07319699447381706,5,0.279,0.10670520137275408,5,0.3688,0.35420714278512233,5,0.20600000000000002,0.16773192898193234,5,0.9942,0.006534523701081837,5
SVM,SVM_C=10,fine_brandy,0.6486,0.1170397368418094,5,0.182,0.09843779761859771,5,0.1688,0.07156605340522837,5,0.8118000000000001,0.13420208642193307,5,0.144,0.09590620417887469,5,0.1252,0.033692729185983136,5,0.312,0.2398958107179031,5,0.9856,0.005813776741499463,5
SVM,SVM_C=10,fine_burnt,0.6628000000000001,0.05534618324690507,5,0.24379999999999996,0.06191687976634483,5,0.26480000000000004,0.05484250176642199,5,0.8331999999999999,0.01200833044182246,5,0.23159999999999997,0.038357528596091796,5,0.21459999999999999,0.05943315572977763,5,0.385,0.12593649193144932,5,0.9406000000000001,0.027889065957826493,5
SVM,SVM_C=10,fine_buttery,0.6756,0.09260831496145473,5,0.3362,0.1279792952004347,5,0.33120000000000005,0.1398810208713105,5,0.8573999999999999,0.05388227909062494,5,0.32199999999999995,0.12001041621459363,5,0.391,0.1887246671741667,5,0.3778,0.19829699947301271,5,0.9736,0.027336788399517593,5
SVM,SVM_C=10,fine_cabbage,0.6881999999999999,0.08969225161629071,5,0.341,0.11924554499015887,5,0.3396,0.1152510303641577,5,0.8844000000000001,0.060143993881351124,5,0.2706,0.10129807500638895,5,0.3274,0.11099909909544312,5,0.3834,0.18188402898550493,5,0.9926,0.003911521443121588,5
SVM,SVM_C=10,fine_camphoreous,0.6624000000000001,0.03521079379962911,5,0.375,0.04796873982084584,5,0.3816,0.047315959252666545,5,0.9144,0.024975988468927464,5,0.3976,0.09273241073109229,5,0.4586,0.08005498110673688,5,0.3358,0.07261680246334178,5,0.9890000000000001,0.004242640687119334,5
SVM,SVM_C=10,fine_caramellic,0.7914000000000001,0.013885243966167858,5,0.491,0.02655183609470351,5,0.5094000000000001,0.029125590122776955,5,0.8956,0.019781304304822795,5,0.48979999999999996,0.07247206358314902,5,0.43520000000000003,0.05637996097905708,5,0.624,0.036544493429243236,5,0.9587999999999999,0.011300442469213318,5
SVM,SVM_C=10,fine_cedar,0.6748000000000001,0.0762443440525263,5,0.36639999999999995,0.13730003641660113,5,0.36239999999999994,0.13376397123291456,5,0.859,0.0338452360015409,5,0.361,0.1582134633967666,5,0.4112,0.19331761430350836,5,0.3566,0.15179855071771928,5,0.9936,0.004159326868617067,5
SVM,SVM_C=10,fine_celery,0.5602,0.06764761636598883,5,0.1212,0.1432574605387098,5,0.1224,0.14529384019978273,5,0.703,0.1483037423668061,5,0.19,0.08266196223173025,5,0.13040000000000002,0.15932137333076185,5,0.125,0.13809236039694595,5,0.9958,0.004919349550499542,5
SVM,SVM_C=10,fine_chamomile,0.706,0.10041414243023739,5,0.368,0.11647102644005505,5,0.3586,0.11819813873323048,5,0.8710000000000001,0.06081940479813985,5,0.36019999999999996,0.17178824173964874,5,0.35819999999999996,0.13703722122109746,5,0.41859999999999997,0.20628087647671073,5,0.9938,0.007190271204899053,5
SVM,SVM_C=10,fine_cheesy,0.678,0.062313722405261625,5,0.4302,0.0790423936884505,5,0.4286,0.09552120183498532,5,0.8882,0.03436131545793908,5,0.45759999999999995,0.10338665291032491,5,0.5666,0.10112269774882394,5,0.3682,0.13085755614407596,5,0.9879999999999999,0.007382411530116694,5
SVM,SVM_C=10,fine_cherry,0.6016,0.035416098034650866,5,0.195,0.05370754136990447,5,0.20339999999999997,0.050082931224120664,5,0.8897999999999999,0.03013635678047371,5,0.177,0.04928995840939612,5,0.2104,0.08312821422357154,5,0.2192,0.0769655767210251,5,0.984,0.009460443964212232,5
SVM,SVM_C=10,fine_chocolate,0.6244,0.07894491750581538,5,0.2686,0.13063422216249462,5,0.2694,0.14015277378632218,5,0.8778,0.021603240497666112,5,0.2678,0.0742273534487119,5,0.3136,0.09504893476520396,5,0.25579999999999997,0.1606477513070133,5,0.9934,0.003209361307176216,5
SVM,SVM_C=10,fine_cinnamon,0.7368,0.09425603428958806,5,0.37,0.157419820861288,5,0.36340000000000006,0.15506869445507046,5,0.9146000000000001,0.04273523136710507,5,0.3382,0.11465033798467407,5,0.308,0.17626400653565097,5,0.491,0.19151109628426233,5,0.9823999999999999,0.010899541274750972,5
SVM,SVM_C=10,fine_citrus,0.717,0.053581713298475254,5,0.41319999999999996,0.038304046783597175,5,0.4518,0.043002325518511186,5,0.8788,0.013026895255585683,5,0.46399999999999997,0.05249761899362676,5,0.4452,0.05838407317068586,5,0.488,0.13232535660258013,5,0.9460000000000001,0.026115129714401174,5
SVM,SVM_C=10,fine_clean,0.5468,0.06969361520254204,5,0.1034,0.12643298620217747,5,0.11000000000000001,0.1287089740461014,5,0.7607999999999999,0.06573583497606157,5,0.13979999999999998,0.05800603416886902,5,0.1386,0.11509257143708276,5,0.1014,0.142482630520355,5,0.9924,0.0039115214431215874,5
SVM,SVM_C=10,fine_clove,0.688,0.08061637550770935,5,0.38920000000000005,0.10151206824806594,5,0.3832,0.11187805861740718,5,0.8926000000000001,0.06755220203664718,5,0.3382,0.09536875798708926,5,0.4288,0.08334986502688531,5,0.3798,0.16210397897645817,5,0.9962,0.0022803508501982855,5
SVM,SVM_C=10,fine_cocoa,0.6786,0.04096705993844324,5,0.366,0.0864436232465993,5,0.3686,0.08233650466226994,5,0.8564,0.060243671866844234,5,0.41180000000000005,0.0996729652413331,5,0.4136,0.1754460030892696,5,0.3746,0.09139091858603896,5,0.9826,0.014380542409798034,5
SVM,SVM_C=10,fine_coconut,0.6986,0.09155490156184974,5,0.41719999999999996,0.17197732408663646,5,0.42400000000000004,0.17258621034138272,5,0.901,0.032046840717924144,5,0.41459999999999997,0.15467158756539612,5,0.45360000000000006,0.15820493039093314,5,0.40540000000000004,0.18329839060941042,5,0.992,0.0014142135623730963,5
SVM,SVM_C=10,fine_coffee,0.6952,0.10858268738615749,5,0.34459999999999996,0.0812668444077903,5,0.3346,0.0862252863143985,5,0.9174,0.007765307463326893,5,0.3718,0.05830694641292749,5,0.36160000000000003,0.11559757782929538,5,0.4142,0.23997645717861574,5,0.9763999999999999,0.02685702887513804,5
SVM,SVM_C=10,fine_cognac,0.7592000000000001,0.05467814920057186,5,0.4366,0.11880361947348236,5,0.44420000000000004,0.11777181326616314,5,0.9349999999999999,0.022880122377295066,5,0.3578,0.1581002846297248,5,0.3804,0.12226324059176577,5,0.5396,0.10297232637946954,5,0.9788,0.0072938330115241866,5
SVM,SVM_C=10,fine_cooked,0.607,0.06645675285477015,5,0.136,0.08891569040388766,5,0.14,0.08768409205779575,5,0.749,0.06680943047205237,5,0.1006,0.055206883628765,5,0.098,0.0632099675684144,5,0.2468,0.1476065716694213,5,0.9667999999999999,0.01882020191177559,5
SVM,SVM_C=10,fine_cooling,0.6449999999999999,0.07654083877251416,5,0.2484,0.06958663664813813,5,0.24559999999999998,0.06418956301455869,5,0.8320000000000001,0.04135819144982042,5,0.2136,0.08422766766330408,5,0.2528,0.11056988740158868,5,0.3088,0.16652987719925816,5,0.9814,0.01647118696390762,5
SVM,SVM_C=10,fine_cortex,0.5269999999999999,0.035686131760110935,5,0.0536,0.07510193073416953,5,0.0612,0.07438884324950885,5,0.7048,0.0615646002179824,5,0.096,0.09112354251234969,5,0.06420000000000001,0.09204455442881997,5,0.06999999999999999,0.07050177302735017,5,0.9842000000000001,0.012872451204024837,5
SVM,SVM_C=10,fine_coumarinic,0.6452,0.05853375094763701,5,0.3588,0.0453343137148893,5,0.3324,0.06807569316576953,5,0.8842000000000001,0.0529310872739263,5,0.3396,0.13437187205661758,5,0.5248,0.27684147088180266,5,0.2962,0.12105866346528035,5,0.9949999999999999,0.0043011626335213125,5
SVM,SVM_C=10,fine_creamy,0.63,0.06275746967493191,5,0.20739999999999997,0.08974853759254241,5,0.2222,0.07865557831457345,5,0.7634000000000001,0.04688603203513812,5,0.20339999999999997,0.08050341607658647,5,0.22360000000000002,0.16718642289372665,5,0.337,0.19592090240706836,5,0.923,0.07717188607258472,5
SVM,SVM_C=10,fine_cucumber,0.7116,0.08594940372102647,5,0.30300000000000005,0.07174956445860839,5,0.2884,0.06464750575234904,5,0.9164,0.06314903007964572,5,0.4138,0.17169944670848536,5,0.2378,0.09287195486259564,5,0.4384,0.18161580327713775,5,0.9847999999999999,0.010473776778220943,5
SVM,SVM_C=10,fine_dairy,0.611,0.021412613105363885,5,0.2646,0.07846846500346494,5,0.2726,0.06747073439647742,5,0.8148,0.09485884249768178,5,0.22360000000000002,0.08037288099850597,5,0.3414,0.13674355560683657,5,0.2354,0.03913182847759609,5,0.9869999999999999,0.0064031242374328464,5
SVM,SVM_C=10,fine_dry,0.61,0.05602231698171718,5,0.1204,0.04169292505929514,5,0.1396,0.02443972176601035,5,0.6648,0.06577765578066769,5,0.1,0.02876629972728505,5,0.095,0.0160312195418814,5,0.33199999999999996,0.14490686664199182,5,0.8884000000000001,0.04596520423102673,5
SVM,SVM_C=10,fine_earthy,0.648,0.035637059362410906,5,0.21420000000000003,0.04230484605810546,5,0.26680000000000004,0.036601912518337075,5,0.7356,0.041416180412973895,5,0.21059999999999998,0.028085583490467147,5,0.20179999999999998,0.039839678713563954,5,0.41500000000000004,0.09141115905621153,5,0.8814,0.03498285294254893,5
SVM,SVM_C=10,fine_ethereal,0.7365999999999999,0.04718368362050592,5,0.4702,0.04680491427190099,5,0.492,0.05028419234709851,5,0.8907999999999999,0.010207840124139897,5,0.5298,0.06568637606079358,5,0.5126000000000001,0.1114015260218638,5,0.5067999999999999,0.11142800366155717,5,0.9658,0.020765355763867867,5
SVM,SVM_C=10,fine_fatty,0.7608,0.03415699049974989,5,0.5018,0.02427344227751806,5,0.5599999999999999,0.02547547840571399,5,0.8555999999999999,0.02380756182392476,5,0.5282,0.04699680840227341,5,0.5434,0.0520989443271167,5,0.591,0.08771259886698149,5,0.9301999999999999,0.021076052761368716,5
SVM,SVM_C=10,fine_fermented,0.636,0.07592101158440916,5,0.30839999999999995,0.058286362041218516,5,0.2886,0.09079812773400121,5,0.8555999999999999,0.02005741758053613,5,0.3156,0.05689288180431715,5,0.45760000000000006,0.19494563344686636,5,0.2918,0.17363812945318202,5,0.9805999999999999,0.024684002916869056,5
SVM,SVM_C=10,fine_fishy,0.6582,0.051804439964157525,5,0.39,0.053164838004079354,5,0.3806,0.07106194480873713,5,0.8834,0.05170880002475403,5,0.3794,0.066214046848082,5,0.5109999999999999,0.07331780138547525,5,0.3218,0.10596556044300433,5,0.9948,0.0025884358211089547,5
SVM,SVM_C=10,fine_floral,0.7634000000000001,0.02511573212152102,5,0.485,0.04034228550788863,5,0.6052,0.029869717106126042,5,0.8518000000000001,0.016679328523654682,5,0.6125999999999999,0.03276125760711882,5,0.5394,0.055877544684783724,5,0.7028000000000001,0.09128088518413917,5,0.8238,0.05632228688538846,5
SVM,SVM_C=10,fine_fresh,0.6394,0.03320090360216119,5,0.2164,0.03396027090586882,5,0.3046,0.0392339139011137,5,0.7428,0.019485892332659578,5,0.2548,0.02594609797252761,5,0.244,0.05079370039680117,5,0.47000000000000003,0.1666688333192502,5,0.8088000000000001,0.11255309858018128,5
SVM,SVM_C=10,fine_fruit skin,0.5274,0.03997249054037037,5,0.0852,0.11676985912469022,5,0.0756,0.10468189910390431,5,0.6792,0.08918351865675628,5,0.11339999999999999,0.08055619156837045,5,0.15,0.22360679774997896,5,0.056400000000000006,0.08249121165312097,5,0.9986,0.0026076809620810483,5
SVM,SVM_C=10,fine_fruity,0.7676000000000001,0.012441864811996646,5,0.5386,0.02148953233553487,5,0.712,0.021319005605327835,5,0.8488,0.008378544026261378,5,0.7922,0.007628892449104279,5,0.7146,0.06333482454384792,5,0.7214,0.08689821632231587,5,0.8135999999999999,0.0734527058725545,5
SVM,SVM_C=10,fine_garlic,0.7468,0.08020411460766833,5,0.5294000000000001,0.11134765376962373,5,0.524,0.12030586020639226,5,0.9502,0.023552069972722103,5,0.538,0.14980654191322884,5,0.6098,0.17116863030356932,5,0.5032,0.1637977411321658,5,0.9904,0.0073006848993775785,5
SVM,SVM_C=10,fine_gassy,0.6808,0.16204844954519004,5,0.2628,0.21294764614806144,5,0.24979999999999997,0.20055348413827168,5,0.9560000000000001,0.046984039843334026,5,0.29819999999999997,0.27266407904232637,5,0.21459999999999999,0.20394680679039814,5,0.3726,0.3279859753099208,5,0.9892,0.007854934754662184,5
SVM,SVM_C=10,fine_geranium,0.5958,0.06311655884155921,5,0.1996,0.13292215767132282,5,0.1974,0.12247775308193729,5,0.8678000000000001,0.06936641838815091,5,0.1964,0.07356153886372961,5,0.23699999999999996,0.20853297101417798,5,0.1998,0.13049980842897815,5,0.992,0.006633249580710793,5
SVM,SVM_C=10,fine_grape,0.6304000000000001,0.050500495047078514,5,0.3262,0.026938819573247823,5,0.3132,0.045931470692761406,5,0.8092,0.06468152750206195,5,0.2864,0.04640366364846638,5,0.4528,0.1032603505707781,5,0.2682,0.10685597783933287,5,0.993,0.005338539126015652,5
SVM,SVM_C=10,fine_grapefruit,0.6698000000000001,0.09409410183428081,5,0.37839999999999996,0.1509198462760945,5,0.3666,0.15600576912409364,5,0.8874000000000001,0.05324753515422101,5,0.3684,0.12933406357182164,5,0.47240000000000004,0.2263874996549059,5,0.3454,0.1898770654923864,5,0.9938,0.00370135110466435,5
SVM,SVM_C=10,fine_grassy,0.5358,0.05604640934083112,5,0.056799999999999996,0.08903201671309034,5,0.0658,0.0894494270523853,5,0.7474000000000001,0.06522116220982267,5,0.08159999999999999,0.07664398215124264,5,0.0546,0.07279285679240786,5,0.086,0.11750957407802991,5,0.986,0.013999999999999999,5
SVM,SVM_C=10,fine_green,0.734,0.017349351572897496,5,0.4476,0.03897178466531907,5,0.6192,0.024417207047490123,5,0.8102,0.02585923432741191,5,0.652,0.02717535648340241,5,0.5711999999999999,0.041865260061296636,5,0.6782,0.0273989050876125,5,0.7898,0.03480948146697964,5
SVM,SVM_C=10,fine_hawthorn,0.5746,0.08800454533715855,5,0.1348,0.15224552538580569,5,0.1016,0.10917554671262242,5,0.8496,0.14371951850740383,5,0.20339999999999997,0.19651539379906094,5,0.2406,0.4294028411643314,5,0.158,0.1830587337441183,5,0.9911999999999999,0.009148770409186147,5
SVM,SVM_C=10,fine_hay,0.5776,0.048464419938755075,5,0.1238,0.049195528252067786,5,0.12940000000000002,0.04829389195333091,5,0.7712,0.10323613708387196,5,0.089,0.022803508501982754,5,0.12079999999999999,0.01961377067266773,5,0.1736,0.10622052532349857,5,0.9822,0.00960208310732625,5
SVM,SVM_C=10,fine_hazelnut,0.7263999999999999,0.07352074537162961,5,0.3344,0.08879076528558587,5,0.3218,0.09437796352962911,5,0.8876,0.07527482979057476,5,0.23979999999999996,0.0627510956079653,5,0.2702,0.12417205804849979,5,0.4678,0.14898724777644562,5,0.9847999999999999,0.007758865896508335,5
SVM,SVM_C=10,fine_herbal,0.6786000000000001,0.033805325024321264,5,0.293,0.047206991007688694,5,0.41240000000000004,0.034602023062243074,5,0.7564,0.031333687941255836,5,0.3786,0.04377556395981667,5,0.3294,0.0410219453463631,5,0.5734,0.10999681813579883,5,0.7842,0.07138066965222449,5
SVM,SVM_C=10,fine_honey,0.6492,0.04600760806649266,5,0.36619999999999997,0.12143187390467133,5,0.3646,0.11484903134114803,5,0.8257999999999999,0.03563285001231304,5,0.341,0.11801482957662567,5,0.49420000000000003,0.20762755115831813,5,0.31179999999999997,0.09406752893533454,5,0.9864,0.011013627921806695,5
SVM,SVM_C=10,fine_hyacinth,0.5662,0.05154803585006901,5,0.12840000000000001,0.10533660332477027,5,0.1342,0.10409226676367463,5,0.8258000000000001,0.06482437813045334,5,0.1452,0.07586632981764704,5,0.1434,0.1272528978059046,5,0.1452,0.10346352014115892,5,0.9878,0.0047644516998287005,5
SVM,SVM_C=10,fine_jasmin,0.6782,0.09186783985704683,5,0.34059999999999996,0.0781492162468697,5,0.3256,0.07991745741701246,5,0.8512000000000001,0.06335376863297083,5,0.3498,0.08303433024960219,5,0.40140000000000003,0.2237270658637439,5,0.37320000000000003,0.19436743554412605,5,0.9836,0.011781341180018506,5
SVM,SVM_C=10,fine_juicy,0.5558,0.07211587897266455,5,0.0764,0.07994560650842547,5,0.0776,0.07313549070048003,5,0.8248,0.05416825638692831,5,0.0836,0.052932031889962435,5,0.0658,0.06363332460275825,5,0.1258,0.15428285711640163,5,0.9862,0.012111977542911821,5
SVM,SVM_C=10,fine_ketonic,0.7842,0.08221739475317866,5,0.5316,0.10865909994105416,5,0.5262,0.11237748884896828,5,0.9262,0.040158436224534445,5,0.5189999999999999,0.14531861546271352,5,0.5186,0.13554076877456464,5,0.5738,0.16625642844714303,5,0.9944,0.0032093613071762397,5
SVM,SVM_C=10,fine_lactonic,0.6756,0.04137994683418524,5,0.344,0.11522152576667262,5,0.351,0.11517812292271479,5,0.8684,0.0741302907049473,5,0.3126,0.14017417736516236,5,0.3498,0.15278645227898974,5,0.3604,0.08088757630192664,5,0.9907999999999999,0.0024899799195977606,5
SVM,SVM_C=10,fine_lavender,0.584,0.08641180474911976,5,0.11399999999999999,0.11582098255497578,5,0.11099999999999999,0.10699065379742288,5,0.8368,0.09347031614368277,5,0.188,0.14190313597662316,5,0.085,0.08356733811723334,5,0.1772,0.1766329527579721,5,0.9912000000000001,0.007395944834840257,5
SVM,SVM_C=10,fine_leafy,0.569,0.057840297371296395,5,0.1172,0.054200553502708804,5,0.1302,0.054636983811334236,5,0.701,0.062453983059529546,5,0.1296,0.03825963930828412,5,0.14540000000000003,0.06570616409439833,5,0.1764,0.1524936064233514,5,0.9614,0.038500649345173395,5
SVM,SVM_C=10,fine_leathery,0.6202,0.03488122704263715,5,0.19260000000000002,0.05224270283972681,5,0.1974,0.05228097168186528,5,0.7527999999999999,0.044740362090622356,5,0.177,0.06807716210301366,5,0.1648,0.047525782476462206,5,0.2552,0.07132461005852045,5,0.9852000000000001,0.004816637831516914,5
SVM,SVM_C=10,fine_lemon,0.6686,0.053584512687902666,5,0.28559999999999997,0.05417379440282912,5,0.2864,0.06178025574566683,5,0.8464,0.04862920932937325,5,0.2314,0.07011633190633978,5,0.27,0.0819756061276768,5,0.3558,0.11549112520016419,5,0.982,0.011683321445547935,5
SVM,SVM_C=10,fine_lily,0.6062,0.08976469239071673,5,0.2042,0.1251067544139804,5,0.19980000000000003,0.11712258535397858,5,0.7954,0.07361929095013071,5,0.15899999999999997,0.09100549433962765,5,0.2384,0.16125073643242688,5,0.2258,0.18905607633715452,5,0.9868,0.011861703081766997,5
SVM,SVM_C=10,fine_malty,0.7378,0.043888495075589014,5,0.5404,0.14542283176998036,5,0.512,0.13715866724345205,5,0.9412,0.021603240497666043,5,0.5871999999999999,0.08036603760295766,5,0.6762,0.3498674034545088,5,0.47859999999999997,0.08838438776164034,5,0.9972,0.0042071367935925235,5
SVM,SVM_C=10,fine_meaty,0.7758,0.02585923432741191,5,0.47700000000000004,0.023420076857260726,5,0.5042,0.02515352857950553,5,0.9062000000000001,0.007362064927722401,5,0.4875999999999999,0.05912951885479872,5,0.44279999999999997,0.06417709871909139,5,0.6022000000000001,0.06738471636803109,5,0.9490000000000001,0.01764936259472274,5
SVM,SVM_C=10,fine_medicinal,0.6528,0.021087911228948247,5,0.30660000000000004,0.04086930388445587,5,0.3126,0.040660791925391696,5,0.8534,0.03285270156318962,5,0.2178,0.05141692328407059,5,0.3264,0.08561133102574682,5,0.31579999999999997,0.045866109492739865,5,0.9898,0.005357238094391549,5
SVM,SVM_C=10,fine_melon,0.6884,0.09418757879890535,5,0.29,0.06596969000988258,5,0.282,0.07381395532011545,5,0.8582000000000001,0.02910670025956226,5,0.286,0.03128098463923413,5,0.279,0.10355916183515587,5,0.4196,0.2211567317537497,5,0.9568,0.04351091817004094,5
SVM,SVM_C=10,fine_metallic,0.6112,0.06232335035923534,5,0.144,0.04910702597388687,5,0.1552,0.04391696710839672,5,0.7372,0.07019045519157147,5,0.1614,0.037547303498387204,5,0.1262,0.04996698910280667,5,0.2852,0.16929175998848853,5,0.9372,0.048771918149689335,5
SVM,SVM_C=10,fine_milky,0.6300000000000001,0.0501398045468867,5,0.1988,0.06878735348884997,5,0.1966,0.07558637443349166,5,0.7727999999999999,0.04454997194162981,5,0.1396,0.061784302213426345,5,0.18980000000000002,0.11000545441022459,5,0.2922,0.11050429855892485,5,0.9682000000000001,0.021241468875762823,5
SVM,SVM_C=10,fine_mint,0.7008,0.06420825492099903,5,0.40920000000000006,0.030227470949452596,5,0.4194,0.03492563528412903,5,0.8550000000000001,0.02815137652051852,5,0.4168,0.06402889972504602,5,0.4702,0.11872952455055143,5,0.4306,0.1508502568774744,5,0.9708,0.0244172070474901,5
SVM,SVM_C=10,fine_muguet,0.6,0.06503460617240642,5,0.21080000000000002,0.13718126694268426,5,0.2118,0.12810035128757455,5,0.8826,0.03887544211967244,5,0.21139999999999998,0.12298902390050911,5,0.24379999999999996,0.1893243249030615,5,0.20780000000000004,0.13026780108683803,5,0.9924,0.0032093613071762696,5
SVM,SVM_C=10,fine_mushroom,0.6672,0.10026814050335232,5,0.2802,0.0497915655508039,5,0.26739999999999997,0.032577599666028204,5,0.8968,0.023562682360037047,5,0.29219999999999996,0.07247551310615194,5,0.3026,0.17451590185424362,5,0.3614,0.22784819507733653,5,0.9730000000000001,0.02789265136196264,5
SVM,SVM_C=10,fine_musk,0.7472,0.08169883720102754,5,0.6252,0.12064907790779006,5,0.6048,0.13288227872820366,5,0.883,0.04739725730461625,5,0.6024,0.10310577093451175,5,0.8192,0.12659462863802715,5,0.4974,0.16398414557511345,5,0.9975999999999999,0.002190890230020669,5
SVM,SVM_C=10,fine_musty,0.5778,0.07209507611480832,5,0.1066,0.057050854507185084,5,0.1342,0.04073327877792309,5,0.736,0.03501428280002319,5,0.13679999999999998,0.041306173872679125,5,0.1186,0.05150533952902358,5,0.24220000000000003,0.2374714719708454,5,0.9134,0.09723322477425085,5
SVM,SVM_C=10,fine_natural,0.508,0.025139610179953083,5,0.017599999999999998,0.050027992164387323,5,0.0242,0.05411284505549491,5,0.7152,0.07554932163825165,5,0.0522,0.017838161340227865,5,0.025,0.05590169943749475,5,0.0236,0.05277120426899503,5,0.9926,0.010620734437881408,5
SVM,SVM_C=10,fine_nutty,0.683,0.04494997219131509,5,0.4032,0.04836010752676217,5,0.43339999999999995,0.049520702741378785,5,0.8343999999999999,0.0071624018317880365,5,0.42219999999999996,0.043464928390600156,5,0.5006,0.07586369355627236,5,0.4002,0.10576719718324767,5,0.966,0.019235384061671353,5
SVM,SVM_C=10,fine_odorless,0.8907999999999999,0.028499122793517722,5,0.6557999999999999,0.08433089588045418,5,0.6576000000000001,0.08865833294169245,5,0.9574,0.027844209451877093,5,0.696,0.07123903424387505,5,0.5646,0.13324526257995067,5,0.8099999999999999,0.05755432216610669,5,0.9714,0.012934450123604018,5
SVM,SVM_C=10,fine_oily,0.6852,0.0413424721079908,5,0.3424,0.04369553752959219,5,0.3892,0.03914971264262358,5,0.796,0.0202977831301844,5,0.3548,0.04972625061272971,5,0.376,0.08714069083958423,5,0.4412,0.11664990355761122,5,0.9289999999999999,0.03972404813208237,5
SVM,SVM_C=10,fine_onion,0.7846,0.026782456944798732,5,0.48439999999999994,0.03478217934517618,5,0.49800000000000005,0.03381567683782184,5,0.9390000000000001,0.025768197453450208,5,0.5256000000000001,0.06319256285355104,5,0.429,0.04420407221060068,5,0.5992,0.05717254585900472,5,0.97,0.006000000000000063,5
SVM,SVM_C=10,fine_orange,0.6714,0.0969396719614833,5,0.267,0.10204900783447139,5,0.2622,0.10932383088787181,5,0.8924,0.0360458041941084,5,0.2592,0.05505179379457129,5,0.2464,0.041076757418277314,5,0.3664,0.20743987080597598,5,0.9762000000000001,0.01605303709582708,5
SVM,SVM_C=10,fine_orangeflower,0.7445999999999999,0.09289402564212619,5,0.4506,0.16284440426370198,5,0.45,0.16017022195152256,5,0.9152000000000001,0.04040668261562682,5,0.3194,0.17410571501246017,5,0.4248,0.16812406133566962,5,0.49399999999999994,0.18624714762916503,5,0.9952,0.0026832815729997653,5
SVM,SVM_C=10,fine_orris,0.6244,0.08854829190899169,5,0.187,0.10489041900955491,5,0.18359999999999999,0.09930156091421725,5,0.8602000000000001,0.05561204905413936,5,0.152,0.06247799612663646,5,0.1652,0.07443587844581402,5,0.26680000000000004,0.18298278607563062,5,0.9815999999999999,0.011674759098157048,5
SVM,SVM_C=10,fine_ozone,0.6038,0.11581321168156943,5,0.18660000000000002,0.17995221587966068,5,0.1822,0.17254043004467096,5,0.8333999999999999,0.08962867844613129,5,0.184,0.05599553553632647,5,0.19,0.18539012918707404,5,0.2142,0.2365062367042358,5,0.9934,0.006985699678629193,5
SVM,SVM_C=10,fine_peach,0.6202,0.06839371316137176,5,0.25539999999999996,0.04591622806808068,5,0.24780000000000002,0.06249959999872,5,0.8416,0.022611943746613204,5,0.2612,0.07012631460443361,5,0.3282,0.08845168172510912,5,0.2528,0.14697176599605785,5,0.9878,0.010256705123966512,5
SVM,SVM_C=10,fine_pear,0.6984,0.06229205406791463,5,0.366,0.08023403267940608,5,0.3752,0.0858702509603879,5,0.892,0.02387467277262664,5,0.2874,0.06758180228434281,5,0.3664,0.0878709280706651,5,0.417,0.13151425778218878,5,0.9789999999999999,0.009899494936611674,5
SVM,SVM_C=10,fine_phenolic,0.6956,0.09004054642215359,5,0.4673999999999999,0.08714241217684991,5,0.4582,0.09796274802188835,5,0.8904,0.03439912789592204,5,0.4816,0.11737887373799427,5,0.612,0.10432880714356893,5,0.40199999999999997,0.18876837658887677,5,0.9894000000000001,0.008532291603080635,5
SVM,SVM_C=10,fine_pine,0.7154,0.07576476753742466,5,0.4206,0.09799897958652425,5,0.4248,0.09867471813995718,5,0.9324,0.053439685627817805,5,0.4016,0.09384721626132554,5,0.4274,0.06677050246927904,5,0.4394,0.1533649242819231,5,0.9914,0.00207364413533281,5
SVM,SVM_C=10,fine_pineapple,0.7746,0.06649661645527538,5,0.4024,0.037746523018683455,5,0.4058,0.04040668261562684,5,0.9042,0.028951683888851748,5,0.3968,0.10476497506323376,5,0.3242,0.07475091972678329,5,0.6152,0.17586699519807575,5,0.9334,0.0495560288965934,5
SVM,SVM_C=10,fine_plum,0.6056,0.06723317633430687,5,0.18780000000000002,0.10899862384452386,5,0.18980000000000002,0.10957052523375069,5,0.7929999999999999,0.0344310906013736,5,0.11739999999999999,0.05550045044862249,5,0.193,0.11665547565373863,5,0.2272,0.13939583924924015,5,0.9843999999999999,0.01397497763862255,5
SVM,SVM_C=10,fine_popcorn,0.7754,0.094780272208936,5,0.5682,0.1334173901708469,5,0.5640000000000001,0.13197537649122276,5,0.976,0.016911534525287784,5,0.5780000000000001,0.20898923417248072,5,0.6033999999999999,0.1398045063651383,5,0.5538000000000001,0.18955526898506408,5,0.9972,0.001483239697419127,5
SVM,SVM_C=10,fine_potato,0.7078,0.07022962337931196,5,0.2948,0.0521507430436039,5,0.27959999999999996,0.06150040650272159,5,0.898,0.05562823024328562,5,0.2476,0.09519611336604034,5,0.2386,0.10697336116996604,5,0.4346,0.14783199924238322,5,0.9810000000000001,0.011135528725660048,5
SVM,SVM_C=10,fine_powdery,0.63,0.045486261662176584,5,0.21800000000000003,0.05028419234709851,5,0.24220000000000003,0.046783544115425874,5,0.7996000000000001,0.030843151589939694,5,0.1774,0.05454631059934302,5,0.2122,0.043562598636904114,5,0.2988,0.10303251913837687,5,0.9606,0.014010710188994713,5
SVM,SVM_C=10,fine_pungent,0.6876,0.07114281411358422,5,0.3066,0.05789473205741605,5,0.3188,0.047473150306252036,5,0.8378,0.015352524222420243,5,0.2808,0.04046850627339735,5,0.29860000000000003,0.11976142951718635,5,0.4258,0.16731317939720108,5,0.9492,0.0302522726419024,5
SVM,SVM_C=10,fine_radish,0.6561999999999999,0.053312287514230706,5,0.41080000000000005,0.11904284942826257,5,0.3948,0.1195792624161899,5,0.8478,0.055291952398156485,5,0.38180000000000003,0.10016336655684052,5,0.5612,0.16608642328619158,5,0.3154,0.10681432488201197,5,0.9972,0.0016431676725155253,5
SVM,SVM_C=10,fine_raspberry,0.5236,0.03412916641232245,5,0.1096,0.1686543803166701,5,0.08080000000000001,0.11572899377424829,5,0.7278,0.06347204108897084,5,0.1008,0.07204651275391474,5,0.2666,0.43460073630862617,5,0.0486,0.06826272775094766,5,0.999,0.0010000000000000148,5
SVM,SVM_C=10,fine_ripe,0.6073999999999999,0.03465256123290165,5,0.1512,0.020705071842425465,5,0.1572,0.02420123963767145,5,0.8013999999999999,0.08203535823046064,5,0.1266,0.0642868571326986,5,0.1296,0.044556705443737646,5,0.2494,0.08645403402965071,5,0.9652,0.018780308836651265,5
SVM,SVM_C=10,fine_roasted,0.7898,0.036120631223720334,5,0.48719999999999997,0.06747740362521366,5,0.514,0.06521119535785248,5,0.9138,0.013311649033835003,5,0.499,0.0747629587429497,5,0.43620000000000003,0.07382208341682046,5,0.635,0.07047339923687516,5,0.9448000000000001,0.014202112518917712,5
SVM,SVM_C=10,fine_rose,0.748,0.06397265040624782,5,0.46699999999999997,0.08388086790204306,5,0.49939999999999996,0.08370961712969421,5,0.8838000000000001,0.028490349243208642,5,0.4838,0.09061843079638933,5,0.4772,0.04637024908279018,5,0.5376000000000001,0.13616827824423722,5,0.9581999999999999,0.010616025621672177,5
SVM,SVM_C=10,fine_rummy,0.6034,0.06441506035082169,5,0.18460000000000001,0.0679175971306406,5,0.18860000000000002,0.07174817070838811,5,0.8252,0.04606191485381387,5,0.1758,0.07671179831029905,5,0.1976,0.05920135133592814,5,0.22880000000000003,0.1504533150183139,5,0.9782,0.025013996082193613,5
SVM,SVM_C=10,fine_sandalwood,0.7081999999999999,0.1231470665505273,5,0.42699999999999994,0.14991164064207957,5,0.39540000000000003,0.1713076180442656,5,0.9436,0.04860349781651521,5,0.5065999999999999,0.16966083814481173,5,0.5392,0.29892507422429454,5,0.42119999999999996,0.24860651640695183,5,0.9958,0.004147288270665532,5
SVM,SVM_C=10,fine_savory,0.7243999999999999,0.0634649509572016,5,0.2808,0.08892524950766233,5,0.2746,0.08595522090018733,5,0.8422000000000001,0.03561881525261612,5,0.2012,0.024712345093090626,5,0.193,0.07231873892705817,5,0.5096,0.13123566588393568,5,0.9391999999999999,0.02345634242587705,5
SVM,SVM_C=10,fine_sharp,0.6302,0.05149465991731565,5,0.1672,0.02413917977065501,5,0.1678,0.022409819276379712,5,0.7674000000000001,0.08017667990132793,5,0.1376,0.0554463704853618,5,0.13720000000000002,0.05295469761975796,5,0.3122,0.1333424163572867,5,0.9478,0.033818633916821654,5
SVM,SVM_C=10,fine_smoky,0.6994,0.05390083487294051,5,0.3774,0.09322177857131883,5,0.36019999999999996,0.10813278873681192,5,0.8997999999999999,0.032690977348497866,5,0.368,0.0680991923593812,5,0.4288,0.2519239964751274,5,0.4144,0.12054791578455433,5,0.9843999999999999,0.018716303053755053,5
SVM,SVM_C=10,fine_soapy,0.5554,0.055698294408356885,5,0.1068,0.11920654344456097,5,0.1086,0.11231340080328794,5,0.7688,0.0817324904796128,5,0.11440000000000002,0.09386319832607452,5,0.1248,0.16438886823626472,5,0.12079999999999999,0.11538284101199797,5,0.9906,0.007436396977031279,5
SVM,SVM_C=10,fine_solvent,0.6674,0.08951703748449233,5,0.3242,0.10489613910912068,5,0.32439999999999997,0.10460066921392042,5,0.915,0.04504442251822082,5,0.33520000000000005,0.1364100436184961,5,0.3356,0.03868203717489555,5,0.3426,0.18149187309629047,5,0.9926,0.00270185121722126,5
SVM,SVM_C=10,fine_sour,0.6222,0.0772508899625111,5,0.3646,0.11637138823611241,5,0.31320000000000003,0.13976301370534336,5,0.8315999999999999,0.01631870092868918,5,0.3416,0.05511170474590673,5,0.65,0.2528724975160407,5,0.2486,0.15852539228779722,5,0.9965999999999999,0.0049295030175465345,5
SVM,SVM_C=10,fine_spicy,0.6452,0.029141036357686428,5,0.2956,0.04516968009627697,5,0.3556,0.04329896072655785,5,0.7838,0.024345430782797814,5,0.35140000000000005,0.05109598810082842,5,0.37320000000000003,0.07050319141712663,5,0.3566,0.07410330626901881,5,0.9339999999999999,0.02841654447676559,5
SVM,SVM_C=10,fine_strawberry,0.5347999999999999,0.03573093897450782,5,0.0368,0.03831057295316791,5,0.039400000000000004,0.03775976694843335,5,0.7612,0.1323091077741816,5,0.0784,0.07551357493854996,5,0.0264,0.025812787528664935,5,0.0886,0.08831647637898606,5,0.9814,0.017343586710943038,5
SVM,SVM_C=10,fine_sulfurous,0.8996000000000001,0.04744786612693981,5,0.73,0.03306055050963308,5,0.7464000000000001,0.030468016016800346,5,0.9705999999999999,0.006913754406977423,5,0.7214,0.0247345911629847,5,0.686,0.05613822227324266,5,0.8333999999999999,0.10505855510142902,5,0.9652,0.011840608092492565,5
SVM,SVM_C=10,fine_sweaty,0.5956,0.07002356746124835,5,0.158,0.15382457540978295,5,0.1538,0.15171255715991344,5,0.8258000000000001,0.10690509810107279,5,0.15,0.11513470371699405,5,0.1528,0.20008923009497537,5,0.20259999999999997,0.1427000350385381,5,0.9884000000000001,0.010358571330062894,5
SVM,SVM_C=10,fine_sweet,0.6648,0.018726985876002574,5,0.3132,0.03525195030065716,5,0.5276,0.027327641683833594,5,0.736,0.019222382786741102,5,0.5366000000000001,0.020779797881596455,5,0.4742,0.04210344403965073,5,0.6083999999999999,0.09629797505659193,5,0.7216,0.08787661805053722,5
SVM,SVM_C=10,fine_tea,0.49960000000000004,0.0008944271909999136,5,-0.0014,0.0031304951684997056,5,0.0,0.0,5,0.6548,0.07899810124300459,5,0.0388,0.016084153692376858,5,0.0,0.0,5,0.0,0.0,5,0.9992000000000001,0.0017888543819998273,5
SVM,SVM_C=10,fine_terpenic,0.616,0.029453352950046315,5,0.23959999999999998,0.03282986445296417,5,0.24159999999999998,0.03286791748803078,5,0.9296,0.04960141127024513,5,0.2734,0.03956387240905521,5,0.264,0.0674648056396815,5,0.23879999999999998,0.06066053082524089,5,0.9934,0.0025099800796022044,5
SVM,SVM_C=10,fine_tobacco,0.6599999999999999,0.08309933814417535,5,0.23559999999999998,0.09399095701183173,5,0.2332,0.08900393249739023,5,0.8324,0.020513410247932927,5,0.23500000000000001,0.1247697880097582,5,0.20860000000000004,0.11995540838161486,5,0.35500000000000004,0.18501891795165165,5,0.9650000000000001,0.02515949125081822,5
SVM,SVM_C=10,fine_tomato,0.5831999999999999,0.11756572629810101,5,0.0892,0.12761151985616345,5,0.0786,0.11408242634165879,5,0.8698,0.07019757830580767,5,0.1806,0.11339003483551804,5,0.054200000000000005,0.08298313081584716,5,0.175,0.2436698586202241,5,0.9914,0.009316651759081708,5
SVM,SVM_C=10,fine_tropical,0.7132,0.034083720454199246,5,0.3188,0.03749933332740731,5,0.36719999999999997,0.03775844276449972,5,0.8030000000000002,0.01655294535724679,5,0.33440000000000003,0.040228099631973664,5,0.2824,0.0429802280124245,5,0.5468,0.09672486753674056,5,0.8798,0.038362742342017246,5
SVM,SVM_C=10,fine_vanilla,0.7615999999999999,0.05572521870751156,5,0.5546,0.08062753871972035,5,0.5586,0.0790841324160542,5,0.8922000000000001,0.04785080981550888,5,0.5751999999999999,0.05630896909019026,5,0.6066,0.1105047510290847,5,0.5316,0.11289286957111151,5,0.992,0.0033911649915626453,5
SVM,SVM_C=10,fine_vegetable,0.7308,0.06327479751054127,5,0.3664,0.04989789574721565,5,0.3942,0.041511444205182726,5,0.8406,0.04315437405408635,5,0.3236,0.05557247520130808,5,0.3262,0.03266037354348538,5,0.5314,0.15156450771866087,5,0.9308,0.02702221308479373,5
SVM,SVM_C=10,fine_vetiver,0.5938,0.036955378498941115,5,0.21639999999999998,0.0698197679744068,5,0.2068,0.07360502700223673,5,0.8789999999999999,0.052249401910452575,5,0.251,0.09385360941380998,5,0.2822,0.1173869669085968,5,0.194,0.07881306998207847,5,0.9942,0.007395944834840251,5
SVM,SVM_C=10,fine_violet,0.6686,0.0858620987397816,5,0.33940000000000003,0.08091538790613316,5,0.3316,0.07434245086086416,5,0.8732,0.051775476820595336,5,0.3424,0.08894548892439684,5,0.3832,0.1226262614614015,5,0.346,0.17503285405888805,5,0.9917999999999999,0.006099180272790738,5
SVM,SVM_C=10,fine_warm,0.5282,0.04488540965614551,5,0.0522,0.07435522846444627,5,0.05960000000000001,0.07827707199429473,5,0.5826,0.02073161836422807,5,0.0586,0.02218783450452072,5,0.063,0.07463243262818116,5,0.06839999999999999,0.097083984261051,5,0.9878,0.0144464528518249,5
SVM,SVM_C=10,fine_waxy,0.7308,0.04835493770030113,5,0.44420000000000004,0.037022965845539706,5,0.49399999999999994,0.031678068122914314,5,0.8678000000000001,0.0036331804249169655,5,0.491,0.03583992187491485,5,0.4868,0.06517438147002241,5,0.5258,0.12743311971383264,5,0.9356,0.03323853185686753,5
SVM,SVM_C=10,fine_weedy,0.5,0.0,5,0.0,0.0,5,0.0,0.0,5,0.3768,0.0643871105113438,5,0.0078,0.0013038404810405294,5,0.0,0.0,5,0.0,0.0,5,1.0,0.0,5
SVM,SVM_C=10,fine_winey,0.7108,0.030849635330097498,5,0.3518,0.05054898614215719,5,0.3782,0.04914468435141283,5,0.8894,0.019882152800941865,5,0.3346,0.06633475710364815,5,0.3222,0.062731172474297,5,0.4692,0.0657624512925119,5,0.9526,0.013501851724856103,5
SVM,SVM_C=10,fine_woody,0.728,0.03155154512856704,5,0.4338,0.026705804612480784,5,0.509,0.01866815470259449,5,0.8294,0.018420097719610465,5,0.5038,0.03913693907295258,5,0.4902,0.07881116672147413,5,0.5524,0.0999114608040539,5,0.9039999999999999,0.03915992849840254,5
XGB,XGB_n_estimators=100_max_depth=3,fine_alcoholic,0.8268000000000001,0.03773194932679725,5,0.6044,0.04469675603441485,5,0.6042,0.054682721219778345,5,0.9442,0.017137677789012096,5,0.6123999999999999,0.07511524479092109,5,0.58,0.1325198098398877,5,0.6654,0.08282390959137338,5,0.9879999999999999,0.008514693182963199,5
XGB,XGB_n_estimators=100_max_depth=3,fine_aldehydic,0.7253999999999999,0.05357984695760149,5,0.38380000000000003,0.05746042116100439,5,0.394,0.05226375417055304,5,0.8968,0.04798124633645945,5,0.3564,0.04387824062106411,5,0.3516,0.08449733723615198,5,0.4788,0.11264634925287195,5,0.9715999999999999,0.011991663771137043,5
XGB,XGB_n_estimators=100_max_depth=3,fine_alliaceous,0.6912,0.0681336921060352,5,0.369,0.05647565847336354,5,0.37320000000000003,0.07303218468593145,5,0.9464,0.011970797801316326,5,0.42699999999999994,0.038852284360124806,5,0.395,0.06862215385719105,5,0.4,0.143525259100968,5,0.9827999999999999,0.008167006795638185,5
XGB,XGB_n_estimators=100_max_depth=3,fine_almond,0.6082000000000001,0.07031144999215987,5,0.25460000000000005,0.06809038111216591,5,0.24,0.08334266614405851,5,0.8974,0.03401911227530785,5,0.284,0.05023942674832187,5,0.3638,0.1262267800429053,5,0.2258,0.14795844011072842,5,0.9907999999999999,0.008197560612767683,5
XGB,XGB_n_estimators=100_max_depth=3,fine_amber,0.7003999999999999,0.04642520866942871,5,0.3698,0.05507449500449368,5,0.37839999999999996,0.05313943921420323,5,0.8854,0.027061042108536805,5,0.3308,0.08735387799061929,5,0.3604,0.06583540081141757,5,0.4176,0.09515671284780701,5,0.9836,0.008561541917201631,5
XGB,XGB_n_estimators=100_max_depth=3,fine_animal,0.6422000000000001,0.017369513522260783,5,0.3224,0.07407293702831015,5,0.33099999999999996,0.0602328813855024,5,0.7508,0.03876467464070868,5,0.24159999999999998,0.0604218503523353,5,0.3926,0.14876928446423338,5,0.2986,0.03236973895477072,5,0.9858,0.008729261137118093,5
XGB,XGB_n_estimators=100_max_depth=3,fine_anisic,0.6692,0.07823809813639392,5,0.3546,0.14349146316070516,5,0.35259999999999997,0.13285819508031863,5,0.8314,0.0649753799527175,5,0.3422,0.1639838406673048,5,0.4064,0.22267083329434953,5,0.3492,0.16274274177363485,5,0.9892,0.009230384607371475,5
XGB,XGB_n_estimators=100_max_depth=3,fine_apple,0.7404,0.047236638322387,5,0.45,0.027838821814150136,5,0.47780000000000006,0.024087341073684328,5,0.9088,0.017541379649275025,5,0.48319999999999996,0.02698518111853245,5,0.4636,0.08602499636733499,5,0.525,0.11649463506960309,5,0.9560000000000001,0.0233773394551219,5
XGB,XGB_n_estimators=100_max_depth=3,fine_apricot,0.55,0.020457272545478706,5,0.10700000000000001,0.04577663159298639,5,0.1172,0.043562598636904114,5,0.8283999999999999,0.028049955436684728,5,0.1002,0.016543881044059766,5,0.13340000000000002,0.06764096391980233,5,0.1142,0.045179641432840076,5,0.9865999999999999,0.007602631123499286,5
XGB,XGB_n_estimators=100_max_depth=3,fine_aromatic,0.5284000000000001,0.0211494680784175,5,0.08080000000000001,0.07385594085786193,5,0.0804,0.06111301007150605,5,0.6838,0.018952572384771396,5,0.0886,0.045423562167668,5,0.1456,0.1421875521977926,5,0.0738,0.04944390761256638,5,0.9837999999999999,0.022949945533704462,5
XGB,XGB_n_estimators=100_max_depth=3,fine_balsamic,0.7136,0.040525300739167866,5,0.40280000000000005,0.025955731544304434,5,0.43339999999999995,0.030270447634615498,5,0.8712,0.016664333169977123,5,0.4654,0.0514178957173473,5,0.42400000000000004,0.07409790820259367,5,0.47140000000000004,0.10209946131101769,5,0.9554,0.022578751072634615,5
XGB,XGB_n_estimators=100_max_depth=3,fine_banana,0.6974,0.08033554630423573,5,0.365,0.09358685805175852,5,0.364,0.09967196195520586,5,0.8855999999999999,0.037427262790645004,5,0.37320000000000003,0.08276895553285664,5,0.3854,0.1385904037081933,5,0.41740000000000005,0.17434821478868087,5,0.9772000000000001,0.02021633003292143,5
XGB,XGB_n_estimators=100_max_depth=3,fine_beefy,0.6592,0.0541451752236522,5,0.29300000000000004,0.12111564721372708,5,0.2886,0.11485338479992657,5,0.8924,0.03905508929704296,5,0.2398,0.14424527721904798,5,0.2956,0.19686746810989364,5,0.3276,0.10834343542642534,5,0.9907999999999999,0.005357238094391541,5
XGB,XGB_n_estimators=100_max_depth=3,fine_bergamot,0.6826000000000001,0.13408877656239546,5,0.2962,0.1456646834342491,5,0.28959999999999997,0.12664635802106589,5,0.9186,0.06543546439049701,5,0.3184,0.3143299222154964,5,0.2548,0.07213667583136886,5,0.3722,0.2699698131273198,5,0.9934,0.003286335345031003,5
XGB,XGB_n_estimators=100_max_depth=3,fine_berry,0.6719999999999999,0.030724582991474396,5,0.20579999999999998,0.053218417864494987,5,0.2142,0.0556075534437544,5,0.7582,0.05035573452944564,5,0.1794,0.05653582934741472,5,0.1464,0.04887535166113897,5,0.43920000000000003,0.07348945502587431,5,0.9052,0.04886921321241017,5
XGB,XGB_n_estimators=100_max_depth=3,fine_bitter,0.6288,0.06806394052653723,5,0.2658,0.0953661365475188,5,0.2658,0.10205733682592351,5,0.7594000000000001,0.05066853066746653,5,0.2118,0.10586642527260472,5,0.30019999999999997,0.08028823076889913,5,0.26539999999999997,0.13901366839271598,5,0.992,0.00430116263352132,5
XGB,XGB_n_estimators=100_max_depth=3,fine_black currant,0.689,0.043312815655415386,5,0.3646,0.08570180861568792,5,0.3604,0.08669082996488152,5,0.8582000000000001,0.05846965024694434,5,0.3162,0.0718449719883027,5,0.37639999999999996,0.1607491835127009,5,0.3846,0.08819750563366292,5,0.994,0.0031622776601683733,5
XGB,XGB_n_estimators=100_max_depth=3,fine_brandy,0.5528000000000001,0.0690955859661093,5,0.1524,0.1781468495371164,5,0.1306,0.1423966291735868,5,0.7856,0.16329513158695208,5,0.1258,0.10928494864344312,5,0.2858,0.41648433343884617,5,0.10940000000000001,0.13832678699369838,5,0.9962,0.0026832815729997406,5
XGB,XGB_n_estimators=100_max_depth=3,fine_burnt,0.6992,0.029405781744412107,5,0.3046,0.03569033482611224,5,0.324,0.03273377460666583,5,0.8333999999999999,0.018311198759229298,5,0.22560000000000002,0.02447039027069245,5,0.25680000000000003,0.03546406632071396,5,0.45,0.06349409421355659,5,0.9488,0.01116691542011495,5
XGB,XGB_n_estimators=100_max_depth=3,fine_buttery,0.6512,0.06025114106803285,5,0.3416,0.12827041747807635,5,0.35,0.1257199268214868,5,0.8465999999999999,0.051305945074620746,5,0.3184,0.14446556683168488,5,0.4154,0.16142273693628173,5,0.3168,0.12259975530155026,5,0.9856,0.00963327566303388,5
XGB,XGB_n_estimators=100_max_depth=3,fine_cabbage,0.6564,0.1020921152685162,5,0.28019999999999995,0.07876039613917644,5,0.26559999999999995,0.07545395947198529,5,0.9236000000000001,0.09391112820108165,5,0.31320000000000003,0.08121391506386083,5,0.3,0.09354143466934854,5,0.32080000000000003,0.21215960972814782,5,0.9917999999999999,0.007661592523751181,5
XGB,XGB_n_estimators=100_max_depth=3,fine_camphoreous,0.7184,0.09390047923200391,5,0.41739999999999994,0.08434334591418575,5,0.42000000000000004,0.07973393255070269,5,0.929,0.025337718918639843,5,0.44320000000000004,0.1296734359843989,5,0.43739999999999996,0.09163678300769836,5,0.45380000000000004,0.1953783508989673,5,0.9826,0.00971081870904818,5
XGB,XGB_n_estimators=100_max_depth=3,fine_caramellic,0.7554000000000001,0.03323853185686762,5,0.4842000000000001,0.04404770141562443,5,0.5044000000000001,0.039405583360737094,5,0.8984,0.021007141642784246,5,0.4868,0.06831690859516405,5,0.4888,0.09689272418504911,5,0.5412,0.0772314702695734,5,0.9693999999999999,0.013408952233489407,5
XGB,XGB_n_estimators=100_max_depth=3,fine_cedar,0.6634,0.05550045044862251,5,0.2954,0.05699385931835113,5,0.296,0.05089204259999787,5,0.884,0.05710954386089942,5,0.2468,0.06564068860089753,5,0.2844,0.0749319691453521,5,0.3362,0.11259307261106254,5,0.991,0.004183300132670369,5
XGB,XGB_n_estimators=100_max_depth=3,fine_celery,0.5498000000000001,0.03291959902550454,5,0.1454,0.10991951601057932,5,0.1378,0.09436736724101188,5,0.7447999999999999,0.0853709552482576,5,0.176,0.07806407624509497,5,0.2266,0.19631046839127045,5,0.1036,0.06554998093058456,5,0.9964000000000001,0.00320936130717624,5
XGB,XGB_n_estimators=100_max_depth=3,fine_chamomile,0.6132,0.061291924427284886,5,0.3044,0.16158217723499088,5,0.2832,0.13797536011911693,5,0.8852,0.06863089683225773,5,0.3142,0.21926627647679886,5,0.4466,0.3330282270318839,5,0.2294,0.1219561396568455,5,0.9974000000000001,0.0016733200530681645,5
XGB,XGB_n_estimators=100_max_depth=3,fine_cheesy,0.7188,0.03285117958308343,5,0.46720000000000006,0.06846678026605313,5,0.4824,0.060998360633708844,5,0.8912000000000001,0.022151749366585028,5,0.4826,0.09999899999499992,5,0.5248,0.11181100124764111,5,0.45439999999999997,0.06722573911828708,5,0.9832000000000001,0.006300793600809349,5
XGB,XGB_n_estimators=100_max_depth=3,fine_cherry,0.5982000000000001,0.059208952025855015,5,0.22160000000000002,0.07788645581871086,5,0.21139999999999998,0.0719534571789292,5,0.8917999999999999,0.030235740440743314,5,0.2064,0.0399286864296836,5,0.313,0.20594295326618972,5,0.2072,0.12452790851853252,5,0.9892,0.007791020472312999,5
XGB,XGB_n_estimators=100_max_depth=3,fine_chocolate,0.6474,0.06911801501779402,5,0.2916,0.05563991373106177,5,0.28559999999999997,0.055329015895820864,5,0.8550000000000001,0.026981475126464094,5,0.233,0.06714536469481718,5,0.329,0.1043599540053559,5,0.30579999999999996,0.14367045625319075,5,0.9896,0.010114346246792224,5
XGB,XGB_n_estimators=100_max_depth=3,fine_cinnamon,0.6692,0.10698224151699195,5,0.3404,0.208894231610162,5,0.34199999999999997,0.20508900506853114,5,0.9066000000000001,0.02000749859427709,5,0.29100000000000004,0.10822430410956682,5,0.3634,0.24032748490341257,5,0.346,0.21474636201807937,5,0.9924,0.004037325847637253,5
XGB,XGB_n_estimators=100_max_depth=3,fine_citrus,0.7051999999999999,0.06255957160978647,5,0.4262,0.06593329962924652,5,0.4582,0.08279311565583214,5,0.8692,0.008899438184514802,5,0.4756,0.0501477816059694,5,0.5016,0.051286450452336804,5,0.449,0.14162097302306603,5,0.961,0.019300259065618774,5
XGB,XGB_n_estimators=100_max_depth=3,fine_clean,0.5714,0.04308480010398096,5,0.2104,0.1345745146749562,5,0.2032,0.1210173541274143,5,0.7687999999999999,0.055858750433571296,5,0.17240000000000003,0.11532042316953228,5,0.3322,0.2101706449530952,5,0.1508,0.08326283684814012,5,0.9926,0.006580273550544829,5
XGB,XGB_n_estimators=100_max_depth=3,fine_clove,0.7044,0.08255483026449753,5,0.39499999999999996,0.11391883075242654,5,0.3816,0.11351123292432337,5,0.9376,0.02629258450590201,5,0.3952,0.17029298282665672,5,0.42200000000000004,0.190340484395727,5,0.4144,0.16638299191924638,5,0.9945999999999999,0.004335896677735784,5
XGB,XGB_n_estimators=100_max_depth=3,fine_cocoa,0.6826000000000001,0.03288312637204675,5,0.3476,0.07458753247024599,5,0.3612,0.07059178422451157,5,0.8560000000000001,0.07096477999684071,5,0.373,0.08921042539972557,5,0.3498,0.1049914282215458,5,0.38360000000000005,0.06533605436510533,5,0.9815999999999999,0.00581377674149947,5
XGB,XGB_n_estimators=100_max_depth=3,fine_coconut,0.7228,0.06509761900407728,5,0.47119999999999995,0.08566621270956243,5,0.47400000000000003,0.086616972932561,5,0.8922000000000001,0.03679945651772594,5,0.4948,0.09783506528847416,5,0.5187999999999999,0.08931237316296102,5,0.45360000000000006,0.13222064891687685,5,0.9922000000000001,0.0031937438845342616,5
XGB,XGB_n_estimators=100_max_depth=3,fine_coffee,0.6245999999999999,0.03930394382247156,5,0.274,0.07107390519733667,5,0.2854,0.06965486343393405,5,0.8936,0.027709204246964603,5,0.2846,0.060044150422834675,5,0.3214,0.08048167493286904,5,0.2622,0.07899810124300458,5,0.9872,0.004086563348340513,5
XGB,XGB_n_estimators=100_max_depth=3,fine_cognac,0.7654,0.07394795467083595,5,0.4244,0.09363920119266289,5,0.41719999999999996,0.08847994122963691,5,0.9108,0.035400564967243114,5,0.39459999999999995,0.17379528186921533,5,0.3728,0.16805118267956343,5,0.5586,0.15345618267114558,5,0.9722,0.016649324310613944,5
XGB,XGB_n_estimators=100_max_depth=3,fine_cooked,0.6426000000000001,0.07951918007625584,5,0.1692,0.08158553793412163,5,0.1678,0.06460030959678136,5,0.7936,0.07334711991619026,5,0.1072,0.061034416520517346,5,0.11339999999999999,0.040445024415866046,5,0.3296,0.16472036911080545,5,0.9554,0.009099450532861876,5
XGB,XGB_n_estimators=100_max_depth=3,fine_cooling,0.671,0.12455320148434557,5,0.2638,0.1126374715625311,5,0.25,0.10974743732771165,5,0.8452,0.05037062636100527,5,0.2686,0.08376335714380125,5,0.25020000000000003,0.0565084064542613,5,0.36100000000000004,0.264472115732453,5,0.9814,0.0153231850475024,5
XGB,XGB_n_estimators=100_max_depth=3,fine_cortex,0.5714,0.0627040668537536,5,0.17980000000000002,0.12064493358612288,5,0.1518,0.10657251052687085,5,0.6636,0.11240462623931455,5,0.1688,0.12378287442130272,5,0.3508,0.3948274306580028,5,0.1544,0.12615189257399195,5,0.9888,0.009808159868191406,5
XGB,XGB_n_estimators=100_max_depth=3,fine_coumarinic,0.6336,0.030426961728046435,5,0.3612,0.039764305601883744,5,0.34340000000000004,0.03651438072869373,5,0.8844,0.07810121637977224,5,0.341,0.11129240764760193,5,0.5142,0.12228123322897919,5,0.2722,0.06510913914344128,5,0.9958,0.004438468204234424,5
XGB,XGB_n_estimators=100_max_depth=3,fine_creamy,0.5804,0.03680081520836185,5,0.2042,0.09012602287907749,5,0.20659999999999998,0.07216162415023653,5,0.7363999999999999,0.031572139617073794,5,0.2088,0.05624233281079298,5,0.3332,0.22204323903240106,5,0.1858,0.08016046407051296,5,0.976,0.017930421077041122,5
XGB,XGB_n_estimators=100_max_depth=3,fine_cucumber,0.6736,0.06758180228434275,5,0.3422,0.11223724871895248,5,0.3402,0.12042092841362752,5,0.9057999999999999,0.05295469761975798,5,0.40700000000000003,0.048187135212627026,5,0.36,0.11964321961565562,5,0.3536,0.1372945738184871,5,0.9938,0.003492849839314627,5
XGB,XGB_n_estimators=100_max_depth=3,fine_dairy,0.6228,0.06633400334669992,5,0.2284,0.12315356267684664,5,0.24220000000000003,0.12131446739775104,5,0.775,0.10663957989414628,5,0.2394,0.11630477204311095,5,0.2426,0.13218661051710193,5,0.2734,0.1382273489581566,5,0.9715999999999999,0.025628109567426144,5
XGB,XGB_n_estimators=100_max_depth=3,fine_dry,0.553,0.04009364039345892,5,0.10300000000000001,0.05185074734273365,5,0.1246,0.05613198731561177,5,0.7034,0.033820112359363885,5,0.1282,0.05183338692387368,5,0.1384,0.030770115371899404,5,0.1326,0.09174856947113672,5,0.9732,0.01386362146049871,5
XGB,XGB_n_estimators=100_max_depth=3,fine_earthy,0.6336,0.034760609891082206,5,0.2226,0.03730683583473678,5,0.273,0.03314362683835311,5,0.7282,0.03242221460665514,5,0.2554,0.03641840194187548,5,0.23959999999999998,0.05823486927949612,5,0.3494,0.09069343967454319,5,0.9174,0.02931381926668713,5
XGB,XGB_n_estimators=100_max_depth=3,fine_ethereal,0.7285999999999999,0.0341950288784788,5,0.5124,0.05339756548757632,5,0.5307999999999999,0.05440772004045016,5,0.9046,0.016501515081955357,5,0.5682,0.07400472957858838,5,0.61,0.07335870773125709,5,0.47640000000000005,0.07102323563454428,5,0.9808,0.006016643582596533,5
XGB,XGB_n_estimators=100_max_depth=3,fine_fatty,0.7608,0.03460057802985378,5,0.49379999999999996,0.014669696656713815,5,0.5526,0.01871630305375504,5,0.8518000000000001,0.013292855223765917,5,0.5406000000000001,0.03220714206507616,5,0.5292,0.0594743642252694,5,0.5966,0.0926353064441415,5,0.9248000000000001,0.023972901368002977,5
XGB,XGB_n_estimators=100_max_depth=3,fine_fermented,0.674,0.0571620503481112,5,0.3826,0.034224260401066395,5,0.37720000000000004,0.02811049626029391,5,0.8652,0.00901110426085504,5,0.4184,0.05457838399952858,5,0.4784,0.16584420399881328,5,0.364,0.1273597267585009,5,0.9842000000000001,0.013754999091239546,5
XGB,XGB_n_estimators=100_max_depth=3,fine_fishy,0.7246,0.0627638430945716,5,0.4506,0.09181394229636367,5,0.43479999999999996,0.08788742799741041,5,0.8916000000000001,0.05163622759265051,5,0.4854,0.10172167910529202,5,0.517,0.2926687547381852,5,0.461,0.1305909644653871,5,0.9888,0.00914877040918615,5
XGB,XGB_n_estimators=100_max_depth=3,fine_floral,0.7628,0.029320641193534665,5,0.4766,0.044489324562191346,5,0.6014,0.035025704846583725,5,0.8523999999999999,0.01674216234540806,5,0.6096,0.041192232277457365,5,0.5238,0.01887326150934176,5,0.7076,0.06690889328034055,5,0.818,0.012649110640673495,5
XGB,XGB_n_estimators=100_max_depth=3,fine_fresh,0.6428,0.05234214363206764,5,0.2254,0.05578799153939852,5,0.309,0.06063414879422323,5,0.7516,0.017052858997833733,5,0.2662,0.030752235691084314,5,0.2552,0.03711738137315182,5,0.4478,0.1844605648912526,5,0.8378,0.09152431370952749,5
XGB,XGB_n_estimators=100_max_depth=3,fine_fruit skin,0.5524,0.04547856638021916,5,0.11320000000000001,0.07892211350439116,5,0.1096,0.0700735328066168,5,0.687,0.12006456596348485,5,0.11539999999999999,0.07233809508136084,5,0.1542,0.13486178109457106,5,0.11340000000000001,0.09929904329851322,5,0.9916,0.009762171889492627,5
XGB,XGB_n_estimators=100_max_depth=3,fine_fruity,0.7656000000000001,0.013630847369111016,5,0.5378000000000001,0.027743467699622548,5,0.71,0.020396078054371103,5,0.8555999999999999,0.003974921382870366,5,0.8022,0.0068337398253079645,5,0.72,0.07077782138495084,5,0.714,0.08925525194631406,5,0.8172,0.08897864912438262,5
XGB,XGB_n_estimators=100_max_depth=3,fine_garlic,0.7956,0.04895201732308898,5,0.5152,0.06237146783586227,5,0.521,0.06098360435395734,5,0.9667999999999999,0.019031552748002473,5,0.5456,0.12572310845663973,5,0.4628,0.0690992040475142,5,0.609,0.10115334893121433,5,0.982,0.00651920240520265,5
XGB,XGB_n_estimators=100_max_depth=3,fine_gassy,0.5549999999999999,0.03256531897586756,5,0.1388,0.10694952080304054,5,0.13040000000000002,0.08983484847207125,5,0.9141999999999999,0.07089217164116217,5,0.1612,0.1190092433384903,5,0.205,0.20668696136911974,5,0.1156,0.06632344984995879,5,0.9945999999999999,0.00531977443130814,5
XGB,XGB_n_estimators=100_max_depth=3,fine_geranium,0.6178,0.07274063513607786,5,0.2492,0.15261618524914058,5,0.2424,0.14774065114246657,5,0.7988,0.08578286542194774,5,0.23559999999999998,0.08690972327651265,5,0.301,0.24959967948697373,5,0.2434,0.15073752021311745,5,0.9926,0.007092249290598873,5
XGB,XGB_n_estimators=100_max_depth=3,fine_grape,0.637,0.04727049819919397,5,0.331,0.056947344099615396,5,0.307,0.054626001134990644,5,0.8012,0.07137016183251936,5,0.34859999999999997,0.06002749370080344,5,0.4782,0.22743614488466865,5,0.2864,0.11226887369168713,5,0.9875999999999999,0.018379336223052253,5
XGB,XGB_n_estimators=100_max_depth=3,fine_grapefruit,0.651,0.03819685850956853,5,0.2802,0.09474280975356388,5,0.28159999999999996,0.09443410400909195,5,0.8815999999999999,0.04930314391598166,5,0.3048,0.11246866230199415,5,0.2888,0.16250446147721606,5,0.3166,0.07711225583524321,5,0.9858,0.00785493475466223,5
XGB,XGB_n_estimators=100_max_depth=3,fine_grassy,0.533,0.03043846251044884,5,0.0964,0.09177853779615362,5,0.092,0.07668441823473658,5,0.7412,0.06379420036335594,5,0.0922,0.050256342883262015,5,0.17880000000000001,0.2037540183652828,5,0.0764,0.05950462166924516,5,0.99,0.010931605554537732,5
XGB,XGB_n_estimators=100_max_depth=3,fine_green,0.7205999999999999,0.01422322045107931,5,0.429,0.026870057685088794,5,0.6013999999999999,0.018297540818372298,5,0.8113999999999999,0.01582087228947882,5,0.664,0.02689795531262554,5,0.571,0.050887130003567725,5,0.6436,0.06693504313885217,5,0.7979999999999999,0.05301886456724625,5
XGB,XGB_n_estimators=100_max_depth=3,fine_hawthorn,0.627,0.15099172162737926,5,0.1678,0.20729737094329007,5,0.1594,0.19469668718291025,5,0.8699999999999999,0.13170041761513135,5,0.2364,0.2404969854280922,5,0.11679999999999999,0.14666526514481878,5,0.262,0.305007376959968,5,0.992,0.004636809247747863,5
XGB,XGB_n_estimators=100_max_depth=3,fine_hay,0.5718,0.016498484778912272,5,0.125,0.031360803561133445,5,0.135,0.031898275815473165,5,0.7811999999999999,0.07436195263708452,5,0.08180000000000001,0.02019158240455661,5,0.1286,0.0562209925205879,5,0.1638,0.038816233717350775,5,0.9802,0.010848963084092418,5
XGB,XGB_n_estimators=100_max_depth=3,fine_hazelnut,0.6424000000000001,0.024398770460824434,5,0.2924,0.10009645348362749,5,0.2888,0.08931797131596754,5,0.9098,0.03781137395017535,5,0.2934,0.12975091521835214,5,0.3322,0.2076660781158059,5,0.2948,0.04924124287627193,5,0.9904,0.007469939758793253,5
XGB,XGB_n_estimators=100_max_depth=3,fine_herbal,0.6769999999999999,0.030024989592004826,5,0.30619999999999997,0.0402641279552904,5,0.4194,0.03780608416644074,5,0.7708,0.02853419001829213,5,0.406,0.032155870381627046,5,0.35960000000000003,0.056163155182023035,5,0.5322,0.10975518211000337,5,0.8221999999999999,0.06718779651097365,5
XGB,XGB_n_estimators=100_max_depth=3,fine_honey,0.657,0.04258520869973517,5,0.337,0.09221171292194935,5,0.3522,0.09036149622488551,5,0.841,0.03140063693621514,5,0.34480000000000005,0.11147510932939243,5,0.39,0.11867602959317436,5,0.3322,0.08588771739893894,5,0.982,0.008154753215150034,5
XGB,XGB_n_estimators=100_max_depth=3,fine_hyacinth,0.5766,0.05240038167799925,5,0.213,0.16856304458569796,5,0.19540000000000002,0.1338723272375587,5,0.7944,0.07483515216794852,5,0.16999999999999998,0.09592444943808642,5,0.343,0.3859300454745653,5,0.1586,0.10580075614096526,5,0.9952,0.003701351104664346,5
XGB,XGB_n_estimators=100_max_depth=3,fine_jasmin,0.6822,0.09005942482605585,5,0.3654,0.1366338171903281,5,0.3604,0.13220930375733775,5,0.8364,0.05253855726987562,5,0.3508,0.11745084078030264,5,0.414,0.20051433863941,5,0.38039999999999996,0.18753346368048557,5,0.9842000000000001,0.017340703561274567,5
XGB,XGB_n_estimators=100_max_depth=3,fine_juicy,0.5202,0.030161233396530717,5,0.032799999999999996,0.052798674225779565,5,0.0388,0.05404350099688214,5,0.7232000000000001,0.058980505253854856,5,0.076,0.026296387584609414,5,0.0334,0.04719957626928445,5,0.0472,0.06482052144190141,5,0.9938,0.005540758070878071,5
XGB,XGB_n_estimators=100_max_depth=3,fine_ketonic,0.7752,0.07767045770432926,5,0.5032,0.14643496850137946,5,0.496,0.15316820818955876,5,0.9156000000000001,0.04994797293184176,5,0.46299999999999997,0.08036479328661271,5,0.4852,0.1958678125675579,5,0.5576000000000001,0.1551267223917272,5,0.993,0.0050990195135927644,5
XGB,XGB_n_estimators=100_max_depth=3,fine_lactonic,0.6922,0.06434050046432652,5,0.3358,0.09253755994189601,5,0.3328,0.08463273598318795,5,0.8545999999999999,0.08409102211294611,5,0.28359999999999996,0.14141357784880487,5,0.3218,0.16250446147721603,5,0.3968,0.13366637572703166,5,0.9872,0.006685805860178706,5
XGB,XGB_n_estimators=100_max_depth=3,fine_lavender,0.6056,0.12378731760564167,5,0.1764,0.2036143413416648,5,0.1782,0.1980611016832937,5,0.8692,0.08289270172940441,5,0.2484,0.1829953551323093,5,0.1544,0.1699597011058798,5,0.21719999999999998,0.24794999495866096,5,0.9944,0.0037815340802378134,5
XGB,XGB_n_estimators=100_max_depth=3,fine_leafy,0.571,0.04802082881417189,5,0.12079999999999999,0.06225913587578935,5,0.13920000000000002,0.056971045277403855,5,0.7056,0.06080542738933756,5,0.11039999999999998,0.032890728176797786,5,0.1426,0.08873443525486595,5,0.183,0.11368597099026775,5,0.959,0.02399999999999999,5
XGB,XGB_n_estimators=100_max_depth=3,fine_leathery,0.6218,0.03468717342188617,5,0.2306,0.07659177501533698,5,0.2274,0.07275163228409381,5,0.74,0.08621774759294053,5,0.1694,0.07597565399521086,5,0.251,0.1618394265931513,5,0.2552,0.07132461005852045,5,0.9885999999999999,0.006148170459575768,5
XGB,XGB_n_estimators=100_max_depth=3,fine_lemon,0.6296,0.08335946257024451,5,0.2746,0.12887125358279092,5,0.2626,0.12341110160759446,5,0.8224,0.03115766358377984,5,0.3124,0.13617745775274262,5,0.3552,0.24941872423697464,5,0.27,0.17119725465088512,5,0.9896,0.00746993975879326,5
XGB,XGB_n_estimators=100_max_depth=3,fine_lily,0.6064,0.05658003181335268,5,0.1736,0.05074248712863807,5,0.1738,0.0547968977224076,5,0.8118000000000001,0.04680491427190099,5,0.1916,0.04459596394293996,5,0.1714,0.05377545908683626,5,0.23040000000000002,0.1224552979662375,5,0.9826,0.009555103348473017,5
XGB,XGB_n_estimators=100_max_depth=3,fine_malty,0.7248,0.04514089055390913,5,0.5552,0.15186408396984458,5,0.523,0.1465520385392165,5,0.9042,0.05346681213612797,5,0.6312,0.06819237494031134,5,0.7378,0.3211030987081875,5,0.4518,0.0912945781522649,5,0.9982,0.0029495762407505508,5
XGB,XGB_n_estimators=100_max_depth=3,fine_meaty,0.7722,0.014889593681494477,5,0.5198,0.030086541841826908,5,0.548,0.027883686987197353,5,0.9272,0.015674820573135736,5,0.5694,0.06540871501566133,5,0.527,0.06711184694225009,5,0.5784,0.03701080923189871,5,0.9655999999999999,0.010830512453249846,5
XGB,XGB_n_estimators=100_max_depth=3,fine_medicinal,0.6322,0.05746042116100439,5,0.2492,0.06779896754376132,5,0.25060000000000004,0.06855144053920384,5,0.8560000000000001,0.0425499706227866,5,0.2278,0.07110344576741692,5,0.263,0.09404786015641187,5,0.2778,0.12442748892427269,5,0.9869999999999999,0.011291589790636231,5
XGB,XGB_n_estimators=100_max_depth=3,fine_melon,0.6769999999999999,0.03976807765029636,5,0.3126,0.06569855401757331,5,0.321,0.06856748500564973,5,0.8593999999999999,0.025442091109026423,5,0.3032,0.07596512357654661,5,0.3126,0.12813781643215244,5,0.3848,0.0979601959981706,5,0.9693999999999999,0.024714368290530874,5
XGB,XGB_n_estimators=100_max_depth=3,fine_metallic,0.5908,0.0828806370631887,5,0.1034,0.0609778648363486,5,0.1096,0.047940588231685274,5,0.7194,0.04893158489156061,5,0.1024,0.03237746129640186,5,0.095,0.021435951110226018,5,0.24420000000000003,0.22050215418448865,5,0.9368000000000001,0.056711550851656294,5
XGB,XGB_n_estimators=100_max_depth=3,fine_milky,0.5826,0.0452581484376018,5,0.1772,0.06872917866525105,5,0.1628,0.06017640733709516,5,0.7365999999999999,0.05398425696441512,5,0.20259999999999997,0.11077815669165109,5,0.3184,0.38377767001220897,5,0.1824,0.09625642835675961,5,0.9823999999999999,0.010382677881933885,5
XGB,XGB_n_estimators=100_max_depth=3,fine_mint,0.6968,0.03875177415293395,5,0.3968,0.06277897737300282,5,0.42140000000000005,0.05686651035539284,5,0.861,0.017762319668331625,5,0.4056,0.059214018610460814,5,0.4312,0.08050279498253464,5,0.421,0.07885746635544413,5,0.9728,0.008899438184514795,5
XGB,XGB_n_estimators=100_max_depth=3,fine_muguet,0.6462,0.021229696182470458,5,0.2502,0.032896808355826854,5,0.2542,0.031720655730927125,5,0.9174,0.024764894508154077,5,0.1992,0.08471540591887641,5,0.2274,0.06360267289980824,5,0.3056,0.04561030585295389,5,0.9872,0.005263078946776296,5
XGB,XGB_n_estimators=100_max_depth=3,fine_mushroom,0.6248,0.0740655115421476,5,0.2626,0.1447421845903951,5,0.26680000000000004,0.13754526527656266,5,0.8382,0.057625515182078854,5,0.2716,0.11559325239822608,5,0.309,0.19167420275039623,5,0.26339999999999997,0.15037220487842826,5,0.986,0.009617692030835673,5
XGB,XGB_n_estimators=100_max_depth=3,fine_musk,0.7924,0.03182451884946574,5,0.6424,0.11153160986913085,5,0.6418,0.10110736867310906,5,0.8812,0.05003698632012126,5,0.6374000000000001,0.07842066054299723,5,0.7218,0.20204875649209028,5,0.5904,0.06223182465587842,5,0.9948,0.004086563348340534,5
XGB,XGB_n_estimators=100_max_depth=3,fine_musty,0.5642,0.036051352263125995,5,0.13779999999999998,0.046580038643178466,5,0.1638,0.05655705084249,5,0.7218,0.025331798199101422,5,0.1244,0.02009477544039744,5,0.1896,0.020671236053995415,5,0.156,0.08651011501552869,5,0.9719999999999999,0.014560219778561067,5
XGB,XGB_n_estimators=100_max_depth=3,fine_natural,0.5448000000000001,0.04482410066024753,5,0.073,0.07716540675717326,5,0.08080000000000001,0.07726059797852977,5,0.7226,0.09524599729122481,5,0.0728,0.0459096939654361,5,0.0816,0.0939909570118317,5,0.11019999999999999,0.1099781796539659,5,0.9795999999999999,0.024865638942122518,5
XGB,XGB_n_estimators=100_max_depth=3,fine_nutty,0.6839999999999999,0.027721832551258156,5,0.4234,0.022378561169118988,5,0.4506,0.02699629604223511,5,0.82,0.01437010786319986,5,0.44580000000000003,0.03905380903317883,5,0.5406000000000001,0.06744479223779994,5,0.3956,0.06625179242858263,5,0.9715999999999999,0.011760102040373666,5
XGB,XGB_n_estimators=100_max_depth=3,fine_odorless,0.8916000000000001,0.03931666313409627,5,0.687,0.05656854249492379,5,0.6928,0.05667627369543622,5,0.9720000000000001,0.024667792767087995,5,0.8412,0.051659461863244424,5,0.6144000000000001,0.07878007362271251,5,0.805,0.08177713616898057,5,0.9782,0.007791020472312993,5
XGB,XGB_n_estimators=100_max_depth=3,fine_oily,0.7068,0.03789063208762819,5,0.36360000000000003,0.02565735761920936,5,0.4128,0.019408760908414528,5,0.8092,0.019639246421387917,5,0.37839999999999996,0.035746328482796665,5,0.3686,0.030286960890785995,5,0.4842000000000001,0.09140678311810345,5,0.9292,0.016589153082662126,5
XGB,XGB_n_estimators=100_max_depth=3,fine_onion,0.8,0.030166206257996663,5,0.4968,0.03383341543503995,5,0.5042,0.04599673901484758,5,0.9677999999999999,0.010449880382090515,5,0.5923999999999999,0.06591888955375388,5,0.43260000000000004,0.08924292689059451,5,0.6334,0.07479505331236817,5,0.9667999999999999,0.014720733677368102,5
XGB,XGB_n_estimators=100_max_depth=3,fine_orange,0.6828000000000001,0.1057790149320743,5,0.2794,0.12934566092451652,5,0.2774,0.12977981353045626,5,0.8718,0.049675949915426884,5,0.2682,0.1065678187822196,5,0.24020000000000002,0.055019996364958065,5,0.3886,0.22073354978344364,5,0.9768000000000001,0.010756393447619887,5
XGB,XGB_n_estimators=100_max_depth=3,fine_orangeflower,0.6024,0.1189424230457745,5,0.20800000000000002,0.23444295681465888,5,0.2064,0.2337868687501503,5,0.9108,0.05267542121331354,5,0.2906,0.17123171435221923,5,0.2246,0.24738795443594258,5,0.20800000000000002,0.23981346917969393,5,0.9969999999999999,0.0029999999999999784,5
XGB,XGB_n_estimators=100_max_depth=3,fine_orris,0.5898,0.045328798792820445,5,0.2232,0.10239482408793915,5,0.2162,0.09743561977018465,5,0.8454,0.03001333037168648,5,0.196,0.025179356624028343,5,0.30720000000000003,0.16549229589319253,5,0.1868,0.09120142542745702,5,0.9932000000000001,0.00601664358259653,5
XGB,XGB_n_estimators=100_max_depth=3,fine_ozone,0.531,0.03087069808086629,5,0.1018,0.10731588885155824,5,0.09359999999999999,0.08981814961353858,5,0.8629999999999999,0.10430004793862757,5,0.16440000000000002,0.09836310283841194,5,0.18,0.20493901531919198,5,0.0654,0.06091223194071942,5,0.9968,0.0013038404810405946,5
XGB,XGB_n_estimators=100_max_depth=3,fine_peach,0.6526,0.05816614135388387,5,0.252,0.04985478913805573,5,0.25539999999999996,0.05594908399607628,5,0.8539999999999999,0.0335261092284804,5,0.30660000000000004,0.06605149506256462,5,0.238,0.05401851534427801,5,0.3292,0.1287505339794752,5,0.976,0.015684387141358135,5
XGB,XGB_n_estimators=100_max_depth=3,fine_pear,0.6759999999999999,0.0551951084789223,5,0.3466,0.07494864908722502,5,0.3566,0.075955908262623,5,0.8855999999999999,0.02517538480341468,5,0.28959999999999997,0.07093165724836831,5,0.37160000000000004,0.10084790528315402,5,0.371,0.11823493561549397,5,0.9812,0.011366617790706256,5
XGB,XGB_n_estimators=100_max_depth=3,fine_phenolic,0.6784,0.08880765732750752,5,0.4474,0.1369992700710482,5,0.43879999999999997,0.15138593065407366,5,0.9029999999999999,0.044726949370597596,5,0.4814,0.11412186468858633,5,0.6083999999999999,0.12163387686002612,5,0.36619999999999997,0.18069781404322524,5,0.9911999999999999,0.005263078946776297,5
XGB,XGB_n_estimators=100_max_depth=3,fine_pine,0.6902,0.04482967767004352,5,0.375,0.07543871685016919,5,0.3822,0.07461367166947357,5,0.9225999999999999,0.046763233421139715,5,0.3204,0.07768719328177585,5,0.38239999999999996,0.08677442019397193,5,0.3902,0.0909021451892088,5,0.9904,0.0025099800796022573,5
XGB,XGB_n_estimators=100_max_depth=3,fine_pineapple,0.7586,0.046763233421139735,5,0.384,0.02947880594596734,5,0.3928,0.032026551484666606,5,0.8984,0.02116128540519221,5,0.43360000000000004,0.1037029411347624,5,0.3114,0.0703867885330763,5,0.5753999999999999,0.11451768422387872,5,0.9416,0.022842942017174545,5
XGB,XGB_n_estimators=100_max_depth=3,fine_plum,0.5692,0.05264218840435872,5,0.1162,0.08169577712464703,5,0.1234,0.08387371459521749,5,0.8126,0.02447039027069241,5,0.10900000000000001,0.04256759330758553,5,0.10800000000000001,0.07088370757797592,5,0.1496,0.11158763372345523,5,0.9888,0.006942621983083934,5
XGB,XGB_n_estimators=100_max_depth=3,fine_popcorn,0.7916000000000001,0.06338611835410016,5,0.6264000000000001,0.1663078470788435,5,0.6138,0.1618076017991738,5,0.9879999999999999,0.007348469228349548,5,0.6487999999999999,0.2140308388994446,5,0.7048,0.2909565259622131,5,0.5856,0.1275119602233453,5,0.9972,0.003701351104664346,5
XGB,XGB_n_estimators=100_max_depth=3,fine_potato,0.6198,0.1325507449997924,5,0.2352,0.19804721659240757,5,0.2202,0.20311253038648305,5,0.8708,0.07082513678066565,5,0.21680000000000002,0.11523324173171559,5,0.2944,0.19593570373977276,5,0.2448,0.26857531532141965,5,0.9949999999999999,0.004690415759823433,5
XGB,XGB_n_estimators=100_max_depth=3,fine_powdery,0.6417999999999999,0.0729225616664692,5,0.2062,0.08280519307386462,5,0.22599999999999998,0.07544203072558428,5,0.8076000000000001,0.04632817717113418,5,0.16899999999999998,0.06640030120413612,5,0.1774,0.048982649989562636,5,0.3362,0.16568856327459663,5,0.9471999999999999,0.022038602496528618,5
XGB,XGB_n_estimators=100_max_depth=3,fine_pungent,0.6910000000000001,0.057887822553625214,5,0.2934,0.06139462517191549,5,0.3126,0.05861996247013469,5,0.8573999999999999,0.032905926517878194,5,0.299,0.04197618372363071,5,0.2566,0.06897680769650041,5,0.43879999999999997,0.14086589367196023,5,0.9432,0.0301778064146485,5
XGB,XGB_n_estimators=100_max_depth=3,fine_radish,0.6436,0.05674768717754056,5,0.3258,0.10974607054468964,5,0.3206,0.11564298508772594,5,0.8328,0.05133906894364172,5,0.2958,0.12928147585791244,5,0.3978,0.1476099590136113,5,0.2932,0.1135636385468518,5,0.9942,0.0038987177379235932,5
XGB,XGB_n_estimators=100_max_depth=3,fine_raspberry,0.5428,0.02864786204937461,5,0.1266,0.09639657670270246,5,0.1196,0.07905883884803773,5,0.6856,0.11979691147938662,5,0.0982,0.06387252930642405,5,0.205,0.18405162319305962,5,0.0902,0.055413897173903943,5,0.9954000000000001,0.0025099800796022326,5
XGB,XGB_n_estimators=100_max_depth=3,fine_ripe,0.5816,0.04116794869798586,5,0.1286,0.0450144421269441,5,0.14079999999999998,0.03949936708353692,5,0.7826000000000001,0.08177285613209313,5,0.1086,0.04015968127363563,5,0.1204,0.033463412856431715,5,0.1882,0.08799829543803676,5,0.9751999999999998,0.010009995004993765,5
XGB,XGB_n_estimators=100_max_depth=3,fine_roasted,0.7886,0.05981889333647024,5,0.4976,0.086024996367335,5,0.5244,0.0779281720560671,5,0.9221999999999999,0.017767948671695316,5,0.5132,0.06350354320823363,5,0.457,0.07522300180131075,5,0.626,0.12180106731880473,5,0.9512,0.011819475453673864,5
XGB,XGB_n_estimators=100_max_depth=3,fine_rose,0.733,0.0748030748031122,5,0.42460000000000003,0.09245701704035235,5,0.4574,0.08760878951338161,5,0.8854,0.03601805103000442,5,0.512,0.09697422337920528,5,0.4312,0.08089932014547466,5,0.517,0.16296165193075335,5,0.9486000000000001,0.02326585480914034,5
XGB,XGB_n_estimators=100_max_depth=3,fine_rummy,0.5468,0.032290865581461256,5,0.11439999999999999,0.0884776808014315,5,0.12079999999999999,0.08281726873062163,5,0.7996000000000001,0.0340925211740053,5,0.1364,0.06036803790086274,5,0.1628,0.14100248224765405,5,0.1048,0.06876190805962265,5,0.9892,0.010059821071967495,5
XGB,XGB_n_estimators=100_max_depth=3,fine_sandalwood,0.7482,0.09984337734672244,5,0.576,0.08351945881050711,5,0.5532,0.09635714815207015,5,0.9390000000000001,0.05065570056765576,5,0.5874,0.13793585465715574,5,0.7150000000000001,0.17102631376487068,5,0.49820000000000003,0.20059586237008975,5,0.9984,0.001140175425099143,5
XGB,XGB_n_estimators=100_max_depth=3,fine_savory,0.7178,0.0459749932028271,5,0.3472,0.0427983644547312,5,0.3536,0.04208681503749126,5,0.8778,0.03396615962984339,5,0.2742,0.03724513391035129,5,0.2994,0.07437271004878067,5,0.4678,0.10380125240092239,5,0.968,0.01484924240491749,5
XGB,XGB_n_estimators=100_max_depth=3,fine_sharp,0.6006,0.06556523469034489,5,0.1896,0.08482216691407972,5,0.1998,0.07888409218594078,5,0.779,0.05476769120567345,5,0.135,0.05430929938785807,5,0.2064,0.08577470489602396,5,0.2204,0.14268251469609022,5,0.9812,0.0138275088139549,5
XGB,XGB_n_estimators=100_max_depth=3,fine_smoky,0.6492,0.07157653246700345,5,0.28959999999999997,0.07728065734710075,5,0.2806,0.07862124394843928,5,0.8640000000000001,0.027685736399814222,5,0.2828,0.10674830209422535,5,0.33199999999999996,0.16110090005955893,5,0.3096,0.1490630738982663,5,0.9888,0.008043631020876085,5
XGB,XGB_n_estimators=100_max_depth=3,fine_soapy,0.5242,0.02476287543885003,5,0.0442,0.051765818838302946,5,0.047599999999999996,0.04815911128748121,5,0.7758,0.08566913096325884,5,0.0796,0.051843996759509195,5,0.05840000000000001,0.08294154568128087,5,0.060399999999999995,0.057691420505998986,5,0.9884000000000001,0.011717508267545623,5
XGB,XGB_n_estimators=100_max_depth=3,fine_solvent,0.6881999999999999,0.14453615464651048,5,0.2886,0.15773173428324436,5,0.27080000000000004,0.15336785843194134,5,0.8876,0.06656049879620794,5,0.3244,0.16026790071626945,5,0.265,0.11103377864415855,5,0.389,0.2986528084582497,5,0.9874,0.010968135666557013,5
XGB,XGB_n_estimators=100_max_depth=3,fine_sour,0.657,0.029103264421710538,5,0.378,0.04584757354539061,5,0.3754,0.05067839776472811,5,0.8148,0.06543852076567745,5,0.2778,0.044172389566334305,5,0.47359999999999997,0.07437271004878071,5,0.31880000000000003,0.05980133777767851,5,0.9945999999999999,0.00230217288664428,5
XGB,XGB_n_estimators=100_max_depth=3,fine_spicy,0.6599999999999999,0.04529348739057304,5,0.3218,0.03454996382053095,5,0.37439999999999996,0.030582674833964416,5,0.788,0.01881488772222679,5,0.37839999999999996,0.05396572986627715,5,0.3982,0.08054626000007697,5,0.3896,0.13555736792959652,5,0.931,0.04687216658103185,5
XGB,XGB_n_estimators=100_max_depth=3,fine_strawberry,0.5267999999999999,0.04234028814261893,5,0.06839999999999999,0.12620142629938855,5,0.066,0.10853570840972109,5,0.766,0.0902690423124118,5,0.0676,0.04991793264949982,5,0.11120000000000001,0.2186943071961408,5,0.062,0.08531998593530123,5,0.9924,0.007733045971672498,5
XGB,XGB_n_estimators=100_max_depth=3,fine_sulfurous,0.9242000000000001,0.021684095554115202,5,0.737,0.020976176963403065,5,0.7512000000000001,0.01775387281693771,5,0.9789999999999999,0.004062019202318004,5,0.7658,0.009093954035511767,5,0.651,0.02349468024894153,5,0.8907999999999999,0.04683695122443392,5,0.9578,0.0060580524923444165,5
XGB,XGB_n_estimators=100_max_depth=3,fine_sweaty,0.5833999999999999,0.08309813475644323,5,0.11379999999999998,0.11598146403628469,5,0.11280000000000001,0.10976884803986968,5,0.7647999999999999,0.12935107266659987,5,0.1318,0.11309155582977891,5,0.085,0.08587782018658835,5,0.1776,0.16833983485794443,5,0.9890000000000001,0.006633249580710833,5
XGB,XGB_n_estimators=100_max_depth=3,fine_sweet,0.666,0.022226110770892777,5,0.308,0.04146082488325575,5,0.5334,0.026092144411680646,5,0.736,0.0249699819783676,5,0.5168,0.019867058161690706,5,0.43739999999999996,0.03601805103000438,5,0.7062,0.13465771422387954,5,0.6256,0.11667604724192537,5
XGB,XGB_n_estimators=100_max_depth=3,fine_tea,0.5178,0.026892378102354602,5,0.0318,0.05395090360689059,5,0.039,0.05533534132902769,5,0.6466000000000001,0.09192007397734184,5,0.0456,0.01692040188648012,5,0.0374,0.05584621741890851,5,0.0422,0.05791545562283008,5,0.9938,0.005263078946776312,5
XGB,XGB_n_estimators=100_max_depth=3,fine_terpenic,0.649,0.07600986778044024,5,0.2746,0.08826267614342995,5,0.2544,0.07065974808899336,5,0.9286,0.048091579304489436,5,0.28500000000000003,0.0890084265673762,5,0.316,0.22250617968946393,5,0.3084,0.15863889813031357,5,0.9898,0.007854934754662216,5
XGB,XGB_n_estimators=100_max_depth=3,fine_tobacco,0.6437999999999999,0.06342081677178243,5,0.2476,0.044802901691743134,5,0.2496,0.049033661906898215,5,0.837,0.0626418390534633,5,0.23020000000000002,0.05352756299328412,5,0.25,0.08100308636095294,5,0.3116,0.14308319258389504,5,0.9766,0.016102794788483175,5
XGB,XGB_n_estimators=100_max_depth=3,fine_tomato,0.563,0.10507616285342739,5,0.065,0.09849365461794989,5,0.058199999999999995,0.07971323604019598,5,0.8131999999999999,0.11508127562727134,5,0.1242,0.08920313895822277,5,0.0424,0.0595927847981616,5,0.13340000000000002,0.21731958034194712,5,0.9928000000000001,0.008012490249604058,5
XGB,XGB_n_estimators=100_max_depth=3,fine_tropical,0.7102,0.028994827124851043,5,0.34059999999999996,0.041246818059093984,5,0.3902,0.042540568872548,5,0.8114000000000001,0.016742162345407995,5,0.34619999999999995,0.035569649984221116,5,0.3226,0.0626681737407434,5,0.5158,0.0794965408052451,5,0.9046,0.03359761896325396,5
XGB,XGB_n_estimators=100_max_depth=3,fine_vanilla,0.763,0.06884039511798287,5,0.5860000000000001,0.047079719625333354,5,0.5788,0.05735590640901771,5,0.9044000000000001,0.042641529053259776,5,0.5636,0.055639913731061766,5,0.6856,0.11233120670588383,5,0.5328,0.14232954717837057,5,0.9936,0.004979959839195497,5
XGB,XGB_n_estimators=100_max_depth=3,fine_vegetable,0.7146,0.07111118055552162,5,0.3512,0.03853829264510819,5,0.3786,0.031405413546075144,5,0.8458,0.030572863784735598,5,0.339,0.02908607914449798,5,0.33120000000000005,0.04846854650182942,5,0.49640000000000006,0.18162268580769309,5,0.9324,0.0399662357496925,5
XGB,XGB_n_estimators=100_max_depth=3,fine_vetiver,0.6115999999999999,0.08697873303285122,5,0.198,0.1483037423668061,5,0.198,0.147062911707881,5,0.8667999999999999,0.07190062586653888,5,0.195,0.09174693455369502,5,0.19039999999999999,0.14266674454826536,5,0.23040000000000002,0.1769754220223814,5,0.9932000000000001,0.0064187226143524794,5
XGB,XGB_n_estimators=100_max_depth=3,fine_violet,0.7186,0.03624637912950756,5,0.43179999999999996,0.08276291440011037,5,0.4372,0.08317571761036989,5,0.8924,0.07299863012413314,5,0.394,0.07836772294765239,5,0.43899999999999995,0.11425191464478832,5,0.44560000000000005,0.07272757386301296,5,0.9917999999999999,0.0038987177379236205,5
XGB,XGB_n_estimators=100_max_depth=3,fine_warm,0.5582,0.038906297690733775,5,0.119,0.08975243729281117,5,0.1258,0.08787035905241312,5,0.5964,0.0498628117939612,5,0.087,0.05846793993292392,5,0.15460000000000002,0.13090951073165005,5,0.1422,0.10596320115964786,5,0.9746,0.0407406430975261,5
XGB,XGB_n_estimators=100_max_depth=3,fine_waxy,0.7384000000000001,0.024306377763870967,5,0.4518,0.023931151246858143,5,0.5054000000000001,0.021466252583998008,5,0.8814,0.009914635646356354,5,0.5286,0.030582674833964353,5,0.48100000000000004,0.05118593556827891,5,0.5422,0.06419267871027039,5,0.9348000000000001,0.018965758619153592,5
XGB,XGB_n_estimators=100_max_depth=3,fine_weedy,0.4992,0.00044721359549996094,5,-0.0026000000000000003,0.00151657508881031,5,0.0,0.0,5,0.6122,0.1417593030456908,5,0.035199999999999995,0.025193253065056927,5,0.0,0.0,5,0.0,0.0,5,0.999,0.0007071067811865465,5
XGB,XGB_n_estimators=100_max_depth=3,fine_winey,0.6946,0.031895140695723516,5,0.3448,0.07794998396407786,5,0.3702,0.07160446913426566,5,0.8864000000000001,0.02762788446479391,5,0.33520000000000005,0.08585569288055396,5,0.3404,0.1260051586245579,5,0.4332,0.0620580373521432,5,0.9561999999999999,0.017697457444503132,5
XGB,XGB_n_estimators=100_max_depth=3,fine_woody,0.754,0.015016657417681213,5,0.49139999999999995,0.018928814014618052,5,0.562,0.016628289148315864,5,0.8493999999999999,0.023818060374430156,5,0.5934,0.04738459665334291,5,0.5416000000000001,0.029669850016472973,5,0.5868,0.04126984371184366,5,0.9214,0.014690132742763104,5
XGB,XGB_n_estimators=100_max_depth=6,fine_alcoholic,0.8048,0.039461373518923516,5,0.6138,0.046547824868623036,5,0.6172,0.047420459719408045,5,0.9408,0.02189063726801936,5,0.6496000000000001,0.060904022855637396,5,0.6354,0.10668551916731714,5,0.6178,0.08181197956289775,5,0.9917999999999999,0.004658325879540826,5
XGB,XGB_n_estimators=100_max_depth=6,fine_aldehydic,0.6914,0.04473030292765742,5,0.3646,0.06611580748958602,5,0.3798,0.06513217330935613,5,0.8922000000000001,0.032166753022336625,5,0.37079999999999996,0.06771779677455553,5,0.3708,0.0762935121750205,5,0.404,0.0927227048785787,5,0.9783999999999999,0.009710818709048153,5
XGB,XGB_n_estimators=100_max_depth=6,fine_alliaceous,0.7535999999999999,0.04054380347229406,5,0.4096,0.014310835055998634,5,0.4142,0.020801442257689713,5,0.9438000000000001,0.01366382084191678,5,0.4364,0.02794279871451678,5,0.3504,0.062115215527276404,5,0.5346,0.09068241284835775,5,0.9730000000000001,0.010074720839804959,5
XGB,XGB_n_estimators=100_max_depth=6,fine_almond,0.638,0.043104524124504655,5,0.2954,0.09337719207600964,5,0.30579999999999996,0.0915652772616345,5,0.9071999999999999,0.04647257255629383,5,0.321,0.12311782974045636,5,0.329,0.10032945728947207,5,0.28700000000000003,0.08497646733066748,5,0.9894000000000001,0.0032863353450310064,5
XGB,XGB_n_estimators=100_max_depth=6,fine_amber,0.6884,0.07804357757048304,5,0.39320000000000005,0.10034789484588107,5,0.39,0.11242330719205873,5,0.8906000000000001,0.030859358386071487,5,0.3718,0.08832723249372189,5,0.4548,0.13363644712427822,5,0.388,0.15865686244219002,5,0.9890000000000001,0.006782329983125283,5
XGB,XGB_n_estimators=100_max_depth=6,fine_animal,0.6546000000000001,0.022831995094603545,5,0.3612,0.09230222099169663,5,0.3618,0.07591574276788707,5,0.792,0.03937638886439434,5,0.27220000000000005,0.08235107771000937,5,0.4596,0.20185341215842748,5,0.3228,0.04655856526999086,5,0.9865999999999999,0.010502380682492903,5
XGB,XGB_n_estimators=100_max_depth=6,fine_anisic,0.6378,0.048725763205926316,5,0.386,0.1582482227388352,5,0.36879999999999996,0.13925049371546225,5,0.8135999999999999,0.08982093297221978,5,0.33599999999999997,0.16177607981404424,5,0.5596,0.26635746657452647,5,0.2796,0.09648471381519458,5,0.9959999999999999,0.0025495097567964048,5
XGB,XGB_n_estimators=100_max_depth=6,fine_apple,0.7636000000000001,0.06858060950443647,5,0.4412,0.02571380951940026,5,0.46099999999999997,0.02765863337187866,5,0.8997999999999999,0.02723416971379887,5,0.5035999999999999,0.03764040382355112,5,0.4152,0.0977813888222089,5,0.5886,0.16505393058028034,5,0.9385999999999999,0.029483893908369675,5
XGB,XGB_n_estimators=100_max_depth=6,fine_apricot,0.5269999999999999,0.04996498774141749,5,0.046799999999999994,0.08254513916639791,5,0.0538,0.08518920119357852,5,0.8218,0.021300234740490514,5,0.1018,0.011388590782006354,5,0.052000000000000005,0.07429670248402684,5,0.0618,0.10826449094693975,5,0.9926,0.00832466215530696,5
XGB,XGB_n_estimators=100_max_depth=6,fine_aromatic,0.5227999999999999,0.014359665734271092,5,0.0872,0.06034649948422857,5,0.0746,0.04216989447461305,5,0.6804,0.02041568024827972,5,0.09,0.041036569057366384,5,0.1984,0.1848656268753064,5,0.0502,0.02934620929523948,5,0.9960000000000001,0.002236067977499798,5
XGB,XGB_n_estimators=100_max_depth=6,fine_balsamic,0.6774,0.04722075814723859,5,0.39299999999999996,0.0767886710394183,5,0.41479999999999995,0.08117080756035389,5,0.8720000000000001,0.021817424229271454,5,0.472,0.06096310359553557,5,0.4878,0.11283261939705203,5,0.3834,0.10174625300226048,5,0.9709999999999999,0.018055470085267776,5
XGB,XGB_n_estimators=100_max_depth=6,fine_banana,0.6970000000000001,0.056475658473363576,5,0.3722,0.05868730697518843,5,0.38180000000000003,0.05446742145539844,5,0.883,0.041267420563926675,5,0.3814,0.09131155458100579,5,0.37839999999999996,0.08446774532328892,5,0.4138,0.12077748134482687,5,0.9804,0.010334408546211057,5
XGB,XGB_n_estimators=100_max_depth=6,fine_beefy,0.6376,0.03697701989073755,5,0.3284,0.17343529052646695,5,0.3196,0.1438221123471631,5,0.8692,0.02959222870957844,5,0.261,0.15329220462893733,5,0.4194,0.3389244753628749,5,0.28040000000000004,0.06975170248818303,5,0.9948,0.003563705936241076,5
XGB,XGB_n_estimators=100_max_depth=6,fine_bergamot,0.6444,0.15754142312420563,5,0.2152,0.1788370766927261,5,0.20779999999999998,0.15541943250443296,5,0.8976000000000001,0.07164705157925205,5,0.3034,0.2585165371886294,5,0.1748,0.11687899725784782,5,0.2972,0.31699164026832005,5,0.9924,0.0034351128074634907,5
XGB,XGB_n_estimators=100_max_depth=6,fine_berry,0.5806,0.04107067080046297,5,0.18380000000000002,0.06781371542689575,5,0.1944,0.07072693970475466,5,0.7694,0.05102254403692546,5,0.1876,0.060640745378004714,5,0.256,0.11354074158644555,5,0.1804,0.09088894322193433,5,0.9808,0.011584472366059665,5
XGB,XGB_n_estimators=100_max_depth=6,fine_bitter,0.6006,0.06279570048976282,5,0.2742,0.10974834850693654,5,0.258,0.1101044958210154,5,0.7582,0.07021894331304056,5,0.193,0.10859097568398582,5,0.40919999999999995,0.17064934807962207,5,0.2056,0.12672726620581698,5,0.9960000000000001,0.002121320343559638,5
XGB,XGB_n_estimators=100_max_depth=6,fine_black currant,0.655,0.03754330832518623,5,0.3398,0.1011518660233216,5,0.3366,0.10391246316010415,5,0.8710000000000001,0.0610696323879553,5,0.30779999999999996,0.1020769317720708,5,0.3924,0.15152656532766787,5,0.31579999999999997,0.07320997199835552,5,0.9948,0.004381780460041313,5
XGB,XGB_n_estimators=100_max_depth=6,fine_brandy,0.5556,0.06034732802701376,5,0.11699999999999999,0.1561297537306711,5,0.11879999999999999,0.14995566011324812,5,0.7864,0.10845413777260875,5,0.1532,0.12452389328960126,5,0.1404,0.2093855295859769,5,0.1192,0.12154299650740884,5,0.9924,0.006228964600958986,5
XGB,XGB_n_estimators=100_max_depth=6,fine_burnt,0.6542,0.04106945336865345,5,0.2642,0.04138477981094015,5,0.2898,0.03605828614895612,5,0.837,0.019455076458343715,5,0.2278,0.01364551208273255,5,0.25620000000000004,0.038661350209220575,5,0.3484,0.09318959169349333,5,0.9602,0.013386560424545188,5
XGB,XGB_n_estimators=100_max_depth=6,fine_buttery,0.6606,0.0700092850984782,5,0.3186,0.10500857107874575,5,0.335,0.10345772083319833,5,0.842,0.04709564735726645,5,0.332,0.1441665703275208,5,0.339,0.07895251737595199,5,0.3402,0.1438617391803672,5,0.9815999999999999,0.004979959839195499,5
XGB,XGB_n_estimators=100_max_depth=6,fine_cabbage,0.667,0.09947864092356713,5,0.2886,0.0790208833157413,5,0.27080000000000004,0.0781645699789873,5,0.9526,0.046220125486631895,5,0.3518,0.09695462856408661,5,0.302,0.12134455076351801,5,0.343,0.20492071637587062,5,0.991,0.006708203932499376,5
XGB,XGB_n_estimators=100_max_depth=6,fine_camphoreous,0.755,0.06860757975617561,5,0.47400000000000003,0.11689097484408281,5,0.4868,0.11348656308127408,5,0.9038,0.031180121872757316,5,0.4574,0.12548426196141094,5,0.4546,0.1019303683894059,5,0.5274,0.13619030802520418,5,0.983,0.004690415759823443,5
XGB,XGB_n_estimators=100_max_depth=6,fine_caramellic,0.7178,0.05844399028129409,5,0.47640000000000005,0.06523266053136266,5,0.48860000000000003,0.07058895097676407,5,0.8948,0.013935566009315935,5,0.492,0.08294576541331086,5,0.5606,0.08668794610555729,5,0.4546,0.12439975884220998,5,0.9812,0.009257429448826484,5
XGB,XGB_n_estimators=100_max_depth=6,fine_cedar,0.617,0.07666485505105973,5,0.23559999999999998,0.09764374019874496,5,0.23620000000000002,0.09441768902064909,5,0.9033999999999999,0.05479324775919021,5,0.2624,0.08003936531482493,5,0.256,0.06660705668320738,5,0.2408,0.15515540596447164,5,0.9938,0.0019235384061671449,5
XGB,XGB_n_estimators=100_max_depth=6,fine_celery,0.5504,0.032974232364074825,5,0.1852,0.1364448606580695,5,0.1494,0.09362585113097771,5,0.7032,0.13442730377419615,5,0.1764,0.11148677051560872,5,0.39,0.3847076812334269,5,0.1036,0.06554998093058456,5,0.9978,0.0016431676725155069,5
XGB,XGB_n_estimators=100_max_depth=6,fine_chamomile,0.6274,0.0917349442688009,5,0.3302,0.2125857474056057,5,0.3116,0.1959854586442576,5,0.8827999999999999,0.0729773937599857,5,0.331,0.23219496118563815,5,0.46340000000000003,0.3583612702288014,5,0.2578,0.18187275771813652,5,0.9974000000000001,0.001673320053068158,5
XGB,XGB_n_estimators=100_max_depth=6,fine_cheesy,0.7216,0.0430673890548289,5,0.47700000000000004,0.0683556874005375,5,0.4894,0.06482129279796879,5,0.8864000000000001,0.01740114938732499,5,0.485,0.08445412956155549,5,0.5426,0.10954131640618527,5,0.45899999999999996,0.09019977827023741,5,0.984,0.0072801098892805345,5
XGB,XGB_n_estimators=100_max_depth=6,fine_cherry,0.6002000000000001,0.04663367881692371,5,0.27559999999999996,0.12219369869187198,5,0.2672,0.11042055967979876,5,0.8802,0.009833615815151638,5,0.22519999999999998,0.08711314481753026,5,0.4,0.19370209085087337,5,0.20659999999999998,0.09180577323894179,5,0.9942,0.0030331501776206054,5
XGB,XGB_n_estimators=100_max_depth=6,fine_chocolate,0.5993999999999999,0.059939969969962446,5,0.2314,0.13629306658814308,5,0.23020000000000002,0.13137046852318066,5,0.8337999999999999,0.027151427218472315,5,0.2514,0.02358601280420242,5,0.2932,0.2042931716920563,5,0.2056,0.12420466979948862,5,0.993,0.0062849025449882535,5
XGB,XGB_n_estimators=100_max_depth=6,fine_cinnamon,0.6902,0.045756966682681255,5,0.3658,0.11850400837102518,5,0.37,0.11566546589194202,5,0.901,0.040589407485204815,5,0.34900000000000003,0.1268838051131822,5,0.3678,0.16856660404718368,5,0.3906,0.09017926590963136,5,0.99,0.004636809247747827,5
XGB,XGB_n_estimators=100_max_depth=6,fine_citrus,0.7256,0.012218837915284754,5,0.4516,0.02608256122392891,5,0.49119999999999997,0.019690099034794125,5,0.867,0.016837458240482744,5,0.5056,0.024141251003210278,5,0.4976,0.07251413655281291,5,0.49380000000000007,0.03841484088213824,5,0.9571999999999999,0.014923136399564288,5
XGB,XGB_n_estimators=100_max_depth=6,fine_clean,0.5578,0.03498856956207264,5,0.19960000000000003,0.1456770400577936,5,0.1776,0.10880395213410218,5,0.7798,0.051518928560287426,5,0.1748,0.12016530281241751,5,0.38,0.3196787449925315,5,0.1234,0.06411552074186093,5,0.9926,0.0072318738927058,5
XGB,XGB_n_estimators=100_max_depth=6,fine_clove,0.7636000000000001,0.08355716606012915,5,0.46420000000000006,0.12830705358630912,5,0.45359999999999995,0.13408131860926784,5,0.9044000000000001,0.07457412419867893,5,0.4164,0.12460056179648629,5,0.4346,0.17474209567245097,5,0.5334,0.16874774072561688,5,0.9944,0.004037325847637269,5
XGB,XGB_n_estimators=100_max_depth=6,fine_cocoa,0.6890000000000001,0.033301651610693365,5,0.3842,0.0237107570524435,5,0.3946,0.023985412233272118,5,0.8614,0.07067389900097491,5,0.37120000000000003,0.09517982979602352,5,0.4124,0.060272713560947294,5,0.3922,0.07127201414300006,5,0.986,0.005612486080160939,5
XGB,XGB_n_estimators=100_max_depth=6,fine_coconut,0.7070000000000001,0.0529528091794949,5,0.48979999999999996,0.10554477722748762,5,0.48860000000000003,0.10540540783090777,5,0.8934000000000001,0.02710719461692783,5,0.5008,0.07498466509893872,5,0.5940000000000001,0.11537764081484765,5,0.4192,0.10561107896428291,5,0.9948,0.0019235384061671449,5
XGB,XGB_n_estimators=100_max_depth=6,fine_coffee,0.643,0.05224461694758613,5,0.30060000000000003,0.07332325688347456,5,0.30720000000000003,0.0672175572302356,5,0.8987999999999999,0.02226432123375873,5,0.3022,0.06407573643743786,5,0.34700000000000003,0.12179696219528632,5,0.3,0.1088691875601173,5,0.986,0.006442049363362566,5
XGB,XGB_n_estimators=100_max_depth=6,fine_cognac,0.7452,0.050514354395557716,5,0.45039999999999997,0.11915661962308262,5,0.4572,0.11818079370185328,5,0.9092,0.032414502926930704,5,0.383,0.16924981536178998,5,0.4348000000000001,0.16478379774723,5,0.5086,0.09859918863763534,5,0.9818,0.011945710527214359,5
XGB,XGB_n_estimators=100_max_depth=6,fine_cooked,0.563,0.035867812868921885,5,0.12,0.05398147830506311,5,0.129,0.04818713521262703,5,0.8099999999999999,0.07846336724867221,5,0.10700000000000001,0.04897958758503383,5,0.1438,0.08387907963252816,5,0.1472,0.07900443025552428,5,0.9788,0.014788509052639513,5
XGB,XGB_n_estimators=100_max_depth=6,fine_cooling,0.666,0.05196152422706634,5,0.2844,0.09732831037267624,5,0.2934,0.09627980058143035,5,0.8512000000000001,0.0555535777425721,5,0.263,0.09011104260855046,5,0.2572,0.09608173603760499,5,0.3496,0.10172167910529202,5,0.9827999999999999,0.005019960159204459,5
XGB,XGB_n_estimators=100_max_depth=6,fine_cortex,0.5448000000000001,0.06550725150698967,5,0.11240000000000001,0.1836649122723227,5,0.10400000000000001,0.15685821623364202,5,0.6708000000000001,0.11467868154107808,5,0.1454,0.11400131578188033,5,0.175,0.32596012026013244,5,0.0962,0.13189844578310997,5,0.9938,0.00712039324756715,5
XGB,XGB_n_estimators=100_max_depth=6,fine_coumarinic,0.657,0.05075923561284193,5,0.37479999999999997,0.06852152946337375,5,0.3624,0.0526858614810463,5,0.9178000000000001,0.042287113876451767,5,0.382,0.10294901650817263,5,0.4828,0.18669413488377187,5,0.3196,0.10418637146959288,5,0.9949999999999999,0.00374165738677396,5
XGB,XGB_n_estimators=100_max_depth=6,fine_creamy,0.5946,0.045676033102711525,5,0.2156,0.0439124128237108,5,0.2254,0.06864619435919225,5,0.7086,0.03988483421051164,5,0.2192,0.056099910873369484,5,0.31,0.10824047302187843,5,0.21139999999999998,0.10368847573380563,5,0.9776,0.01368575902169842,5
XGB,XGB_n_estimators=100_max_depth=6,fine_cucumber,0.6764,0.12032996301836046,5,0.3044,0.1838281806470379,5,0.3028,0.1777278818868891,5,0.908,0.046994680550036735,5,0.37,0.050680370953654255,5,0.2774,0.16448343381629651,5,0.35940000000000005,0.24325768230417721,5,0.9936,0.0037815340802378294,5
XGB,XGB_n_estimators=100_max_depth=6,fine_dairy,0.6298,0.07402161846379744,5,0.2754,0.1511929231148072,5,0.28979999999999995,0.15032863998586563,5,0.7902,0.07901075876107001,5,0.24779999999999996,0.13711199801622032,5,0.312,0.15245163167378697,5,0.2742,0.1485065655114278,5,0.9856,0.004505552130427491,5
XGB,XGB_n_estimators=100_max_depth=6,fine_dry,0.5594,0.052180456111459966,5,0.1254,0.0763433035701233,5,0.1424,0.08056550130173584,5,0.7018,0.026395075298244527,5,0.1244,0.04428092139962764,5,0.1714,0.05934896797754786,5,0.1398,0.1184955695374304,5,0.9789999999999999,0.014439529078193665,5
XGB,XGB_n_estimators=100_max_depth=6,fine_earthy,0.6288,0.04370011441632616,5,0.23559999999999998,0.04378698436750354,5,0.2832,0.03615522092312533,5,0.728,0.04028026812224567,5,0.2592,0.040468506273397355,5,0.2712,0.05228479702552169,5,0.321,0.10998636279102969,5,0.9362,0.027270863572685038,5
XGB,XGB_n_estimators=100_max_depth=6,fine_ethereal,0.7373999999999999,0.020598543637840062,5,0.5138,0.058929619038307034,5,0.5349999999999999,0.05228766584960547,5,0.8994,0.023394443784796472,5,0.569,0.07673004626611407,5,0.5926,0.11208166665427491,5,0.4976,0.04411689018958613,5,0.977,0.012589678312014192,5
XGB,XGB_n_estimators=100_max_depth=6,fine_fatty,0.7438,0.03247614509143599,5,0.46699999999999997,0.022660538387249324,5,0.5294000000000001,0.02286482013924448,5,0.8458,0.009093954035511723,5,0.5364,0.04988286278873733,5,0.5118,0.05750826027624205,5,0.5636,0.08918127606173847,5,0.9238,0.02599423012901128,5
XGB,XGB_n_estimators=100_max_depth=6,fine_fermented,0.6702,0.03361844731691215,5,0.39180000000000004,0.03305601306872926,5,0.396,0.02680485030736042,5,0.8522000000000001,0.023700210969525175,5,0.4274,0.037507332616436476,5,0.48460000000000003,0.10583619418705494,5,0.35259999999999997,0.07347992923241012,5,0.9875999999999999,0.006877499545619778,5
XGB,XGB_n_estimators=100_max_depth=6,fine_fishy,0.7096,0.03325357123678595,5,0.49239999999999995,0.0800393653148249,5,0.488,0.07077075667251269,5,0.8924,0.03836404566778642,5,0.5115999999999999,0.08973460870812335,5,0.5972000000000001,0.1654862532055155,5,0.4242,0.06605830757747282,5,0.9949999999999999,0.002549509756796389,5
XGB,XGB_n_estimators=100_max_depth=6,fine_floral,0.767,0.022327113561766133,5,0.483,0.03440930106817053,5,0.6054,0.02399583297158072,5,0.8518000000000001,0.015990622251807456,5,0.6164,0.03196560651700517,5,0.526,0.03969256857397861,5,0.7202,0.061185782662314614,5,0.8141999999999999,0.03194056981332674,5
XGB,XGB_n_estimators=100_max_depth=6,fine_fresh,0.6426000000000001,0.016861198059450022,5,0.2312,0.00895544527089524,5,0.3216,0.008018728078691788,5,0.7455999999999999,0.02047681615876845,5,0.24980000000000002,0.015368799562750498,5,0.26339999999999997,0.037480661680391915,5,0.44000000000000006,0.09562165026812706,5,0.8448,0.06284663873271187,5
XGB,XGB_n_estimators=100_max_depth=6,fine_fruit skin,0.5534,0.03341107600781507,5,0.13699999999999998,0.0782368199762746,5,0.13140000000000002,0.07435590090907378,5,0.6716,0.16184498756526255,5,0.0898,0.04210938137755054,5,0.19980000000000003,0.14130357391092416,5,0.11200000000000002,0.07178788198575022,5,0.9949999999999999,0.005385164807134525,5
XGB,XGB_n_estimators=100_max_depth=6,fine_fruity,0.7734,0.008354639429682184,5,0.5392,0.019677398201998146,5,0.7218,0.00960208310732621,5,0.8548,0.0052153619241621044,5,0.8018000000000001,0.006534523701081786,5,0.687,0.04589662296945164,5,0.7668,0.05289328879924183,5,0.78,0.061106464469808754,5
XGB,XGB_n_estimators=100_max_depth=6,fine_garlic,0.8396000000000001,0.05377080992508855,5,0.533,0.061542668125455814,5,0.5292,0.055916902632388354,5,0.9606,0.024182638400306926,5,0.5524,0.11639931271274757,5,0.4282,0.05247570866601041,5,0.7024,0.10964168915152671,5,0.9766,0.005176871642217911,5
XGB,XGB_n_estimators=100_max_depth=6,fine_gassy,0.6294000000000001,0.12939397203888597,5,0.22679999999999997,0.256782398150652,5,0.22640000000000002,0.25284837353639433,5,0.8907999999999999,0.11758486297138761,5,0.18380000000000002,0.19252973796273654,5,0.213,0.27308606701917254,5,0.2666,0.2576786758736547,5,0.9922000000000001,0.006016643582596535,5
XGB,XGB_n_estimators=100_max_depth=6,fine_geranium,0.6138,0.07475091972678329,5,0.2354,0.16750313429903335,5,0.2378,0.1683870541342178,5,0.8122,0.07081807678834552,5,0.21959999999999996,0.06494459176867616,5,0.2578,0.2020945323357364,5,0.2352,0.15245064775198564,5,0.993,0.006284902544988278,5
XGB,XGB_n_estimators=100_max_depth=6,fine_grape,0.6432,0.04094752739787836,5,0.36360000000000003,0.0966090057913857,5,0.3428,0.0724686138959481,5,0.7731999999999999,0.07767367636464753,5,0.32720000000000005,0.0520451726868112,5,0.5232,0.2906229516056844,5,0.2946,0.0874288281975688,5,0.992,0.008000000000000002,5
XGB,XGB_n_estimators=100_max_depth=6,fine_grapefruit,0.6194,0.04890603234775854,5,0.2736,0.0956676538857309,5,0.2746,0.09417430647474927,5,0.8564,0.059756171229421985,5,0.31120000000000003,0.0935291398442218,5,0.33540000000000003,0.13118993863860143,5,0.24559999999999998,0.09869549128506326,5,0.9928000000000001,0.00277488738510233,5
XGB,XGB_n_estimators=100_max_depth=6,fine_grassy,0.5264,0.017544229820656145,5,0.09559999999999999,0.08046924878486192,5,0.0834,0.05481149514472307,5,0.6982,0.06063579800744772,5,0.09359999999999999,0.04184853641407307,5,0.20579999999999998,0.20759262992697985,5,0.0596,0.03386443562205046,5,0.9934,0.006767569726275469,5
XGB,XGB_n_estimators=100_max_depth=6,fine_green,0.72,0.019506409203131143,5,0.41100000000000003,0.040853396431630995,5,0.6003999999999999,0.02456216602826388,5,0.8054,0.017840964099509835,5,0.6552,0.02883920942050938,5,0.5216000000000001,0.04125287868743222,5,0.7134,0.05831209137048681,5,0.7262000000000001,0.07228208630082558,5
XGB,XGB_n_estimators=100_max_depth=6,fine_hawthorn,0.591,0.12995383795794568,5,0.1516,0.22398057951527853,5,0.15139999999999998,0.21738629211613134,5,0.8583999999999999,0.09065483991492128,5,0.2132,0.2276987044319752,5,0.13999999999999999,0.21908902300206645,5,0.1888,0.25928208576760564,5,0.9934,0.0019493588689618098,5
XGB,XGB_n_estimators=100_max_depth=6,fine_hay,0.5512,0.028621670111997264,5,0.11359999999999999,0.04661866578957403,5,0.1156,0.042676691530623596,5,0.7826,0.07316624904968139,5,0.089,0.025563646062328436,5,0.16099999999999998,0.10612492638395563,5,0.11599999999999999,0.06406246951218786,5,0.9868,0.009038805230781351,5
XGB,XGB_n_estimators=100_max_depth=6,fine_hazelnut,0.6916,0.07917259626916376,5,0.3782,0.16932719805158297,5,0.3834,0.16668923180577683,5,0.8774000000000001,0.05491174737704131,5,0.3296,0.1414878086620893,5,0.3826,0.18605187448666033,5,0.39,0.15568718637061946,5,0.9928000000000001,0.00327108544675923,5
XGB,XGB_n_estimators=100_max_depth=6,fine_herbal,0.6932,0.02716983621592148,5,0.311,0.032496153618543806,5,0.42519999999999997,0.029132456127144518,5,0.7636000000000001,0.0332986486212279,5,0.4168,0.053950903606890595,5,0.3336,0.039221167754160534,5,0.6078,0.10949292214568027,5,0.7782,0.06379028139144707,5
XGB,XGB_n_estimators=100_max_depth=6,fine_honey,0.6556,0.04375271420152125,5,0.41600000000000004,0.1123521250355328,5,0.4086,0.10512516349571115,5,0.8324,0.02654806960967214,5,0.40700000000000003,0.12040348832155984,5,0.5838,0.1629684018452657,5,0.31920000000000004,0.08501588086939993,5,0.9922000000000001,0.004969909455915679,5
XGB,XGB_n_estimators=100_max_depth=6,fine_hyacinth,0.5766,0.04443309577330841,5,0.2044,0.14672525345011336,5,0.19319999999999998,0.12389188835432285,5,0.7722,0.0378576280292361,5,0.15360000000000001,0.076539532269279,5,0.3066,0.29165013286470487,5,0.1592,0.08971733388816232,5,0.9945999999999999,0.004037325847637248,5
XGB,XGB_n_estimators=100_max_depth=6,fine_jasmin,0.6754,0.048091579304489485,5,0.36219999999999997,0.0494034411756914,5,0.3658,0.043820086718307644,5,0.8400000000000001,0.066332495807108,5,0.3294,0.09730518999518988,5,0.4056,0.12305811635158408,5,0.3638,0.10119881422230206,5,0.9872,0.00683373982530798,5
XGB,XGB_n_estimators=100_max_depth=6,fine_juicy,0.5388,0.055943721721029606,5,0.0676,0.10044052966805782,5,0.07339999999999999,0.101182014212013,5,0.6981999999999999,0.07758028099974888,5,0.0668,0.01974082065163452,5,0.0666,0.09422207809213295,5,0.0844,0.11583091124566015,5,0.994,0.004690415759823427,5
XGB,XGB_n_estimators=100_max_depth=6,fine_ketonic,0.8012,0.09228867752871968,5,0.5494,0.14673206875117656,5,0.5439999999999999,0.148843877939269,5,0.9108,0.06334587595100409,5,0.4596,0.11420945670127318,5,0.52,0.1696967884198166,5,0.6082,0.18509916261290862,5,0.9942,0.0029495762407505143,5
XGB,XGB_n_estimators=100_max_depth=6,fine_lactonic,0.6546000000000001,0.057474342101497794,5,0.30460000000000004,0.10949337879524952,5,0.3076,0.11040289851267492,5,0.852,0.08702585822616167,5,0.258,0.15735310610216752,5,0.321,0.13966746220934925,5,0.31900000000000006,0.11601939493033052,5,0.9904,0.0047222875812470205,5
XGB,XGB_n_estimators=100_max_depth=6,fine_lavender,0.6,0.11440935276453586,5,0.22199999999999998,0.17338252507101168,5,0.1862,0.1300872783941612,5,0.8512000000000001,0.10835451075059133,5,0.22199999999999998,0.12148045110222466,5,0.3518,0.38260580236060193,5,0.2052,0.23281043791033082,5,0.9952,0.0054497706373754775,5
XGB,XGB_n_estimators=100_max_depth=6,fine_leafy,0.5426,0.02963612660250995,5,0.1236,0.06779601758215595,5,0.1234,0.061683060883843954,5,0.7262,0.061868408739840716,5,0.1226,0.027437201023428025,5,0.23559999999999998,0.14952692065310513,5,0.0994,0.062348215692191226,5,0.986,0.010222524150130414,5
XGB,XGB_n_estimators=100_max_depth=6,fine_leathery,0.6072,0.016483324907311636,5,0.2298,0.06005580737946998,5,0.2318,0.057238099199746324,5,0.7588,0.06820337235063967,5,0.1732,0.05797154474395175,5,0.2662,0.11757848442636093,5,0.2226,0.032646592471496934,5,0.992,0.00430116263352131,5
XGB,XGB_n_estimators=100_max_depth=6,fine_lemon,0.6237999999999999,0.07136665888214186,5,0.3076,0.1413711427413671,5,0.2914,0.14755609102981823,5,0.8475999999999999,0.04137390481934236,5,0.3332,0.11574627423809371,5,0.44000000000000006,0.2231468126592894,5,0.2544,0.14481125646854942,5,0.9936,0.005029910535983711,5
XGB,XGB_n_estimators=100_max_depth=6,fine_lily,0.6116,0.07252447862618526,5,0.20739999999999997,0.11157643120300989,5,0.21459999999999999,0.11395744819887817,5,0.8295999999999999,0.027318491905667153,5,0.1572,0.06460804903415673,5,0.209,0.07900949310051292,5,0.2354,0.1489741588330003,5,0.9884000000000001,0.00477493455452531,5
XGB,XGB_n_estimators=100_max_depth=6,fine_malty,0.7704000000000001,0.023447814397081903,5,0.591,0.1947729447330917,5,0.5732,0.1974175777381538,5,0.9388,0.04417804884781582,5,0.6324,0.0419797570264527,5,0.6868000000000001,0.3443496769273931,5,0.5432,0.043973855869141154,5,0.9972,0.004147288270665548,5
XGB,XGB_n_estimators=100_max_depth=6,fine_meaty,0.7988000000000001,0.021440615662802195,5,0.5446,0.03167491120745249,5,0.571,0.030618621784789725,5,0.9248000000000001,0.013274034804836073,5,0.586,0.03141655614480999,5,0.5216000000000001,0.04627418286690754,5,0.6352,0.04776190950956628,5,0.962,0.008455767262643897,5
XGB,XGB_n_estimators=100_max_depth=6,fine_medicinal,0.6258,0.03562583332358699,5,0.2864,0.04527471700629392,5,0.286,0.04060172410132358,5,0.8734,0.04114972660905536,5,0.2404,0.03020430432901907,5,0.3496,0.09447380589348563,5,0.2594,0.07454730042060544,5,0.9924,0.004560701700396534,5
XGB,XGB_n_estimators=100_max_depth=6,fine_melon,0.6152,0.03444851230459743,5,0.2972,0.06400937431345503,5,0.2874,0.05232876837839775,5,0.8526,0.04687536666523261,5,0.30419999999999997,0.08747113809708891,5,0.4438000000000001,0.22819114794399892,5,0.24219999999999997,0.07391346291441094,5,0.9882,0.008167006795638157,5
XGB,XGB_n_estimators=100_max_depth=6,fine_metallic,0.5548,0.04545547271781471,5,0.11259999999999999,0.05343500725180077,5,0.1234,0.05894743421048959,5,0.7230000000000001,0.050174694817208404,5,0.11499999999999999,0.03464823227814084,5,0.154,0.03478505426185218,5,0.12840000000000001,0.10408073789131203,5,0.9818,0.01346105493637109,5
XGB,XGB_n_estimators=100_max_depth=6,fine_milky,0.581,0.03178836265050465,5,0.1922,0.0725685882458795,5,0.1962,0.06736616361349368,5,0.7445999999999999,0.057574299822056,5,0.1668,0.07805254640304825,5,0.25220000000000004,0.11529830874735325,5,0.1724,0.066545473174364,5,0.99,0.0059581876439064796,5
XGB,XGB_n_estimators=100_max_depth=6,fine_mint,0.6908,0.02658382967143749,5,0.4204,0.05139357936551998,5,0.43899999999999995,0.04736559933116017,5,0.8602000000000001,0.013827508813954907,5,0.41600000000000004,0.03715508040631861,5,0.496,0.08735273321425034,5,0.4024,0.05715592707672586,5,0.9794,0.009555103348473065,5
XGB,XGB_n_estimators=100_max_depth=6,fine_muguet,0.6034,0.05867111725542643,5,0.2258,0.13692771815815818,5,0.22640000000000002,0.13276407646648997,5,0.8932,0.03447752891377227,5,0.2112,0.07986676405113706,5,0.2684,0.18431576167002103,5,0.21459999999999999,0.11677885082496746,5,0.9922000000000001,0.004764451699828642,5
XGB,XGB_n_estimators=100_max_depth=6,fine_mushroom,0.6060000000000001,0.055253959134165205,5,0.2514,0.06900941964688588,5,0.244,0.08241965784932621,5,0.8246,0.07092813264142799,5,0.2802,0.1260821160989932,5,0.3508,0.11901134399711652,5,0.2222,0.11856306338822391,5,0.9898,0.009284395510748139,5
XGB,XGB_n_estimators=100_max_depth=6,fine_musk,0.7764,0.054975449065923956,5,0.5940000000000001,0.08152300288875527,5,0.5936,0.07442983272855046,5,0.8868,0.03953732413808505,5,0.6404,0.08124223039774328,5,0.6594,0.1471455062174853,5,0.5596,0.1130168129085226,5,0.9936,0.0043931765272977805,5
XGB,XGB_n_estimators=100_max_depth=6,fine_musty,0.579,0.037543308325186237,5,0.1452,0.0599933329629218,5,0.178,0.0646722506180201,5,0.7194,0.03286031040632452,5,0.124,0.026870057685088804,5,0.1708,0.05018665161175828,5,0.1984,0.09006275589831793,5,0.9593999999999999,0.02178990591994377,5
XGB,XGB_n_estimators=100_max_depth=6,fine_natural,0.5052,0.014463747785411634,5,0.030799999999999994,0.07955941176253127,5,0.0222,0.04964070910049533,5,0.6732,0.10839372675574907,5,0.0646,0.04966185659034506,5,0.1,0.223606797749979,5,0.0124,0.027727242920997392,5,0.998,0.0023452078799116754,5
XGB,XGB_n_estimators=100_max_depth=6,fine_nutty,0.6986,0.01854184456843496,5,0.454,0.029189039038652834,5,0.47919999999999996,0.012969194269498786,5,0.8164,0.02042792206760151,5,0.4702,0.037137582042992494,5,0.5724,0.1111319036100795,5,0.42560000000000003,0.05109598810082845,5,0.9715999999999999,0.015026643005009532,5
XGB,XGB_n_estimators=100_max_depth=6,fine_odorless,0.8916000000000001,0.021686401268998096,5,0.72,0.06143289021363065,5,0.729,0.0601373428079425,5,0.9746,0.016607227342335013,5,0.8352,0.053741976145281464,5,0.6706000000000001,0.07667007238812287,5,0.8,0.039528470752104736,5,0.983,0.004527692569068694,5
XGB,XGB_n_estimators=100_max_depth=6,fine_oily,0.6766,0.03814839446162844,5,0.3348,0.03148332892182781,5,0.3844,0.03632216953872665,5,0.8018000000000001,0.019626512680555333,5,0.3712,0.022818851855428684,5,0.37279999999999996,0.03605135226312598,5,0.4136,0.09542431555950504,5,0.9396000000000001,0.01970532922840918,5
XGB,XGB_n_estimators=100_max_depth=6,fine_onion,0.781,0.0891207046650776,5,0.5152,0.05267542121331346,5,0.516,0.05709203096755274,5,0.9728,0.0048682645778552296,5,0.608,0.030182776545573164,5,0.5157999999999999,0.12632181125997202,5,0.587,0.19417389113884487,5,0.9756,0.01677200047698549,5
XGB,XGB_n_estimators=100_max_depth=6,fine_orange,0.6592,0.0566939150173985,5,0.2928,0.09136574850566269,5,0.305,0.08966047066572871,5,0.8757999999999999,0.02357328996979422,5,0.2762,0.09447856899847712,5,0.2848,0.07932969179317416,5,0.3356,0.11509691568413118,5,0.9833999999999999,0.004393176527297727,5
XGB,XGB_n_estimators=100_max_depth=6,fine_orangeflower,0.6601999999999999,0.11167676571247935,5,0.3318,0.11168348132109782,5,0.3164,0.11704187284899364,5,0.8880000000000001,0.07231873892705817,5,0.2858,0.1836401372249542,5,0.3886,0.07866574858221333,5,0.3242,0.2262933936287138,5,0.9964000000000001,0.0028809720581775672,5
XGB,XGB_n_estimators=100_max_depth=6,fine_orris,0.5948,0.05773387220687697,5,0.18619999999999998,0.09533467365025172,5,0.192,0.09524442240887389,5,0.8565999999999999,0.03176948221170754,5,0.1958,0.040052465592020664,5,0.1992,0.08928997704109908,5,0.1994,0.11752148739698626,5,0.9902,0.004658325879540851,5
XGB,XGB_n_estimators=100_max_depth=6,fine_ozone,0.5662,0.021004761364985726,5,0.1426,0.032214903383372115,5,0.1426,0.030948344059093053,5,0.8523999999999999,0.09565197331994778,5,0.12940000000000002,0.06054172115161577,5,0.17160000000000003,0.06667308302456097,5,0.1388,0.04412708918566916,5,0.9942,0.0032710854467592385,5
XGB,XGB_n_estimators=100_max_depth=6,fine_peach,0.6122,0.02720661684223164,5,0.2626,0.032814630883189894,5,0.26280000000000003,0.03631390918091854,5,0.842,0.04749736834815166,5,0.2566,0.05541028785343024,5,0.3392,0.09299569882526827,5,0.2346,0.059538223016814995,5,0.9896,0.007368853370776216,5
XGB,XGB_n_estimators=100_max_depth=6,fine_pear,0.6799999999999999,0.0409023226724351,5,0.34199999999999997,0.0774951611392608,5,0.3588,0.07622138807447683,5,0.8666,0.023383755044902452,5,0.31,0.06699626855280823,5,0.3426,0.08115294202923266,5,0.38,0.08184436449750222,5,0.9802,0.004604345773288547,5
XGB,XGB_n_estimators=100_max_depth=6,fine_phenolic,0.6942,0.057893868414539376,5,0.4548,0.1147745616415066,5,0.45999999999999996,0.11462547709824378,5,0.9024000000000001,0.04354078547752668,5,0.4812,0.0750146652328729,5,0.5650000000000001,0.14656568493341138,5,0.40120000000000006,0.1158606922126741,5,0.9875999999999999,0.007266360849833968,5
XGB,XGB_n_estimators=100_max_depth=6,fine_pine,0.7262,0.06846678026605311,5,0.4002,0.07963165199843592,5,0.3972,0.08639270802561984,5,0.9411999999999999,0.0317600377833528,5,0.3534,0.07743900825811241,5,0.3828,0.11376159281585327,5,0.46580000000000005,0.14073094897711733,5,0.9869999999999999,0.007314369419163854,5
XGB,XGB_n_estimators=100_max_depth=6,fine_pineapple,0.7148,0.05327945194913327,5,0.39980000000000004,0.057608159144343425,5,0.4126,0.05392402062161166,5,0.9,0.022135943621178662,5,0.4382,0.08831591023139601,5,0.4178,0.14130534314030732,5,0.46319999999999995,0.12494678867421925,5,0.9666,0.021801376103356425,5
XGB,XGB_n_estimators=100_max_depth=6,fine_plum,0.5609999999999999,0.04121892769104991,5,0.13479999999999998,0.07849012676763874,5,0.13799999999999998,0.08218576519081634,5,0.806,0.032148094811356984,5,0.1456,0.055993749651188744,5,0.1654,0.09776400155476453,5,0.1286,0.0874030891902569,5,0.9934,0.005224940191045248,5
XGB,XGB_n_estimators=100_max_depth=6,fine_popcorn,0.7784,0.07982355542069018,5,0.5502,0.181788888549328,5,0.5516,0.18060260241757314,5,0.9792,0.011819475453673933,5,0.5955999999999999,0.1781131662735801,5,0.5506,0.2121020980565727,5,0.5606,0.1572714214344106,5,0.9964000000000001,0.0020736441353327783,5
XGB,XGB_n_estimators=100_max_depth=6,fine_potato,0.6,0.1288235226967498,5,0.1612,0.1733340705112529,5,0.1516,0.16537926109400783,5,0.8816,0.030867458593152777,5,0.2164,0.09953039736683462,5,0.16699999999999998,0.15649121381087186,5,0.20659999999999998,0.262900741725846,5,0.9938,0.005357238094391529,5
XGB,XGB_n_estimators=100_max_depth=6,fine_powdery,0.6234,0.057077140783329386,5,0.193,0.08479681597795993,5,0.2192,0.08014486883138558,5,0.8076000000000001,0.050202589574642444,5,0.19039999999999999,0.09657794779347924,5,0.1768,0.06107126984106357,5,0.2926,0.11696708938842586,5,0.9538,0.008258329128825034,5
XGB,XGB_n_estimators=100_max_depth=6,fine_pungent,0.6256,0.031085366332086233,5,0.3134,0.05138871471441953,5,0.3134,0.028970674828177546,5,0.8506,0.03324605239723957,5,0.33280000000000004,0.05628232404583165,5,0.45220000000000005,0.18742918662791028,5,0.2702,0.07584985168080423,5,0.9810000000000001,0.015540270267920096,5
XGB,XGB_n_estimators=100_max_depth=6,fine_radish,0.6272,0.05233736714814762,5,0.325,0.10219589032832974,5,0.3174,0.10600377351773851,5,0.8231999999999999,0.07553608409230651,5,0.3198,0.10433935019924172,5,0.4314,0.1087510919485409,5,0.2582,0.10449497595578461,5,0.9964000000000001,0.0008944271909999115,5
XGB,XGB_n_estimators=100_max_depth=6,fine_raspberry,0.5302,0.033176799122278174,5,0.11259999999999999,0.12236135010696801,5,0.09659999999999999,0.09617588055224657,5,0.675,0.12389713475298772,5,0.0912,0.07043933560163668,5,0.2286,0.25453840574655917,5,0.06520000000000001,0.06340898989890945,5,0.9955999999999999,0.003130495168499698,5
XGB,XGB_n_estimators=100_max_depth=6,fine_ripe,0.5690000000000001,0.05308483775994798,5,0.126,0.06305156619783524,5,0.1336,0.061508535992982304,5,0.7602,0.10526252894548943,5,0.1186,0.057334980596491,5,0.142,0.05066063560596136,5,0.1554,0.11322676362062108,5,0.983,0.00946044396421225,5
XGB,XGB_n_estimators=100_max_depth=6,fine_roasted,0.804,0.03604857833535184,5,0.5136000000000001,0.02839542216625773,5,0.5356,0.02793385043276345,5,0.9228,0.019408760908414514,5,0.5434,0.057395992891490256,5,0.4622,0.0765617397921442,5,0.6614,0.08808121252571405,5,0.9468,0.018660117898877258,5
XGB,XGB_n_estimators=100_max_depth=6,fine_rose,0.7203999999999999,0.06831764047447775,5,0.43099999999999994,0.09855962662266937,5,0.46020000000000005,0.10407545339800348,5,0.8897999999999999,0.03176003778335287,5,0.5198,0.07417344538310186,5,0.473,0.10320610447061743,5,0.48339999999999994,0.15259193949878214,5,0.9570000000000001,0.03023243291566194,5
XGB,XGB_n_estimators=100_max_depth=6,fine_rummy,0.561,0.024667792767087988,5,0.1538,0.06451898945271849,5,0.1602,0.06176730526743092,5,0.7822,0.04864360184032429,5,0.146,0.05160426338976267,5,0.2118,0.091671696831683,5,0.1312,0.04918536367660607,5,0.991,0.0029154759474226384,5
XGB,XGB_n_estimators=100_max_depth=6,fine_sandalwood,0.7646,0.11856981066021823,5,0.5596,0.1650857353013882,5,0.5542,0.1725534699738026,5,0.9390000000000001,0.04960342730094363,5,0.5704,0.16533390456890565,5,0.6104,0.08334446592305934,5,0.5314,0.23700485227100307,5,0.9978,0.0004472135954999242,5
XGB,XGB_n_estimators=100_max_depth=6,fine_savory,0.7016,0.037951284563239686,5,0.3376,0.06624047101281813,5,0.3516,0.06383416013389698,5,0.86,0.03866522985836246,5,0.279,0.08614232409216736,5,0.2992,0.059889064110236354,5,0.43,0.07407766195014527,5,0.9730000000000001,0.00504975246918102,5
XGB,XGB_n_estimators=100_max_depth=6,fine_sharp,0.597,0.03621463792446368,5,0.1884,0.04686469886812462,5,0.1982,0.04132432697576573,5,0.7814,0.06262826837778611,5,0.1486,0.04220544988505631,5,0.21339999999999998,0.08785670150876372,5,0.21319999999999997,0.08035981582855947,5,0.9805999999999999,0.011058933040759436,5
XGB,XGB_n_estimators=100_max_depth=6,fine_smoky,0.6033999999999999,0.07268287281058719,5,0.2332,0.08901516724693606,5,0.2172,0.0943117171935704,5,0.8560000000000001,0.024596747752497674,5,0.2826,0.07221703400168135,5,0.3358,0.1640585261423496,5,0.21539999999999998,0.15164860698338117,5,0.9916,0.007987490219086344,5
XGB,XGB_n_estimators=100_max_depth=6,fine_soapy,0.5258,0.02842885857715715,5,0.06180000000000001,0.06820337235063967,5,0.0648,0.062078176519611145,5,0.7584,0.09987642364442173,5,0.0938,0.08287158741088528,5,0.0918,0.10166710382419675,5,0.060399999999999995,0.057691420505998986,5,0.9917999999999999,0.005215361924162113,5
XGB,XGB_n_estimators=100_max_depth=6,fine_solvent,0.6822,0.09914988653548729,5,0.327,0.14155034440085265,5,0.318,0.14436758638974334,5,0.9004,0.060343185199324724,5,0.316,0.14460981986020172,5,0.3324,0.16716249579376352,5,0.37520000000000003,0.20520648137912212,5,0.9894000000000001,0.009838699100999083,5
XGB,XGB_n_estimators=100_max_depth=6,fine_sour,0.6759999999999999,0.0538702144046225,5,0.40359999999999996,0.04695529789065341,5,0.3946,0.06058300091609858,5,0.8126,0.05190183041088244,5,0.30179999999999996,0.057893868414539404,5,0.5024,0.14820020242901155,5,0.35819999999999996,0.1114481942428858,5,0.9938,0.003563705936241112,5
XGB,XGB_n_estimators=100_max_depth=6,fine_spicy,0.649,0.045880278987817866,5,0.32439999999999997,0.027808272150567016,5,0.36219999999999997,0.03735906851087162,5,0.7896,0.017980545041794468,5,0.3788,0.03546406632071399,5,0.446,0.13122690272958515,5,0.361,0.15264337522473745,5,0.9369999999999999,0.06319810123729984,5
XGB,XGB_n_estimators=100_max_depth=6,fine_strawberry,0.5072,0.018899735447883953,5,0.028800000000000003,0.07446609966958119,5,0.026600000000000002,0.05947940820149441,5,0.7476,0.11535727111890264,5,0.0786,0.06429852253356992,5,0.0666,0.14892212730148602,5,0.0166,0.03711872842649651,5,0.9978,0.0008366600265340797,5
XGB,XGB_n_estimators=100_max_depth=6,fine_sulfurous,0.9289999999999999,0.018641351882307217,5,0.7416,0.021938550544646312,5,0.7548,0.019344249791604772,5,0.9795999999999999,0.004098780306383819,5,0.7786000000000001,0.006268971207462992,5,0.651,0.028766299727285078,5,0.9007999999999999,0.0407087214242845,5,0.9571999999999999,0.005761944116355179,5
XGB,XGB_n_estimators=100_max_depth=6,fine_sweaty,0.5589999999999999,0.06818357573492317,5,0.1278,0.12295405646012661,5,0.1222,0.11379015774661709,5,0.7838,0.12695944234282064,5,0.13399999999999998,0.08327064308626421,5,0.16660000000000003,0.16650015015008246,5,0.1222,0.13823422152274742,5,0.9958,0.0033466401061362522,5
XGB,XGB_n_estimators=100_max_depth=6,fine_sweet,0.6576000000000001,0.03209828655863113,5,0.2914,0.05815754465243524,5,0.5258,0.03493136126749144,5,0.7314,0.023114930239998627,5,0.5218,0.021311968468445183,5,0.43479999999999996,0.050246392905361884,5,0.6834,0.09823848533034295,5,0.6315999999999999,0.11386966233374013,5
XGB,XGB_n_estimators=100_max_depth=6,fine_tea,0.5349999999999999,0.040773766075750215,5,0.083,0.09717767233269173,5,0.0844,0.09640694995694034,5,0.6294000000000001,0.07917259626916372,5,0.0548,0.04246998940428406,5,0.11139999999999999,0.12726664920551653,5,0.0756,0.08401368936072265,5,0.9949999999999999,0.004847679857416328,5
XGB,XGB_n_estimators=100_max_depth=6,fine_terpenic,0.6476,0.0490591479746642,5,0.29300000000000004,0.06570768600399803,5,0.28500000000000003,0.04657789175134487,5,0.8977999999999999,0.09828122913354309,5,0.29460000000000003,0.06947157692178867,5,0.33039999999999997,0.19156800359141402,5,0.3026,0.10123635710553794,5,0.9924,0.004335896677735772,5
XGB,XGB_n_estimators=100_max_depth=6,fine_tobacco,0.6068,0.05095782569929763,5,0.23620000000000002,0.135963965814476,5,0.2406,0.1183355398855306,5,0.8318,0.06687824758469679,5,0.2192,0.08185780353759806,5,0.2948,0.2392481974853729,5,0.22760000000000002,0.1013548222829087,5,0.9862,0.006300793600809357,5
XGB,XGB_n_estimators=100_max_depth=6,fine_tomato,0.5724,0.0515587044057548,5,0.14379999999999998,0.09092964313137934,5,0.1308,0.08392377493892897,5,0.8375999999999999,0.11445435771520455,5,0.1546,0.10684240731095496,5,0.19580000000000003,0.19528492005272707,5,0.1516,0.107537435342303,5,0.9936,0.005899152481501044,5
XGB,XGB_n_estimators=100_max_depth=6,fine_tropical,0.6744,0.01566205605915133,5,0.3424,0.017756688880531737,5,0.3922,0.013292855223765877,5,0.8056000000000001,0.02263404515326412,5,0.3524,0.030940265027953447,5,0.3894,0.04803956702552594,5,0.4034,0.042986044246941336,5,0.9454,0.014842506526863974,5
XGB,XGB_n_estimators=100_max_depth=6,fine_vanilla,0.7404,0.06596438432972751,5,0.557,0.09281433079002396,5,0.546,0.0916433303628802,5,0.9146000000000001,0.03634969050762329,5,0.5618000000000001,0.04411575682225114,5,0.6858000000000001,0.19726555705444376,5,0.487,0.13571845858246404,5,0.9936,0.005549774770204647,5
XGB,XGB_n_estimators=100_max_depth=6,fine_vegetable,0.7138,0.05569739670756614,5,0.3726,0.03795128456323977,5,0.40140000000000003,0.03947530873850132,5,0.8336,0.033679370540436154,5,0.3532,0.03702971779530598,5,0.3672,0.05328883560371721,5,0.48179999999999995,0.13327865545540293,5,0.9465999999999999,0.024265201420964933,5
XGB,XGB_n_estimators=100_max_depth=6,fine_vetiver,0.6118,0.08719919724401133,5,0.1924,0.12948860953767324,5,0.19,0.12627153281717934,5,0.885,0.08224354077980835,5,0.22400000000000003,0.08935882720806043,5,0.1842,0.11893779886982946,5,0.23040000000000002,0.1769754220223814,5,0.9936,0.004159326868617084,5
XGB,XGB_n_estimators=100_max_depth=6,fine_violet,0.6866,0.058619962470134686,5,0.4024,0.055796953321843666,5,0.3942,0.062275195704228826,5,0.8798,0.08689764093460765,5,0.3874,0.061638462018450794,5,0.4728,0.14095992338249905,5,0.3804,0.12092683738525538,5,0.9928000000000001,0.006833739825307934,5
XGB,XGB_n_estimators=100_max_depth=6,fine_warm,0.5278,0.037392512619507115,5,0.067,0.08238931969618392,5,0.077,0.08177407902263406,5,0.6076,0.047940588231685295,5,0.06799999999999999,0.0359513560244951,5,0.0998,0.09729439860546958,5,0.0652,0.07544998343273508,5,0.9904,0.005029910535983723,5
XGB,XGB_n_estimators=100_max_depth=6,fine_waxy,0.7482,0.03695537849894118,5,0.4614,0.030517208260258655,5,0.5115999999999999,0.03248538132760646,5,0.8778,0.013179529581893272,5,0.5246000000000001,0.011260550608207432,5,0.48339999999999994,0.07169588551653434,5,0.5666,0.10051517298398285,5,0.9294,0.03183237345847775,5
XGB,XGB_n_estimators=100_max_depth=6,fine_weedy,0.52,0.029171904291629656,5,0.05600000000000001,0.08907019703582114,5,0.055400000000000005,0.0818584143506335,5,0.5476,0.10218757262994359,5,0.034,0.022770595073471397,5,0.08660000000000001,0.14438767260400037,5,0.0432,0.06036306817914411,5,0.9974000000000001,0.003646916505762084,5
XGB,XGB_n_estimators=100_max_depth=6,fine_winey,0.6862,0.08223867703216049,5,0.3406,0.11358609069776107,5,0.36660000000000004,0.10538168721367104,5,0.8806,0.03334366506549637,5,0.34140000000000004,0.10130054294030215,5,0.3466,0.0917431196330275,5,0.40800000000000003,0.1702351315093333,5,0.9642,0.011903780911962383,5
XGB,XGB_n_estimators=100_max_depth=6,fine_woody,0.7318,0.029456747953567463,5,0.4838,0.05393700028737232,5,0.5462,0.0427983644547312,5,0.8482,0.014272350892547461,5,0.5962,0.030954805765825776,5,0.5826,0.09340663787975668,5,0.5258,0.07323045814413563,5,0.9372,0.026042273326267018,5
XGB,XGB_n_estimators=300_max_depth=3,fine_alcoholic,0.8032,0.04843242715371591,5,0.586,0.043174066289845804,5,0.5873999999999999,0.045676033102711504,5,0.9416,0.013446189051177256,5,0.6096,0.0616952186153838,5,0.587,0.11785160160133588,5,0.6174000000000001,0.10181993910821203,5,0.9896,0.006107372593840984,5
XGB,XGB_n_estimators=300_max_depth=3,fine_aldehydic,0.7,0.033301651610693365,5,0.3896,0.036760032644163936,5,0.3982,0.03141178122934133,5,0.89,0.04929503017546499,5,0.3604,0.05799396520328646,5,0.41479999999999995,0.1377033042450326,5,0.421,0.07581226813649623,5,0.9789999999999999,0.011510864433221357,5
XGB,XGB_n_estimators=300_max_depth=3,fine_alliaceous,0.7088,0.021753160689885948,5,0.38499999999999995,0.021470910553583897,5,0.3968,0.02385791273351461,5,0.9390000000000001,0.015604486534327177,5,0.4154,0.04130738432774458,5,0.3756,0.07555329244976687,5,0.4378,0.05053414687119987,5,0.9802,0.007155417527999334,5
XGB,XGB_n_estimators=300_max_depth=3,fine_almond,0.6212,0.048256605765428666,5,0.2808,0.06420046728801901,5,0.279,0.07597697019492157,5,0.9002000000000001,0.032213351269310686,5,0.2964,0.07465453770535319,5,0.3592,0.08254816775677096,5,0.25179999999999997,0.10020079840001277,5,0.9907999999999999,0.006379655163094641,5
XGB,XGB_n_estimators=300_max_depth=3,fine_amber,0.6888,0.06554921814941805,5,0.40359999999999996,0.05136438454805041,5,0.3982,0.042334383189081656,5,0.8742000000000001,0.02529229131573494,5,0.3306,0.07612029952647323,5,0.47519999999999996,0.1539438209217895,5,0.3888,0.1359032744270718,5,0.9892,0.0071203932475671665,5
XGB,XGB_n_estimators=300_max_depth=3,fine_animal,0.6268,0.029346209295239477,5,0.312,0.09311014982266973,5,0.304,0.0499499749749687,5,0.7656000000000001,0.03591378565397976,5,0.2444,0.0698448280118149,5,0.44539999999999996,0.31123110384407277,5,0.26639999999999997,0.06218761934661914,5,0.9869999999999999,0.00741619848709564,5
XGB,XGB_n_estimators=300_max_depth=3,fine_anisic,0.6437999999999999,0.06162142484558434,5,0.3348,0.13397649047500834,5,0.33340000000000003,0.1272430744677289,5,0.8238,0.07384239974432036,5,0.35300000000000004,0.15987338740390786,5,0.41740000000000005,0.19633211657800667,5,0.2952,0.12424854123892161,5,0.9922000000000001,0.004266145801540279,5
XGB,XGB_n_estimators=300_max_depth=3,fine_apple,0.7608,0.07646371688585378,5,0.46160000000000007,0.04291619740843775,5,0.47780000000000006,0.033596130729594435,5,0.9039999999999999,0.022825424421026648,5,0.5006,0.019320973060381826,5,0.46340000000000003,0.14040049857461334,5,0.5758,0.18809758105834318,5,0.9458,0.036921538429485805,5
XGB,XGB_n_estimators=300_max_depth=3,fine_apricot,0.542,0.03022416251941481,5,0.08520000000000001,0.06413813218359263,5,0.09459999999999999,0.06307772982598533,5,0.8126,0.0237339419397621,5,0.101,0.015215124054702938,5,0.1058,0.07989806005154318,5,0.0962,0.06518972311645448,5,0.9882,0.007563068160475637,5
XGB,XGB_n_estimators=300_max_depth=3,fine_aromatic,0.5176000000000001,0.017529974329701745,5,0.082,0.09966945369570358,5,0.05700000000000001,0.05286775955154521,5,0.6822,0.022129166274399016,5,0.09140000000000001,0.04114972660905538,5,0.2666,0.4224959171400358,5,0.039,0.03641428291206625,5,0.9962,0.004324349662087918,5
XGB,XGB_n_estimators=300_max_depth=3,fine_balsamic,0.6970000000000001,0.03883941297187691,5,0.3994,0.044903229282536004,5,0.4276,0.04178875446815806,5,0.8724000000000001,0.007765307463326875,5,0.4744,0.03779947089576783,5,0.4534000000000001,0.10347608419340186,5,0.43100000000000005,0.09207062506576134,5,0.9629999999999999,0.019052558883257686,5
XGB,XGB_n_estimators=300_max_depth=3,fine_banana,0.6852,0.08393271114410635,5,0.3364,0.08845789959070925,5,0.3436,0.08094936689066815,5,0.8783999999999998,0.045511536998875377,5,0.3762,0.0988645538097452,5,0.33819999999999995,0.09280463350501417,5,0.3928,0.17699632764551929,5,0.9778,0.013989281611290852,5
XGB,XGB_n_estimators=300_max_depth=3,fine_beefy,0.6362,0.05329352681142427,5,0.264,0.13446746818468774,5,0.2636,0.12713300122312854,5,0.8847999999999999,0.046040199825804394,5,0.2386,0.13966674622113884,5,0.2766,0.20194627998554468,5,0.28040000000000004,0.10500380945470504,5,0.9917999999999999,0.0041472882706655315,5
XGB,XGB_n_estimators=300_max_depth=3,fine_bergamot,0.6832,0.13443660215878717,5,0.3108,0.15779955639988344,5,0.3052,0.14117258940743418,5,0.9164,0.06330718758561306,5,0.311,0.30403371523566264,5,0.28040000000000004,0.10664567501778965,5,0.3722,0.2699698131273198,5,0.9942,0.002588435821108966,5
XGB,XGB_n_estimators=300_max_depth=3,fine_berry,0.579,0.038929423319643434,5,0.184,0.09699226773305179,5,0.1956,0.08756883007097903,5,0.7676000000000001,0.0583035161889916,5,0.19,0.059728552636071804,5,0.25820000000000004,0.16107824185780031,5,0.17880000000000001,0.08327184398102398,5,0.9792,0.013971399357258385,5
XGB,XGB_n_estimators=300_max_depth=3,fine_bitter,0.5970000000000001,0.061850626512590774,5,0.2662,0.07620826726805957,5,0.2334,0.09486200503889848,5,0.7714000000000001,0.06273196952113014,5,0.2088,0.09297687884630243,5,0.47539999999999993,0.30813925423418553,5,0.19860000000000003,0.12774505861284813,5,0.9949999999999999,0.0048989794855663635,5
XGB,XGB_n_estimators=300_max_depth=3,fine_black currant,0.6662,0.05813948744184111,5,0.3444,0.13796122643699568,5,0.3482,0.13663345124822104,5,0.8624,0.04484751944087882,5,0.32320000000000004,0.09801377454215301,5,0.3652,0.16681037138019927,5,0.33799999999999997,0.11443775600735975,5,0.9948,0.0016431676725155073,5
XGB,XGB_n_estimators=300_max_depth=3,fine_brandy,0.5196,0.03248538132760641,5,0.09259999999999999,0.16547900168903606,5,0.06999999999999999,0.10954451150103323,5,0.7778,0.16534267446730136,5,0.11220000000000001,0.09159530555656224,5,0.2334,0.43460073630862617,5,0.04279999999999999,0.06389600926505504,5,0.9968,0.0019235384061671518,5
XGB,XGB_n_estimators=300_max_depth=3,fine_burnt,0.6152,0.059305986207127515,5,0.23020000000000002,0.06739213603974872,5,0.248,0.058038780138800296,5,0.826,0.018013883534651803,5,0.2218,0.03502427729447105,5,0.2756,0.09783302101029079,5,0.2604,0.13645622008541786,5,0.97,0.020700241544484427,5
XGB,XGB_n_estimators=300_max_depth=3,fine_buttery,0.6557999999999999,0.08474491135165582,5,0.3276,0.14142595235670147,5,0.33540000000000003,0.15024247069320978,5,0.8390000000000001,0.04897958758503381,5,0.32,0.13988030597621667,5,0.38180000000000003,0.12209299734218995,5,0.3286,0.1736268988377089,5,0.983,0.012688577540449508,5
XGB,XGB_n_estimators=300_max_depth=3,fine_cabbage,0.6794,0.10323904300215107,5,0.3378,0.1220970925124755,5,0.3292,0.12914023385451956,5,0.9238,0.09607132766856091,5,0.3258,0.09052182057382628,5,0.3528,0.08452632725961774,5,0.3652,0.20952732518695502,5,0.9938,0.004024922359499632,5
XGB,XGB_n_estimators=300_max_depth=3,fine_camphoreous,0.7582,0.0655949693193007,5,0.4544,0.07659177501533698,5,0.4636,0.07035836837221282,5,0.9266,0.026968500143686142,5,0.44699999999999995,0.12608132296260222,5,0.4176,0.06273196952113014,5,0.5372,0.13334804085549962,5,0.9792,0.006534523701081811,5
XGB,XGB_n_estimators=300_max_depth=3,fine_caramellic,0.7214,0.04227647099747092,5,0.4744,0.057055236394217154,5,0.49119999999999997,0.053246596135339976,5,0.8962,0.016813684902483455,5,0.4796,0.050589524607373024,5,0.5431999999999999,0.09751512703165596,5,0.46299999999999997,0.0903686892679096,5,0.9795999999999999,0.009208691546577103,5
XGB,XGB_n_estimators=300_max_depth=3,fine_cedar,0.6636,0.05443620119001689,5,0.3116,0.055175175577427925,5,0.3066,0.04705634919965635,5,0.8802,0.05229435916042954,5,0.252,0.06332850858815482,5,0.32599999999999996,0.1289108218886219,5,0.3362,0.11259307261106254,5,0.9916,0.005128352561983243,5
XGB,XGB_n_estimators=300_max_depth=3,fine_celery,0.5762,0.04028895630318559,5,0.2912,0.17148236060889757,5,0.2346,0.1320730858275069,5,0.7402,0.08529185189688399,5,0.1956,0.0945716659470478,5,0.5952,0.3905197818292948,5,0.1544,0.07956632453494379,5,0.9982,0.002489979919597784,5
XGB,XGB_n_estimators=300_max_depth=3,fine_chamomile,0.6397999999999999,0.08358947302142782,5,0.316,0.13214953651072714,5,0.31100000000000005,0.13411375768354267,5,0.874,0.06991065727054781,5,0.2958,0.2019967821525878,5,0.3738,0.11890416308943941,5,0.2828,0.16704101292796328,5,0.9970000000000001,0.0015811388300841823,5
XGB,XGB_n_estimators=300_max_depth=3,fine_cheesy,0.7066,0.04694997337592428,5,0.43,0.07067531393633848,5,0.4462,0.07026521187614823,5,0.8836,0.018689569283426535,5,0.46579999999999994,0.08130621132484284,5,0.476,0.0904046458983165,5,0.4324,0.09734628909208613,5,0.9805999999999999,0.007021395872616789,5
XGB,XGB_n_estimators=300_max_depth=3,fine_cherry,0.587,0.035812009158939964,5,0.244,0.0680367547726962,5,0.227,0.06194352266379431,5,0.891,0.023769728648009452,5,0.21580000000000005,0.04365432395536553,5,0.3876,0.17804858887393635,5,0.1814,0.07689148197297281,5,0.993,0.007449832212875692,5
XGB,XGB_n_estimators=300_max_depth=3,fine_chocolate,0.6314,0.06423628258235375,5,0.2826,0.04258286040180955,5,0.2742,0.03749933332740731,5,0.8516,0.029517791245281248,5,0.2332,0.06345628416476969,5,0.3476,0.11819813873323048,5,0.27040000000000003,0.13231893288566077,5,0.9926,0.0045055521304275085,5
XGB,XGB_n_estimators=300_max_depth=3,fine_cinnamon,0.6376,0.08836458566643085,5,0.3106,0.19342000930617287,5,0.31260000000000004,0.18853726422116135,5,0.9092,0.024783058729704835,5,0.3028,0.12034409000860823,5,0.3666,0.2346066921466649,5,0.282,0.1764652940382329,5,0.9938,0.002588435821108981,5
XGB,XGB_n_estimators=300_max_depth=3,fine_citrus,0.7173999999999999,0.04912534987152763,5,0.4242,0.044076070605261544,5,0.46040000000000003,0.051650750236564805,5,0.866,0.014949916387726062,5,0.4720000000000001,0.057105166141076955,5,0.46840000000000004,0.08603662011027628,5,0.48440000000000005,0.11958386178745026,5,0.9503999999999999,0.02342648074295405,5
XGB,XGB_n_estimators=300_max_depth=3,fine_clean,0.5628,0.03898974224074836,5,0.2028,0.15360240883527837,5,0.18839999999999998,0.11966954499788156,5,0.7502,0.06312448019587966,5,0.1748,0.11608272912022702,5,0.35500000000000004,0.3085636077051213,5,0.13340000000000002,0.07263470244999976,5,0.9926,0.005412947441089753,5
XGB,XGB_n_estimators=300_max_depth=3,fine_clove,0.734,0.08100308636095291,5,0.4958,0.19723387133045883,5,0.49219999999999997,0.20082255849381067,5,0.9288000000000001,0.030962881002904077,5,0.39980000000000004,0.16823852115374766,5,0.541,0.2373889213927221,5,0.47139999999999993,0.1600977826204973,5,0.9964000000000001,0.0036469165057621,5
XGB,XGB_n_estimators=300_max_depth=3,fine_cocoa,0.6814,0.03504711115056415,5,0.38639999999999997,0.059044898170798804,5,0.3956,0.05514798273735858,5,0.8496,0.07691098751153833,5,0.3672,0.08807780651219693,5,0.4326,0.09658571322923488,5,0.37560000000000004,0.07208883408684039,5,0.9875999999999999,0.004560701700396558,5
XGB,XGB_n_estimators=300_max_depth=3,fine_coconut,0.6978,0.09635195898371764,5,0.49139999999999995,0.07491862251803622,5,0.4544,0.1309343346872775,5,0.889,0.031992186546092816,5,0.49779999999999996,0.10891602269638745,5,0.7114,0.21095923776881637,5,0.40040000000000003,0.19715552236749548,5,0.9954000000000001,0.004615192303685699,5
XGB,XGB_n_estimators=300_max_depth=3,fine_coffee,0.6386000000000001,0.030369392486515143,5,0.29660000000000003,0.0666580827807101,5,0.3096,0.06506381482821307,5,0.8836,0.028483328457187044,5,0.2786,0.06143940103874712,5,0.3358,0.08039091988527063,5,0.2906,0.05901948830682964,5,0.9868,0.00420713679359253,5
XGB,XGB_n_estimators=300_max_depth=3,fine_cognac,0.7138,0.08975355146176667,5,0.41720000000000007,0.13802608449130185,5,0.4098,0.13299511269215875,5,0.9044000000000001,0.03725989801381637,5,0.4002,0.17942463598959874,5,0.4628,0.23104804695127806,5,0.4446,0.1846721419164244,5,0.9823999999999999,0.014774978849392679,5
XGB,XGB_n_estimators=300_max_depth=3,fine_cooked,0.5572,0.04904793573637936,5,0.10600000000000001,0.07994685734911662,5,0.11539999999999999,0.07780616942119693,5,0.7872,0.07836261863924665,5,0.1026,0.05078188653447212,5,0.1216,0.09377792917312686,5,0.1298,0.10544050455114486,5,0.9847999999999999,0.009576011695899325,5
XGB,XGB_n_estimators=300_max_depth=3,fine_cooling,0.6594,0.0929155530576018,5,0.2988,0.08409934601410406,5,0.2954,0.07951603611850884,5,0.8436,0.053896196526285606,5,0.2692,0.08946340033779177,5,0.3172,0.07097323439156485,5,0.3308,0.19362515332466493,5,0.9879999999999999,0.007713624310270749,5
XGB,XGB_n_estimators=300_max_depth=3,fine_cortex,0.5624,0.057578641873528076,5,0.24500000000000002,0.1457772273024837,5,0.182,0.12142693276205242,5,0.6574,0.120157396776062,5,0.1654,0.11614775073155743,5,0.6,0.4346774666347452,5,0.12940000000000002,0.11429916885087135,5,0.9954000000000001,0.006228964600959004,5
XGB,XGB_n_estimators=300_max_depth=3,fine_coumarinic,0.653,0.032969683043669054,5,0.3832,0.04306622806794206,5,0.363,0.02480927246011055,5,0.8800000000000001,0.07352890588061269,5,0.3428,0.10646219986455288,5,0.526,0.20122375605280804,5,0.3122,0.07084631253636282,5,0.9948,0.004919349550499533,5
XGB,XGB_n_estimators=300_max_depth=3,fine_creamy,0.6042,0.045713236595104484,5,0.24939999999999998,0.05364046979660041,5,0.24820000000000003,0.07937379920351552,5,0.7163999999999999,0.037058062550543565,5,0.20380000000000004,0.045394933638017367,5,0.3942,0.2171755050644524,5,0.22960000000000003,0.10326809768752401,5,0.9785999999999999,0.015693947878083436,5
XGB,XGB_n_estimators=300_max_depth=3,fine_cucumber,0.687,0.04848711168960264,5,0.394,0.11216282806705617,5,0.3848,0.11391531942631773,5,0.901,0.054483942588619626,5,0.4242,0.052637439147435745,5,0.45099999999999996,0.21075934142998265,5,0.3804,0.09923356287063365,5,0.994,0.0051478150704934835,5
XGB,XGB_n_estimators=300_max_depth=3,fine_dairy,0.6228,0.0667285546074542,5,0.24420000000000003,0.1380206506288099,5,0.262,0.1343856391137089,5,0.7612,0.10887929096021887,5,0.22820000000000001,0.12307396150282965,5,0.26280000000000003,0.14211509420184756,5,0.2666,0.12874703880089824,5,0.9795999999999999,0.007893034904268457,5
XGB,XGB_n_estimators=300_max_depth=3,fine_dry,0.595,0.051244511901275824,5,0.156,0.06150203248673983,5,0.1822,0.055490539734264606,5,0.6928,0.03503855019831726,5,0.1244,0.04912026058562801,5,0.1592,0.0409719416186248,5,0.2298,0.11273730527203496,5,0.9603999999999999,0.011631852818876307,5
XGB,XGB_n_estimators=300_max_depth=3,fine_earthy,0.6252,0.021393924371185404,5,0.2408,0.05204997598462462,5,0.2926,0.04550054944723194,5,0.7388,0.03428848203114279,5,0.2644,0.04563770371085733,5,0.2818,0.061132642671489344,5,0.30860000000000004,0.039424611602398824,5,0.9422,0.017340703561274505,5
XGB,XGB_n_estimators=300_max_depth=3,fine_ethereal,0.7248,0.04440382866375376,5,0.484,0.03938908478246226,5,0.5022,0.04466766168045961,5,0.8976000000000001,0.00947628619238571,5,0.5438000000000001,0.07727030477486165,5,0.5660000000000001,0.10104207044592863,5,0.475,0.10286155744494634,5,0.9746,0.01608726204175218,5
XGB,XGB_n_estimators=300_max_depth=3,fine_fatty,0.7522,0.01732628061645088,5,0.484,0.03634556369077249,5,0.5478,0.032034356556672035,5,0.8448,0.011077003204838358,5,0.526,0.0362560339805666,5,0.5237999999999999,0.047740967732127076,5,0.5764,0.03569733883638944,5,0.9279999999999999,0.012206555615733613,5
XGB,XGB_n_estimators=300_max_depth=3,fine_fermented,0.6546000000000001,0.04504220243282962,5,0.3826,0.05014279609275892,5,0.3694,0.059873199346619194,5,0.8565999999999999,0.008324662155306955,5,0.40919999999999995,0.0389319919860261,5,0.537,0.1899381478271282,5,0.3202,0.09786572433697102,5,0.9884000000000001,0.01062073443788143,5
XGB,XGB_n_estimators=300_max_depth=3,fine_fishy,0.7338,0.06469698601944293,5,0.47759999999999997,0.07079406754806507,5,0.477,0.0695557330491168,5,0.8943999999999999,0.048839533167302066,5,0.4848,0.09638827729553007,5,0.512,0.11282065413744065,5,0.4758,0.1323393365556893,5,0.9917999999999999,0.005403702434442504,5
XGB,XGB_n_estimators=300_max_depth=3,fine_floral,0.7638,0.011388590782006384,5,0.4868,0.023562682360037016,5,0.6073999999999999,0.014638989036132257,5,0.8582000000000001,0.013046072205840356,5,0.6256,0.025976912826585073,5,0.5432,0.055119869375752355,5,0.6992,0.05855937158132766,5,0.8284,0.0459923906749801,5
XGB,XGB_n_estimators=300_max_depth=3,fine_fresh,0.643,0.044209727436391164,5,0.22759999999999997,0.048660045211651834,5,0.31880000000000003,0.0365882494798535,5,0.7416,0.02702406335102107,5,0.2504,0.01921717981390611,5,0.2554,0.023104112188093263,5,0.4372,0.11909324078217033,5,0.8493999999999999,0.03266190441477653,5
XGB,XGB_n_estimators=300_max_depth=3,fine_fruit skin,0.5454000000000001,0.03228467128530191,5,0.13820000000000002,0.10491282095149286,5,0.1274,0.0916149551110516,5,0.683,0.12978636291999243,5,0.11599999999999999,0.06898550572402874,5,0.23079999999999998,0.2013000248385479,5,0.09519999999999999,0.06522806144597583,5,0.9958,0.005167204273105561,5
XGB,XGB_n_estimators=300_max_depth=3,fine_fruity,0.7678,0.0034928498393145923,5,0.5336000000000001,0.009736529155710444,5,0.7133999999999999,0.00856154191720162,5,0.8503999999999999,0.00581377674149946,5,0.7896000000000001,0.004393176527297781,5,0.7016,0.04626877997094799,5,0.7322,0.05823830354672089,5,0.8028000000000001,0.052893288799241815,5
XGB,XGB_n_estimators=300_max_depth=3,fine_garlic,0.7956,0.04571979877471026,5,0.522,0.06962399011834931,5,0.5282,0.06938803931514426,5,0.9621999999999999,0.02252110121641482,5,0.5468,0.13177898163212526,5,0.475,0.0857000583430373,5,0.6086,0.0932566351526796,5,0.9827999999999999,0.006833739825307947,5
XGB,XGB_n_estimators=300_max_depth=3,fine_gassy,0.5714,0.059201351335928146,5,0.1532,0.10787585457367187,5,0.149,0.10064790112068905,5,0.9024000000000001,0.0804940991626094,5,0.1558,0.11857782254705135,5,0.18860000000000002,0.14988095275918153,5,0.1488,0.11906384841756125,5,0.9944,0.00433589667773577,5
XGB,XGB_n_estimators=300_max_depth=3,fine_geranium,0.6508,0.06285857141233805,5,0.301,0.04680811895387381,5,0.2874,0.04348907908889313,5,0.7978,0.08221739475317863,5,0.2294,0.07859898218170513,5,0.35459999999999997,0.1675374584980923,5,0.3106,0.1314108062527584,5,0.9911999999999999,0.006058052492344398,5
XGB,XGB_n_estimators=300_max_depth=3,fine_grape,0.6396,0.034818098741890006,5,0.3574,0.04086930388445589,5,0.341,0.047312788968734455,5,0.8004,0.06816010563372098,5,0.33399999999999996,0.059148119158600486,5,0.5082,0.17992137171553577,5,0.2864,0.07511524479092109,5,0.993,0.006123724356957963,5
XGB,XGB_n_estimators=300_max_depth=3,fine_grapefruit,0.6312,0.06132862300753214,5,0.31120000000000003,0.04088642806604656,5,0.2872,0.08259963680307561,5,0.8779999999999999,0.05224461694758608,5,0.2906,0.10724644516253208,5,0.481,0.30318146381334066,5,0.27,0.1277223551301807,5,0.9926,0.004878524367060251,5
XGB,XGB_n_estimators=300_max_depth=3,fine_grassy,0.5349999999999999,0.02687005768508879,5,0.1262,0.10294755946597277,5,0.1018,0.06652593479238003,5,0.7404,0.06545838372584521,5,0.098,0.052825183388228766,5,0.3082,0.39869938550241085,5,0.075,0.05479507277118993,5,0.9949999999999999,0.003999999999999997,5
XGB,XGB_n_estimators=300_max_depth=3,fine_green,0.7192000000000001,0.0289603176778156,5,0.4282,0.04356259863690411,5,0.5964,0.04133763418484422,5,0.8106,0.02144294755857969,5,0.6602,0.03171277345171817,5,0.5696,0.06283947803729753,5,0.648,0.12945655641951861,5,0.7906,0.08609471528496972,5
XGB,XGB_n_estimators=300_max_depth=3,fine_hawthorn,0.6066,0.12081514805685585,5,0.217,0.2581288437970465,5,0.21760000000000002,0.25337580784281677,5,0.8586,0.1435924789116756,5,0.23500000000000001,0.2381060688012802,5,0.23159999999999997,0.29367379862698,5,0.21739999999999998,0.24045332187349794,5,0.9960000000000001,0.0035355339059327394,5
XGB,XGB_n_estimators=300_max_depth=3,fine_hay,0.5444,0.037766387171663605,5,0.0874,0.06635736583078024,5,0.0972,0.06962542639007677,5,0.7712,0.06987631930775977,5,0.08280000000000001,0.03291959902550455,5,0.1014,0.06650789426827465,5,0.1006,0.08240934413038366,5,0.9888,0.0076941536246685534,5
XGB,XGB_n_estimators=300_max_depth=3,fine_hazelnut,0.6506000000000001,0.04083258502715691,5,0.329,0.1317782227835844,5,0.3146,0.09608225642645993,5,0.9036,0.044981107145111485,5,0.2948,0.13640271258299816,5,0.4138,0.3384711213678354,5,0.3092,0.08193411987688647,5,0.992,0.0051478150704935026,5
XGB,XGB_n_estimators=300_max_depth=3,fine_herbal,0.6668000000000001,0.030441747650225358,5,0.30920000000000003,0.03863547592563083,5,0.41500000000000004,0.033481338085566414,5,0.7674000000000001,0.03118172541730176,5,0.398,0.037543308325186285,5,0.3894,0.08134064174814457,5,0.4866,0.1349807393667704,5,0.8474,0.08489287367029107,5
XGB,XGB_n_estimators=300_max_depth=3,fine_honey,0.6522,0.06388427036446453,5,0.35259999999999997,0.074704752191544,5,0.3552,0.07456004291844258,5,0.8362,0.030930567405076784,5,0.3536,0.11184945239025537,5,0.45099999999999996,0.10905044704172467,5,0.31880000000000003,0.13575418962227281,5,0.986,0.009669539802906869,5
XGB,XGB_n_estimators=300_max_depth=3,fine_hyacinth,0.5824,0.05486620088907196,5,0.2142,0.13724685788753052,5,0.19419999999999998,0.11286363453300625,5,0.8028000000000001,0.06757736307373942,5,0.159,0.07992496481075236,5,0.3516,0.37929777220542704,5,0.1702,0.11210352358422995,5,0.9948,0.0038340579025361744,5
XGB,XGB_n_estimators=300_max_depth=3,fine_jasmin,0.6978,0.07215746669610847,5,0.3518,0.09533467365025171,5,0.3618,0.08951368610441644,5,0.8324,0.056919241034996244,5,0.3578,0.12010079100488891,5,0.3292,0.06495152038251298,5,0.4136,0.14566674294429735,5,0.9826,0.004827007354458848,5
XGB,XGB_n_estimators=300_max_depth=3,fine_juicy,0.5298,0.02976911150840751,5,0.06,0.06474179484691478,5,0.0654,0.06227599858693556,5,0.7146,0.06505228666234568,5,0.07339999999999999,0.02194994305231792,5,0.07339999999999999,0.0829927707695074,5,0.06720000000000001,0.06198144883753525,5,0.9928000000000001,0.004438468204234439,5
XGB,XGB_n_estimators=300_max_depth=3,fine_ketonic,0.7752,0.07764470361846972,5,0.5096,0.14855907915708147,5,0.5,0.15639852940485088,5,0.9042,0.05511079749014706,5,0.4624,0.10876948101374762,5,0.5025999999999999,0.21415018094785726,5,0.5576000000000001,0.1551267223917272,5,0.993,0.005700877125495719,5
XGB,XGB_n_estimators=300_max_depth=3,fine_lactonic,0.6686,0.07595261680811265,5,0.3288,0.1485907130341597,5,0.32480000000000003,0.13667735730544397,5,0.8534,0.08486047372010125,5,0.277,0.14600856139281695,5,0.355,0.24297324955640692,5,0.3478,0.15322271372091018,5,0.99,0.004743416490252593,5
XGB,XGB_n_estimators=300_max_depth=3,fine_lavender,0.5858,0.08849689260081393,5,0.15619999999999998,0.17177077749139985,5,0.1594,0.1702521659186749,5,0.8682000000000001,0.08428048409922669,5,0.23759999999999998,0.15617714301395066,5,0.1514,0.1698890814619939,5,0.1772,0.1766329527579721,5,0.9944,0.004335896677735763,5
XGB,XGB_n_estimators=300_max_depth=3,fine_leafy,0.558,0.024819347291981705,5,0.1276,0.06831032132847861,5,0.1466,0.05802844130251991,5,0.7128,0.06601666456282082,5,0.11480000000000001,0.05198268942638501,5,0.1734,0.10591883685161954,5,0.1422,0.047882146986115814,5,0.9732,0.01672423391369542,5
XGB,XGB_n_estimators=300_max_depth=3,fine_leathery,0.5976,0.008961026726887941,5,0.2104,0.07798910180275188,5,0.20459999999999998,0.05053513629149524,5,0.734,0.08959631688858644,5,0.177,0.07812169993030105,5,0.2682,0.22617515336570462,5,0.2044,0.020707486568871652,5,0.9907999999999999,0.004764451699828634,5
XGB,XGB_n_estimators=300_max_depth=3,fine_lemon,0.647,0.07080254232723565,5,0.3126,0.12063084182745307,5,0.3084,0.10990359411775394,5,0.8098000000000001,0.03447027705139599,5,0.32599999999999996,0.13762812212625733,5,0.37279999999999996,0.21040841237935332,5,0.304,0.14479122901612512,5,0.9904,0.00541294744108976,5
XGB,XGB_n_estimators=300_max_depth=3,fine_lily,0.5808,0.06014731914225271,5,0.177,0.0787273777030583,5,0.166,0.0726050962398646,5,0.8114000000000001,0.04670974202454986,5,0.1958,0.04651021393199563,5,0.25339999999999996,0.1674882085401835,5,0.173,0.1265286528814719,5,0.9892,0.008467585252006667,5
XGB,XGB_n_estimators=300_max_depth=3,fine_malty,0.7448,0.05289328879924183,5,0.5836,0.180411474136209,5,0.5588,0.17939258624592044,5,0.9026,0.05484797170360997,5,0.6306,0.0694715769217887,5,0.7378,0.3211030987081875,5,0.4918,0.10561581320995451,5,0.9982,0.0029495762407505508,5
XGB,XGB_n_estimators=300_max_depth=3,fine_meaty,0.7754,0.04235917846228847,5,0.5136000000000001,0.020082330542046167,5,0.5382,0.020278066969018516,5,0.9268000000000001,0.014584238067173705,5,0.5608,0.05507449500449367,5,0.5128,0.07028299936684548,5,0.5888,0.10144062302647788,5,0.9618,0.017079227148791024,5
XGB,XGB_n_estimators=300_max_depth=3,fine_medicinal,0.6042,0.03001166439902995,5,0.24359999999999998,0.09258401589907407,5,0.238,0.06367495583037337,5,0.8582000000000001,0.04813730362203523,5,0.23399999999999999,0.0697674709302265,5,0.325,0.23832330981253178,5,0.2172,0.06291025353628771,5,0.9911999999999999,0.005118593556827897,5
XGB,XGB_n_estimators=300_max_depth=3,fine_melon,0.6494,0.04701914503688896,5,0.3094,0.08825701105294695,5,0.31839999999999996,0.08105121837455621,5,0.8608,0.030334798499413215,5,0.30779999999999996,0.09104229786203774,5,0.355,0.15169541852013857,5,0.3176,0.10040567713032963,5,0.9815999999999999,0.011371015785759882,5
XGB,XGB_n_estimators=300_max_depth=3,fine_metallic,0.568,0.06554769256045556,5,0.1372,0.09709891863455536,5,0.13599999999999998,0.09050414355155238,5,0.7134,0.05288478041932294,5,0.10900000000000001,0.03613862199918531,5,0.2068,0.18164443289019347,5,0.1554,0.14752728561184877,5,0.9804,0.01772850811546195,5
XGB,XGB_n_estimators=300_max_depth=3,fine_milky,0.5700000000000001,0.030919249667480563,5,0.18919999999999998,0.05896354806149303,5,0.1682,0.05192494583531119,5,0.7428,0.06097294481981333,5,0.175,0.0945515732285825,5,0.3742,0.36188630811347366,5,0.151,0.06776060802560732,5,0.9894000000000001,0.008648699324175835,5
XGB,XGB_n_estimators=300_max_depth=3,fine_mint,0.6912,0.03523776383370545,5,0.39180000000000004,0.04793433007772197,5,0.4162,0.04443759669469084,5,0.8596,0.017227884373886452,5,0.404,0.060733022318998735,5,0.43200000000000005,0.05307070755134137,5,0.40780000000000005,0.07326458899086245,5,0.9746,0.005856620185738485,5
XGB,XGB_n_estimators=300_max_depth=3,fine_muguet,0.6220000000000001,0.048538644398046386,5,0.257,0.0445701693961331,5,0.2492,0.061912841963521585,5,0.9114000000000001,0.01411736519326468,5,0.1992,0.07033633484906644,5,0.317,0.1277497553813705,5,0.2526,0.10198921511610921,5,0.9917999999999999,0.005718391382198312,5
XGB,XGB_n_estimators=300_max_depth=3,fine_mushroom,0.6216,0.07763568767003996,5,0.2758,0.11560363316090025,5,0.274,0.11969962405956001,5,0.8318,0.06365296536690182,5,0.2952,0.12043338407601106,5,0.3492,0.11534816860271341,5,0.25339999999999996,0.1610801042959682,5,0.9906,0.006693280212272634,5
XGB,XGB_n_estimators=300_max_depth=3,fine_musk,0.7922,0.031736414416250615,5,0.626,0.09486569453706646,5,0.6292,0.08745398790221058,5,0.8817999999999999,0.04884362803887522,5,0.638,0.0745285180316904,5,0.6838,0.15864646229903773,5,0.5904,0.06223182465587842,5,0.9942,0.003193743884534266,5
XGB,XGB_n_estimators=300_max_depth=3,fine_musty,0.567,0.03519943181359607,5,0.1258,0.048889671710904345,5,0.157,0.0524785670536077,5,0.7232000000000001,0.02914961406262525,5,0.12940000000000002,0.02994661917479167,5,0.1584,0.048479892739155275,5,0.174,0.09042953057491783,5,0.9603999999999999,0.02214271889357762,5
XGB,XGB_n_estimators=300_max_depth=3,fine_natural,0.5166000000000001,0.025559733957926878,5,0.06899999999999999,0.11193748255164578,5,0.0486,0.06659429404986586,5,0.7011999999999999,0.0938546748968851,5,0.0716,0.0571209243622685,5,0.225,0.4366062299143245,5,0.0374,0.05584621741890851,5,0.9960000000000001,0.005830951894845296,5
XGB,XGB_n_estimators=300_max_depth=3,fine_nutty,0.6936,0.015946786510140525,5,0.43879999999999997,0.02279692961782355,5,0.46699999999999997,0.009848857801796099,5,0.8156000000000001,0.01570986950932435,5,0.45359999999999995,0.037326933975348135,5,0.5492,0.08645345568570412,5,0.41719999999999996,0.04894078054138489,5,0.97,0.017832554500127044,5
XGB,XGB_n_estimators=300_max_depth=3,fine_odorless,0.8902000000000001,0.042387498156885854,5,0.7,0.06447092367881817,5,0.7082,0.061864367773379836,5,0.9715999999999999,0.023765521244020694,5,0.8400000000000001,0.04693080012102925,5,0.6382,0.06490916730324,5,0.8,0.08477912478906581,5,0.9805999999999999,0.004827007354458869,5
XGB,XGB_n_estimators=300_max_depth=3,fine_oily,0.6826000000000001,0.03053358806298399,5,0.348,0.024155744658362312,5,0.3972,0.020837466256721334,5,0.7968,0.009364827814754537,5,0.3584,0.025774017925034497,5,0.3866,0.05377080992508852,5,0.4248,0.0773996124021303,5,0.9402000000000001,0.020885401600160777,5
XGB,XGB_n_estimators=300_max_depth=3,fine_onion,0.7714000000000001,0.07626794870717321,5,0.4852,0.07909930467456718,5,0.4944,0.08412966183219805,5,0.967,0.012389511693363895,5,0.588,0.060290961179931456,5,0.46159999999999995,0.06083420090705556,5,0.5686,0.16168116773452623,5,0.9742,0.011233877335986901,5
XGB,XGB_n_estimators=300_max_depth=3,fine_orange,0.6496,0.0909109454356295,5,0.2572,0.1694718265671318,5,0.2684,0.16888546414656294,5,0.8728,0.05526934050628787,5,0.2792,0.12395644396319216,5,0.236,0.15675936973591084,5,0.31799999999999995,0.18431901692446168,5,0.9814,0.009396807968666819,5
XGB,XGB_n_estimators=300_max_depth=3,fine_orangeflower,0.5856,0.10291404180188436,5,0.20400000000000001,0.22859790025282387,5,0.20260000000000003,0.2273275170321446,5,0.8994,0.06577081419596383,5,0.2978,0.17708811366096824,5,0.25,0.2598076211353316,5,0.173,0.20620863221504576,5,0.998,0.0012247448713915714,5
XGB,XGB_n_estimators=300_max_depth=3,fine_orris,0.6128,0.030260535355475817,5,0.231,0.05666127425323226,5,0.2338,0.05263268946196841,5,0.8417999999999999,0.03291200388915873,5,0.1928,0.0315071420474787,5,0.25860000000000005,0.10882233226686516,5,0.23559999999999998,0.062171536895914044,5,0.9904,0.00482700735445886,5
XGB,XGB_n_estimators=300_max_depth=3,fine_ozone,0.5307999999999999,0.031140006422606958,5,0.1056,0.1094545567804283,5,0.0958,0.09145053307663112,5,0.8501999999999998,0.10898715520647378,5,0.1618,0.09342216011204194,5,0.19,0.20736441353327723,5,0.0654,0.06091223194071942,5,0.9968,0.0014832396974191358,5
XGB,XGB_n_estimators=300_max_depth=3,fine_peach,0.6294000000000001,0.0483973139750544,5,0.2854,0.07668637427861616,5,0.2916,0.077854351195036,5,0.8368,0.02520317440323743,5,0.2894,0.05900254231810694,5,0.3366,0.08585627525114285,5,0.2696,0.10079335295544048,5,0.9896,0.005176871642217922,5
XGB,XGB_n_estimators=300_max_depth=3,fine_pear,0.6352,0.04718262392025271,5,0.2894,0.06786972815622588,5,0.2976,0.07133232086508891,5,0.8728,0.023993749185985933,5,0.2704,0.06692757279328154,5,0.3448,0.10035785968223918,5,0.2878,0.10183172393709145,5,0.9827999999999999,0.011300442469213336,5
XGB,XGB_n_estimators=300_max_depth=3,fine_phenolic,0.6766,0.02696850014368612,5,0.45519999999999994,0.08445531362797724,5,0.4492,0.06661981687155862,5,0.9019999999999999,0.04592929348465966,5,0.479,0.11099099062536562,5,0.6226,0.1874014407628714,5,0.3632,0.055701885066844925,5,0.9904,0.007436396977031292,5
XGB,XGB_n_estimators=300_max_depth=3,fine_pine,0.6846,0.03994746550158093,5,0.3598,0.06834983540580036,5,0.367,0.0671825870296761,5,0.9216,0.047321242587235586,5,0.32120000000000004,0.06923655104061727,5,0.365,0.09074414581668615,5,0.3796,0.0812668444077903,5,0.9898,0.0026832815729997844,5
XGB,XGB_n_estimators=300_max_depth=3,fine_pineapple,0.7236,0.05746999216982722,5,0.40659999999999996,0.03673962438566839,5,0.4142,0.0262621400498893,5,0.8974,0.023125743231299633,5,0.4324,0.09526961740240167,5,0.42119999999999996,0.15949514099181833,5,0.483,0.13553412854333038,5,0.9642,0.022061278294786074,5
XGB,XGB_n_estimators=300_max_depth=3,fine_plum,0.5452,0.014411800720243072,5,0.1416,0.08457422775290353,5,0.12,0.028609439001839935,5,0.8084,0.028710625210886624,5,0.1214,0.03651438072869374,5,0.3082,0.38877847162619483,5,0.09759999999999999,0.031918646587848924,5,0.993,0.005385164807134509,5
XGB,XGB_n_estimators=300_max_depth=3,fine_popcorn,0.8058,0.08571872607546148,5,0.6288,0.17027242877224721,5,0.6186,0.17008027516440583,5,0.9872,0.007596051605933192,5,0.6374,0.20837298289365636,5,0.6762,0.26007441242844326,5,0.6142,0.17184207866526752,5,0.9970000000000001,0.0035355339059327234,5
XGB,XGB_n_estimators=300_max_depth=3,fine_potato,0.6058,0.1521798278353606,5,0.21680000000000002,0.2530152169336856,5,0.2064,0.25295711098919516,5,0.8566,0.06920476862182261,5,0.2152,0.13087665949282173,5,0.275,0.2561737691489899,5,0.2152,0.3049937704281843,5,0.9965999999999999,0.0016733200530681554,5
XGB,XGB_n_estimators=300_max_depth=3,fine_powdery,0.5756,0.06956148359544956,5,0.144,0.0932925506136476,5,0.16219999999999998,0.09117400945444923,5,0.7984,0.05198365127614642,5,0.18280000000000002,0.08611445871629224,5,0.1762,0.07205345238085403,5,0.1762,0.15228000525348034,5,0.9747999999999999,0.014042791745233579,5
XGB,XGB_n_estimators=300_max_depth=3,fine_pungent,0.6724,0.05604730145154181,5,0.29359999999999997,0.06764835548629398,5,0.3176,0.06619138916807835,5,0.8554,0.030004999583402813,5,0.30860000000000004,0.038830400461494066,5,0.28200000000000003,0.05090677754484171,5,0.3866,0.12138080573138407,5,0.9578,0.0142548237449644,5
XGB,XGB_n_estimators=300_max_depth=3,fine_radish,0.624,0.07134773997822214,5,0.3038,0.10193723559131863,5,0.2922,0.11627639485295373,5,0.8208,0.059884889579926597,5,0.3048,0.14282051673341617,5,0.4086,0.09283749242628218,5,0.2528,0.14449117620117846,5,0.9955999999999999,0.0029664793948382616,5
XGB,XGB_n_estimators=300_max_depth=3,fine_raspberry,0.5304,0.033019691094860346,5,0.1056,0.11411310178940892,5,0.096,0.09554841704601914,5,0.6900000000000001,0.1023498900829893,5,0.10640000000000001,0.08367078343125514,5,0.19,0.20736441353327723,5,0.06520000000000001,0.06340898989890945,5,0.9960000000000001,0.004123105625617658,5
XGB,XGB_n_estimators=300_max_depth=3,fine_ripe,0.5753999999999999,0.03270015290484125,5,0.132,0.03205464084964921,5,0.142,0.028169132042006544,5,0.7687999999999999,0.07863014689036259,5,0.09759999999999999,0.03360505914293263,5,0.14020000000000002,0.04738354144637145,5,0.1702,0.0726271299171322,5,0.9805999999999999,0.008049844718999234,5
XGB,XGB_n_estimators=300_max_depth=3,fine_roasted,0.7684,0.055319978308021815,5,0.5002000000000001,0.058341237559722696,5,0.5274,0.05114000391083284,5,0.9202,0.014411800720243126,5,0.5168,0.04587700949277321,5,0.5,0.06899637671646243,5,0.5758,0.12091815413741648,5,0.9616,0.014415269681833848,5
XGB,XGB_n_estimators=300_max_depth=3,fine_rose,0.733,0.04094508517514649,5,0.42539999999999994,0.08167496556473104,5,0.4626,0.07749387072536768,5,0.8859999999999999,0.03380088756231121,5,0.515,0.08691087388813898,5,0.42779999999999996,0.09781717640578265,5,0.5198,0.08741681760393706,5,0.9464,0.026857028875138036,5
XGB,XGB_n_estimators=300_max_depth=3,fine_rummy,0.5694,0.0708258427411916,5,0.145,0.12055496671643189,5,0.153,0.12193030796319676,5,0.7872,0.04204402454570689,5,0.1358,0.05108032889479079,5,0.1734,0.11211511940857932,5,0.1492,0.1465919506657852,5,0.9896,0.0063087241182350155,5
XGB,XGB_n_estimators=300_max_depth=3,fine_sandalwood,0.7482,0.09984337734672244,5,0.576,0.08351945881050711,5,0.5532,0.09635714815207015,5,0.933,0.05497272050753899,5,0.5908,0.13660783286473732,5,0.7150000000000001,0.17102631376487068,5,0.49820000000000003,0.20059586237008975,5,0.9984,0.001140175425099143,5
XGB,XGB_n_estimators=300_max_depth=3,fine_savory,0.6980000000000001,0.05319774431308153,5,0.33419999999999994,0.06455772610617572,5,0.34619999999999995,0.06141416774653875,5,0.8705999999999999,0.03658961601328993,5,0.2818,0.0694672584747664,5,0.3016,0.052927308641192015,5,0.4224,0.10991041806853434,5,0.9734,0.007569676347110267,5
XGB,XGB_n_estimators=300_max_depth=3,fine_sharp,0.619,0.0589364064055487,5,0.2466,0.08447070498107614,5,0.2532,0.08897302962134088,5,0.7752000000000001,0.055115333619601685,5,0.1308,0.04928184249802355,5,0.2858,0.07988554312264518,5,0.2518,0.12582607043057492,5,0.986,0.01029563014098701,5
XGB,XGB_n_estimators=300_max_depth=3,fine_smoky,0.6542,0.06631138665417877,5,0.29159999999999997,0.1007586224598173,5,0.2868,0.09705771478867611,5,0.8614,0.019629060089571326,5,0.272,0.11281179016397179,5,0.316,0.17155465601376135,5,0.3214,0.13774904718363754,5,0.9872,0.009523654760647308,5
XGB,XGB_n_estimators=300_max_depth=3,fine_soapy,0.515,0.023505318547086318,5,0.0374,0.05953402388550601,5,0.0412,0.05669832449023516,5,0.7678,0.0874568465015747,5,0.0748,0.0558900706744946,5,0.05820000000000001,0.0885223135712121,5,0.0354,0.04915078839652524,5,0.9952,0.003114482300479524,5
XGB,XGB_n_estimators=300_max_depth=3,fine_solvent,0.6884,0.1452611441508017,5,0.286,0.16579505420850166,5,0.2726,0.15624115974991995,5,0.8821999999999999,0.07235468194940807,5,0.30660000000000004,0.14111626412288555,5,0.24860000000000002,0.10250268289171749,5,0.389,0.2986528084582497,5,0.9878,0.009011104260855054,5
XGB,XGB_n_estimators=300_max_depth=3,fine_sour,0.6498,0.027949955277245114,5,0.37320000000000003,0.040431423422877394,5,0.36760000000000004,0.046693682656222334,5,0.806,0.06343106494455218,5,0.2848,0.04120922226880772,5,0.4838,0.08545291100951447,5,0.3046,0.05681813090906811,5,0.9949999999999999,0.001870828693386965,5
XGB,XGB_n_estimators=300_max_depth=3,fine_spicy,0.6416000000000001,0.05195478803729257,5,0.3068,0.04921077117867592,5,0.35019999999999996,0.04953988292275225,5,0.7828,0.02474267568392717,5,0.366,0.04730221982106126,5,0.4202,0.1202484927140461,5,0.3404,0.13903524732958902,5,0.943,0.03811167800031901,5
XGB,XGB_n_estimators=300_max_depth=3,fine_strawberry,0.5144,0.03784573952243503,5,0.05199999999999999,0.12972663566130127,5,0.05,0.1118033988749895,5,0.7634000000000001,0.09634469367847924,5,0.0664,0.051752294635117393,5,0.1,0.223606797749979,5,0.0334,0.07468467044849297,5,0.9960000000000001,0.003999999999999995,5
XGB,XGB_n_estimators=300_max_depth=3,fine_sulfurous,0.9144,0.028518415103227605,5,0.7384000000000001,0.022853883696212364,5,0.7544000000000001,0.019152023391798584,5,0.9778,0.004549725266430937,5,0.7638,0.011777096416349865,5,0.671,0.027166155414412252,5,0.866,0.06214096877262211,5,0.9623999999999999,0.007536577472566736,5
XGB,XGB_n_estimators=300_max_depth=3,fine_sweaty,0.5740000000000001,0.08376156636548773,5,0.11979999999999999,0.13665174715311912,5,0.1226,0.1329804496909226,5,0.7614,0.11978438963404205,5,0.1316,0.11601422326594271,5,0.10579999999999998,0.11861365857269557,5,0.1554,0.16833983485794443,5,0.9926,0.004393176527297755,5
XGB,XGB_n_estimators=300_max_depth=3,fine_sweet,0.6596,0.02296301373948983,5,0.29900000000000004,0.04037325847637268,5,0.5227999999999999,0.028612934138252895,5,0.7283999999999999,0.02451122191976569,5,0.515,0.019339079605813735,5,0.4558,0.040046223292590256,5,0.6274,0.10028609076038411,5,0.692,0.09464935287681578,5
XGB,XGB_n_estimators=300_max_depth=3,fine_tea,0.5082,0.023972901368003025,5,0.013800000000000002,0.04654782486862302,5,0.020999999999999998,0.04695742752749558,5,0.6348,0.07346223519605154,5,0.041,0.01784656829757475,5,0.02,0.044721359549995794,5,0.0222,0.04964070910049533,5,0.9944,0.0036469165057620807,5
XGB,XGB_n_estimators=300_max_depth=3,fine_terpenic,0.6494,0.07680039062400659,5,0.27999999999999997,0.0944113340653547,5,0.2612,0.07993872653476537,5,0.9276,0.044997777722905384,5,0.2732,0.06254358480291963,5,0.32320000000000004,0.21946799311061285,5,0.3084,0.15863889813031357,5,0.9904,0.007300684899377596,5
XGB,XGB_n_estimators=300_max_depth=3,fine_tobacco,0.6338,0.02706843179794506,5,0.26880000000000004,0.026404545063303014,5,0.2798,0.030490982273452597,5,0.8462,0.0701334442331189,5,0.23600000000000004,0.046856162881738404,5,0.2914,0.055256673805070815,5,0.28300000000000003,0.05875797818169035,5,0.985,0.006041522986797304,5
XGB,XGB_n_estimators=300_max_depth=3,fine_tomato,0.564,0.10565273304557717,5,0.075,0.1094371966015212,5,0.0682,0.09341948404909974,5,0.8022,0.12084370070467054,5,0.1092,0.06747740362521368,5,0.054400000000000004,0.07764856727590021,5,0.13340000000000002,0.21731958034194712,5,0.9945999999999999,0.006804410334481631,5
XGB,XGB_n_estimators=300_max_depth=3,fine_tropical,0.6754,0.034493477644331506,5,0.315,0.02755902755904134,5,0.3632,0.02410808992848668,5,0.8114000000000001,0.01390323703315164,5,0.3378,0.03638268819095149,5,0.3436,0.08919248847296504,5,0.4298,0.11237748884896831,5,0.9212,0.046440284236856234,5
XGB,XGB_n_estimators=300_max_depth=3,fine_vanilla,0.754,0.04278434293056285,5,0.5724,0.05971013314337865,5,0.5738,0.061218461267823446,5,0.9052,0.0399649846740869,5,0.5654,0.06057474721366982,5,0.6612,0.07964734772734117,5,0.5142,0.08672485226277413,5,0.994,0.0020000000000000087,5
XGB,XGB_n_estimators=300_max_depth=3,fine_vegetable,0.7438,0.03715104305399787,5,0.3692,0.023058620947489488,5,0.3966,0.016133815419794556,5,0.8432000000000001,0.03441947123359104,5,0.3426,0.039702644748177675,5,0.31,0.02985799725366722,5,0.5664,0.09437319534698395,5,0.921,0.02218107301281882,5
XGB,XGB_n_estimators=300_max_depth=3,fine_vetiver,0.6118,0.08728230061129229,5,0.199,0.1459845882276619,5,0.2002,0.14475220205578912,5,0.8493999999999999,0.08464218806245502,5,0.1916,0.09950025125596416,5,0.1876,0.13051934722484632,5,0.23040000000000002,0.1769754220223814,5,0.994,0.004847679857416348,5
XGB,XGB_n_estimators=300_max_depth=3,fine_violet,0.6904,0.04906424359959091,5,0.41059999999999997,0.0854798221804421,5,0.4152,0.0876966361954665,5,0.8794000000000001,0.07802755923390144,5,0.36920000000000003,0.061823943581754796,5,0.45499999999999996,0.07997187005441349,5,0.387,0.09897221832413378,5,0.9938,0.0023874672772626784,5
XGB,XGB_n_estimators=300_max_depth=3,fine_warm,0.5464,0.03459479729670343,5,0.0998,0.06018886940290539,5,0.1062,0.06761065004864249,5,0.604,0.04358898943540676,5,0.0822,0.05068234406575922,5,0.1372,0.0892703758253543,5,0.1044,0.07732593355401537,5,0.9884000000000001,0.008820430828479976,5
XGB,XGB_n_estimators=300_max_depth=3,fine_waxy,0.7318,0.028048172846016205,5,0.4502,0.013682105101189633,5,0.5006,0.010990905331227261,5,0.8754,0.00698569967862918,5,0.5104,0.02517538480341466,5,0.4946,0.06986987906100882,5,0.5258,0.08399226154831171,5,0.9376,0.028138940989312276,5
XGB,XGB_n_estimators=300_max_depth=3,fine_weedy,0.49939999999999996,0.0005477225575051678,5,-0.0018000000000000002,0.0016431676725154984,5,0.0,0.0,5,0.61,0.14046529820564224,5,0.0418,0.030515569796417046,5,0.0,0.0,5,0.0,0.0,5,0.9994,0.0005477225575051709,5
XGB,XGB_n_estimators=300_max_depth=3,fine_winey,0.6782,0.03685376507224191,5,0.33740000000000003,0.054030546915610614,5,0.35860000000000003,0.04594344349306002,5,0.8858,0.03489555845662886,5,0.35,0.08719805043692204,5,0.365,0.13567792746058582,5,0.394,0.08855789067045353,5,0.9625999999999999,0.020107212636265612,5
XGB,XGB_n_estimators=300_max_depth=3,fine_woody,0.755,0.02373815494093848,5,0.46340000000000003,0.036949966170485196,5,0.5396,0.03156422025015032,5,0.8475999999999999,0.02390188277102876,5,0.5866,0.04022188459035699,5,0.4854,0.04711475352795556,5,0.6148,0.06507457260712506,5,0.8949999999999999,0.028434134416225873,5
XGB,XGB_n_estimators=300_max_depth=6,fine_alcoholic,0.7998000000000001,0.03385557561170682,5,0.6126,0.07575156764054448,5,0.6148,0.07459021383532827,5,0.9401999999999999,0.01745565810847584,5,0.655,0.06080707195713342,5,0.6454,0.15460045278070825,5,0.6084,0.06981618723476674,5,0.9917999999999999,0.0058051701094799955,5
XGB,XGB_n_estimators=300_max_depth=6,fine_aldehydic,0.6758,0.051280600620507606,5,0.36160000000000003,0.11877836503336793,5,0.3782,0.1143009186314791,5,0.8886,0.0330499621784958,5,0.36419999999999997,0.070786298109168,5,0.3936,0.13954139170869695,5,0.36920000000000003,0.09834988561254154,5,0.9818,0.00712039324756712,5
XGB,XGB_n_estimators=300_max_depth=6,fine_alliaceous,0.7578,0.04699680840227346,5,0.4204,0.019437077969694933,5,0.42400000000000004,0.024145392935299263,5,0.9391999999999999,0.017383900597967027,5,0.4418,0.034419471233590994,5,0.3644,0.06653044415904646,5,0.5412,0.10352391028163495,5,0.9742,0.009628083921528743,5
XGB,XGB_n_estimators=300_max_depth=6,fine_almond,0.6486,0.055662375084072714,5,0.2992,0.10313680235493052,5,0.3088,0.09972562358792249,5,0.9076000000000001,0.043963621324909066,5,0.3236,0.11817910136737374,5,0.3176,0.11219759355708125,5,0.3096,0.11201249930253321,5,0.9875999999999999,0.005128352561983237,5
XGB,XGB_n_estimators=300_max_depth=6,fine_amber,0.6884,0.07797627844415254,5,0.3948,0.09838546640637531,5,0.3922,0.11177522086759659,5,0.8892,0.029456747953567442,5,0.36879999999999996,0.0818883386081315,5,0.45620000000000005,0.12107105351817171,5,0.388,0.15865686244219002,5,0.9892,0.0067601775124622185,5
XGB,XGB_n_estimators=300_max_depth=6,fine_animal,0.6462,0.03580083797901938,5,0.3466,0.06399062431325389,5,0.3416,0.0529792412176694,5,0.7914,0.04308480010398096,5,0.268,0.08319555276575785,5,0.4612,0.19421817628636098,5,0.305,0.07712651943397937,5,0.9869999999999999,0.010024968827881734,5
XGB,XGB_n_estimators=300_max_depth=6,fine_anisic,0.6434,0.05236220010656544,5,0.3698,0.12486272462188225,5,0.36360000000000003,0.12335031414633692,5,0.8109999999999999,0.09274427206032727,5,0.33520000000000005,0.1632642030574982,5,0.49379999999999996,0.15791358396287508,5,0.2922,0.10546895277758282,5,0.9949999999999999,0.0015811388300841713,5
XGB,XGB_n_estimators=300_max_depth=6,fine_apple,0.744,0.07143178564196756,5,0.4466,0.044286566812070674,5,0.46799999999999997,0.054644304369257005,5,0.898,0.0278478006312886,5,0.502,0.03985599076675924,5,0.46040000000000003,0.09197988910626062,5,0.534,0.16515447314559786,5,0.9541999999999999,0.023015212360523615,5
XGB,XGB_n_estimators=300_max_depth=6,fine_apricot,0.5344,0.048283537567166725,5,0.0766,0.09045606668433023,5,0.0802,0.08985098775194406,5,0.8108000000000001,0.02317757536930897,5,0.1002,0.014096098751072934,5,0.10800000000000001,0.1121160113453917,5,0.076,0.10264258375547645,5,0.9932000000000001,0.006418722614352476,5
XGB,XGB_n_estimators=300_max_depth=6,fine_aromatic,0.5222,0.013827508813954857,5,0.0744,0.05004298152588432,5,0.0696,0.04007867263271078,5,0.6778000000000001,0.01896575861915361,5,0.09559999999999999,0.049832720174600144,5,0.1476,0.11068107335945021,5,0.0502,0.02934620929523948,5,0.9945999999999999,0.004335896677735736,5
XGB,XGB_n_estimators=300_max_depth=6,fine_balsamic,0.6891999999999999,0.04856130146526141,5,0.40779999999999994,0.08334686556793844,5,0.42940000000000006,0.08457422775290355,5,0.8736,0.020403431084011374,5,0.4728,0.05816098348549484,5,0.4936,0.13919698272591974,5,0.4104,0.10640864626523543,5,0.9682000000000001,0.021730163368000748,5
XGB,XGB_n_estimators=300_max_depth=6,fine_banana,0.6976,0.0655461669359849,5,0.3698,0.05342939265984595,5,0.378,0.04564537216410883,5,0.8847999999999999,0.0443531284127738,5,0.37839999999999996,0.09225670707325298,5,0.3752,0.0773608428082321,5,0.4144,0.1401795277492402,5,0.9804,0.00993981891183134,5
XGB,XGB_n_estimators=300_max_depth=6,fine_beefy,0.6365999999999999,0.03530297437893871,5,0.2686,0.08643089725323926,5,0.2722,0.08148128619505218,5,0.8676,0.02963612660251005,5,0.2642,0.15605672045765923,5,0.27640000000000003,0.12858771325441634,5,0.28040000000000004,0.06975170248818303,5,0.993,0.0025495097567963944,5
XGB,XGB_n_estimators=300_max_depth=6,fine_bergamot,0.6282,0.12285438535111393,5,0.2016,0.1487692844642334,5,0.1976,0.1335919159230827,5,0.8954000000000001,0.06566429775760951,5,0.2976,0.2491180443083158,5,0.1728,0.10973923637423398,5,0.264,0.24803931140043106,5,0.9928000000000001,0.0035637059362410924,5
XGB,XGB_n_estimators=300_max_depth=6,fine_berry,0.5796,0.030680612770934007,5,0.22240000000000001,0.09807548113570487,5,0.21559999999999996,0.07321065496223891,5,0.7646,0.04926256184974546,5,0.18919999999999998,0.058916890617207555,5,0.3742,0.2470601141422872,5,0.175,0.060551630861604394,5,0.9843999999999999,0.012116104984688791,5
XGB,XGB_n_estimators=300_max_depth=6,fine_bitter,0.608,0.06247399458974909,5,0.25739999999999996,0.10446195479694988,5,0.25680000000000003,0.11001454449298965,5,0.7647999999999999,0.06206609380329974,5,0.192,0.09445369235768394,5,0.325,0.08258026398601544,5,0.2222,0.12583997774952121,5,0.9945999999999999,0.001516575088810298,5
XGB,XGB_n_estimators=300_max_depth=6,fine_black currant,0.6414,0.05459212397406791,5,0.33680000000000004,0.13745071844119258,5,0.3344,0.1338779294730838,5,0.8718,0.05500181815176657,5,0.31,0.10924284873619876,5,0.41080000000000005,0.17739983089056202,5,0.2872,0.10761133769264278,5,0.9962,0.0019235384061671446,5
XGB,XGB_n_estimators=300_max_depth=6,fine_brandy,0.569,0.05170106381884221,5,0.161,0.14090599703348328,5,0.1634,0.13409623410073826,5,0.7817999999999999,0.11730174764256499,5,0.1474,0.12425900369792123,5,0.199,0.19137136671926655,5,0.1442,0.10221399121451036,5,0.994,0.004183300132670388,5
XGB,XGB_n_estimators=300_max_depth=6,fine_burnt,0.5968,0.05344342803376296,5,0.203,0.058382360349680966,5,0.2184,0.059416327722268396,5,0.8288,0.01687305544351702,5,0.2242,0.018322117781522956,5,0.262,0.07619055059520177,5,0.2198,0.12393627394754127,5,0.9736,0.018528356645962977,5
XGB,XGB_n_estimators=300_max_depth=6,fine_buttery,0.6582,0.05998083027101241,5,0.348,0.13103243873178885,5,0.3584,0.12022187820858564,5,0.8390000000000001,0.05061126356849827,5,0.3308,0.14350156793568497,5,0.4112,0.19004788870176903,5,0.3318,0.12032331444902938,5,0.985,0.007516648189186432,5
XGB,XGB_n_estimators=300_max_depth=6,fine_cabbage,0.646,0.09744485620082777,5,0.2974,0.06520966186080095,5,0.2706,0.0719569315632622,5,0.9512,0.051382876525161575,5,0.3548,0.09393455168360576,5,0.3854,0.15721259491529296,5,0.2986,0.20158943424693665,5,0.9932000000000001,0.007259476565152619,5
XGB,XGB_n_estimators=300_max_depth=6,fine_camphoreous,0.737,0.06629102503355937,5,0.46699999999999997,0.11835328470304492,5,0.48019999999999996,0.1158088943043668,5,0.9052,0.032568389582538444,5,0.454,0.12570202862324856,5,0.476,0.10820582239417618,5,0.48900000000000005,0.13138873619911262,5,0.9853999999999999,0.004393176527297764,5
XGB,XGB_n_estimators=300_max_depth=6,fine_caramellic,0.7068,0.04966084977122322,5,0.4664,0.048247279716062755,5,0.4756,0.03977813469734348,5,0.8952,0.01169187752245124,5,0.49260000000000004,0.07193608274016594,5,0.5692,0.12266091472021558,5,0.4324,0.11075332952105774,5,0.9815999999999999,0.013145341380123996,5
XGB,XGB_n_estimators=300_max_depth=6,fine_cedar,0.6172,0.07723794404306732,5,0.24300000000000002,0.10591506030777682,5,0.2448,0.10356495546274329,5,0.893,0.05106368572674714,5,0.27480000000000004,0.09096812628607892,5,0.2682,0.07261335965233948,5,0.2408,0.15515540596447164,5,0.9942,0.0016431676725155069,5
XGB,XGB_n_estimators=300_max_depth=6,fine_celery,0.5506,0.033215960019243734,5,0.2266,0.1694662208229121,5,0.1666,0.1114486428809252,5,0.7158,0.1313019421029255,5,0.1708,0.09800102040285091,5,0.54,0.4560701700396552,5,0.1036,0.06554998093058456,5,0.9984,0.0018165902124585237,5
XGB,XGB_n_estimators=300_max_depth=6,fine_chamomile,0.6274,0.09112244509449911,5,0.3198,0.19695227848390076,5,0.301,0.17945333655298804,5,0.8638,0.07889043034487764,5,0.3242,0.22710834418840714,5,0.44420000000000004,0.3471213044455785,5,0.2578,0.18187275771813652,5,0.9972,0.0016431676725154967,5
XGB,XGB_n_estimators=300_max_depth=6,fine_cheesy,0.7154,0.060077450012463104,5,0.458,0.07068238818828915,5,0.4678,0.06935920991476185,5,0.8844,0.021628684657186162,5,0.48,0.07723341245859855,5,0.5227999999999999,0.10946551968542427,5,0.44820000000000004,0.12852703995657883,5,0.9823999999999999,0.010597169433391203,5
XGB,XGB_n_estimators=300_max_depth=6,fine_cherry,0.6006,0.04618766068984224,5,0.2754,0.10715549449281637,5,0.268,0.10452990002865209,5,0.8826,0.018487833837418612,5,0.2254,0.0655842969010113,5,0.39540000000000003,0.13761467944954128,5,0.20659999999999998,0.09180577323894179,5,0.9945999999999999,0.0025099800796022542,5
XGB,XGB_n_estimators=300_max_depth=6,fine_chocolate,0.5942000000000001,0.060466519661710315,5,0.22279999999999997,0.12726232749718197,5,0.22119999999999998,0.12646224733097228,5,0.835,0.03110466202999157,5,0.24559999999999998,0.01570986950932439,5,0.2878,0.18064108059907083,5,0.1946,0.1248230747898801,5,0.9938,0.004969909455915653,5
XGB,XGB_n_estimators=300_max_depth=6,fine_cinnamon,0.6676,0.043592430535587236,5,0.3482,0.11991330201441375,5,0.3532,0.11658773520400849,5,0.8994,0.041955929259164346,5,0.3426,0.14637042050906326,5,0.3764,0.16612284611094286,5,0.3442,0.08533873680808735,5,0.9916,0.003911521443121606,5
XGB,XGB_n_estimators=300_max_depth=6,fine_citrus,0.7373999999999999,0.03868849958320954,5,0.44580000000000003,0.03930267166491359,5,0.4848,0.035548558339263236,5,0.8657999999999999,0.021147103820618112,5,0.5065999999999999,0.028041041350135333,5,0.46519999999999995,0.08156408523363698,5,0.5282,0.09417377554287604,5,0.9468,0.020849460424672842,5
XGB,XGB_n_estimators=300_max_depth=6,fine_clean,0.5626,0.030525399260288116,5,0.217,0.13718053797824242,5,0.19219999999999998,0.1002706337867673,5,0.7736,0.0550754028582633,5,0.1702,0.12064286137190215,5,0.4112,0.30648849896855834,5,0.13340000000000002,0.052685861481046314,5,0.9922000000000001,0.008671793355471528,5
XGB,XGB_n_estimators=300_max_depth=6,fine_clove,0.7472,0.0953294288244716,5,0.4356,0.14667071964096995,5,0.4304,0.1459051061477973,5,0.8949999999999999,0.08077437712542263,5,0.4144,0.10810319144225113,5,0.3992,0.15293691509900414,5,0.5,0.19194400225065644,5,0.9945999999999999,0.002792848008753807,5
XGB,XGB_n_estimators=300_max_depth=6,fine_cocoa,0.6768000000000001,0.024458127483517618,5,0.3872,0.027426264783962116,5,0.39540000000000003,0.029913207785190816,5,0.8640000000000001,0.06976747093022653,5,0.3626,0.09127869411861676,5,0.44480000000000003,0.06645825757571441,5,0.3654,0.05173296821176993,5,0.9885999999999999,0.003911521443121614,5
XGB,XGB_n_estimators=300_max_depth=6,fine_coconut,0.682,0.037841775856849,5,0.4614,0.10154210949157991,5,0.453,0.09067524469225323,5,0.8958,0.020054924582256623,5,0.5072,0.07300479436311014,5,0.6035999999999999,0.17244506371595567,5,0.3688,0.07447617068566295,5,0.9952,0.002774887385102304,5
XGB,XGB_n_estimators=300_max_depth=6,fine_coffee,0.639,0.051312766442670014,5,0.3242,0.052284797025521676,5,0.3176,0.04940951325402833,5,0.8928,0.02209524835796151,5,0.309,0.07133372274037014,5,0.42779999999999996,0.1579294146129846,5,0.2894,0.11014218083913176,5,0.9885999999999999,0.008532291603080607,5
XGB,XGB_n_estimators=300_max_depth=6,fine_cognac,0.7314,0.05103724130475709,5,0.43220000000000003,0.12654722438678773,5,0.44000000000000006,0.12474173319302567,5,0.906,0.03599305488563036,5,0.3862,0.1635747535532302,5,0.4244,0.17217084538329944,5,0.48040000000000005,0.09981132200306737,5,0.9822,0.010802777420645145,5
XGB,XGB_n_estimators=300_max_depth=6,fine_cooked,0.5546,0.024460171708309806,5,0.1162,0.05153348426023609,5,0.126,0.04559056920021946,5,0.806,0.08418432158068388,5,0.1062,0.05098725330903794,5,0.1498,0.0867479106376632,5,0.1262,0.048653879598650716,5,0.9827999999999999,0.010084641788382963,5
XGB,XGB_n_estimators=300_max_depth=6,fine_cooling,0.6900000000000001,0.058910949746205934,5,0.3204,0.0872886017759478,5,0.3266,0.08448254257537469,5,0.843,0.05992912480589053,5,0.26139999999999997,0.07875785675092993,5,0.2832,0.0767932288681756,5,0.39740000000000003,0.11902856799945132,5,0.9832000000000001,0.005718391382198341,5
XGB,XGB_n_estimators=300_max_depth=6,fine_cortex,0.546,0.06436614016701635,5,0.11499999999999999,0.18298633828786234,5,0.10539999999999998,0.15759060885725393,5,0.6702,0.11416304130496874,5,0.14579999999999999,0.11603749394053631,5,0.1766,0.32567284197488744,5,0.0962,0.13189844578310997,5,0.9965999999999999,0.005366563145999512,5
XGB,XGB_n_estimators=300_max_depth=6,fine_coumarinic,0.6642,0.05065273931388115,5,0.3854,0.0939723363549082,5,0.3748,0.07788902361693847,5,0.9057999999999999,0.05078090192188395,5,0.38180000000000003,0.1025143892339022,5,0.48460000000000003,0.20496414320558606,5,0.3338,0.10329666015898092,5,0.9948,0.0040249223594996135,5
XGB,XGB_n_estimators=300_max_depth=6,fine_creamy,0.6014,0.04296277458451677,5,0.2164,0.0530405505250464,5,0.2364,0.0577607132919946,5,0.7086,0.035416098034650824,5,0.21760000000000002,0.04466318394382558,5,0.2732,0.061414167746538774,5,0.2284,0.09453729422825682,5,0.9738,0.012891857895586658,5
XGB,XGB_n_estimators=300_max_depth=6,fine_cucumber,0.686,0.10463269087622659,5,0.3538,0.12048111885270654,5,0.347,0.12744410539526732,5,0.9048,0.05244711622196213,5,0.388,0.06419112088131818,5,0.3686,0.05473846910537415,5,0.3776,0.21089760548664369,5,0.9945999999999999,0.0023021728866442805,5
XGB,XGB_n_estimators=300_max_depth=6,fine_dairy,0.6334,0.08027016880510468,5,0.26959999999999995,0.13840086704930718,5,0.2852,0.13859184680203956,5,0.7736,0.08866397239014283,5,0.2464,0.13000115384103325,5,0.2926,0.11291279821171732,5,0.2826,0.16207035509308915,5,0.9843999999999999,0.002408318915758471,5
XGB,XGB_n_estimators=300_max_depth=6,fine_dry,0.5576,0.04086930388445589,5,0.1312,0.07877626546111462,5,0.1494,0.08365584259332996,5,0.6886,0.030311713907332893,5,0.1298,0.052869651029678645,5,0.1834,0.07172377569537176,5,0.1342,0.08820827625568929,5,0.9810000000000001,0.00943398113205657,5
XGB,XGB_n_estimators=300_max_depth=6,fine_earthy,0.631,0.029120439557122114,5,0.24900000000000003,0.045027769209677694,5,0.2986,0.038643240029790464,5,0.7292,0.0383040467835972,5,0.2726,0.05029214650420085,5,0.288,0.054281672781888356,5,0.31880000000000003,0.06457708571931686,5,0.9428000000000001,0.014855975228843053,5
XGB,XGB_n_estimators=300_max_depth=6,fine_ethereal,0.7458,0.026499056586980624,5,0.5214000000000001,0.0501178610876402,5,0.5449999999999999,0.046930800121029244,5,0.8977999999999999,0.024488772937817836,5,0.5658000000000001,0.07772515680267235,5,0.5838,0.06726589031596925,5,0.515,0.053990739946772344,5,0.977,0.006782329983125268,5
XGB,XGB_n_estimators=300_max_depth=6,fine_fatty,0.7524,0.032615947019824544,5,0.47379999999999994,0.03612063122372029,5,0.537,0.03483532689670072,5,0.8455999999999999,0.0090719347440334,5,0.5344,0.04762667319895437,5,0.5056,0.05472933399923666,5,0.5852,0.08417660007389224,5,0.9199999999999999,0.024586581706288455,5
XGB,XGB_n_estimators=300_max_depth=6,fine_fermented,0.6612,0.030621887596946055,5,0.40119999999999995,0.03157055590261281,5,0.3984,0.029373457406304745,5,0.8560000000000001,0.025768197453450256,5,0.4236,0.03781930723849921,5,0.5322,0.10503666026678496,5,0.3318,0.06488220094910467,5,0.9906,0.00497995983919549,5
XGB,XGB_n_estimators=300_max_depth=6,fine_fishy,0.7094,0.027519084287090618,5,0.5162,0.06985842826746103,5,0.5045999999999999,0.05741341306698287,5,0.8936,0.043090602223686804,5,0.5096,0.08948351803544605,5,0.6582,0.16781448090078518,5,0.4234,0.05701140236829823,5,0.9958,0.0035637059362410997,5
XGB,XGB_n_estimators=300_max_depth=6,fine_floral,0.7716000000000001,0.0131643457870112,5,0.4908,0.03243763246601083,5,0.6112,0.024529573987332125,5,0.8550000000000001,0.015313392831113572,5,0.618,0.030232432915661966,5,0.5296000000000001,0.05394719640537399,5,0.7318,0.047262035504197275,5,0.8114000000000001,0.04531335344023877,5
XGB,XGB_n_estimators=300_max_depth=6,fine_fresh,0.6275999999999999,0.026735743864721665,5,0.2198,0.029098109904253232,5,0.31,0.02876629972728502,5,0.7445999999999999,0.02127909772523262,5,0.2426,0.015372052563011874,5,0.2694,0.022389729788454327,5,0.378,0.07806087368201818,5,0.8768,0.03034303874037675,5
XGB,XGB_n_estimators=300_max_depth=6,fine_fruit skin,0.5538000000000001,0.03387772129290864,5,0.141,0.07925276020429824,5,0.13540000000000002,0.07638586256631524,5,0.6796,0.1541064567109373,5,0.091,0.03999374951164244,5,0.20659999999999998,0.13806628842697266,5,0.11200000000000002,0.07178788198575022,5,0.9955999999999999,0.0043358966777357726,5
XGB,XGB_n_estimators=300_max_depth=6,fine_fruity,0.763,0.009974968671630025,5,0.5172000000000001,0.020241047403728913,5,0.711,0.011135528725660046,5,0.852,0.006557438524302012,5,0.7954000000000001,0.005504543577809142,5,0.6602,0.0505044552490174,5,0.7794000000000001,0.07357513166824783,5,0.7464000000000001,0.07253481922497637,5
XGB,XGB_n_estimators=300_max_depth=6,fine_garlic,0.8046,0.08169944920254966,5,0.516,0.08603487664894979,5,0.5188,0.07890310513534937,5,0.958,0.026814175355583836,5,0.5492,0.11754020588717716,5,0.4516,0.018215378118501956,5,0.6277999999999999,0.16715920554967953,5,0.9815999999999999,0.003847076812334275,5
XGB,XGB_n_estimators=300_max_depth=6,fine_gassy,0.6444,0.1431390931926006,5,0.244,0.25235589947532433,5,0.24379999999999996,0.2476382442192643,5,0.8800000000000001,0.13171370467798704,5,0.19140000000000001,0.19029661058463446,5,0.2158,0.23678724627817266,5,0.295,0.28628918945709425,5,0.9938,0.00356370593624113,5
XGB,XGB_n_estimators=300_max_depth=6,fine_geranium,0.6142,0.07493797435212671,5,0.23620000000000002,0.16457278025238561,5,0.2398,0.1656719650393512,5,0.8144,0.07560290999690425,5,0.2346,0.0769499837556838,5,0.2566,0.19317556781332362,5,0.2352,0.15245064775198564,5,0.9934,0.005176871642217924,5
XGB,XGB_n_estimators=300_max_depth=6,fine_grape,0.6376,0.03891400776070232,5,0.3548,0.10757648441922613,5,0.3362,0.08094566078549241,5,0.7809999999999999,0.06773846765317323,5,0.3234,0.05181023064994017,5,0.5115999999999999,0.2969078981771957,5,0.2828,0.08134617384978841,5,0.9924,0.006804410334481613,5
XGB,XGB_n_estimators=300_max_depth=6,fine_grapefruit,0.6412,0.06411864003548426,5,0.2964,0.11137010370831125,5,0.3008,0.11275060975444877,5,0.8586,0.05883281397315617,5,0.3164,0.08536861249897412,5,0.32999999999999996,0.11679897259822108,5,0.29100000000000004,0.1310267148332736,5,0.9914,0.0036469165057620803,5
XGB,XGB_n_estimators=300_max_depth=6,fine_grassy,0.5346,0.026406438608793867,5,0.12279999999999999,0.11486165591702045,5,0.10939999999999998,0.08452396109979703,5,0.7018,0.0647587831880742,5,0.0926,0.04048209480745778,5,0.23700000000000002,0.2562313407840657,5,0.074,0.05093132631298737,5,0.9955999999999999,0.0024083189157584764,5
XGB,XGB_n_estimators=300_max_depth=6,fine_green,0.7228,0.03133209217399947,5,0.4136,0.05804136456011349,5,0.6028,0.03943602414037195,5,0.8071999999999999,0.020656718035544714,5,0.658,0.02965636525267383,5,0.5182,0.03710390814995099,5,0.7230000000000001,0.06706340283642037,5,0.7228,0.04820477154805319,5
XGB,XGB_n_estimators=300_max_depth=6,fine_hawthorn,0.6052,0.12051846331579241,5,0.1728,0.20592280106875005,5,0.1712,0.20031649957005535,5,0.8392,0.10378198302210262,5,0.2158,0.2326998066178827,5,0.1564,0.2066513972853801,5,0.21739999999999998,0.24045332187349794,5,0.9932000000000001,0.0030331501776206284,5
XGB,XGB_n_estimators=300_max_depth=6,fine_hay,0.5298,0.02019158240455663,5,0.1066,0.06978036973246846,5,0.097,0.058189346103904624,5,0.7772,0.07463712213101464,5,0.08220000000000001,0.008671793355471524,5,0.2072,0.13078111484461355,5,0.064,0.038742741255621035,5,0.9955999999999999,0.00194935886896176,5
XGB,XGB_n_estimators=300_max_depth=6,fine_hazelnut,0.712,0.07609862022402246,5,0.3936,0.1730759948693059,5,0.3972,0.1716644983681833,5,0.8800000000000001,0.06268572405261026,5,0.32939999999999997,0.1424054072007099,5,0.376,0.19873223191017608,5,0.4328,0.14923035884162444,5,0.991,0.0048476798574163425,5
XGB,XGB_n_estimators=300_max_depth=6,fine_herbal,0.6826000000000001,0.03824003138074026,5,0.3316,0.06165062854505217,5,0.438,0.051831457629512974,5,0.764,0.033339166156339355,5,0.41980000000000006,0.04898673289779591,5,0.3972,0.07504465337384136,5,0.5130000000000001,0.11260772620029233,5,0.8524,0.05791631894380028,5
XGB,XGB_n_estimators=300_max_depth=6,fine_honey,0.6554,0.04591622806808067,5,0.40939999999999993,0.11175553677558886,5,0.40359999999999996,0.1070457845970592,5,0.8257999999999999,0.02750818060141381,5,0.40359999999999996,0.11940393628352458,5,0.5700000000000001,0.15978735869899094,5,0.319,0.0900610903775876,5,0.9916,0.004929503017546517,5
XGB,XGB_n_estimators=300_max_depth=6,fine_hyacinth,0.5894,0.017329166165744942,5,0.23500000000000001,0.08829779159186261,5,0.22480000000000003,0.06928708393344316,5,0.7748,0.04272821082142338,5,0.1524,0.07283749034666145,5,0.3386,0.19981191155684386,5,0.1842,0.0349885695620727,5,0.9944,0.004277849927241554,5
XGB,XGB_n_estimators=300_max_depth=6,fine_jasmin,0.6719999999999999,0.060823515189439695,5,0.3562,0.05842259836741257,5,0.35940000000000005,0.0620950883725919,5,0.8390000000000001,0.0695593271962862,5,0.3346,0.09199347802969511,5,0.40120000000000006,0.09257807515821444,5,0.3556,0.12623905893185358,5,0.9882,0.005357238094391527,5
XGB,XGB_n_estimators=300_max_depth=6,fine_juicy,0.5086,0.02373394193976216,5,0.0154,0.04570886128531316,5,0.020999999999999998,0.04695742752749558,5,0.696,0.0657343137181792,5,0.0664,0.022221611102708105,5,0.02,0.0447213595499958,5,0.0222,0.04964070910049533,5,0.9955999999999999,0.0032863353450310172,5
XGB,XGB_n_estimators=300_max_depth=6,fine_ketonic,0.8009999999999999,0.09297311439335572,5,0.5469999999999999,0.17404597093871493,5,0.5428,0.17738855656439623,5,0.9028,0.06749592580296974,5,0.4554,0.11811138810461927,5,0.5132,0.19638788149985223,5,0.6082,0.18509916261290862,5,0.994,0.003316624790355399,5
XGB,XGB_n_estimators=300_max_depth=6,fine_lactonic,0.6567999999999999,0.04269309077590892,5,0.2992,0.12107311840371503,5,0.306,0.12028507804378728,5,0.8436,0.09018481025095075,5,0.2582,0.1519595340872036,5,0.3008,0.1654741671681716,5,0.32480000000000003,0.08432496664689526,5,0.9890000000000001,0.004242640687119275,5
XGB,XGB_n_estimators=300_max_depth=6,fine_lavender,0.6003999999999999,0.11460715509949629,5,0.223,0.17952715672009067,5,0.19119999999999998,0.1384799624494461,5,0.8535999999999999,0.10847257717967247,5,0.21739999999999998,0.11844323534925917,5,0.3428,0.38184970865511997,5,0.2052,0.23281043791033082,5,0.9958,0.004086563348340491,5
XGB,XGB_n_estimators=300_max_depth=6,fine_leafy,0.5436,0.03359761896325392,5,0.1028,0.08413798191066862,5,0.1202,0.0847773554671293,5,0.7316,0.05805859109554762,5,0.122,0.027504545078950133,5,0.1454,0.10770700998542296,5,0.1034,0.06970150643996155,5,0.9842000000000001,0.009959919678390996,5
XGB,XGB_n_estimators=300_max_depth=6,fine_leathery,0.6072,0.01613071604114339,5,0.229,0.04980461825975578,5,0.23199999999999998,0.04673328578219169,5,0.745,0.08019039842774195,5,0.186,0.06282117477411577,5,0.2624,0.10265135167156839,5,0.2226,0.032646592471496934,5,0.9922000000000001,0.003701351104664357,5
XGB,XGB_n_estimators=300_max_depth=6,fine_lemon,0.6195999999999999,0.05414148132439675,5,0.3196,0.10464129204095293,5,0.2848,0.12325461451807798,5,0.8390000000000001,0.03908324449172559,5,0.33740000000000003,0.13313076278606684,5,0.5598,0.3426312887055121,5,0.2468,0.11189593379564781,5,0.9932000000000001,0.006610597552415355,5
XGB,XGB_n_estimators=300_max_depth=6,fine_lily,0.5880000000000001,0.06461037068458902,5,0.1824,0.1051085153543708,5,0.18819999999999998,0.10606460295499152,5,0.8274000000000001,0.024865638942122487,5,0.1562,0.06531998162890128,5,0.209,0.09439809320108113,5,0.1854,0.13131374642435573,5,0.9907999999999999,0.0034928498393146145,5
XGB,XGB_n_estimators=300_max_depth=6,fine_malty,0.7706000000000001,0.023179732526498256,5,0.5966,0.18383498034922513,5,0.5804,0.18279852296996277,5,0.9378,0.046186578136943664,5,0.6288,0.04812172066749074,5,0.6934,0.3319906625192944,5,0.5432,0.043973855869141154,5,0.9975999999999999,0.0032863353450309973,5
XGB,XGB_n_estimators=300_max_depth=6,fine_meaty,0.8016,0.02939897957412806,5,0.5362,0.03000333314816872,5,0.5616,0.028404225037835427,5,0.9226000000000001,0.014415269681833855,5,0.5766,0.029364945087638067,5,0.5014000000000001,0.03977813469734347,5,0.6448,0.06570540312637921,5,0.9581999999999999,0.009909591313470023,5
XGB,XGB_n_estimators=300_max_depth=6,fine_medicinal,0.6104,0.024337214302380627,5,0.2674,0.041246818059094005,5,0.26680000000000004,0.04420633438773229,5,0.8764,0.040709949643791,5,0.2404,0.04045120517364099,5,0.34340000000000004,0.07782223332698697,5,0.2278,0.05070700148894629,5,0.9934,0.0030495901363953525,5
XGB,XGB_n_estimators=300_max_depth=6,fine_melon,0.6224000000000001,0.04877294331901659,5,0.3054,0.06821510096745441,5,0.292,0.06262587324740469,5,0.8562,0.045035541520003934,5,0.3086,0.08817482633949443,5,0.453,0.2322164938155772,5,0.25780000000000003,0.10673424942350979,5,0.9872,0.011278297743897369,5
XGB,XGB_n_estimators=300_max_depth=6,fine_metallic,0.553,0.045590569200219457,5,0.1092,0.07412624366578952,5,0.11979999999999999,0.07737699916641896,5,0.7196,0.04581811868682523,5,0.11480000000000001,0.036175958867734254,5,0.1482,0.08711027493929749,5,0.122,0.10367497287195207,5,0.9837999999999999,0.012794530081249589,5
XGB,XGB_n_estimators=300_max_depth=6,fine_milky,0.5852,0.03553449028760649,5,0.1702,0.05924694084929618,5,0.1802,0.05858071354976824,5,0.744,0.053023579660373736,5,0.1634,0.0776034793034436,5,0.19160000000000002,0.07751644986710886,5,0.18480000000000002,0.07537041860040317,5,0.9858,0.006300793600809337,5
XGB,XGB_n_estimators=300_max_depth=6,fine_mint,0.6881999999999999,0.031148033645801716,5,0.42940000000000006,0.06379890281188227,5,0.4452,0.0583112339090848,5,0.8602000000000001,0.012457929201917977,5,0.417,0.041140004861448434,5,0.5236000000000001,0.09735142525921234,5,0.3942,0.06409134106882147,5,0.9822,0.007854934754662226,5
XGB,XGB_n_estimators=300_max_depth=6,fine_muguet,0.625,0.06065063890842373,5,0.2802,0.14627269054748396,5,0.2832,0.1405869837502747,5,0.8972,0.024488772937817888,5,0.1876,0.05871371219740751,5,0.3278,0.18768244457060973,5,0.25780000000000003,0.11776969049802245,5,0.9928000000000001,0.004658325879540817,5
XGB,XGB_n_estimators=300_max_depth=6,fine_mushroom,0.6172000000000001,0.06844121565255833,5,0.28559999999999997,0.09973113856765098,5,0.2794,0.11694143833560455,5,0.8295999999999999,0.06680044910028678,5,0.27999999999999997,0.12579944355997763,5,0.392,0.09079372224994414,5,0.24220000000000003,0.14123455667788956,5,0.9924,0.004159326868617074,5
XGB,XGB_n_estimators=300_max_depth=6,fine_musk,0.7724,0.04211056874467502,5,0.623,0.06731641701695062,5,0.6192,0.06768825599762486,5,0.8876,0.04222321636256526,5,0.639,0.07896834808959854,5,0.7304,0.12240424829228759,5,0.5494,0.086190486714022,5,0.9955999999999999,0.0028809720581775833,5
XGB,XGB_n_estimators=300_max_depth=6,fine_musty,0.5708,0.03165754254518183,5,0.1534,0.050272258751721116,5,0.1802,0.05225610012237806,5,0.7148,0.03443399483069018,5,0.1272,0.03275209916936622,5,0.20620000000000002,0.04977650047964401,5,0.1694,0.07176907411970701,5,0.9719999999999999,0.013057564857200573,5
XGB,XGB_n_estimators=300_max_depth=6,fine_natural,0.5052,0.014463747785411634,5,0.046,0.11296016997154353,5,0.0236,0.05277120426899503,5,0.6726,0.10812169070080249,5,0.0672,0.05290746639180523,5,0.2,0.447213595499958,5,0.0124,0.027727242920997392,5,0.9984,0.0020736441353327584,5
XGB,XGB_n_estimators=300_max_depth=6,fine_nutty,0.7048,0.027408028021001406,5,0.4408,0.016813684902483465,5,0.47140000000000004,0.017329166165744963,5,0.8122,0.02122969618247038,5,0.46159999999999995,0.03329113996245846,5,0.5286000000000001,0.0992864542624018,5,0.44420000000000004,0.07139117592532004,5,0.9650000000000001,0.01721917535772253,5
XGB,XGB_n_estimators=300_max_depth=6,fine_odorless,0.8946,0.024120530674095916,5,0.7286,0.05631873578126554,5,0.738,0.05465802777268865,5,0.975,0.018587630295441127,5,0.8371999999999999,0.05083010918737042,5,0.6814,0.06334271860285126,5,0.805,0.044721359549995766,5,0.984,0.003674234614174755,5
XGB,XGB_n_estimators=300_max_depth=6,fine_oily,0.6786,0.031848076865016436,5,0.3534,0.04631738334578066,5,0.4024,0.04347758042945811,5,0.7934,0.01899473611293401,5,0.369,0.0206518764280634,5,0.40280000000000005,0.05160620117776545,5,0.41100000000000003,0.07598355085148363,5,0.9465999999999999,0.01926914632255405,5
XGB,XGB_n_estimators=300_max_depth=6,fine_onion,0.7508,0.07460361921515604,5,0.4972,0.06428607936404274,5,0.5064,0.06974453383599317,5,0.9722,0.005848076606885386,5,0.61,0.03826225293941802,5,0.5246000000000001,0.053007546632531516,5,0.5204,0.1583707675046124,5,0.9814,0.009528903399657273,5
XGB,XGB_n_estimators=300_max_depth=6,fine_orange,0.6584,0.05746564190888331,5,0.2808,0.09691336337162179,5,0.29300000000000004,0.09447751055145348,5,0.8715999999999999,0.029322346427255824,5,0.27240000000000003,0.10167251349307735,5,0.2642,0.08840644772865834,5,0.3356,0.11509691568413118,5,0.9814,0.004277849927241453,5
XGB,XGB_n_estimators=300_max_depth=6,fine_orangeflower,0.6354,0.1574112448333981,5,0.2844,0.29098505116242657,5,0.2762,0.29139183241813754,5,0.8844,0.07868481429094179,5,0.30879999999999996,0.18868147762830348,5,0.325,0.3010398644698074,5,0.2732,0.3167344313458832,5,0.998,0.0015811388300842144,5
XGB,XGB_n_estimators=300_max_depth=6,fine_orris,0.5976,0.02323359636388649,5,0.2118,0.0558094973996362,5,0.2166,0.052628889404964636,5,0.8496,0.0365827828356455,5,0.1902,0.040363349712331846,5,0.24500000000000002,0.09130443581776299,5,0.20400000000000001,0.046669047558312145,5,0.9917999999999999,0.0034205262752974217,5
XGB,XGB_n_estimators=300_max_depth=6,fine_ozone,0.5666,0.021267345861672535,5,0.1492,0.030938648968563572,5,0.1478,0.029371755139929925,5,0.8428000000000001,0.0956070081113304,5,0.1238,0.05443068987253422,5,0.1868,0.06938803931514421,5,0.1388,0.04412708918566916,5,0.9948,0.002949576240750523,5
XGB,XGB_n_estimators=300_max_depth=6,fine_peach,0.6186,0.04105240553244112,5,0.2526,0.04583993891793487,5,0.2566,0.04575805939941071,5,0.8364,0.04281705267764236,5,0.2566,0.05154415582779487,5,0.301,0.09221984602025748,5,0.251,0.08935602945520801,5,0.9864,0.009316651759081711,5
XGB,XGB_n_estimators=300_max_depth=6,fine_pear,0.6859999999999999,0.06958088818059167,5,0.348,0.10854952786631546,5,0.3618,0.10652088996999602,5,0.86,0.02405202694161141,5,0.3082,0.07396418052003281,5,0.34740000000000004,0.10373427591688293,5,0.3916,0.14321417527605287,5,0.9798,0.0073280283842245145,5
XGB,XGB_n_estimators=300_max_depth=6,fine_phenolic,0.704,0.07791983059529836,5,0.445,0.07892084642222225,5,0.45120000000000005,0.08373589433450868,5,0.9007999999999999,0.04533431371488928,5,0.481,0.08190543327521074,5,0.5252,0.07656827019072587,5,0.4234,0.16260473547839868,5,0.9847999999999999,0.007661592523751214,5
XGB,XGB_n_estimators=300_max_depth=6,fine_pine,0.7253999999999999,0.06942838036422856,5,0.3872,0.10812585259779456,5,0.38680000000000003,0.11170810176527038,5,0.9396000000000001,0.03525336863336603,5,0.3566,0.07276194060083885,5,0.3536,0.1247349189281013,5,0.46580000000000005,0.14073094897711733,5,0.9856,0.008354639429682188,5
XGB,XGB_n_estimators=300_max_depth=6,fine_pineapple,0.7418,0.04551593127686173,5,0.41719999999999996,0.07308693453689244,5,0.43340000000000006,0.0754473326234931,5,0.897,0.02303258561256209,5,0.4284,0.09047264780031584,5,0.3924,0.1116660198986245,5,0.5214000000000001,0.09993397820561334,5,0.9618,0.018619881847100936,5
XGB,XGB_n_estimators=300_max_depth=6,fine_plum,0.5618000000000001,0.01793599732381776,5,0.185,0.06333640343435992,5,0.1618,0.02946523375098185,5,0.7938,0.031252199922565414,5,0.142,0.05708327250605032,5,0.363,0.35825549542191254,5,0.1298,0.039531000493283744,5,0.9942,0.004381780460041333,5
XGB,XGB_n_estimators=300_max_depth=6,fine_popcorn,0.7912,0.06495921797558836,5,0.5764,0.16260781039052213,5,0.5782,0.1614735272420839,5,0.9785999999999999,0.01242175510948433,5,0.596,0.1765998301244936,5,0.576,0.19729039510325888,5,0.5856,0.12751196022334532,5,0.9965999999999999,0.0019493588689617923,5
XGB,XGB_n_estimators=300_max_depth=6,fine_potato,0.6086,0.12185770390090236,5,0.19260000000000002,0.15140442529860215,5,0.1792,0.1482099861682741,5,0.8686,0.034486229135699965,5,0.21799999999999997,0.11598491281196877,5,0.22080000000000002,0.12908020762301245,5,0.2232,0.2488387027775221,5,0.994,0.005147815070493498,5
XGB,XGB_n_estimators=300_max_depth=6,fine_powdery,0.5764,0.051563553019550554,5,0.1732,0.11335651723654888,5,0.19,0.10342388505562919,5,0.8088000000000001,0.048766791979788844,5,0.18860000000000002,0.09698092595969582,5,0.24420000000000003,0.17863846170407985,5,0.179,0.10178408519999578,5,0.9736,0.014152738250953392,5
XGB,XGB_n_estimators=300_max_depth=6,fine_pungent,0.6477999999999999,0.03495282535074953,5,0.3294,0.03834449112975685,5,0.3448,0.04393404147127828,5,0.8497999999999999,0.03420087718173326,5,0.3282,0.05862763853337434,5,0.406,0.08100308636095295,5,0.3164,0.0779955126914363,5,0.9794,0.009659192512834638,5
XGB,XGB_n_estimators=300_max_depth=6,fine_radish,0.6176,0.03859144983024092,5,0.31920000000000004,0.09467681870447486,5,0.308,0.09182864476839457,5,0.8150000000000001,0.07509327533141699,5,0.3212,0.11108195172934261,5,0.44580000000000003,0.1285795473627124,5,0.23820000000000002,0.0763491977691973,5,0.9968,0.0008366600265340954,5
XGB,XGB_n_estimators=300_max_depth=6,fine_raspberry,0.545,0.059063525123378834,5,0.1498,0.18131795277908916,5,0.1336,0.1634236824943068,5,0.6858000000000001,0.10718535347704929,5,0.1004,0.08470714255598522,5,0.26680000000000004,0.30284765146852305,5,0.0938,0.11693245913774326,5,0.9968,0.0037682887362833306,5
XGB,XGB_n_estimators=300_max_depth=6,fine_ripe,0.5704,0.05484797170360997,5,0.13340000000000002,0.08191031681052152,5,0.1446,0.08087212127797813,5,0.7554000000000001,0.10526775384703523,5,0.1024,0.050247387991815065,5,0.1472,0.06249959999872001,5,0.1554,0.11322676362062108,5,0.9856,0.006024948132556821,5
XGB,XGB_n_estimators=300_max_depth=6,fine_roasted,0.7994,0.0323156308928048,5,0.5088,0.03708368913686985,5,0.535,0.03117691453623977,5,0.9204000000000001,0.020403431084011325,5,0.5374,0.0638850530249447,5,0.457,0.03128098463923411,5,0.6487999999999999,0.06523572640815761,5,0.9495999999999999,0.004929503017546512,5
XGB,XGB_n_estimators=300_max_depth=6,fine_rose,0.7144,0.06792495859402488,5,0.4378,0.10233865349905673,5,0.4662,0.10881038553373475,5,0.8880000000000001,0.035930488446443386,5,0.5194,0.08023901794015176,5,0.4958,0.09326682153906608,5,0.4654,0.14663662571131397,5,0.9640000000000001,0.02122498527679111,5
XGB,XGB_n_estimators=300_max_depth=6,fine_rummy,0.5658000000000001,0.030169521043596274,5,0.1518,0.055733293460910785,5,0.1606,0.05971850634434856,5,0.7742,0.051382876525161575,5,0.14079999999999998,0.0519874984972349,5,0.19519999999999998,0.053532233280519884,5,0.14220000000000002,0.06331429538421793,5,0.9894000000000001,0.00391152144312158,5
XGB,XGB_n_estimators=300_max_depth=6,fine_sandalwood,0.7788,0.10351183507213077,5,0.5955999999999999,0.12238177968962538,5,0.5871999999999999,0.1344551969988516,5,0.9332,0.05727739519216982,5,0.5738,0.16869261987413675,5,0.6604,0.07514186582724706,5,0.5599999999999999,0.2066760750546613,5,0.998,0.0007071067811865285,5
XGB,XGB_n_estimators=300_max_depth=6,fine_savory,0.6656,0.06908907294210859,5,0.3016,0.10402788087815691,5,0.3166,0.10141646809073956,5,0.8624,0.036370317568038955,5,0.2784,0.08301385426541764,5,0.29619999999999996,0.08276895553285664,5,0.3538,0.14054963536060844,5,0.9776,0.006877499545619719,5
XGB,XGB_n_estimators=300_max_depth=6,fine_sharp,0.6226,0.050112872597766804,5,0.22560000000000002,0.07711549779389357,5,0.2364,0.07496199036845273,5,0.7762,0.06564830538559235,5,0.1424,0.03603886790674756,5,0.233,0.09226592003551477,5,0.2656,0.10303785712057487,5,0.9795999999999999,0.009235799911215061,5
XGB,XGB_n_estimators=300_max_depth=6,fine_smoky,0.6088,0.08175695689053011,5,0.2324,0.12121179810562996,5,0.21800000000000003,0.12494398745037716,5,0.8562,0.022185580902919805,5,0.2812,0.07549966887344606,5,0.3212,0.19177773593407552,5,0.22759999999999997,0.1696947259050793,5,0.9902,0.009093954035511725,5
XGB,XGB_n_estimators=300_max_depth=6,fine_soapy,0.527,0.02785677655436827,5,0.0656,0.06782919725310038,5,0.0678,0.0633458759510041,5,0.7518,0.1022311107246713,5,0.09019999999999999,0.07901075876107,5,0.09540000000000001,0.10052760814820973,5,0.060399999999999995,0.057691420505998986,5,0.9942,0.003492849839314604,5
XGB,XGB_n_estimators=300_max_depth=6,fine_solvent,0.6998,0.09029784050573966,5,0.3504,0.11572078464994955,5,0.3466,0.11251577667154058,5,0.8942,0.061803721570792114,5,0.31520000000000004,0.14762520110062508,5,0.3322,0.12684715211623793,5,0.41059999999999997,0.18516155108445165,5,0.9896,0.006348228099241559,5
XGB,XGB_n_estimators=300_max_depth=6,fine_sour,0.6556,0.05203172109396348,5,0.36160000000000003,0.08333546663936071,5,0.3586,0.08291441370473532,5,0.8058,0.04866929216662185,5,0.2992,0.055773649692305416,5,0.4444,0.12362968899095395,5,0.317,0.10674033914130121,5,0.9938,0.003114482300479513,5
XGB,XGB_n_estimators=300_max_depth=6,fine_spicy,0.6517999999999999,0.039429684249306374,5,0.30060000000000003,0.03130974289258855,5,0.3586,0.03877886022048609,5,0.7906000000000001,0.01781291666179344,5,0.3804,0.031069277429641,5,0.3716,0.05774772722800441,5,0.3734,0.11120161869325462,5,0.9304,0.03356039332308247,5
XGB,XGB_n_estimators=300_max_depth=6,fine_strawberry,0.507,0.019026297590440458,5,0.028800000000000003,0.07447617068566294,5,0.026600000000000002,0.05947940820149441,5,0.7438,0.1163494735699307,5,0.0754,0.06012320683396719,5,0.0666,0.14892212730148602,5,0.0166,0.03711872842649651,5,0.9975999999999999,0.0015165750888103222,5
XGB,XGB_n_estimators=300_max_depth=6,fine_sulfurous,0.9116,0.030753861546153793,5,0.7422,0.021822007240398435,5,0.7588,0.017268468374467976,5,0.9794,0.004037325847637272,5,0.7736000000000001,0.008561541917201597,5,0.6838,0.03664287106655262,5,0.8583999999999999,0.0684455988358638,5,0.9645999999999999,0.008080841540334777,5
XGB,XGB_n_estimators=300_max_depth=6,fine_sweaty,0.5858000000000001,0.07223364866874718,5,0.1492,0.09621174564469766,5,0.1434,0.08947234209519722,5,0.784,0.09430535509715234,5,0.13119999999999998,0.08084986085331256,5,0.1582,0.11938886045188639,5,0.1776,0.14892212730148602,5,0.9936,0.004722287581247037,5
XGB,XGB_n_estimators=300_max_depth=6,fine_sweet,0.6632,0.025810850431553015,5,0.29900000000000004,0.05077893263943227,5,0.5322,0.027077666073722095,5,0.7295999999999999,0.023458473948660862,5,0.5178,0.021718655575334315,5,0.44020000000000004,0.04311264315719924,5,0.678,0.036489724581037865,5,0.6482,0.06828762699054634,5
XGB,XGB_n_estimators=300_max_depth=6,fine_tea,0.5056,0.01422322045107929,5,0.0198,0.0493578767776735,5,0.02,0.0447213595499958,5,0.6314,0.08659272486762384,5,0.0458,0.027417147918775215,5,0.04,0.0894427190999916,5,0.0134,0.029963310898497186,5,0.9982,0.0017888543819998615,5
XGB,XGB_n_estimators=300_max_depth=6,fine_terpenic,0.6477999999999999,0.04940850129279373,5,0.2998,0.0701619555029647,5,0.293,0.054309299387858063,5,0.9046,0.08085975513195667,5,0.29159999999999997,0.06561859492552397,5,0.34059999999999996,0.18650951718344028,5,0.3026,0.10123635710553794,5,0.993,0.003535533905932733,5
XGB,XGB_n_estimators=300_max_depth=6,fine_tobacco,0.6044,0.047810040786428976,5,0.24300000000000002,0.11131262282418829,5,0.2432,0.09806222514301827,5,0.836,0.06689917787237748,5,0.215,0.07636425865547311,5,0.31980000000000003,0.209677609677333,5,0.22000000000000003,0.09886859966642594,5,0.9890000000000001,0.006204836822995429,5
XGB,XGB_n_estimators=300_max_depth=6,fine_tomato,0.5852,0.0928746467018852,5,0.151,0.09483933782982672,5,0.1322,0.07793715416924075,5,0.8138,0.1327467513726795,5,0.1424,0.09681580449492737,5,0.1996,0.19024536788053473,5,0.1766,0.19095627771822532,5,0.994,0.0064031242374328135,5
XGB,XGB_n_estimators=300_max_depth=6,fine_tropical,0.6764,0.019578048932414063,5,0.3342,0.024345430782797828,5,0.38639999999999997,0.0254125953023299,5,0.8056000000000001,0.02379705864177335,5,0.3532,0.03524485778095864,5,0.369,0.0464327470649756,5,0.41459999999999997,0.05257661076942863,5,0.9385999999999999,0.017615334229017565,5
XGB,XGB_n_estimators=300_max_depth=6,fine_vanilla,0.7394000000000001,0.08007371603716168,5,0.538,0.10226925246622273,5,0.524,0.10489280242228254,5,0.9134,0.04307319351986802,5,0.5688,0.04371155453652958,5,0.6576000000000001,0.22002568031936637,5,0.487,0.16619867628835075,5,0.992,0.007937253933193783,5
XGB,XGB_n_estimators=300_max_depth=6,fine_vegetable,0.6886,0.04911517077237948,5,0.349,0.03029026246172193,5,0.377,0.027449954462621606,5,0.8315999999999999,0.034348216838723994,5,0.3538,0.03215898008332977,5,0.376,0.09946607461843461,5,0.42679999999999996,0.12254672578245411,5,0.9506,0.02596728711282713,5
XGB,XGB_n_estimators=300_max_depth=6,fine_vetiver,0.6264000000000001,0.06761138957305939,5,0.2378,0.08653438622882814,5,0.2346,0.08451212930698174,5,0.874,0.08782938005018594,5,0.2202,0.08869441921564175,5,0.24620000000000003,0.09098461408392082,5,0.259,0.13760995603516485,5,0.994,0.0034641016151377327,5
XGB,XGB_n_estimators=300_max_depth=6,fine_violet,0.673,0.06898188167917718,5,0.383,0.06676076692189806,5,0.3742,0.07936749964563582,5,0.873,0.09312894286955044,5,0.37839999999999996,0.0591464284636021,5,0.4636,0.10781836578245842,5,0.35259999999999997,0.1413003892422098,5,0.9938,0.005118593556827852,5
XGB,XGB_n_estimators=300_max_depth=6,fine_warm,0.5238,0.027022213084793807,5,0.06699999999999999,0.07555461600723017,5,0.0716,0.07309103912245331,5,0.601,0.04609229870596601,5,0.06899999999999999,0.0377027850430177,5,0.11200000000000002,0.10967907731194677,5,0.0536,0.05614534709127729,5,0.9944,0.0028809720581775998,5
XGB,XGB_n_estimators=300_max_depth=6,fine_waxy,0.7454000000000001,0.038914007760702286,5,0.46420000000000006,0.026195419446918573,5,0.5114,0.028518415103227647,5,0.875,0.014404860290887948,5,0.5272,0.01551450933803579,5,0.49860000000000004,0.10120918930610996,5,0.5584,0.10453850965075023,5,0.9324,0.030029985014981265,5
XGB,XGB_n_estimators=300_max_depth=6,fine_weedy,0.512,0.02739525506360548,5,0.039400000000000004,0.08978752697340539,5,0.0364,0.08139287438099234,5,0.5598,0.09929853976771258,5,0.0372,0.02577207791389744,5,0.0666,0.14892212730148602,5,0.025,0.05590169943749474,5,0.9994,0.0008944271909999228,5
XGB,XGB_n_estimators=300_max_depth=6,fine_winey,0.6756,0.07067743628627174,5,0.3398,0.1086517372157482,5,0.3666,0.10089747271364133,5,0.8816,0.033440992808228695,5,0.34059999999999996,0.09170496169782745,5,0.3624,0.09721779672467383,5,0.38280000000000003,0.1434580077932215,5,0.9686,0.008820430828480004,5
XGB,XGB_n_estimators=300_max_depth=6,fine_woody,0.7372,0.032774990465292315,5,0.488,0.04759201613716318,5,0.5482,0.037698806347151094,5,0.8482,0.017908098726553908,5,0.5944,0.031149638842208106,5,0.5822,0.11839847971996932,5,0.5436,0.09588169794074364,5,0.9308,0.03996498467408687,5
