Fold,Model,Config,Label,Threshold,TP,TN,FP,FN,Bal.Acc,MCC,F1,ROC_AUC,PR_AUC,Precision,Sensitivity,Specificity
0,LR,LR_C=0.01,meta_floral,0.6,180,611,100,92,0.761,0.517,0.652,0.857,0.688,0.643,0.662,0.859
0,LR,LR_C=0.01,meta_fruity,0.45,392,339,180,72,0.749,0.504,0.757,0.844,0.832,0.685,0.845,0.653
0,LR,LR_C=0.01,meta_sweet,0.45,305,310,282,86,0.652,0.303,0.624,0.736,0.634,0.52,0.78,0.524
0,LR,LR_C=0.01,meta_woody,0.6,140,662,107,74,0.758,0.49,0.607,0.853,0.689,0.567,0.654,0.861
0,LR,LR_C=0.01,meta_green,0.4,413,277,246,47,0.714,0.454,0.738,0.792,0.745,0.627,0.898,0.53
0,LR,LR_C=0.01,meta_spicy,0.55,130,616,159,78,0.71,0.376,0.523,0.786,0.477,0.45,0.625,0.795
0,LR,LR_C=0.01,meta_animal_musk,0.55,94,685,149,55,0.726,0.376,0.48,0.813,0.504,0.387,0.631,0.821
0,LR,LR_C=0.01,meta_earthy,0.55,129,629,141,84,0.711,0.39,0.534,0.79,0.597,0.478,0.606,0.817
0,LR,LR_C=0.01,meta_citrus,0.65,59,807,77,40,0.754,0.444,0.502,0.821,0.42,0.434,0.596,0.913
0,LR,LR_C=0.01,meta_chemical,0.35,379,279,266,59,0.689,0.395,0.7,0.792,0.745,0.588,0.865,0.512
0,LR,LR_C=0.01,meta_gourmand,0.6,158,624,122,79,0.752,0.477,0.611,0.848,0.646,0.564,0.667,0.836
0,LR,LR_C=0.01,meta_powdery_amber,0.45,164,541,235,43,0.745,0.406,0.541,0.813,0.496,0.411,0.792,0.697
0,LR,LR_C=0.1,meta_floral,0.5,215,563,148,57,0.791,0.54,0.677,0.862,0.696,0.592,0.79,0.792
0,LR,LR_C=0.1,meta_fruity,0.45,383,353,166,81,0.753,0.508,0.756,0.844,0.83,0.698,0.825,0.68
0,LR,LR_C=0.1,meta_sweet,0.45,304,318,274,87,0.657,0.313,0.627,0.737,0.636,0.526,0.777,0.537
0,LR,LR_C=0.1,meta_woody,0.65,128,697,72,86,0.752,0.517,0.618,0.853,0.689,0.64,0.598,0.906
0,LR,LR_C=0.1,meta_green,0.35,421,263,260,39,0.709,0.452,0.738,0.791,0.737,0.618,0.915,0.503
0,LR,LR_C=0.1,meta_spicy,0.5,143,580,195,65,0.718,0.375,0.524,0.776,0.476,0.423,0.688,0.748
0,LR,LR_C=0.1,meta_animal_musk,0.55,93,690,144,56,0.726,0.379,0.482,0.81,0.517,0.392,0.624,0.827
0,LR,LR_C=0.1,meta_earthy,0.55,130,632,138,83,0.716,0.399,0.541,0.787,0.591,0.485,0.61,0.821
0,LR,LR_C=0.1,meta_citrus,0.7,56,821,63,43,0.747,0.456,0.514,0.817,0.406,0.471,0.566,0.929
0,LR,LR_C=0.1,meta_chemical,0.45,334,379,166,104,0.729,0.455,0.712,0.791,0.743,0.668,0.763,0.695
0,LR,LR_C=0.1,meta_gourmand,0.5,187,572,174,50,0.778,0.493,0.625,0.851,0.653,0.518,0.789,0.767
0,LR,LR_C=0.1,meta_powdery_amber,0.45,163,551,225,44,0.749,0.415,0.548,0.812,0.496,0.42,0.787,0.71
0,LR,LR_C=1,meta_floral,0.55,202,586,125,70,0.783,0.538,0.674,0.862,0.696,0.618,0.743,0.824
0,LR,LR_C=1,meta_fruity,0.45,382,355,164,82,0.754,0.51,0.756,0.843,0.83,0.7,0.823,0.684
0,LR,LR_C=1,meta_sweet,0.45,303,318,274,88,0.656,0.31,0.626,0.737,0.635,0.525,0.775,0.537
0,LR,LR_C=1,meta_woody,0.65,130,698,71,84,0.758,0.527,0.627,0.852,0.688,0.647,0.607,0.908
0,LR,LR_C=1,meta_green,0.4,400,302,221,60,0.724,0.462,0.74,0.791,0.735,0.644,0.87,0.577
0,LR,LR_C=1,meta_spicy,0.5,144,580,195,64,0.72,0.379,0.527,0.774,0.474,0.425,0.692,0.748
0,LR,LR_C=1,meta_animal_musk,0.45,108,605,229,41,0.725,0.34,0.444,0.809,0.518,0.32,0.725,0.725
0,LR,LR_C=1,meta_earthy,0.55,131,633,137,82,0.719,0.404,0.545,0.786,0.588,0.489,0.615,0.822
0,LR,LR_C=1,meta_citrus,0.7,55,819,65,44,0.741,0.443,0.502,0.816,0.401,0.458,0.556,0.926
0,LR,LR_C=1,meta_chemical,0.45,335,379,166,103,0.73,0.458,0.714,0.79,0.742,0.669,0.765,0.695
0,LR,LR_C=1,meta_gourmand,0.5,186,573,173,51,0.776,0.491,0.624,0.852,0.654,0.518,0.785,0.768
0,LR,LR_C=1,meta_powdery_amber,0.45,161,552,224,46,0.745,0.409,0.544,0.812,0.496,0.418,0.778,0.711
0,LR,LR_C=10,meta_floral,0.55,202,586,125,70,0.783,0.538,0.674,0.862,0.696,0.618,0.743,0.824
0,LR,LR_C=10,meta_fruity,0.45,382,355,164,82,0.754,0.51,0.756,0.843,0.83,0.7,0.823,0.684
0,LR,LR_C=10,meta_sweet,0.35,343,251,341,48,0.651,0.32,0.638,0.737,0.635,0.501,0.877,0.424
0,LR,LR_C=10,meta_woody,0.65,130,698,71,84,0.758,0.527,0.627,0.852,0.688,0.647,0.607,0.908
0,LR,LR_C=10,meta_green,0.4,400,302,221,60,0.724,0.462,0.74,0.791,0.735,0.644,0.87,0.577
0,LR,LR_C=10,meta_spicy,0.5,144,580,195,64,0.72,0.379,0.527,0.774,0.474,0.425,0.692,0.748
0,LR,LR_C=10,meta_animal_musk,0.45,108,605,229,41,0.725,0.34,0.444,0.809,0.518,0.32,0.725,0.725
0,LR,LR_C=10,meta_earthy,0.55,131,633,137,82,0.719,0.404,0.545,0.785,0.588,0.489,0.615,0.822
0,LR,LR_C=10,meta_citrus,0.7,55,818,66,44,0.74,0.441,0.5,0.816,0.401,0.455,0.556,0.925
0,LR,LR_C=10,meta_chemical,0.45,335,379,166,103,0.73,0.458,0.714,0.791,0.742,0.669,0.765,0.695
0,LR,LR_C=10,meta_gourmand,0.5,186,574,172,51,0.777,0.493,0.625,0.852,0.654,0.52,0.785,0.769
0,LR,LR_C=10,meta_powdery_amber,0.45,161,553,223,46,0.745,0.41,0.545,0.812,0.495,0.419,0.778,0.713
0,LR,LR_C=100,meta_floral,0.55,202,586,125,70,0.783,0.538,0.674,0.862,0.696,0.618,0.743,0.824
0,LR,LR_C=100,meta_fruity,0.45,381,355,164,83,0.753,0.507,0.755,0.843,0.83,0.699,0.821,0.684
0,LR,LR_C=100,meta_sweet,0.35,343,251,341,48,0.651,0.32,0.638,0.737,0.635,0.501,0.877,0.424
0,LR,LR_C=100,meta_woody,0.65,130,698,71,84,0.758,0.527,0.627,0.852,0.688,0.647,0.607,0.908
0,LR,LR_C=100,meta_green,0.4,400,302,221,60,0.724,0.462,0.74,0.791,0.735,0.644,0.87,0.577
0,LR,LR_C=100,meta_spicy,0.5,144,580,195,64,0.72,0.379,0.527,0.774,0.474,0.425,0.692,0.748
0,LR,LR_C=100,meta_animal_musk,0.45,108,605,229,41,0.725,0.34,0.444,0.809,0.518,0.32,0.725,0.725
0,LR,LR_C=100,meta_earthy,0.55,131,633,137,82,0.719,0.404,0.545,0.785,0.588,0.489,0.615,0.822
0,LR,LR_C=100,meta_citrus,0.7,55,818,66,44,0.74,0.441,0.5,0.816,0.401,0.455,0.556,0.925
0,LR,LR_C=100,meta_chemical,0.45,335,379,166,103,0.73,0.458,0.714,0.791,0.742,0.669,0.765,0.695
0,LR,LR_C=100,meta_gourmand,0.5,186,574,172,51,0.777,0.493,0.625,0.852,0.654,0.52,0.785,0.769
0,LR,LR_C=100,meta_powdery_amber,0.45,161,553,223,46,0.745,0.41,0.545,0.812,0.495,0.419,0.778,0.713
0,RF,RF_n_estimators=100_max_features=sqrt,meta_floral,0.4,209,583,128,63,0.794,0.555,0.686,0.87,0.727,0.62,0.768,0.82
0,RF,RF_n_estimators=100_max_features=sqrt,meta_fruity,0.45,365,390,129,99,0.769,0.537,0.762,0.86,0.839,0.739,0.787,0.751
0,RF,RF_n_estimators=100_max_features=sqrt,meta_sweet,0.35,328,272,320,63,0.649,0.308,0.631,0.751,0.663,0.506,0.839,0.459
0,RF,RF_n_estimators=100_max_features=sqrt,meta_woody,0.4,154,633,136,60,0.771,0.491,0.611,0.853,0.704,0.531,0.72,0.823
0,RF,RF_n_estimators=100_max_features=sqrt,meta_green,0.4,397,309,214,63,0.727,0.467,0.741,0.806,0.761,0.65,0.863,0.591
0,RF,RF_n_estimators=100_max_features=sqrt,meta_spicy,0.4,128,598,177,80,0.693,0.342,0.499,0.786,0.56,0.42,0.615,0.772
0,RF,RF_n_estimators=100_max_features=sqrt,meta_animal_musk,0.5,80,769,65,69,0.729,0.464,0.544,0.825,0.536,0.552,0.537,0.922
0,RF,RF_n_estimators=100_max_features=sqrt,meta_earthy,0.5,104,704,66,109,0.701,0.439,0.543,0.802,0.597,0.612,0.488,0.914
0,RF,RF_n_estimators=100_max_features=sqrt,meta_citrus,0.5,49,835,49,50,0.72,0.442,0.497,0.852,0.517,0.5,0.495,0.945
0,RF,RF_n_estimators=100_max_features=sqrt,meta_chemical,0.5,320,406,139,118,0.738,0.474,0.713,0.807,0.742,0.697,0.731,0.745
0,RF,RF_n_estimators=100_max_features=sqrt,meta_gourmand,0.35,200,545,201,37,0.787,0.5,0.627,0.867,0.692,0.499,0.844,0.731
0,RF,RF_n_estimators=100_max_features=sqrt,meta_powdery_amber,0.4,146,637,139,61,0.763,0.473,0.593,0.838,0.59,0.512,0.705,0.821
0,RF,RF_n_estimators=100_max_features=log2,meta_floral,0.45,196,601,110,76,0.783,0.547,0.678,0.867,0.718,0.641,0.721,0.845
0,RF,RF_n_estimators=100_max_features=log2,meta_fruity,0.4,392,352,167,72,0.762,0.527,0.766,0.866,0.849,0.701,0.845,0.678
0,RF,RF_n_estimators=100_max_features=log2,meta_sweet,0.55,214,493,99,177,0.69,0.399,0.608,0.752,0.669,0.684,0.547,0.833
0,RF,RF_n_estimators=100_max_features=log2,meta_woody,0.4,152,634,135,62,0.767,0.485,0.607,0.851,0.709,0.53,0.71,0.824
0,RF,RF_n_estimators=100_max_features=log2,meta_green,0.4,405,312,211,55,0.738,0.492,0.753,0.817,0.782,0.657,0.88,0.597
0,RF,RF_n_estimators=100_max_features=log2,meta_spicy,0.4,138,597,178,70,0.717,0.379,0.527,0.789,0.555,0.437,0.663,0.77
0,RF,RF_n_estimators=100_max_features=log2,meta_animal_musk,0.5,77,772,62,72,0.721,0.455,0.535,0.83,0.537,0.554,0.517,0.926
0,RF,RF_n_estimators=100_max_features=log2,meta_earthy,0.4,131,646,124,82,0.727,0.427,0.56,0.811,0.603,0.514,0.615,0.839
0,RF,RF_n_estimators=100_max_features=log2,meta_citrus,0.5,48,839,45,51,0.717,0.446,0.5,0.855,0.524,0.516,0.485,0.949
0,RF,RF_n_estimators=100_max_features=log2,meta_chemical,0.4,358,354,191,80,0.733,0.467,0.725,0.806,0.748,0.652,0.817,0.65
0,RF,RF_n_estimators=100_max_features=log2,meta_gourmand,0.35,197,535,211,40,0.774,0.476,0.611,0.858,0.673,0.483,0.831,0.717
0,RF,RF_n_estimators=100_max_features=log2,meta_powdery_amber,0.4,143,640,136,64,0.758,0.466,0.588,0.836,0.585,0.513,0.691,0.825
0,RF,RF_n_estimators=300_max_features=sqrt,meta_floral,0.4,203,579,132,69,0.78,0.529,0.669,0.872,0.728,0.606,0.746,0.814
0,RF,RF_n_estimators=300_max_features=sqrt,meta_fruity,0.45,360,394,125,104,0.768,0.534,0.759,0.863,0.847,0.742,0.776,0.759
0,RF,RF_n_estimators=300_max_features=sqrt,meta_sweet,0.5,246,455,137,145,0.699,0.399,0.636,0.754,0.675,0.642,0.629,0.769
0,RF,RF_n_estimators=300_max_features=sqrt,meta_woody,0.4,153,633,136,61,0.769,0.487,0.608,0.856,0.712,0.529,0.715,0.823
0,RF,RF_n_estimators=300_max_features=sqrt,meta_green,0.4,394,319,204,66,0.733,0.477,0.745,0.81,0.772,0.659,0.857,0.61
0,RF,RF_n_estimators=300_max_features=sqrt,meta_spicy,0.35,145,554,221,63,0.706,0.348,0.505,0.793,0.567,0.396,0.697,0.715
0,RF,RF_n_estimators=300_max_features=sqrt,meta_animal_musk,0.5,79,767,67,70,0.725,0.454,0.536,0.833,0.548,0.541,0.53,0.92
0,RF,RF_n_estimators=300_max_features=sqrt,meta_earthy,0.55,94,722,48,119,0.689,0.444,0.53,0.806,0.607,0.662,0.441,0.938
0,RF,RF_n_estimators=300_max_features=sqrt,meta_citrus,0.5,47,836,48,52,0.71,0.428,0.485,0.854,0.528,0.495,0.475,0.946
0,RF,RF_n_estimators=300_max_features=sqrt,meta_chemical,0.5,317,408,137,121,0.736,0.471,0.711,0.81,0.749,0.698,0.724,0.749
0,RF,RF_n_estimators=300_max_features=sqrt,meta_gourmand,0.5,147,654,92,90,0.748,0.496,0.618,0.868,0.697,0.615,0.62,0.877
0,RF,RF_n_estimators=300_max_features=sqrt,meta_powdery_amber,0.45,129,679,97,78,0.749,0.483,0.596,0.844,0.597,0.571,0.623,0.875
0,RF,RF_n_estimators=300_max_features=log2,meta_floral,0.4,204,578,133,68,0.781,0.531,0.67,0.867,0.722,0.605,0.75,0.813
0,RF,RF_n_estimators=300_max_features=log2,meta_fruity,0.4,394,353,166,70,0.765,0.534,0.77,0.865,0.85,0.704,0.849,0.68
0,RF,RF_n_estimators=300_max_features=log2,meta_sweet,0.5,248,448,144,143,0.696,0.391,0.633,0.758,0.683,0.633,0.634,0.757
0,RF,RF_n_estimators=300_max_features=log2,meta_woody,0.4,152,634,135,62,0.767,0.485,0.607,0.854,0.71,0.53,0.71,0.824
0,RF,RF_n_estimators=300_max_features=log2,meta_green,0.45,367,356,167,93,0.739,0.479,0.738,0.814,0.775,0.687,0.798,0.681
0,RF,RF_n_estimators=300_max_features=log2,meta_spicy,0.35,147,544,231,61,0.704,0.343,0.502,0.8,0.574,0.389,0.707,0.702
0,RF,RF_n_estimators=300_max_features=log2,meta_animal_musk,0.45,85,751,83,64,0.735,0.449,0.536,0.832,0.546,0.506,0.57,0.9
0,RF,RF_n_estimators=300_max_features=log2,meta_earthy,0.45,119,682,88,94,0.722,0.449,0.567,0.811,0.611,0.575,0.559,0.886
0,RF,RF_n_estimators=300_max_features=log2,meta_citrus,0.45,56,831,53,43,0.753,0.485,0.538,0.859,0.538,0.514,0.566,0.94
0,RF,RF_n_estimators=300_max_features=log2,meta_chemical,0.45,343,383,162,95,0.743,0.483,0.727,0.81,0.755,0.679,0.783,0.703
0,RF,RF_n_estimators=300_max_features=log2,meta_gourmand,0.5,150,659,87,87,0.758,0.516,0.633,0.863,0.689,0.633,0.633,0.883
0,RF,RF_n_estimators=300_max_features=log2,meta_powdery_amber,0.45,130,693,83,77,0.761,0.516,0.619,0.844,0.597,0.61,0.628,0.893
0,XGB,XGB_n_estimators=100_max_depth=3,meta_floral,0.6,175,625,86,97,0.761,0.529,0.657,0.871,0.708,0.67,0.643,0.879
0,XGB,XGB_n_estimators=100_max_depth=3,meta_fruity,0.4,387,362,157,77,0.766,0.534,0.768,0.86,0.851,0.711,0.834,0.697
0,XGB,XGB_n_estimators=100_max_depth=3,meta_sweet,0.5,272,411,181,119,0.695,0.383,0.645,0.751,0.659,0.6,0.696,0.694
0,XGB,XGB_n_estimators=100_max_depth=3,meta_woody,0.45,153,655,114,61,0.783,0.526,0.636,0.86,0.731,0.573,0.715,0.852
0,XGB,XGB_n_estimators=100_max_depth=3,meta_green,0.35,397,301,222,63,0.719,0.453,0.736,0.804,0.764,0.641,0.863,0.576
0,XGB,XGB_n_estimators=100_max_depth=3,meta_spicy,0.55,112,644,131,96,0.685,0.35,0.497,0.768,0.527,0.461,0.538,0.831
0,XGB,XGB_n_estimators=100_max_depth=3,meta_animal_musk,0.7,64,786,48,85,0.686,0.42,0.49,0.812,0.52,0.571,0.43,0.942
0,XGB,XGB_n_estimators=100_max_depth=3,meta_earthy,0.45,131,620,150,82,0.71,0.383,0.53,0.79,0.576,0.466,0.615,0.805
0,XGB,XGB_n_estimators=100_max_depth=3,meta_citrus,0.45,56,785,99,43,0.727,0.375,0.441,0.828,0.458,0.361,0.566,0.888
0,XGB,XGB_n_estimators=100_max_depth=3,meta_chemical,0.3,374,311,234,64,0.712,0.434,0.715,0.793,0.744,0.615,0.854,0.571
0,XGB,XGB_n_estimators=100_max_depth=3,meta_gourmand,0.6,151,654,92,86,0.757,0.509,0.629,0.853,0.701,0.621,0.637,0.877
0,XGB,XGB_n_estimators=100_max_depth=3,meta_powdery_amber,0.5,124,651,125,83,0.719,0.411,0.544,0.815,0.574,0.498,0.599,0.839
0,XGB,XGB_n_estimators=100_max_depth=6,meta_floral,0.2,209,580,131,63,0.792,0.549,0.683,0.878,0.744,0.615,0.768,0.816
0,XGB,XGB_n_estimators=100_max_depth=6,meta_fruity,0.2,402,323,196,62,0.744,0.5,0.757,0.854,0.844,0.672,0.866,0.622
0,XGB,XGB_n_estimators=100_max_depth=6,meta_sweet,0.3,289,363,229,102,0.676,0.345,0.636,0.751,0.668,0.558,0.739,0.613
0,XGB,XGB_n_estimators=100_max_depth=6,meta_woody,0.25,142,659,110,72,0.76,0.492,0.609,0.854,0.717,0.563,0.664,0.857
0,XGB,XGB_n_estimators=100_max_depth=6,meta_green,0.25,382,314,209,78,0.715,0.439,0.727,0.789,0.745,0.646,0.83,0.6
0,XGB,XGB_n_estimators=100_max_depth=6,meta_spicy,0.4,104,667,108,104,0.68,0.358,0.495,0.781,0.536,0.491,0.5,0.861
0,XGB,XGB_n_estimators=100_max_depth=6,meta_animal_musk,0.8,48,815,19,101,0.65,0.426,0.444,0.806,0.533,0.716,0.322,0.977
0,XGB,XGB_n_estimators=100_max_depth=6,meta_earthy,0.35,107,680,90,106,0.693,0.397,0.522,0.784,0.573,0.543,0.502,0.883
0,XGB,XGB_n_estimators=100_max_depth=6,meta_citrus,0.3,53,829,55,46,0.737,0.455,0.512,0.848,0.518,0.491,0.535,0.938
0,XGB,XGB_n_estimators=100_max_depth=6,meta_chemical,0.4,316,390,155,122,0.719,0.435,0.695,0.782,0.726,0.671,0.721,0.716
0,XGB,XGB_n_estimators=100_max_depth=6,meta_gourmand,0.35,160,637,109,77,0.764,0.508,0.632,0.853,0.686,0.595,0.675,0.854
0,XGB,XGB_n_estimators=100_max_depth=6,meta_powdery_amber,0.55,91,713,63,116,0.679,0.402,0.504,0.827,0.577,0.591,0.44,0.919
0,XGB,XGB_n_estimators=300_max_depth=3,meta_floral,0.25,217,566,145,55,0.797,0.551,0.685,0.875,0.724,0.599,0.798,0.796
0,XGB,XGB_n_estimators=300_max_depth=3,meta_fruity,0.35,380,375,144,84,0.771,0.542,0.769,0.859,0.848,0.725,0.819,0.723
0,XGB,XGB_n_estimators=300_max_depth=3,meta_sweet,0.4,275,371,221,116,0.665,0.323,0.62,0.732,0.638,0.554,0.703,0.627
0,XGB,XGB_n_estimators=300_max_depth=3,meta_woody,0.25,147,634,135,67,0.756,0.467,0.593,0.843,0.71,0.521,0.687,0.824
0,XGB,XGB_n_estimators=300_max_depth=3,meta_green,0.3,389,311,212,71,0.72,0.451,0.733,0.798,0.767,0.647,0.846,0.595
0,XGB,XGB_n_estimators=300_max_depth=3,meta_spicy,0.3,122,604,171,86,0.683,0.327,0.487,0.758,0.52,0.416,0.587,0.779
0,XGB,XGB_n_estimators=300_max_depth=3,meta_animal_musk,0.75,60,800,34,89,0.681,0.441,0.494,0.802,0.536,0.638,0.403,0.959
0,XGB,XGB_n_estimators=300_max_depth=3,meta_earthy,0.4,118,670,100,95,0.712,0.421,0.548,0.786,0.575,0.541,0.554,0.87
0,XGB,XGB_n_estimators=300_max_depth=3,meta_citrus,0.1,67,767,117,32,0.772,0.42,0.473,0.83,0.495,0.364,0.677,0.868
0,XGB,XGB_n_estimators=300_max_depth=3,meta_chemical,0.2,382,302,243,56,0.713,0.44,0.719,0.785,0.735,0.611,0.872,0.554
0,XGB,XGB_n_estimators=300_max_depth=3,meta_gourmand,0.25,183,583,163,54,0.777,0.496,0.628,0.852,0.693,0.529,0.772,0.782
0,XGB,XGB_n_estimators=300_max_depth=3,meta_powdery_amber,0.55,102,701,75,105,0.698,0.42,0.531,0.815,0.585,0.576,0.493,0.903
0,XGB,XGB_n_estimators=300_max_depth=6,meta_floral,0.15,203,597,114,69,0.793,0.561,0.689,0.879,0.752,0.64,0.746,0.84
0,XGB,XGB_n_estimators=300_max_depth=6,meta_fruity,0.4,353,398,121,111,0.764,0.527,0.753,0.856,0.835,0.745,0.761,0.767
0,XGB,XGB_n_estimators=300_max_depth=6,meta_sweet,0.1,309,328,264,82,0.672,0.342,0.641,0.75,0.673,0.539,0.79,0.554
0,XGB,XGB_n_estimators=300_max_depth=6,meta_woody,0.1,141,648,121,73,0.751,0.468,0.592,0.846,0.711,0.538,0.659,0.843
0,XGB,XGB_n_estimators=300_max_depth=6,meta_green,0.05,418,254,269,42,0.697,0.429,0.729,0.789,0.748,0.608,0.909,0.486
0,XGB,XGB_n_estimators=300_max_depth=6,meta_spicy,0.15,115,647,128,93,0.694,0.367,0.51,0.776,0.538,0.473,0.553,0.835
0,XGB,XGB_n_estimators=300_max_depth=6,meta_animal_musk,0.55,63,787,47,86,0.683,0.417,0.486,0.802,0.538,0.573,0.423,0.944
0,XGB,XGB_n_estimators=300_max_depth=6,meta_earthy,0.15,124,656,114,89,0.717,0.418,0.55,0.775,0.561,0.521,0.582,0.852
0,XGB,XGB_n_estimators=300_max_depth=6,meta_citrus,0.1,65,819,65,34,0.792,0.518,0.568,0.85,0.524,0.5,0.657,0.926
0,XGB,XGB_n_estimators=300_max_depth=6,meta_chemical,0.15,354,346,199,84,0.722,0.444,0.714,0.786,0.73,0.64,0.808,0.635
0,XGB,XGB_n_estimators=300_max_depth=6,meta_gourmand,0.5,132,674,72,105,0.73,0.486,0.599,0.853,0.683,0.647,0.557,0.903
0,XGB,XGB_n_estimators=300_max_depth=6,meta_powdery_amber,0.15,119,661,115,88,0.713,0.408,0.54,0.826,0.591,0.509,0.575,0.852
0,SVM,SVM_C=0.1,meta_floral,0.35,174,601,110,98,0.742,0.479,0.626,0.835,0.658,0.613,0.64,0.845
0,SVM,SVM_C=0.1,meta_fruity,0.4,376,354,165,88,0.746,0.494,0.748,0.813,0.799,0.695,0.81,0.682
0,SVM,SVM_C=0.1,meta_sweet,0.3,310,276,316,81,0.63,0.264,0.61,0.715,0.625,0.495,0.793,0.466
0,SVM,SVM_C=0.1,meta_woody,0.4,119,669,100,95,0.713,0.423,0.55,0.823,0.62,0.543,0.556,0.87
0,SVM,SVM_C=0.1,meta_green,0.3,403,258,265,57,0.685,0.395,0.715,0.776,0.716,0.603,0.876,0.493
0,SVM,SVM_C=0.1,meta_spicy,0.25,131,568,207,77,0.681,0.312,0.48,0.771,0.475,0.388,0.63,0.733
0,SVM,SVM_C=0.1,meta_animal_musk,0.15,99,642,192,50,0.717,0.341,0.45,0.794,0.456,0.34,0.664,0.77
0,SVM,SVM_C=0.1,meta_earthy,0.35,106,689,81,107,0.696,0.412,0.53,0.786,0.589,0.567,0.498,0.895
0,SVM,SVM_C=0.1,meta_citrus,0.3,47,830,54,52,0.707,0.41,0.47,0.808,0.41,0.465,0.475,0.939
0,SVM,SVM_C=0.1,meta_chemical,0.3,376,303,242,62,0.707,0.426,0.712,0.772,0.694,0.608,0.858,0.556
0,SVM,SVM_C=0.1,meta_gourmand,0.25,174,541,205,63,0.73,0.404,0.565,0.817,0.603,0.459,0.734,0.725
0,SVM,SVM_C=0.1,meta_powdery_amber,0.15,164,488,288,43,0.711,0.345,0.498,0.787,0.49,0.363,0.792,0.629
0,SVM,SVM_C=1,meta_floral,0.25,219,558,153,53,0.795,0.544,0.68,0.869,0.722,0.589,0.805,0.785
0,SVM,SVM_C=1,meta_fruity,0.4,369,367,152,95,0.751,0.503,0.749,0.842,0.832,0.708,0.795,0.707
0,SVM,SVM_C=1,meta_sweet,0.35,284,359,233,107,0.666,0.326,0.626,0.75,0.663,0.549,0.726,0.606
0,SVM,SVM_C=1,meta_woody,0.4,124,679,90,90,0.731,0.462,0.579,0.84,0.653,0.579,0.579,0.883
0,SVM,SVM_C=1,meta_green,0.35,394,321,202,66,0.735,0.48,0.746,0.81,0.765,0.661,0.857,0.614
0,SVM,SVM_C=1,meta_spicy,0.25,131,620,155,77,0.715,0.387,0.53,0.795,0.517,0.458,0.63,0.8
0,SVM,SVM_C=1,meta_animal_musk,0.2,102,690,144,47,0.756,0.424,0.516,0.829,0.501,0.415,0.685,0.827
0,SVM,SVM_C=1,meta_earthy,0.3,128,658,112,85,0.728,0.437,0.565,0.796,0.574,0.533,0.601,0.855
0,SVM,SVM_C=1,meta_citrus,0.3,51,827,57,48,0.725,0.434,0.493,0.824,0.465,0.472,0.515,0.936
0,SVM,SVM_C=1,meta_chemical,0.4,334,379,166,104,0.729,0.455,0.712,0.795,0.732,0.668,0.763,0.695
0,SVM,SVM_C=1,meta_gourmand,0.25,189,566,180,48,0.778,0.491,0.624,0.847,0.654,0.512,0.797,0.759
0,SVM,SVM_C=1,meta_powdery_amber,0.3,128,647,129,79,0.726,0.42,0.552,0.822,0.522,0.498,0.618,0.834
0,SVM,SVM_C=10,meta_floral,0.5,156,649,62,116,0.743,0.524,0.637,0.866,0.723,0.716,0.574,0.913
0,SVM,SVM_C=10,meta_fruity,0.4,372,368,151,92,0.755,0.511,0.754,0.843,0.826,0.711,0.802,0.709
0,SVM,SVM_C=10,meta_sweet,0.35,289,380,212,102,0.691,0.373,0.648,0.752,0.658,0.577,0.739,0.642
0,SVM,SVM_C=10,meta_woody,0.3,137,668,101,77,0.754,0.49,0.606,0.827,0.639,0.576,0.64,0.869
0,SVM,SVM_C=10,meta_green,0.4,367,348,175,93,0.732,0.465,0.733,0.798,0.746,0.677,0.798,0.665
0,SVM,SVM_C=10,meta_spicy,0.2,142,532,243,66,0.685,0.309,0.479,0.753,0.486,0.369,0.683,0.686
0,SVM,SVM_C=10,meta_animal_musk,0.25,86,724,110,63,0.723,0.4,0.499,0.802,0.496,0.439,0.577,0.868
0,SVM,SVM_C=10,meta_earthy,0.25,129,611,159,84,0.7,0.361,0.515,0.773,0.526,0.448,0.606,0.794
0,SVM,SVM_C=10,meta_citrus,0.35,43,844,40,56,0.695,0.421,0.473,0.834,0.482,0.518,0.434,0.955
0,SVM,SVM_C=10,meta_chemical,0.4,345,355,190,93,0.72,0.438,0.709,0.781,0.7,0.645,0.788,0.651
0,SVM,SVM_C=10,meta_gourmand,0.35,161,641,105,76,0.769,0.519,0.64,0.857,0.685,0.605,0.679,0.859
0,SVM,SVM_C=10,meta_powdery_amber,0.25,141,631,145,66,0.747,0.444,0.572,0.805,0.527,0.493,0.681,0.813
0,KNN,KNN_n_neighbors=5_metric=euclidean,meta_floral,0.45,157,629,82,115,0.731,0.482,0.614,0.833,0.612,0.657,0.577,0.885
0,KNN,KNN_n_neighbors=5_metric=euclidean,meta_fruity,0.25,413,284,235,51,0.719,0.461,0.743,0.829,0.78,0.637,0.89,0.547
0,KNN,KNN_n_neighbors=5_metric=euclidean,meta_sweet,0.25,317,297,295,74,0.656,0.315,0.632,0.732,0.593,0.518,0.811,0.502
0,KNN,KNN_n_neighbors=5_metric=euclidean,meta_woody,0.25,135,638,131,79,0.73,0.428,0.562,0.806,0.595,0.508,0.631,0.83
0,KNN,KNN_n_neighbors=5_metric=euclidean,meta_green,0.25,402,268,255,58,0.693,0.409,0.72,0.765,0.687,0.612,0.874,0.512
0,KNN,KNN_n_neighbors=5_metric=euclidean,meta_spicy,0.45,78,706,69,130,0.643,0.328,0.439,0.735,0.436,0.531,0.375,0.911
0,KNN,KNN_n_neighbors=5_metric=euclidean,meta_animal_musk,0.25,88,709,125,61,0.72,0.384,0.486,0.779,0.434,0.413,0.591,0.85
0,KNN,KNN_n_neighbors=5_metric=euclidean,meta_earthy,0.25,127,624,146,86,0.703,0.374,0.523,0.762,0.496,0.465,0.596,0.81
0,KNN,KNN_n_neighbors=5_metric=euclidean,meta_citrus,0.45,32,856,28,67,0.646,0.367,0.403,0.809,0.354,0.533,0.323,0.968
0,KNN,KNN_n_neighbors=5_metric=euclidean,meta_chemical,0.25,359,287,258,79,0.673,0.356,0.681,0.759,0.67,0.582,0.82,0.527
0,KNN,KNN_n_neighbors=5_metric=euclidean,meta_gourmand,0.25,172,557,189,65,0.736,0.419,0.575,0.819,0.596,0.476,0.726,0.747
0,KNN,KNN_n_neighbors=5_metric=euclidean,meta_powdery_amber,0.25,138,600,176,69,0.72,0.385,0.53,0.77,0.454,0.439,0.667,0.773
0,KNN,KNN_n_neighbors=5_metric=cosine,meta_floral,0.25,215,562,149,57,0.79,0.538,0.676,0.84,0.626,0.591,0.79,0.79
0,KNN,KNN_n_neighbors=5_metric=cosine,meta_fruity,0.25,407,295,224,57,0.723,0.464,0.743,0.827,0.777,0.645,0.877,0.568
0,KNN,KNN_n_neighbors=5_metric=cosine,meta_sweet,0.25,311,310,282,80,0.66,0.319,0.632,0.731,0.608,0.524,0.795,0.524
0,KNN,KNN_n_neighbors=5_metric=cosine,meta_woody,0.25,139,634,135,75,0.737,0.436,0.57,0.811,0.599,0.507,0.65,0.824
0,KNN,KNN_n_neighbors=5_metric=cosine,meta_green,0.25,401,285,238,59,0.708,0.436,0.73,0.772,0.694,0.628,0.872,0.545
0,KNN,KNN_n_neighbors=5_metric=cosine,meta_spicy,0.25,117,615,160,91,0.678,0.323,0.482,0.732,0.433,0.422,0.562,0.794
0,KNN,KNN_n_neighbors=5_metric=cosine,meta_animal_musk,0.25,91,710,124,58,0.731,0.401,0.5,0.783,0.434,0.423,0.611,0.851
0,KNN,KNN_n_neighbors=5_metric=cosine,meta_earthy,0.25,128,618,152,85,0.702,0.368,0.519,0.771,0.5,0.457,0.601,0.803
0,KNN,KNN_n_neighbors=5_metric=cosine,meta_citrus,0.25,55,793,91,44,0.726,0.383,0.449,0.802,0.357,0.377,0.556,0.897
0,KNN,KNN_n_neighbors=5_metric=cosine,meta_chemical,0.25,370,276,269,68,0.676,0.366,0.687,0.756,0.669,0.579,0.845,0.506
0,KNN,KNN_n_neighbors=5_metric=cosine,meta_gourmand,0.25,171,567,179,66,0.741,0.43,0.583,0.821,0.594,0.489,0.722,0.76
0,KNN,KNN_n_neighbors=5_metric=cosine,meta_powdery_amber,0.25,141,603,173,66,0.729,0.401,0.541,0.78,0.46,0.449,0.681,0.777
0,KNN,KNN_n_neighbors=11_metric=euclidean,meta_floral,0.5,164,638,73,108,0.75,0.523,0.644,0.847,0.654,0.692,0.603,0.897
0,KNN,KNN_n_neighbors=11_metric=euclidean,meta_fruity,0.5,371,380,139,93,0.766,0.531,0.762,0.839,0.807,0.727,0.8,0.732
0,KNN,KNN_n_neighbors=11_metric=euclidean,meta_sweet,0.3,336,253,339,55,0.643,0.303,0.63,0.748,0.642,0.498,0.859,0.427
0,KNN,KNN_n_neighbors=11_metric=euclidean,meta_woody,0.2,158,595,174,56,0.756,0.447,0.579,0.837,0.644,0.476,0.738,0.774
0,KNN,KNN_n_neighbors=11_metric=euclidean,meta_green,0.4,382,322,201,78,0.723,0.453,0.733,0.787,0.723,0.655,0.83,0.616
0,KNN,KNN_n_neighbors=11_metric=euclidean,meta_spicy,0.2,143,538,237,65,0.691,0.32,0.486,0.757,0.45,0.376,0.688,0.694
0,KNN,KNN_n_neighbors=11_metric=euclidean,meta_animal_musk,0.3,71,759,75,78,0.693,0.39,0.481,0.797,0.444,0.486,0.477,0.91
0,KNN,KNN_n_neighbors=11_metric=euclidean,meta_earthy,0.3,118,659,111,95,0.705,0.399,0.534,0.777,0.529,0.515,0.554,0.856
0,KNN,KNN_n_neighbors=11_metric=euclidean,meta_citrus,0.4,36,843,41,63,0.659,0.355,0.409,0.814,0.363,0.468,0.364,0.954
0,KNN,KNN_n_neighbors=11_metric=euclidean,meta_chemical,0.4,332,363,182,106,0.712,0.422,0.697,0.783,0.706,0.646,0.758,0.666
0,KNN,KNN_n_neighbors=11_metric=euclidean,meta_gourmand,0.2,197,504,242,40,0.753,0.436,0.583,0.831,0.615,0.449,0.831,0.676
0,KNN,KNN_n_neighbors=11_metric=euclidean,meta_powdery_amber,0.3,128,623,153,79,0.711,0.38,0.525,0.785,0.499,0.456,0.618,0.803
0,KNN,KNN_n_neighbors=11_metric=cosine,meta_floral,0.4,176,606,105,96,0.75,0.494,0.637,0.85,0.643,0.626,0.647,0.852
0,KNN,KNN_n_neighbors=11_metric=cosine,meta_fruity,0.4,375,358,161,89,0.749,0.499,0.75,0.837,0.806,0.7,0.808,0.69
0,KNN,KNN_n_neighbors=11_metric=cosine,meta_sweet,0.4,287,383,209,104,0.69,0.373,0.647,0.754,0.648,0.579,0.734,0.647
0,KNN,KNN_n_neighbors=11_metric=cosine,meta_woody,0.3,138,663,106,76,0.754,0.484,0.603,0.846,0.667,0.566,0.645,0.862
0,KNN,KNN_n_neighbors=11_metric=cosine,meta_green,0.3,405,273,250,55,0.701,0.426,0.726,0.788,0.724,0.618,0.88,0.522
0,KNN,KNN_n_neighbors=11_metric=cosine,meta_spicy,0.3,110,642,133,98,0.679,0.338,0.488,0.759,0.455,0.453,0.529,0.828
0,KNN,KNN_n_neighbors=11_metric=cosine,meta_animal_musk,0.4,59,784,50,90,0.668,0.384,0.457,0.806,0.461,0.541,0.396,0.94
0,KNN,KNN_n_neighbors=11_metric=cosine,meta_earthy,0.3,117,673,97,96,0.712,0.423,0.548,0.789,0.542,0.547,0.549,0.874
0,KNN,KNN_n_neighbors=11_metric=cosine,meta_citrus,0.2,60,767,117,39,0.737,0.371,0.435,0.82,0.38,0.339,0.606,0.868
0,KNN,KNN_n_neighbors=11_metric=cosine,meta_chemical,0.3,382,296,249,56,0.708,0.431,0.715,0.776,0.689,0.605,0.872,0.543
0,KNN,KNN_n_neighbors=11_metric=cosine,meta_gourmand,0.4,148,627,119,89,0.732,0.447,0.587,0.843,0.638,0.554,0.624,0.84
0,KNN,KNN_n_neighbors=11_metric=cosine,meta_powdery_amber,0.3,127,616,160,80,0.704,0.365,0.514,0.791,0.491,0.443,0.614,0.794
0,KNN,KNN_n_neighbors=21_metric=euclidean,meta_floral,0.45,168,625,86,104,0.748,0.508,0.639,0.848,0.67,0.661,0.618,0.879
0,KNN,KNN_n_neighbors=21_metric=euclidean,meta_fruity,0.45,385,342,177,79,0.744,0.493,0.75,0.829,0.797,0.685,0.83,0.659
0,KNN,KNN_n_neighbors=21_metric=euclidean,meta_sweet,0.4,306,338,254,85,0.677,0.349,0.644,0.752,0.655,0.546,0.783,0.571
0,KNN,KNN_n_neighbors=21_metric=euclidean,meta_woody,0.15,179,532,237,35,0.764,0.441,0.568,0.843,0.662,0.43,0.836,0.692
0,KNN,KNN_n_neighbors=21_metric=euclidean,meta_green,0.35,414,263,260,46,0.701,0.433,0.73,0.772,0.705,0.614,0.9,0.503
0,KNN,KNN_n_neighbors=21_metric=euclidean,meta_spicy,0.3,123,619,156,85,0.695,0.353,0.505,0.763,0.47,0.441,0.591,0.799
0,KNN,KNN_n_neighbors=21_metric=euclidean,meta_animal_musk,0.3,64,765,69,85,0.673,0.364,0.454,0.784,0.432,0.481,0.43,0.917
0,KNN,KNN_n_neighbors=21_metric=euclidean,meta_earthy,0.25,131,631,139,82,0.717,0.401,0.542,0.802,0.554,0.485,0.615,0.819
0,KNN,KNN_n_neighbors=21_metric=euclidean,meta_citrus,0.3,46,828,56,53,0.701,0.396,0.458,0.81,0.393,0.451,0.465,0.937
0,KNN,KNN_n_neighbors=21_metric=euclidean,meta_chemical,0.3,378,294,251,60,0.701,0.417,0.709,0.778,0.707,0.601,0.863,0.539
0,KNN,KNN_n_neighbors=21_metric=euclidean,meta_gourmand,0.3,182,557,189,55,0.757,0.454,0.599,0.822,0.61,0.491,0.768,0.747
0,KNN,KNN_n_neighbors=21_metric=euclidean,meta_powdery_amber,0.25,150,572,204,57,0.731,0.392,0.535,0.8,0.488,0.424,0.725,0.737
0,KNN,KNN_n_neighbors=21_metric=cosine,meta_floral,0.3,199,559,152,73,0.759,0.484,0.639,0.85,0.672,0.567,0.732,0.786
0,KNN,KNN_n_neighbors=21_metric=cosine,meta_fruity,0.4,383,340,179,81,0.74,0.485,0.747,0.833,0.816,0.681,0.825,0.655
0,KNN,KNN_n_neighbors=21_metric=cosine,meta_sweet,0.4,292,362,230,99,0.679,0.351,0.64,0.755,0.664,0.559,0.747,0.611
0,KNN,KNN_n_neighbors=21_metric=cosine,meta_woody,0.2,167,579,190,47,0.767,0.458,0.585,0.845,0.682,0.468,0.78,0.753
0,KNN,KNN_n_neighbors=21_metric=cosine,meta_green,0.3,417,242,281,43,0.685,0.406,0.72,0.785,0.726,0.597,0.907,0.463
0,KNN,KNN_n_neighbors=21_metric=cosine,meta_spicy,0.3,110,621,154,98,0.665,0.304,0.466,0.765,0.465,0.417,0.529,0.801
0,KNN,KNN_n_neighbors=21_metric=cosine,meta_animal_musk,0.3,74,750,84,75,0.698,0.387,0.482,0.796,0.448,0.468,0.497,0.899
0,KNN,KNN_n_neighbors=21_metric=cosine,meta_earthy,0.3,110,657,113,103,0.685,0.364,0.505,0.793,0.543,0.493,0.516,0.853
0,KNN,KNN_n_neighbors=21_metric=cosine,meta_citrus,0.35,41,838,46,58,0.681,0.384,0.441,0.83,0.387,0.471,0.414,0.948
0,KNN,KNN_n_neighbors=21_metric=cosine,meta_chemical,0.3,380,283,262,58,0.693,0.404,0.704,0.777,0.699,0.592,0.868,0.519
0,KNN,KNN_n_neighbors=21_metric=cosine,meta_gourmand,0.3,183,563,183,54,0.763,0.466,0.607,0.837,0.635,0.5,0.772,0.755
0,KNN,KNN_n_neighbors=21_metric=cosine,meta_powdery_amber,0.3,134,635,141,73,0.733,0.423,0.556,0.812,0.518,0.487,0.647,0.818
1,LR,LR_C=0.01,meta_floral,0.55,199,584,137,64,0.783,0.529,0.664,0.856,0.68,0.592,0.757,0.81
1,LR,LR_C=0.01,meta_fruity,0.5,354,393,118,119,0.759,0.518,0.749,0.844,0.827,0.75,0.748,0.769
1,LR,LR_C=0.01,meta_sweet,0.5,258,358,242,126,0.634,0.262,0.584,0.708,0.614,0.516,0.672,0.597
1,LR,LR_C=0.01,meta_woody,0.5,156,587,188,53,0.752,0.432,0.564,0.821,0.58,0.453,0.746,0.757
1,LR,LR_C=0.01,meta_green,0.35,381,254,293,56,0.668,0.36,0.686,0.77,0.703,0.565,0.872,0.464
1,LR,LR_C=0.01,meta_spicy,0.4,179,463,309,33,0.722,0.365,0.511,0.788,0.551,0.367,0.844,0.6
1,LR,LR_C=0.01,meta_animal_musk,0.65,88,739,86,71,0.725,0.433,0.529,0.8,0.526,0.506,0.553,0.896
1,LR,LR_C=0.01,meta_earthy,0.6,126,686,99,73,0.754,0.485,0.594,0.825,0.62,0.56,0.633,0.874
1,LR,LR_C=0.01,meta_citrus,0.6,58,777,105,44,0.725,0.369,0.438,0.837,0.458,0.356,0.569,0.881
1,LR,LR_C=0.01,meta_chemical,0.45,336,359,197,92,0.715,0.429,0.699,0.79,0.756,0.63,0.785,0.646
1,LR,LR_C=0.01,meta_gourmand,0.55,164,589,159,72,0.741,0.439,0.587,0.81,0.591,0.508,0.695,0.787
1,LR,LR_C=0.01,meta_powdery_amber,0.5,143,585,200,56,0.732,0.391,0.528,0.817,0.532,0.417,0.719,0.745
1,LR,LR_C=0.1,meta_floral,0.6,184,608,113,79,0.771,0.523,0.657,0.856,0.686,0.62,0.7,0.843
1,LR,LR_C=0.1,meta_fruity,0.5,359,405,106,114,0.776,0.552,0.765,0.847,0.832,0.772,0.759,0.793
1,LR,LR_C=0.1,meta_sweet,0.45,281,335,265,103,0.645,0.285,0.604,0.706,0.613,0.515,0.732,0.558
1,LR,LR_C=0.1,meta_woody,0.4,166,546,229,43,0.749,0.416,0.55,0.817,0.566,0.42,0.794,0.705
1,LR,LR_C=0.1,meta_green,0.35,376,271,276,61,0.678,0.374,0.691,0.77,0.707,0.577,0.86,0.495
1,LR,LR_C=0.1,meta_spicy,0.4,171,488,284,41,0.719,0.362,0.513,0.785,0.554,0.376,0.807,0.632
1,LR,LR_C=0.1,meta_animal_musk,0.6,99,700,125,60,0.736,0.414,0.517,0.794,0.513,0.442,0.623,0.848
1,LR,LR_C=0.1,meta_earthy,0.55,134,633,152,65,0.74,0.424,0.553,0.816,0.606,0.469,0.673,0.806
1,LR,LR_C=0.1,meta_citrus,0.6,59,776,106,43,0.729,0.374,0.442,0.837,0.449,0.358,0.578,0.88
1,LR,LR_C=0.1,meta_chemical,0.45,330,360,196,98,0.709,0.416,0.692,0.794,0.763,0.627,0.771,0.647
1,LR,LR_C=0.1,meta_gourmand,0.55,163,597,151,73,0.744,0.448,0.593,0.814,0.605,0.519,0.691,0.798
1,LR,LR_C=0.1,meta_powdery_amber,0.55,130,617,168,69,0.72,0.384,0.523,0.816,0.522,0.436,0.653,0.786
1,LR,LR_C=1,meta_floral,0.55,205,586,135,58,0.796,0.551,0.68,0.855,0.685,0.603,0.779,0.813
1,LR,LR_C=1,meta_fruity,0.5,359,409,102,114,0.78,0.56,0.769,0.848,0.832,0.779,0.759,0.8
1,LR,LR_C=1,meta_sweet,0.5,251,367,233,133,0.633,0.259,0.578,0.706,0.612,0.519,0.654,0.612
1,LR,LR_C=1,meta_woody,0.4,165,548,227,44,0.748,0.415,0.549,0.816,0.564,0.421,0.789,0.707
1,LR,LR_C=1,meta_green,0.35,376,274,273,61,0.681,0.379,0.692,0.769,0.708,0.579,0.86,0.501
1,LR,LR_C=1,meta_spicy,0.4,170,490,282,42,0.718,0.36,0.512,0.785,0.554,0.376,0.802,0.635
1,LR,LR_C=1,meta_animal_musk,0.6,99,697,128,60,0.734,0.408,0.513,0.793,0.509,0.436,0.623,0.845
1,LR,LR_C=1,meta_earthy,0.55,134,625,160,65,0.735,0.412,0.544,0.815,0.603,0.456,0.673,0.796
1,LR,LR_C=1,meta_citrus,0.6,59,775,107,43,0.729,0.372,0.44,0.837,0.442,0.355,0.578,0.879
1,LR,LR_C=1,meta_chemical,0.45,330,363,193,98,0.712,0.421,0.694,0.794,0.763,0.631,0.771,0.653
1,LR,LR_C=1,meta_gourmand,0.55,163,597,151,73,0.744,0.448,0.593,0.814,0.606,0.519,0.691,0.798
1,LR,LR_C=1,meta_powdery_amber,0.6,118,647,138,81,0.709,0.382,0.519,0.815,0.52,0.461,0.593,0.824
1,LR,LR_C=10,meta_floral,0.55,204,586,135,59,0.794,0.548,0.678,0.855,0.685,0.602,0.776,0.813
1,LR,LR_C=10,meta_fruity,0.5,359,409,102,114,0.78,0.56,0.769,0.848,0.832,0.779,0.759,0.8
1,LR,LR_C=10,meta_sweet,0.5,251,365,235,133,0.631,0.256,0.577,0.706,0.613,0.516,0.654,0.608
1,LR,LR_C=10,meta_woody,0.4,165,548,227,44,0.748,0.415,0.549,0.816,0.564,0.421,0.789,0.707
1,LR,LR_C=10,meta_green,0.35,376,274,273,61,0.681,0.379,0.692,0.769,0.707,0.579,0.86,0.501
1,LR,LR_C=10,meta_spicy,0.4,169,490,282,43,0.716,0.356,0.51,0.785,0.554,0.375,0.797,0.635
1,LR,LR_C=10,meta_animal_musk,0.6,99,696,129,60,0.733,0.407,0.512,0.793,0.509,0.434,0.623,0.844
1,LR,LR_C=10,meta_earthy,0.65,117,704,81,82,0.742,0.486,0.589,0.814,0.603,0.591,0.588,0.897
1,LR,LR_C=10,meta_citrus,0.6,59,775,107,43,0.729,0.372,0.44,0.837,0.443,0.355,0.578,0.879
1,LR,LR_C=10,meta_chemical,0.45,330,366,190,98,0.715,0.426,0.696,0.794,0.763,0.635,0.771,0.658
1,LR,LR_C=10,meta_gourmand,0.55,163,597,151,73,0.744,0.448,0.593,0.814,0.606,0.519,0.691,0.798
1,LR,LR_C=10,meta_powdery_amber,0.6,118,646,139,81,0.708,0.38,0.518,0.815,0.52,0.459,0.593,0.823
1,LR,LR_C=100,meta_floral,0.55,204,586,135,59,0.794,0.548,0.678,0.855,0.685,0.602,0.776,0.813
1,LR,LR_C=100,meta_fruity,0.5,359,409,102,114,0.78,0.56,0.769,0.848,0.832,0.779,0.759,0.8
1,LR,LR_C=100,meta_sweet,0.5,251,365,235,133,0.631,0.256,0.577,0.706,0.613,0.516,0.654,0.608
1,LR,LR_C=100,meta_woody,0.4,164,548,227,45,0.746,0.411,0.547,0.816,0.564,0.419,0.785,0.707
1,LR,LR_C=100,meta_green,0.35,376,274,273,61,0.681,0.379,0.692,0.769,0.707,0.579,0.86,0.501
1,LR,LR_C=100,meta_spicy,0.4,169,490,282,43,0.716,0.356,0.51,0.785,0.554,0.375,0.797,0.635
1,LR,LR_C=100,meta_animal_musk,0.6,98,696,129,61,0.73,0.402,0.508,0.793,0.509,0.432,0.616,0.844
1,LR,LR_C=100,meta_earthy,0.65,117,704,81,82,0.742,0.486,0.589,0.814,0.603,0.591,0.588,0.897
1,LR,LR_C=100,meta_citrus,0.6,59,775,107,43,0.729,0.372,0.44,0.837,0.443,0.355,0.578,0.879
1,LR,LR_C=100,meta_chemical,0.45,330,366,190,98,0.715,0.426,0.696,0.794,0.763,0.635,0.771,0.658
1,LR,LR_C=100,meta_gourmand,0.55,163,596,152,73,0.744,0.446,0.592,0.814,0.606,0.517,0.691,0.797
1,LR,LR_C=100,meta_powdery_amber,0.6,118,646,139,81,0.708,0.38,0.518,0.815,0.52,0.459,0.593,0.823
1,RF,RF_n_estimators=100_max_features=sqrt,meta_floral,0.45,200,587,134,63,0.787,0.537,0.67,0.867,0.698,0.599,0.76,0.814
1,RF,RF_n_estimators=100_max_features=sqrt,meta_fruity,0.4,396,370,141,77,0.781,0.563,0.784,0.863,0.853,0.737,0.837,0.724
1,RF,RF_n_estimators=100_max_features=sqrt,meta_sweet,0.4,277,343,257,107,0.647,0.287,0.603,0.715,0.644,0.519,0.721,0.572
1,RF,RF_n_estimators=100_max_features=sqrt,meta_woody,0.45,145,642,133,64,0.761,0.474,0.595,0.831,0.637,0.522,0.694,0.828
1,RF,RF_n_estimators=100_max_features=sqrt,meta_green,0.35,384,280,267,53,0.695,0.41,0.706,0.778,0.722,0.59,0.879,0.512
1,RF,RF_n_estimators=100_max_features=sqrt,meta_spicy,0.45,126,626,146,86,0.703,0.373,0.521,0.786,0.544,0.463,0.594,0.811
1,RF,RF_n_estimators=100_max_features=sqrt,meta_animal_musk,0.45,91,743,82,68,0.736,0.457,0.548,0.832,0.547,0.526,0.572,0.901
1,RF,RF_n_estimators=100_max_features=sqrt,meta_earthy,0.35,143,607,178,56,0.746,0.421,0.55,0.828,0.656,0.445,0.719,0.773
1,RF,RF_n_estimators=100_max_features=sqrt,meta_citrus,0.45,49,829,53,53,0.71,0.42,0.48,0.852,0.518,0.48,0.48,0.94
1,RF,RF_n_estimators=100_max_features=sqrt,meta_chemical,0.45,338,385,171,90,0.741,0.478,0.721,0.805,0.766,0.664,0.79,0.692
1,RF,RF_n_estimators=100_max_features=sqrt,meta_gourmand,0.5,147,621,127,89,0.727,0.432,0.576,0.825,0.641,0.536,0.623,0.83
1,RF,RF_n_estimators=100_max_features=sqrt,meta_powdery_amber,0.45,120,665,120,79,0.725,0.421,0.547,0.823,0.545,0.5,0.603,0.847
1,RF,RF_n_estimators=100_max_features=log2,meta_floral,0.5,184,616,105,79,0.777,0.538,0.667,0.866,0.683,0.637,0.7,0.854
1,RF,RF_n_estimators=100_max_features=log2,meta_fruity,0.45,382,397,114,91,0.792,0.584,0.788,0.862,0.85,0.77,0.808,0.777
1,RF,RF_n_estimators=100_max_features=log2,meta_sweet,0.5,225,430,170,159,0.651,0.301,0.578,0.716,0.658,0.57,0.586,0.717
1,RF,RF_n_estimators=100_max_features=log2,meta_woody,0.4,152,605,170,57,0.754,0.443,0.573,0.824,0.627,0.472,0.727,0.781
1,RF,RF_n_estimators=100_max_features=log2,meta_green,0.35,388,278,269,49,0.698,0.418,0.709,0.784,0.732,0.591,0.888,0.508
1,RF,RF_n_estimators=100_max_features=log2,meta_spicy,0.4,145,587,185,67,0.722,0.387,0.535,0.788,0.548,0.439,0.684,0.76
1,RF,RF_n_estimators=100_max_features=log2,meta_animal_musk,0.4,100,719,106,59,0.75,0.453,0.548,0.828,0.561,0.485,0.629,0.872
1,RF,RF_n_estimators=100_max_features=log2,meta_earthy,0.35,142,616,169,57,0.749,0.43,0.557,0.833,0.667,0.457,0.714,0.785
1,RF,RF_n_estimators=100_max_features=log2,meta_citrus,0.35,62,803,79,40,0.759,0.451,0.51,0.857,0.506,0.44,0.608,0.91
1,RF,RF_n_estimators=100_max_features=log2,meta_chemical,0.45,330,376,180,98,0.724,0.444,0.704,0.799,0.759,0.647,0.771,0.676
1,RF,RF_n_estimators=100_max_features=log2,meta_gourmand,0.5,141,631,117,95,0.721,0.428,0.571,0.825,0.638,0.547,0.597,0.844
1,RF,RF_n_estimators=100_max_features=log2,meta_powdery_amber,0.35,147,591,194,52,0.746,0.415,0.544,0.828,0.557,0.431,0.739,0.753
1,RF,RF_n_estimators=300_max_features=sqrt,meta_floral,0.45,197,593,128,66,0.786,0.538,0.67,0.869,0.7,0.606,0.749,0.822
1,RF,RF_n_estimators=300_max_features=sqrt,meta_fruity,0.45,374,405,106,99,0.792,0.583,0.785,0.866,0.859,0.779,0.791,0.793
1,RF,RF_n_estimators=300_max_features=sqrt,meta_sweet,0.4,279,343,257,105,0.649,0.292,0.607,0.718,0.644,0.521,0.727,0.572
1,RF,RF_n_estimators=300_max_features=sqrt,meta_woody,0.45,141,642,133,68,0.752,0.459,0.584,0.83,0.632,0.515,0.675,0.828
1,RF,RF_n_estimators=300_max_features=sqrt,meta_green,0.3,395,227,320,42,0.659,0.355,0.686,0.78,0.728,0.552,0.904,0.415
1,RF,RF_n_estimators=300_max_features=sqrt,meta_spicy,0.4,138,580,192,74,0.701,0.35,0.509,0.789,0.552,0.418,0.651,0.751
1,RF,RF_n_estimators=300_max_features=sqrt,meta_animal_musk,0.4,94,721,104,65,0.733,0.427,0.527,0.829,0.548,0.475,0.591,0.874
1,RF,RF_n_estimators=300_max_features=sqrt,meta_earthy,0.35,140,619,166,59,0.746,0.427,0.554,0.828,0.661,0.458,0.704,0.789
1,RF,RF_n_estimators=300_max_features=sqrt,meta_citrus,0.35,63,801,81,39,0.763,0.453,0.512,0.85,0.517,0.438,0.618,0.908
1,RF,RF_n_estimators=300_max_features=sqrt,meta_chemical,0.4,353,344,212,75,0.722,0.445,0.711,0.804,0.766,0.625,0.825,0.619
1,RF,RF_n_estimators=300_max_features=sqrt,meta_gourmand,0.45,159,593,155,77,0.733,0.427,0.578,0.829,0.656,0.506,0.674,0.793
1,RF,RF_n_estimators=300_max_features=sqrt,meta_powdery_amber,0.4,131,629,156,68,0.73,0.406,0.539,0.827,0.56,0.456,0.658,0.801
1,RF,RF_n_estimators=300_max_features=log2,meta_floral,0.5,184,616,105,79,0.777,0.538,0.667,0.871,0.696,0.637,0.7,0.854
1,RF,RF_n_estimators=300_max_features=log2,meta_fruity,0.5,359,423,88,114,0.793,0.589,0.78,0.866,0.856,0.803,0.759,0.828
1,RF,RF_n_estimators=300_max_features=log2,meta_sweet,0.35,303,276,324,81,0.625,0.253,0.599,0.72,0.653,0.483,0.789,0.46
1,RF,RF_n_estimators=300_max_features=log2,meta_woody,0.45,139,642,133,70,0.747,0.451,0.578,0.829,0.632,0.511,0.665,0.828
1,RF,RF_n_estimators=300_max_features=log2,meta_green,0.35,383,278,269,54,0.692,0.404,0.703,0.786,0.736,0.587,0.876,0.508
1,RF,RF_n_estimators=300_max_features=log2,meta_spicy,0.35,162,545,227,50,0.735,0.395,0.539,0.795,0.56,0.416,0.764,0.706
1,RF,RF_n_estimators=300_max_features=log2,meta_animal_musk,0.4,98,723,102,61,0.746,0.451,0.546,0.828,0.559,0.49,0.616,0.876
1,RF,RF_n_estimators=300_max_features=log2,meta_earthy,0.3,154,564,221,45,0.746,0.407,0.537,0.833,0.668,0.411,0.774,0.718
1,RF,RF_n_estimators=300_max_features=log2,meta_citrus,0.4,54,823,59,48,0.731,0.442,0.502,0.86,0.52,0.478,0.529,0.933
1,RF,RF_n_estimators=300_max_features=log2,meta_chemical,0.4,351,342,214,77,0.718,0.436,0.707,0.803,0.767,0.621,0.82,0.615
1,RF,RF_n_estimators=300_max_features=log2,meta_gourmand,0.4,178,565,183,58,0.755,0.451,0.596,0.826,0.645,0.493,0.754,0.755
1,RF,RF_n_estimators=300_max_features=log2,meta_powdery_amber,0.4,136,645,140,63,0.753,0.452,0.573,0.832,0.569,0.493,0.683,0.822
1,XGB,XGB_n_estimators=100_max_depth=3,meta_floral,0.65,157,640,81,106,0.742,0.501,0.627,0.861,0.697,0.66,0.597,0.888
1,XGB,XGB_n_estimators=100_max_depth=3,meta_fruity,0.4,379,376,135,94,0.769,0.537,0.768,0.852,0.841,0.737,0.801,0.736
1,XGB,XGB_n_estimators=100_max_depth=3,meta_sweet,0.35,291,298,302,93,0.627,0.254,0.596,0.712,0.623,0.491,0.758,0.497
1,XGB,XGB_n_estimators=100_max_depth=3,meta_woody,0.4,152,593,182,57,0.746,0.425,0.56,0.817,0.608,0.455,0.727,0.765
1,XGB,XGB_n_estimators=100_max_depth=3,meta_green,0.2,399,221,326,38,0.659,0.358,0.687,0.785,0.738,0.55,0.913,0.404
1,XGB,XGB_n_estimators=100_max_depth=3,meta_spicy,0.45,136,579,193,76,0.696,0.341,0.503,0.77,0.545,0.413,0.642,0.75
1,XGB,XGB_n_estimators=100_max_depth=3,meta_animal_musk,0.65,75,764,61,84,0.699,0.424,0.508,0.798,0.544,0.551,0.472,0.926
1,XGB,XGB_n_estimators=100_max_depth=3,meta_earthy,0.4,133,612,173,66,0.724,0.389,0.527,0.805,0.633,0.435,0.668,0.78
1,XGB,XGB_n_estimators=100_max_depth=3,meta_citrus,0.5,57,806,76,45,0.736,0.421,0.485,0.826,0.482,0.429,0.559,0.914
1,XGB,XGB_n_estimators=100_max_depth=3,meta_chemical,0.35,352,335,221,76,0.712,0.427,0.703,0.785,0.752,0.614,0.822,0.603
1,XGB,XGB_n_estimators=100_max_depth=3,meta_gourmand,0.6,138,640,108,98,0.72,0.434,0.573,0.813,0.63,0.561,0.585,0.856
1,XGB,XGB_n_estimators=100_max_depth=3,meta_powdery_amber,0.5,116,657,128,83,0.71,0.391,0.524,0.809,0.558,0.475,0.583,0.837
1,XGB,XGB_n_estimators=100_max_depth=6,meta_floral,0.45,174,610,111,89,0.754,0.495,0.635,0.862,0.702,0.611,0.662,0.846
1,XGB,XGB_n_estimators=100_max_depth=6,meta_fruity,0.25,393,364,147,80,0.772,0.545,0.776,0.86,0.849,0.728,0.831,0.712
1,XGB,XGB_n_estimators=100_max_depth=6,meta_sweet,0.3,264,357,243,120,0.641,0.276,0.593,0.706,0.627,0.521,0.688,0.595
1,XGB,XGB_n_estimators=100_max_depth=6,meta_woody,0.55,107,694,81,102,0.704,0.424,0.539,0.812,0.607,0.569,0.512,0.895
1,XGB,XGB_n_estimators=100_max_depth=6,meta_green,0.2,365,318,229,72,0.708,0.423,0.708,0.783,0.729,0.614,0.835,0.581
1,XGB,XGB_n_estimators=100_max_depth=6,meta_spicy,0.2,143,565,207,69,0.703,0.349,0.509,0.769,0.536,0.409,0.675,0.732
1,XGB,XGB_n_estimators=100_max_depth=6,meta_animal_musk,0.15,100,704,121,59,0.741,0.425,0.526,0.796,0.528,0.452,0.629,0.853
1,XGB,XGB_n_estimators=100_max_depth=6,meta_earthy,0.1,148,582,203,51,0.743,0.407,0.538,0.795,0.602,0.422,0.744,0.741
1,XGB,XGB_n_estimators=100_max_depth=6,meta_citrus,0.15,52,804,78,50,0.711,0.379,0.448,0.837,0.457,0.4,0.51,0.912
1,XGB,XGB_n_estimators=100_max_depth=6,meta_chemical,0.2,346,328,228,82,0.699,0.401,0.691,0.779,0.748,0.603,0.808,0.59
1,XGB,XGB_n_estimators=100_max_depth=6,meta_gourmand,0.4,144,634,114,92,0.729,0.444,0.583,0.816,0.653,0.558,0.61,0.848
1,XGB,XGB_n_estimators=100_max_depth=6,meta_powdery_amber,0.2,129,627,158,70,0.723,0.395,0.531,0.805,0.548,0.449,0.648,0.799
1,XGB,XGB_n_estimators=300_max_depth=3,meta_floral,0.5,174,623,98,89,0.763,0.52,0.65,0.862,0.697,0.64,0.662,0.864
1,XGB,XGB_n_estimators=300_max_depth=3,meta_fruity,0.45,354,414,97,119,0.779,0.56,0.766,0.847,0.828,0.785,0.748,0.81
1,XGB,XGB_n_estimators=300_max_depth=3,meta_sweet,0.4,243,395,205,141,0.646,0.285,0.584,0.716,0.636,0.542,0.633,0.658
1,XGB,XGB_n_estimators=300_max_depth=3,meta_woody,0.25,150,610,165,59,0.752,0.443,0.573,0.812,0.588,0.476,0.718,0.787
1,XGB,XGB_n_estimators=300_max_depth=3,meta_green,0.35,343,355,192,94,0.717,0.433,0.706,0.791,0.738,0.641,0.785,0.649
1,XGB,XGB_n_estimators=300_max_depth=3,meta_spicy,0.55,100,673,99,112,0.672,0.352,0.487,0.769,0.547,0.503,0.472,0.872
1,XGB,XGB_n_estimators=300_max_depth=3,meta_animal_musk,0.25,94,693,132,65,0.716,0.377,0.488,0.786,0.527,0.416,0.591,0.84
1,XGB,XGB_n_estimators=300_max_depth=3,meta_earthy,0.15,141,562,223,58,0.712,0.353,0.501,0.802,0.602,0.387,0.709,0.716
1,XGB,XGB_n_estimators=300_max_depth=3,meta_citrus,0.45,45,840,42,57,0.697,0.423,0.476,0.829,0.493,0.517,0.441,0.952
1,XGB,XGB_n_estimators=300_max_depth=3,meta_chemical,0.5,281,423,133,147,0.709,0.419,0.667,0.777,0.741,0.679,0.657,0.761
1,XGB,XGB_n_estimators=300_max_depth=3,meta_gourmand,0.5,140,638,110,96,0.723,0.438,0.576,0.81,0.624,0.56,0.593,0.853
1,XGB,XGB_n_estimators=300_max_depth=3,meta_powdery_amber,0.2,138,593,192,61,0.724,0.382,0.522,0.804,0.558,0.418,0.693,0.755
1,XGB,XGB_n_estimators=300_max_depth=6,meta_floral,0.2,198,588,133,65,0.784,0.532,0.667,0.864,0.707,0.598,0.753,0.816
1,XGB,XGB_n_estimators=300_max_depth=6,meta_fruity,0.25,373,384,127,100,0.77,0.54,0.767,0.851,0.839,0.746,0.789,0.751
1,XGB,XGB_n_estimators=300_max_depth=6,meta_sweet,0.35,234,415,185,150,0.651,0.297,0.583,0.705,0.619,0.558,0.609,0.692
1,XGB,XGB_n_estimators=300_max_depth=6,meta_woody,0.05,154,579,196,55,0.742,0.413,0.551,0.81,0.602,0.44,0.737,0.747
1,XGB,XGB_n_estimators=300_max_depth=6,meta_green,0.05,383,273,274,54,0.688,0.396,0.7,0.788,0.736,0.583,0.876,0.499
1,XGB,XGB_n_estimators=300_max_depth=6,meta_spicy,0.2,119,629,143,93,0.688,0.35,0.502,0.762,0.542,0.454,0.561,0.815
1,XGB,XGB_n_estimators=300_max_depth=6,meta_animal_musk,0.2,80,753,72,79,0.708,0.424,0.514,0.802,0.536,0.526,0.503,0.913
1,XGB,XGB_n_estimators=300_max_depth=6,meta_earthy,0.1,123,647,138,76,0.721,0.402,0.535,0.797,0.608,0.471,0.618,0.824
1,XGB,XGB_n_estimators=300_max_depth=6,meta_citrus,0.1,53,813,69,49,0.721,0.408,0.473,0.839,0.476,0.434,0.52,0.922
1,XGB,XGB_n_estimators=300_max_depth=6,meta_chemical,0.2,320,369,187,108,0.706,0.408,0.684,0.782,0.751,0.631,0.748,0.664
1,XGB,XGB_n_estimators=300_max_depth=6,meta_gourmand,0.3,139,634,114,97,0.718,0.427,0.569,0.811,0.65,0.549,0.589,0.848
1,XGB,XGB_n_estimators=300_max_depth=6,meta_powdery_amber,0.15,117,643,142,82,0.704,0.371,0.511,0.801,0.534,0.452,0.588,0.819
1,SVM,SVM_C=0.1,meta_floral,0.4,166,617,104,97,0.743,0.483,0.623,0.838,0.625,0.615,0.631,0.856
1,SVM,SVM_C=0.1,meta_fruity,0.45,353,388,123,120,0.753,0.505,0.744,0.831,0.816,0.742,0.746,0.759
1,SVM,SVM_C=0.1,meta_sweet,0.35,273,332,268,111,0.632,0.259,0.59,0.715,0.625,0.505,0.711,0.553
1,SVM,SVM_C=0.1,meta_woody,0.25,151,580,195,58,0.735,0.403,0.544,0.805,0.506,0.436,0.722,0.748
1,SVM,SVM_C=0.1,meta_green,0.4,343,328,219,94,0.692,0.386,0.687,0.745,0.66,0.61,0.785,0.6
1,SVM,SVM_C=0.1,meta_spicy,0.15,181,414,358,31,0.695,0.322,0.482,0.772,0.483,0.336,0.854,0.536
1,SVM,SVM_C=0.1,meta_animal_musk,0.25,87,717,108,72,0.708,0.384,0.492,0.785,0.452,0.446,0.547,0.869
1,SVM,SVM_C=0.1,meta_earthy,0.4,97,725,60,102,0.706,0.451,0.545,0.807,0.62,0.618,0.487,0.924
1,SVM,SVM_C=0.1,meta_citrus,0.2,62,783,99,40,0.748,0.408,0.471,0.848,0.498,0.385,0.608,0.888
1,SVM,SVM_C=0.1,meta_chemical,0.35,342,336,220,86,0.702,0.404,0.691,0.759,0.7,0.609,0.799,0.604
1,SVM,SVM_C=0.1,meta_gourmand,0.4,137,626,122,99,0.709,0.405,0.554,0.794,0.588,0.529,0.581,0.837
1,SVM,SVM_C=0.1,meta_powdery_amber,0.15,164,478,307,35,0.717,0.348,0.49,0.784,0.508,0.348,0.824,0.609
1,SVM,SVM_C=1,meta_floral,0.4,195,615,106,68,0.797,0.571,0.691,0.869,0.696,0.648,0.741,0.853
1,SVM,SVM_C=1,meta_fruity,0.45,366,397,114,107,0.775,0.55,0.768,0.853,0.85,0.762,0.774,0.777
1,SVM,SVM_C=1,meta_sweet,0.4,249,394,206,135,0.653,0.299,0.594,0.717,0.636,0.547,0.648,0.657
1,SVM,SVM_C=1,meta_woody,0.35,134,633,142,75,0.729,0.417,0.553,0.806,0.55,0.486,0.641,0.817
1,SVM,SVM_C=1,meta_green,0.35,359,321,226,78,0.704,0.413,0.703,0.779,0.707,0.614,0.822,0.587
1,SVM,SVM_C=1,meta_spicy,0.35,118,648,124,94,0.698,0.378,0.52,0.789,0.519,0.488,0.557,0.839
1,SVM,SVM_C=1,meta_animal_musk,0.3,86,735,90,73,0.716,0.415,0.513,0.801,0.469,0.489,0.541,0.891
1,SVM,SVM_C=1,meta_earthy,0.3,126,673,112,73,0.745,0.46,0.577,0.825,0.631,0.529,0.633,0.857
1,SVM,SVM_C=1,meta_citrus,0.2,64,798,84,38,0.766,0.454,0.512,0.875,0.576,0.432,0.627,0.905
1,SVM,SVM_C=1,meta_chemical,0.4,328,385,171,100,0.729,0.455,0.708,0.785,0.733,0.657,0.766,0.692
1,SVM,SVM_C=1,meta_gourmand,0.4,149,629,119,87,0.736,0.453,0.591,0.824,0.64,0.556,0.631,0.841
1,SVM,SVM_C=1,meta_powdery_amber,0.2,148,570,215,51,0.735,0.391,0.527,0.814,0.542,0.408,0.744,0.726
1,SVM,SVM_C=10,meta_floral,0.25,214,545,176,49,0.785,0.515,0.655,0.854,0.685,0.549,0.814,0.756
1,SVM,SVM_C=10,meta_fruity,0.45,366,403,108,107,0.781,0.562,0.773,0.85,0.84,0.772,0.774,0.789
1,SVM,SVM_C=10,meta_sweet,0.45,222,435,165,162,0.652,0.303,0.576,0.715,0.621,0.574,0.578,0.725
1,SVM,SVM_C=10,meta_woody,0.2,150,556,219,59,0.718,0.368,0.519,0.775,0.511,0.407,0.718,0.717
1,SVM,SVM_C=10,meta_green,0.25,399,223,324,38,0.66,0.361,0.688,0.768,0.692,0.552,0.913,0.408
1,SVM,SVM_C=10,meta_spicy,0.35,104,638,134,108,0.658,0.304,0.462,0.761,0.495,0.437,0.491,0.826
1,SVM,SVM_C=10,meta_animal_musk,0.2,90,672,153,69,0.69,0.325,0.448,0.774,0.451,0.37,0.566,0.815
1,SVM,SVM_C=10,meta_earthy,0.25,131,629,156,68,0.73,0.406,0.539,0.812,0.572,0.456,0.658,0.801
1,SVM,SVM_C=10,meta_citrus,0.3,45,838,44,57,0.696,0.416,0.471,0.856,0.49,0.506,0.441,0.95
1,SVM,SVM_C=10,meta_chemical,0.35,346,358,198,82,0.726,0.451,0.712,0.786,0.736,0.636,0.808,0.644
1,SVM,SVM_C=10,meta_gourmand,0.4,142,652,96,94,0.737,0.472,0.599,0.82,0.648,0.597,0.602,0.872
1,SVM,SVM_C=10,meta_powdery_amber,0.25,133,619,166,66,0.728,0.399,0.534,0.801,0.539,0.445,0.668,0.789
1,KNN,KNN_n_neighbors=5_metric=euclidean,meta_floral,0.25,195,534,187,68,0.741,0.438,0.605,0.812,0.556,0.51,0.741,0.741
1,KNN,KNN_n_neighbors=5_metric=euclidean,meta_fruity,0.45,354,395,116,119,0.761,0.522,0.751,0.827,0.773,0.753,0.748,0.773
1,KNN,KNN_n_neighbors=5_metric=euclidean,meta_sweet,0.25,295,270,330,89,0.609,0.221,0.585,0.69,0.562,0.472,0.768,0.45
1,KNN,KNN_n_neighbors=5_metric=euclidean,meta_woody,0.25,137,607,168,72,0.719,0.388,0.533,0.773,0.53,0.449,0.656,0.783
1,KNN,KNN_n_neighbors=5_metric=euclidean,meta_green,0.25,369,268,279,68,0.667,0.35,0.68,0.741,0.646,0.569,0.844,0.49
1,KNN,KNN_n_neighbors=5_metric=euclidean,meta_spicy,0.25,132,576,196,80,0.684,0.322,0.489,0.734,0.447,0.402,0.623,0.746
1,KNN,KNN_n_neighbors=5_metric=euclidean,meta_animal_musk,0.25,86,710,115,73,0.701,0.367,0.478,0.768,0.439,0.428,0.541,0.861
1,KNN,KNN_n_neighbors=5_metric=euclidean,meta_earthy,0.25,130,648,137,69,0.739,0.432,0.558,0.792,0.527,0.487,0.653,0.825
1,KNN,KNN_n_neighbors=5_metric=euclidean,meta_citrus,0.45,38,849,33,64,0.668,0.395,0.439,0.829,0.406,0.535,0.373,0.963
1,KNN,KNN_n_neighbors=5_metric=euclidean,meta_chemical,0.25,349,293,263,79,0.671,0.35,0.671,0.752,0.675,0.57,0.815,0.527
1,KNN,KNN_n_neighbors=5_metric=euclidean,meta_gourmand,0.25,164,544,204,72,0.711,0.373,0.543,0.781,0.547,0.446,0.695,0.727
1,KNN,KNN_n_neighbors=5_metric=euclidean,meta_powdery_amber,0.25,130,592,193,69,0.704,0.348,0.498,0.764,0.429,0.402,0.653,0.754
1,KNN,KNN_n_neighbors=5_metric=cosine,meta_floral,0.25,195,537,184,68,0.743,0.442,0.607,0.812,0.565,0.515,0.741,0.745
1,KNN,KNN_n_neighbors=5_metric=cosine,meta_fruity,0.45,339,414,97,134,0.763,0.53,0.746,0.832,0.783,0.778,0.717,0.81
1,KNN,KNN_n_neighbors=5_metric=cosine,meta_sweet,0.25,302,280,320,82,0.627,0.256,0.6,0.701,0.579,0.486,0.786,0.467
1,KNN,KNN_n_neighbors=5_metric=cosine,meta_woody,0.25,140,598,177,69,0.721,0.386,0.532,0.772,0.512,0.442,0.67,0.772
1,KNN,KNN_n_neighbors=5_metric=cosine,meta_green,0.25,373,291,256,64,0.693,0.399,0.7,0.757,0.662,0.593,0.854,0.532
1,KNN,KNN_n_neighbors=5_metric=cosine,meta_spicy,0.25,123,589,183,89,0.672,0.305,0.475,0.738,0.451,0.402,0.58,0.763
1,KNN,KNN_n_neighbors=5_metric=cosine,meta_animal_musk,0.45,60,787,38,99,0.666,0.407,0.467,0.77,0.451,0.612,0.377,0.954
1,KNN,KNN_n_neighbors=5_metric=cosine,meta_earthy,0.25,125,643,142,74,0.724,0.404,0.536,0.782,0.533,0.468,0.628,0.819
1,KNN,KNN_n_neighbors=5_metric=cosine,meta_citrus,0.25,58,803,79,44,0.74,0.422,0.485,0.826,0.428,0.423,0.569,0.91
1,KNN,KNN_n_neighbors=5_metric=cosine,meta_chemical,0.25,343,307,249,85,0.677,0.358,0.673,0.757,0.679,0.579,0.801,0.552
1,KNN,KNN_n_neighbors=5_metric=cosine,meta_gourmand,0.25,170,545,203,66,0.724,0.395,0.558,0.799,0.571,0.456,0.72,0.729
1,KNN,KNN_n_neighbors=5_metric=cosine,meta_powdery_amber,0.45,78,705,80,121,0.645,0.317,0.437,0.761,0.42,0.494,0.392,0.898
1,KNN,KNN_n_neighbors=11_metric=euclidean,meta_floral,0.4,170,596,125,93,0.737,0.457,0.609,0.824,0.593,0.576,0.646,0.827
1,KNN,KNN_n_neighbors=11_metric=euclidean,meta_fruity,0.4,397,326,185,76,0.739,0.485,0.753,0.831,0.795,0.682,0.839,0.638
1,KNN,KNN_n_neighbors=11_metric=euclidean,meta_sweet,0.4,275,350,250,109,0.65,0.293,0.605,0.699,0.577,0.524,0.716,0.583
1,KNN,KNN_n_neighbors=11_metric=euclidean,meta_woody,0.2,155,563,212,54,0.734,0.396,0.538,0.789,0.549,0.422,0.742,0.726
1,KNN,KNN_n_neighbors=11_metric=euclidean,meta_green,0.3,380,246,301,57,0.66,0.344,0.68,0.753,0.661,0.558,0.87,0.45
1,KNN,KNN_n_neighbors=11_metric=euclidean,meta_spicy,0.3,124,608,164,88,0.686,0.337,0.496,0.749,0.48,0.431,0.585,0.788
1,KNN,KNN_n_neighbors=11_metric=euclidean,meta_animal_musk,0.3,76,741,84,83,0.688,0.375,0.476,0.796,0.445,0.475,0.478,0.898
1,KNN,KNN_n_neighbors=11_metric=euclidean,meta_earthy,0.2,141,599,186,58,0.736,0.402,0.536,0.805,0.585,0.431,0.709,0.763
1,KNN,KNN_n_neighbors=11_metric=euclidean,meta_citrus,0.2,65,782,100,37,0.762,0.427,0.487,0.832,0.426,0.394,0.637,0.887
1,KNN,KNN_n_neighbors=11_metric=euclidean,meta_chemical,0.4,334,354,202,94,0.709,0.415,0.693,0.769,0.711,0.623,0.78,0.637
1,KNN,KNN_n_neighbors=11_metric=euclidean,meta_gourmand,0.5,118,652,96,118,0.686,0.385,0.524,0.792,0.566,0.551,0.5,0.872
1,KNN,KNN_n_neighbors=11_metric=euclidean,meta_powdery_amber,0.3,126,623,162,73,0.713,0.377,0.517,0.782,0.467,0.438,0.633,0.794
1,KNN,KNN_n_neighbors=11_metric=cosine,meta_floral,0.3,195,546,175,68,0.749,0.456,0.616,0.826,0.591,0.527,0.741,0.757
1,KNN,KNN_n_neighbors=11_metric=cosine,meta_fruity,0.4,396,354,157,77,0.765,0.534,0.772,0.844,0.806,0.716,0.837,0.693
1,KNN,KNN_n_neighbors=11_metric=cosine,meta_sweet,0.3,297,274,326,87,0.615,0.233,0.59,0.697,0.578,0.477,0.773,0.457
1,KNN,KNN_n_neighbors=11_metric=cosine,meta_woody,0.3,139,613,162,70,0.728,0.405,0.545,0.801,0.557,0.462,0.665,0.791
1,KNN,KNN_n_neighbors=11_metric=cosine,meta_green,0.4,325,338,209,112,0.681,0.361,0.669,0.759,0.67,0.609,0.744,0.618
1,KNN,KNN_n_neighbors=11_metric=cosine,meta_spicy,0.3,125,618,154,87,0.695,0.356,0.509,0.768,0.497,0.448,0.59,0.801
1,KNN,KNN_n_neighbors=11_metric=cosine,meta_animal_musk,0.2,99,686,139,60,0.727,0.39,0.499,0.802,0.473,0.416,0.623,0.832
1,KNN,KNN_n_neighbors=11_metric=cosine,meta_earthy,0.2,140,604,181,59,0.736,0.405,0.538,0.816,0.597,0.436,0.704,0.769
1,KNN,KNN_n_neighbors=11_metric=cosine,meta_citrus,0.2,64,787,95,38,0.76,0.43,0.49,0.844,0.444,0.403,0.627,0.892
1,KNN,KNN_n_neighbors=11_metric=cosine,meta_chemical,0.4,326,354,202,102,0.699,0.396,0.682,0.776,0.718,0.617,0.762,0.637
1,KNN,KNN_n_neighbors=11_metric=cosine,meta_gourmand,0.3,164,560,188,72,0.722,0.395,0.558,0.796,0.578,0.466,0.695,0.749
1,KNN,KNN_n_neighbors=11_metric=cosine,meta_powdery_amber,0.3,125,626,159,74,0.713,0.377,0.518,0.789,0.466,0.44,0.628,0.797
1,KNN,KNN_n_neighbors=21_metric=euclidean,meta_floral,0.35,189,565,156,74,0.751,0.466,0.622,0.834,0.614,0.548,0.719,0.784
1,KNN,KNN_n_neighbors=21_metric=euclidean,meta_fruity,0.4,414,304,207,59,0.735,0.487,0.757,0.835,0.808,0.667,0.875,0.595
1,KNN,KNN_n_neighbors=21_metric=euclidean,meta_sweet,0.5,231,404,196,153,0.637,0.271,0.57,0.699,0.586,0.541,0.602,0.673
1,KNN,KNN_n_neighbors=21_metric=euclidean,meta_woody,0.2,158,550,225,51,0.733,0.391,0.534,0.794,0.552,0.413,0.756,0.71
1,KNN,KNN_n_neighbors=21_metric=euclidean,meta_green,0.35,376,249,298,61,0.658,0.338,0.677,0.759,0.689,0.558,0.86,0.455
1,KNN,KNN_n_neighbors=21_metric=euclidean,meta_spicy,0.3,122,601,171,90,0.677,0.318,0.483,0.757,0.489,0.416,0.575,0.778
1,KNN,KNN_n_neighbors=21_metric=euclidean,meta_animal_musk,0.25,81,724,101,78,0.694,0.367,0.475,0.788,0.436,0.445,0.509,0.878
1,KNN,KNN_n_neighbors=21_metric=euclidean,meta_earthy,0.25,131,652,133,68,0.744,0.443,0.566,0.818,0.611,0.496,0.658,0.831
1,KNN,KNN_n_neighbors=21_metric=euclidean,meta_citrus,0.35,43,844,38,59,0.689,0.42,0.47,0.855,0.445,0.531,0.422,0.957
1,KNN,KNN_n_neighbors=21_metric=euclidean,meta_chemical,0.4,329,337,219,99,0.687,0.374,0.674,0.773,0.723,0.6,0.769,0.606
1,KNN,KNN_n_neighbors=21_metric=euclidean,meta_gourmand,0.55,97,690,58,139,0.667,0.391,0.496,0.798,0.587,0.626,0.411,0.922
1,KNN,KNN_n_neighbors=21_metric=euclidean,meta_powdery_amber,0.3,125,611,174,74,0.703,0.355,0.502,0.779,0.49,0.418,0.628,0.778
1,KNN,KNN_n_neighbors=21_metric=cosine,meta_floral,0.3,202,552,169,61,0.767,0.487,0.637,0.838,0.63,0.544,0.768,0.766
1,KNN,KNN_n_neighbors=21_metric=cosine,meta_fruity,0.45,374,375,136,99,0.762,0.525,0.761,0.836,0.813,0.733,0.791,0.734
1,KNN,KNN_n_neighbors=21_metric=cosine,meta_sweet,0.45,243,393,207,141,0.644,0.282,0.583,0.695,0.586,0.54,0.633,0.655
1,KNN,KNN_n_neighbors=21_metric=cosine,meta_woody,0.25,155,586,189,54,0.749,0.427,0.561,0.811,0.582,0.451,0.742,0.756
1,KNN,KNN_n_neighbors=21_metric=cosine,meta_green,0.25,404,194,353,33,0.64,0.329,0.677,0.756,0.684,0.534,0.924,0.355
1,KNN,KNN_n_neighbors=21_metric=cosine,meta_spicy,0.25,141,570,202,71,0.702,0.348,0.508,0.773,0.521,0.411,0.665,0.738
1,KNN,KNN_n_neighbors=21_metric=cosine,meta_animal_musk,0.3,75,743,82,84,0.686,0.374,0.475,0.814,0.467,0.478,0.472,0.901
1,KNN,KNN_n_neighbors=21_metric=cosine,meta_earthy,0.25,128,655,130,71,0.739,0.436,0.56,0.816,0.622,0.496,0.643,0.834
1,KNN,KNN_n_neighbors=21_metric=cosine,meta_citrus,0.3,49,836,46,53,0.714,0.442,0.497,0.859,0.448,0.516,0.48,0.948
1,KNN,KNN_n_neighbors=21_metric=cosine,meta_chemical,0.3,365,286,270,63,0.684,0.38,0.687,0.78,0.731,0.575,0.853,0.514
1,KNN,KNN_n_neighbors=21_metric=cosine,meta_gourmand,0.45,125,641,107,111,0.693,0.389,0.534,0.803,0.598,0.539,0.53,0.857
1,KNN,KNN_n_neighbors=21_metric=cosine,meta_powdery_amber,0.35,106,658,127,93,0.685,0.35,0.491,0.786,0.476,0.455,0.533,0.838
2,LR,LR_C=0.01,meta_floral,0.6,185,628,109,75,0.782,0.543,0.668,0.859,0.674,0.629,0.712,0.852
2,LR,LR_C=0.01,meta_fruity,0.4,392,354,190,61,0.758,0.521,0.757,0.851,0.83,0.674,0.865,0.651
2,LR,LR_C=0.01,meta_sweet,0.45,302,338,275,82,0.669,0.333,0.629,0.72,0.595,0.523,0.786,0.551
2,LR,LR_C=0.01,meta_woody,0.45,176,584,199,38,0.784,0.482,0.598,0.865,0.677,0.469,0.822,0.746
2,LR,LR_C=0.01,meta_green,0.45,353,339,214,91,0.704,0.41,0.698,0.77,0.711,0.623,0.795,0.613
2,LR,LR_C=0.01,meta_spicy,0.5,148,572,208,69,0.708,0.358,0.517,0.786,0.558,0.416,0.682,0.733
2,LR,LR_C=0.01,meta_animal_musk,0.6,86,725,120,66,0.712,0.376,0.48,0.78,0.488,0.417,0.566,0.858
2,LR,LR_C=0.01,meta_earthy,0.55,117,661,125,94,0.698,0.377,0.517,0.788,0.57,0.483,0.555,0.841
2,LR,LR_C=0.01,meta_citrus,0.65,66,787,103,41,0.751,0.413,0.478,0.857,0.437,0.391,0.617,0.884
2,LR,LR_C=0.01,meta_chemical,0.4,347,354,223,73,0.72,0.439,0.701,0.793,0.713,0.609,0.826,0.614
2,LR,LR_C=0.01,meta_gourmand,0.6,170,628,125,74,0.765,0.5,0.631,0.861,0.693,0.576,0.697,0.834
2,LR,LR_C=0.01,meta_powdery_amber,0.6,143,660,119,75,0.752,0.473,0.596,0.825,0.56,0.546,0.656,0.847
2,LR,LR_C=0.1,meta_floral,0.55,197,604,133,63,0.789,0.539,0.668,0.859,0.674,0.597,0.758,0.82
2,LR,LR_C=0.1,meta_fruity,0.55,334,435,109,119,0.768,0.538,0.746,0.852,0.835,0.754,0.737,0.8
2,LR,LR_C=0.1,meta_sweet,0.5,258,400,213,126,0.662,0.316,0.604,0.72,0.592,0.548,0.672,0.653
2,LR,LR_C=0.1,meta_woody,0.4,178,571,212,36,0.781,0.472,0.589,0.864,0.673,0.456,0.832,0.729
2,LR,LR_C=0.1,meta_green,0.4,363,313,240,81,0.692,0.39,0.693,0.767,0.696,0.602,0.818,0.566
2,LR,LR_C=0.1,meta_spicy,0.5,142,584,196,75,0.702,0.351,0.512,0.78,0.544,0.42,0.654,0.749
2,LR,LR_C=0.1,meta_animal_musk,0.65,79,747,98,73,0.702,0.38,0.48,0.777,0.478,0.446,0.52,0.884
2,LR,LR_C=0.1,meta_earthy,0.5,135,623,163,76,0.716,0.386,0.53,0.789,0.566,0.453,0.64,0.793
2,LR,LR_C=0.1,meta_citrus,0.65,69,779,111,38,0.76,0.419,0.481,0.862,0.498,0.383,0.645,0.875
2,LR,LR_C=0.1,meta_chemical,0.5,298,422,155,122,0.72,0.437,0.683,0.791,0.713,0.658,0.71,0.731
2,LR,LR_C=0.1,meta_gourmand,0.65,159,653,100,85,0.759,0.509,0.632,0.862,0.691,0.614,0.652,0.867
2,LR,LR_C=0.1,meta_powdery_amber,0.6,146,658,121,72,0.757,0.48,0.602,0.824,0.556,0.547,0.67,0.845
2,LR,LR_C=1,meta_floral,0.55,199,601,136,61,0.79,0.54,0.669,0.859,0.673,0.594,0.765,0.815
2,LR,LR_C=1,meta_fruity,0.5,353,410,134,100,0.766,0.531,0.751,0.852,0.835,0.725,0.779,0.754
2,LR,LR_C=1,meta_sweet,0.5,258,401,212,126,0.663,0.318,0.604,0.72,0.591,0.549,0.672,0.654
2,LR,LR_C=1,meta_woody,0.4,177,572,211,37,0.779,0.47,0.588,0.863,0.67,0.456,0.827,0.731
2,LR,LR_C=1,meta_green,0.4,362,317,236,82,0.694,0.394,0.695,0.766,0.694,0.605,0.815,0.573
2,LR,LR_C=1,meta_spicy,0.5,142,585,195,75,0.702,0.353,0.513,0.778,0.542,0.421,0.654,0.75
2,LR,LR_C=1,meta_animal_musk,0.55,92,694,151,60,0.713,0.357,0.466,0.776,0.472,0.379,0.605,0.821
2,LR,LR_C=1,meta_earthy,0.5,135,622,164,76,0.716,0.384,0.529,0.788,0.564,0.452,0.64,0.791
2,LR,LR_C=1,meta_citrus,0.65,69,779,111,38,0.76,0.419,0.481,0.862,0.505,0.383,0.645,0.875
2,LR,LR_C=1,meta_chemical,0.45,317,384,193,103,0.71,0.415,0.682,0.791,0.713,0.622,0.755,0.666
2,LR,LR_C=1,meta_gourmand,0.6,172,623,130,72,0.766,0.498,0.63,0.861,0.69,0.57,0.705,0.827
2,LR,LR_C=1,meta_powdery_amber,0.55,155,631,148,63,0.761,0.468,0.595,0.823,0.554,0.512,0.711,0.81
2,LR,LR_C=10,meta_floral,0.55,201,601,136,59,0.794,0.546,0.673,0.859,0.673,0.596,0.773,0.815
2,LR,LR_C=10,meta_fruity,0.5,353,410,134,100,0.766,0.531,0.751,0.852,0.835,0.725,0.779,0.754
2,LR,LR_C=10,meta_sweet,0.5,258,401,212,126,0.663,0.318,0.604,0.72,0.591,0.549,0.672,0.654
2,LR,LR_C=10,meta_woody,0.4,177,573,210,37,0.779,0.471,0.589,0.863,0.67,0.457,0.827,0.732
2,LR,LR_C=10,meta_green,0.4,362,317,236,82,0.694,0.394,0.695,0.766,0.693,0.605,0.815,0.573
2,LR,LR_C=10,meta_spicy,0.5,142,585,195,75,0.702,0.353,0.513,0.778,0.541,0.421,0.654,0.75
2,LR,LR_C=10,meta_animal_musk,0.65,78,744,101,74,0.697,0.369,0.471,0.776,0.472,0.436,0.513,0.88
2,LR,LR_C=10,meta_earthy,0.5,135,622,164,76,0.716,0.384,0.529,0.788,0.564,0.452,0.64,0.791
2,LR,LR_C=10,meta_citrus,0.65,69,779,111,38,0.76,0.419,0.481,0.862,0.505,0.383,0.645,0.875
2,LR,LR_C=10,meta_chemical,0.45,316,384,193,104,0.709,0.413,0.68,0.79,0.712,0.621,0.752,0.666
2,LR,LR_C=10,meta_gourmand,0.6,173,624,129,71,0.769,0.503,0.634,0.861,0.69,0.573,0.709,0.829
2,LR,LR_C=10,meta_powdery_amber,0.55,155,631,148,63,0.761,0.468,0.595,0.823,0.554,0.512,0.711,0.81
2,LR,LR_C=100,meta_floral,0.55,201,601,136,59,0.794,0.546,0.673,0.859,0.673,0.596,0.773,0.815
2,LR,LR_C=100,meta_fruity,0.5,353,410,134,100,0.766,0.531,0.751,0.852,0.835,0.725,0.779,0.754
2,LR,LR_C=100,meta_sweet,0.5,258,401,212,126,0.663,0.318,0.604,0.72,0.591,0.549,0.672,0.654
2,LR,LR_C=100,meta_woody,0.4,177,573,210,37,0.779,0.471,0.589,0.863,0.67,0.457,0.827,0.732
2,LR,LR_C=100,meta_green,0.4,362,317,236,82,0.694,0.394,0.695,0.766,0.693,0.605,0.815,0.573
2,LR,LR_C=100,meta_spicy,0.5,142,585,195,75,0.702,0.353,0.513,0.778,0.542,0.421,0.654,0.75
2,LR,LR_C=100,meta_animal_musk,0.65,78,744,101,74,0.697,0.369,0.471,0.776,0.472,0.436,0.513,0.88
2,LR,LR_C=100,meta_earthy,0.5,135,621,165,76,0.715,0.383,0.528,0.788,0.564,0.45,0.64,0.79
2,LR,LR_C=100,meta_citrus,0.65,69,779,111,38,0.76,0.419,0.481,0.862,0.505,0.383,0.645,0.875
2,LR,LR_C=100,meta_chemical,0.45,316,385,192,104,0.71,0.414,0.681,0.79,0.712,0.622,0.752,0.667
2,LR,LR_C=100,meta_gourmand,0.6,173,624,129,71,0.769,0.503,0.634,0.861,0.69,0.573,0.709,0.829
2,LR,LR_C=100,meta_powdery_amber,0.55,155,631,148,63,0.761,0.468,0.595,0.823,0.554,0.512,0.711,0.81
2,RF,RF_n_estimators=100_max_features=sqrt,meta_floral,0.4,210,575,162,50,0.794,0.534,0.665,0.868,0.698,0.565,0.808,0.78
2,RF,RF_n_estimators=100_max_features=sqrt,meta_fruity,0.45,355,419,125,98,0.777,0.552,0.761,0.849,0.834,0.74,0.784,0.77
2,RF,RF_n_estimators=100_max_features=sqrt,meta_sweet,0.35,304,292,321,80,0.634,0.27,0.603,0.732,0.648,0.486,0.792,0.476
2,RF,RF_n_estimators=100_max_features=sqrt,meta_woody,0.35,164,596,187,50,0.764,0.453,0.581,0.859,0.685,0.467,0.766,0.761
2,RF,RF_n_estimators=100_max_features=sqrt,meta_green,0.35,384,293,260,60,0.697,0.41,0.706,0.796,0.737,0.596,0.865,0.53
2,RF,RF_n_estimators=100_max_features=sqrt,meta_spicy,0.5,112,673,107,105,0.689,0.378,0.514,0.785,0.555,0.511,0.516,0.863
2,RF,RF_n_estimators=100_max_features=sqrt,meta_animal_musk,0.5,62,786,59,90,0.669,0.372,0.454,0.797,0.528,0.512,0.408,0.93
2,RF,RF_n_estimators=100_max_features=sqrt,meta_earthy,0.5,102,724,62,109,0.702,0.446,0.544,0.807,0.624,0.622,0.483,0.921
2,RF,RF_n_estimators=100_max_features=sqrt,meta_citrus,0.4,58,815,75,49,0.729,0.417,0.483,0.837,0.484,0.436,0.542,0.916
2,RF,RF_n_estimators=100_max_features=sqrt,meta_chemical,0.4,332,374,203,88,0.719,0.434,0.695,0.789,0.722,0.621,0.79,0.648
2,RF,RF_n_estimators=100_max_features=sqrt,meta_gourmand,0.5,167,652,101,77,0.775,0.534,0.652,0.852,0.68,0.623,0.684,0.866
2,RF,RF_n_estimators=100_max_features=sqrt,meta_powdery_amber,0.4,148,626,153,70,0.741,0.434,0.57,0.819,0.572,0.492,0.679,0.804
2,RF,RF_n_estimators=100_max_features=log2,meta_floral,0.45,202,605,132,58,0.799,0.556,0.68,0.864,0.68,0.605,0.777,0.821
2,RF,RF_n_estimators=100_max_features=log2,meta_fruity,0.35,392,339,205,61,0.744,0.496,0.747,0.851,0.834,0.657,0.865,0.623
2,RF,RF_n_estimators=100_max_features=log2,meta_sweet,0.4,289,359,254,95,0.669,0.331,0.624,0.738,0.656,0.532,0.753,0.586
2,RF,RF_n_estimators=100_max_features=log2,meta_woody,0.4,164,636,147,50,0.789,0.513,0.625,0.859,0.664,0.527,0.766,0.812
2,RF,RF_n_estimators=100_max_features=log2,meta_green,0.35,394,286,267,50,0.702,0.425,0.713,0.804,0.744,0.596,0.887,0.517
2,RF,RF_n_estimators=100_max_features=log2,meta_spicy,0.5,111,686,94,106,0.696,0.399,0.526,0.79,0.569,0.541,0.512,0.879
2,RF,RF_n_estimators=100_max_features=log2,meta_animal_musk,0.45,72,761,84,80,0.687,0.37,0.468,0.785,0.51,0.462,0.474,0.901
2,RF,RF_n_estimators=100_max_features=log2,meta_earthy,0.4,120,665,121,91,0.707,0.396,0.531,0.799,0.605,0.498,0.569,0.846
2,RF,RF_n_estimators=100_max_features=log2,meta_citrus,0.4,56,816,74,51,0.72,0.405,0.473,0.853,0.512,0.431,0.523,0.917
2,RF,RF_n_estimators=100_max_features=log2,meta_chemical,0.4,332,381,196,88,0.725,0.446,0.7,0.79,0.716,0.629,0.79,0.66
2,RF,RF_n_estimators=100_max_features=log2,meta_gourmand,0.45,177,638,115,67,0.786,0.541,0.66,0.851,0.669,0.606,0.725,0.847
2,RF,RF_n_estimators=100_max_features=log2,meta_powdery_amber,0.35,165,582,197,53,0.752,0.433,0.569,0.822,0.579,0.456,0.757,0.747
2,RF,RF_n_estimators=300_max_features=sqrt,meta_floral,0.45,199,615,122,61,0.8,0.564,0.685,0.871,0.704,0.62,0.765,0.834
2,RF,RF_n_estimators=300_max_features=sqrt,meta_fruity,0.35,386,346,198,67,0.744,0.493,0.744,0.852,0.839,0.661,0.852,0.636
2,RF,RF_n_estimators=300_max_features=sqrt,meta_sweet,0.45,262,423,190,122,0.686,0.364,0.627,0.731,0.656,0.58,0.682,0.69
2,RF,RF_n_estimators=300_max_features=sqrt,meta_woody,0.35,166,603,180,48,0.773,0.471,0.593,0.859,0.68,0.48,0.776,0.77
2,RF,RF_n_estimators=300_max_features=sqrt,meta_green,0.35,384,305,248,60,0.708,0.43,0.714,0.804,0.745,0.608,0.865,0.552
2,RF,RF_n_estimators=300_max_features=sqrt,meta_spicy,0.45,128,646,134,89,0.709,0.392,0.534,0.792,0.576,0.489,0.59,0.828
2,RF,RF_n_estimators=300_max_features=sqrt,meta_animal_musk,0.45,71,766,79,81,0.687,0.376,0.47,0.799,0.534,0.473,0.467,0.907
2,RF,RF_n_estimators=300_max_features=sqrt,meta_earthy,0.4,127,676,110,84,0.731,0.443,0.567,0.809,0.629,0.536,0.602,0.86
2,RF,RF_n_estimators=300_max_features=sqrt,meta_citrus,0.55,41,858,32,66,0.674,0.413,0.456,0.842,0.495,0.562,0.383,0.964
2,RF,RF_n_estimators=300_max_features=sqrt,meta_chemical,0.35,351,340,237,69,0.712,0.427,0.696,0.794,0.733,0.597,0.836,0.589
2,RF,RF_n_estimators=300_max_features=sqrt,meta_gourmand,0.55,144,680,73,100,0.747,0.514,0.625,0.855,0.686,0.664,0.59,0.903
2,RF,RF_n_estimators=300_max_features=sqrt,meta_powdery_amber,0.45,134,671,108,84,0.738,0.459,0.583,0.827,0.59,0.554,0.615,0.861
2,RF,RF_n_estimators=300_max_features=log2,meta_floral,0.35,220,540,197,40,0.789,0.515,0.65,0.867,0.691,0.528,0.846,0.733
2,RF,RF_n_estimators=300_max_features=log2,meta_fruity,0.4,372,379,165,81,0.759,0.517,0.752,0.852,0.839,0.693,0.821,0.697
2,RF,RF_n_estimators=300_max_features=log2,meta_sweet,0.4,289,366,247,95,0.675,0.341,0.628,0.739,0.662,0.539,0.753,0.597
2,RF,RF_n_estimators=300_max_features=log2,meta_woody,0.45,154,667,116,60,0.786,0.528,0.636,0.858,0.67,0.57,0.72,0.852
2,RF,RF_n_estimators=300_max_features=log2,meta_green,0.35,390,290,263,54,0.701,0.421,0.711,0.805,0.753,0.597,0.878,0.524
2,RF,RF_n_estimators=300_max_features=log2,meta_spicy,0.45,129,658,122,88,0.719,0.416,0.551,0.791,0.573,0.514,0.594,0.844
2,RF,RF_n_estimators=300_max_features=log2,meta_animal_musk,0.45,70,766,79,82,0.684,0.37,0.465,0.798,0.53,0.47,0.461,0.907
2,RF,RF_n_estimators=300_max_features=log2,meta_earthy,0.55,89,748,38,122,0.687,0.458,0.527,0.809,0.63,0.701,0.422,0.952
2,RF,RF_n_estimators=300_max_features=log2,meta_citrus,0.45,53,835,55,54,0.717,0.432,0.493,0.858,0.518,0.491,0.495,0.938
2,RF,RF_n_estimators=300_max_features=log2,meta_chemical,0.4,338,379,198,82,0.731,0.457,0.707,0.792,0.726,0.631,0.805,0.657
2,RF,RF_n_estimators=300_max_features=log2,meta_gourmand,0.5,160,663,90,84,0.768,0.532,0.648,0.859,0.688,0.64,0.656,0.88
2,RF,RF_n_estimators=300_max_features=log2,meta_powdery_amber,0.4,149,648,131,69,0.758,0.474,0.598,0.826,0.588,0.532,0.683,0.832
2,XGB,XGB_n_estimators=100_max_depth=3,meta_floral,0.4,202,582,155,58,0.783,0.519,0.655,0.862,0.692,0.566,0.777,0.79
2,XGB,XGB_n_estimators=100_max_depth=3,meta_fruity,0.5,335,437,107,118,0.771,0.544,0.749,0.847,0.832,0.758,0.74,0.803
2,XGB,XGB_n_estimators=100_max_depth=3,meta_sweet,0.4,283,372,241,101,0.672,0.335,0.623,0.728,0.634,0.54,0.737,0.607
2,XGB,XGB_n_estimators=100_max_depth=3,meta_woody,0.25,180,565,218,34,0.781,0.472,0.588,0.854,0.653,0.452,0.841,0.722
2,XGB,XGB_n_estimators=100_max_depth=3,meta_green,0.2,406,221,332,38,0.657,0.356,0.687,0.788,0.744,0.55,0.914,0.4
2,XGB,XGB_n_estimators=100_max_depth=3,meta_spicy,0.4,142,571,209,75,0.693,0.334,0.5,0.777,0.553,0.405,0.654,0.732
2,XGB,XGB_n_estimators=100_max_depth=3,meta_animal_musk,0.5,81,731,114,71,0.699,0.361,0.467,0.799,0.489,0.415,0.533,0.865
2,XGB,XGB_n_estimators=100_max_depth=3,meta_earthy,0.5,116,673,113,95,0.703,0.394,0.527,0.774,0.59,0.507,0.55,0.856
2,XGB,XGB_n_estimators=100_max_depth=3,meta_citrus,0.6,56,831,59,51,0.729,0.443,0.505,0.842,0.521,0.487,0.523,0.934
2,XGB,XGB_n_estimators=100_max_depth=3,meta_chemical,0.35,338,365,212,82,0.719,0.434,0.697,0.782,0.724,0.615,0.805,0.633
2,XGB,XGB_n_estimators=100_max_depth=3,meta_gourmand,0.65,137,677,76,107,0.73,0.483,0.6,0.855,0.692,0.643,0.561,0.899
2,XGB,XGB_n_estimators=100_max_depth=3,meta_powdery_amber,0.35,167,571,208,51,0.75,0.426,0.563,0.811,0.518,0.445,0.766,0.733
2,XGB,XGB_n_estimators=100_max_depth=6,meta_floral,0.3,188,616,121,72,0.779,0.531,0.661,0.862,0.705,0.608,0.723,0.836
2,XGB,XGB_n_estimators=100_max_depth=6,meta_fruity,0.45,326,418,126,127,0.744,0.488,0.72,0.836,0.821,0.721,0.72,0.768
2,XGB,XGB_n_estimators=100_max_depth=6,meta_sweet,0.2,293,317,296,91,0.64,0.277,0.602,0.719,0.632,0.497,0.763,0.517
2,XGB,XGB_n_estimators=100_max_depth=6,meta_woody,0.2,150,639,144,64,0.759,0.466,0.591,0.848,0.656,0.51,0.701,0.816
2,XGB,XGB_n_estimators=100_max_depth=6,meta_green,0.25,369,325,228,75,0.709,0.425,0.709,0.786,0.753,0.618,0.831,0.588
2,XGB,XGB_n_estimators=100_max_depth=6,meta_spicy,0.15,147,566,214,70,0.702,0.346,0.509,0.779,0.557,0.407,0.677,0.726
2,XGB,XGB_n_estimators=100_max_depth=6,meta_animal_musk,0.55,56,799,46,96,0.657,0.372,0.441,0.788,0.499,0.549,0.368,0.946
2,XGB,XGB_n_estimators=100_max_depth=6,meta_earthy,0.25,116,686,100,95,0.711,0.419,0.543,0.772,0.589,0.537,0.55,0.873
2,XGB,XGB_n_estimators=100_max_depth=6,meta_citrus,0.25,55,826,64,52,0.721,0.422,0.487,0.846,0.497,0.462,0.514,0.928
2,XGB,XGB_n_estimators=100_max_depth=6,meta_chemical,0.3,315,387,190,105,0.71,0.415,0.681,0.778,0.715,0.624,0.75,0.671
2,XGB,XGB_n_estimators=100_max_depth=6,meta_gourmand,0.3,167,627,126,77,0.759,0.488,0.622,0.841,0.673,0.57,0.684,0.833
2,XGB,XGB_n_estimators=100_max_depth=6,meta_powdery_amber,0.25,136,632,147,82,0.718,0.399,0.543,0.802,0.534,0.481,0.624,0.811
2,XGB,XGB_n_estimators=300_max_depth=3,meta_floral,0.25,198,584,153,62,0.777,0.509,0.648,0.864,0.707,0.564,0.762,0.792
2,XGB,XGB_n_estimators=300_max_depth=3,meta_fruity,0.3,373,385,159,80,0.766,0.53,0.757,0.844,0.822,0.701,0.823,0.708
2,XGB,XGB_n_estimators=300_max_depth=3,meta_sweet,0.3,278,346,267,106,0.644,0.282,0.598,0.72,0.638,0.51,0.724,0.564
2,XGB,XGB_n_estimators=300_max_depth=3,meta_woody,0.3,145,662,121,69,0.762,0.486,0.604,0.845,0.624,0.545,0.678,0.845
2,XGB,XGB_n_estimators=300_max_depth=3,meta_green,0.25,367,310,243,77,0.694,0.395,0.696,0.782,0.741,0.602,0.827,0.561
2,XGB,XGB_n_estimators=300_max_depth=3,meta_spicy,0.3,132,614,166,85,0.698,0.356,0.513,0.777,0.543,0.443,0.608,0.787
2,XGB,XGB_n_estimators=300_max_depth=3,meta_animal_musk,0.7,53,800,45,99,0.648,0.357,0.424,0.779,0.469,0.541,0.349,0.947
2,XGB,XGB_n_estimators=300_max_depth=3,meta_earthy,0.3,115,663,123,96,0.694,0.372,0.512,0.777,0.588,0.483,0.545,0.844
2,XGB,XGB_n_estimators=300_max_depth=3,meta_citrus,0.3,61,823,67,46,0.747,0.458,0.519,0.84,0.513,0.477,0.57,0.925
2,XGB,XGB_n_estimators=300_max_depth=3,meta_chemical,0.15,363,290,287,57,0.683,0.38,0.679,0.775,0.718,0.558,0.864,0.503
2,XGB,XGB_n_estimators=300_max_depth=3,meta_gourmand,0.5,146,665,88,98,0.741,0.488,0.611,0.85,0.679,0.624,0.598,0.883
2,XGB,XGB_n_estimators=300_max_depth=3,meta_powdery_amber,0.45,119,677,102,99,0.707,0.413,0.542,0.81,0.545,0.538,0.546,0.869
2,XGB,XGB_n_estimators=300_max_depth=6,meta_floral,0.15,194,609,128,66,0.786,0.538,0.667,0.869,0.717,0.602,0.746,0.826
2,XGB,XGB_n_estimators=300_max_depth=6,meta_fruity,0.45,328,429,115,125,0.756,0.514,0.732,0.839,0.823,0.74,0.724,0.789
2,XGB,XGB_n_estimators=300_max_depth=6,meta_sweet,0.2,271,395,218,113,0.675,0.341,0.621,0.723,0.639,0.554,0.706,0.644
2,XGB,XGB_n_estimators=300_max_depth=6,meta_woody,0.05,157,611,172,57,0.757,0.449,0.578,0.845,0.645,0.477,0.734,0.78
2,XGB,XGB_n_estimators=300_max_depth=6,meta_green,0.05,393,257,296,51,0.675,0.376,0.694,0.789,0.751,0.57,0.885,0.465
2,XGB,XGB_n_estimators=300_max_depth=6,meta_spicy,0.05,149,571,209,68,0.709,0.36,0.518,0.781,0.55,0.416,0.687,0.732
2,XGB,XGB_n_estimators=300_max_depth=6,meta_animal_musk,0.45,60,795,50,92,0.668,0.385,0.458,0.772,0.491,0.545,0.395,0.941
2,XGB,XGB_n_estimators=300_max_depth=6,meta_earthy,0.05,126,637,149,85,0.704,0.373,0.519,0.774,0.592,0.458,0.597,0.81
2,XGB,XGB_n_estimators=300_max_depth=6,meta_citrus,0.3,49,842,48,58,0.702,0.422,0.48,0.84,0.499,0.505,0.458,0.946
2,XGB,XGB_n_estimators=300_max_depth=6,meta_chemical,0.15,315,375,202,105,0.7,0.395,0.672,0.773,0.711,0.609,0.75,0.65
2,XGB,XGB_n_estimators=300_max_depth=6,meta_gourmand,0.25,151,636,117,93,0.732,0.449,0.59,0.839,0.667,0.563,0.619,0.845
2,XGB,XGB_n_estimators=300_max_depth=6,meta_powdery_amber,0.05,149,592,187,69,0.722,0.388,0.538,0.803,0.533,0.443,0.683,0.76
2,SVM,SVM_C=0.1,meta_floral,0.3,188,580,157,72,0.755,0.471,0.621,0.84,0.653,0.545,0.723,0.787
2,SVM,SVM_C=0.1,meta_fruity,0.4,354,378,166,99,0.738,0.475,0.728,0.826,0.805,0.681,0.781,0.695
2,SVM,SVM_C=0.1,meta_sweet,0.3,304,304,309,80,0.644,0.288,0.61,0.719,0.625,0.496,0.792,0.496
2,SVM,SVM_C=0.1,meta_woody,0.2,179,553,230,35,0.771,0.453,0.575,0.832,0.606,0.438,0.836,0.706
2,SVM,SVM_C=0.1,meta_green,0.25,391,203,350,53,0.624,0.282,0.66,0.75,0.701,0.528,0.881,0.367
2,SVM,SVM_C=0.1,meta_spicy,0.15,171,443,337,46,0.678,0.294,0.472,0.764,0.516,0.337,0.788,0.568
2,SVM,SVM_C=0.1,meta_animal_musk,0.25,86,741,104,66,0.721,0.405,0.503,0.772,0.478,0.453,0.566,0.877
2,SVM,SVM_C=0.1,meta_earthy,0.35,92,715,71,119,0.673,0.382,0.492,0.771,0.567,0.564,0.436,0.91
2,SVM,SVM_C=0.1,meta_citrus,0.3,50,833,57,57,0.702,0.403,0.467,0.838,0.419,0.467,0.467,0.936
2,SVM,SVM_C=0.1,meta_chemical,0.3,359,310,267,61,0.696,0.4,0.686,0.779,0.718,0.573,0.855,0.537
2,SVM,SVM_C=0.1,meta_gourmand,0.3,182,605,148,62,0.775,0.502,0.634,0.836,0.65,0.552,0.746,0.803
2,SVM,SVM_C=0.1,meta_powdery_amber,0.2,147,555,224,71,0.693,0.331,0.499,0.777,0.495,0.396,0.674,0.712
2,SVM,SVM_C=1,meta_floral,0.4,185,638,99,75,0.789,0.562,0.68,0.861,0.671,0.651,0.712,0.866
2,SVM,SVM_C=1,meta_fruity,0.25,394,327,217,59,0.735,0.481,0.741,0.848,0.831,0.645,0.87,0.601
2,SVM,SVM_C=1,meta_sweet,0.25,330,273,340,54,0.652,0.316,0.626,0.743,0.654,0.493,0.859,0.445
2,SVM,SVM_C=1,meta_woody,0.2,162,603,180,52,0.764,0.456,0.583,0.845,0.593,0.474,0.757,0.77
2,SVM,SVM_C=1,meta_green,0.4,345,362,191,99,0.716,0.43,0.704,0.79,0.746,0.644,0.777,0.655
2,SVM,SVM_C=1,meta_spicy,0.2,156,577,203,61,0.729,0.394,0.542,0.794,0.586,0.435,0.719,0.74
2,SVM,SVM_C=1,meta_animal_musk,0.35,68,775,70,84,0.682,0.379,0.469,0.794,0.495,0.493,0.447,0.917
2,SVM,SVM_C=1,meta_earthy,0.35,107,706,80,104,0.703,0.424,0.538,0.794,0.587,0.572,0.507,0.898
2,SVM,SVM_C=1,meta_citrus,0.3,54,835,55,53,0.721,0.439,0.5,0.877,0.549,0.495,0.505,0.938
2,SVM,SVM_C=1,meta_chemical,0.25,363,315,262,57,0.705,0.419,0.695,0.797,0.741,0.581,0.864,0.546
2,SVM,SVM_C=1,meta_gourmand,0.4,165,647,106,79,0.768,0.517,0.641,0.852,0.648,0.609,0.676,0.859
2,SVM,SVM_C=1,meta_powdery_amber,0.35,130,674,105,88,0.731,0.449,0.574,0.825,0.554,0.553,0.596,0.865
2,SVM,SVM_C=10,meta_floral,0.35,187,624,113,73,0.783,0.542,0.668,0.852,0.665,0.623,0.719,0.847
2,SVM,SVM_C=10,meta_fruity,0.35,374,367,177,79,0.75,0.501,0.745,0.84,0.827,0.679,0.826,0.675
2,SVM,SVM_C=10,meta_sweet,0.4,259,414,199,125,0.675,0.342,0.615,0.731,0.645,0.566,0.674,0.675
2,SVM,SVM_C=10,meta_woody,0.3,135,662,121,79,0.738,0.448,0.574,0.83,0.571,0.527,0.631,0.845
2,SVM,SVM_C=10,meta_green,0.35,372,308,245,72,0.697,0.404,0.701,0.781,0.739,0.603,0.838,0.557
2,SVM,SVM_C=10,meta_spicy,0.3,126,654,126,91,0.71,0.398,0.537,0.783,0.543,0.5,0.581,0.838
2,SVM,SVM_C=10,meta_animal_musk,0.3,64,772,73,88,0.667,0.349,0.443,0.752,0.465,0.467,0.421,0.914
2,SVM,SVM_C=10,meta_earthy,0.25,124,658,128,87,0.712,0.399,0.536,0.787,0.585,0.492,0.588,0.837
2,SVM,SVM_C=10,meta_citrus,0.3,49,836,54,58,0.699,0.404,0.467,0.844,0.471,0.476,0.458,0.939
2,SVM,SVM_C=10,meta_chemical,0.4,305,391,186,115,0.702,0.399,0.67,0.768,0.695,0.621,0.726,0.678
2,SVM,SVM_C=10,meta_gourmand,0.45,130,682,71,114,0.719,0.47,0.584,0.835,0.602,0.647,0.533,0.906
2,SVM,SVM_C=10,meta_powdery_amber,0.3,128,647,132,90,0.709,0.393,0.536,0.81,0.561,0.492,0.587,0.831
2,KNN,KNN_n_neighbors=5_metric=euclidean,meta_floral,0.45,148,639,98,112,0.718,0.444,0.585,0.819,0.607,0.602,0.569,0.867
2,KNN,KNN_n_neighbors=5_metric=euclidean,meta_fruity,0.45,338,420,124,115,0.759,0.517,0.739,0.818,0.746,0.732,0.746,0.772
2,KNN,KNN_n_neighbors=5_metric=euclidean,meta_sweet,0.25,307,278,335,77,0.626,0.257,0.598,0.699,0.57,0.478,0.799,0.454
2,KNN,KNN_n_neighbors=5_metric=euclidean,meta_woody,0.25,150,636,147,64,0.757,0.461,0.587,0.818,0.575,0.505,0.701,0.812
2,KNN,KNN_n_neighbors=5_metric=euclidean,meta_green,0.25,380,255,298,64,0.658,0.338,0.677,0.758,0.67,0.56,0.856,0.461
2,KNN,KNN_n_neighbors=5_metric=euclidean,meta_spicy,0.25,131,596,184,86,0.684,0.326,0.492,0.74,0.484,0.416,0.604,0.764
2,KNN,KNN_n_neighbors=5_metric=euclidean,meta_animal_musk,0.25,70,745,100,82,0.671,0.327,0.435,0.724,0.409,0.412,0.461,0.882
2,KNN,KNN_n_neighbors=5_metric=euclidean,meta_earthy,0.45,87,745,41,124,0.68,0.44,0.513,0.783,0.527,0.68,0.412,0.948
2,KNN,KNN_n_neighbors=5_metric=euclidean,meta_citrus,0.45,47,844,46,60,0.694,0.412,0.47,0.787,0.368,0.505,0.439,0.948
2,KNN,KNN_n_neighbors=5_metric=euclidean,meta_chemical,0.25,337,328,249,83,0.685,0.372,0.67,0.749,0.64,0.575,0.802,0.568
2,KNN,KNN_n_neighbors=5_metric=euclidean,meta_gourmand,0.25,180,585,168,64,0.757,0.464,0.608,0.815,0.585,0.517,0.738,0.777
2,KNN,KNN_n_neighbors=5_metric=euclidean,meta_powdery_amber,0.25,148,601,178,70,0.725,0.397,0.544,0.77,0.447,0.454,0.679,0.772
2,KNN,KNN_n_neighbors=5_metric=cosine,meta_floral,0.25,194,551,186,66,0.747,0.446,0.606,0.822,0.606,0.511,0.746,0.748
2,KNN,KNN_n_neighbors=5_metric=cosine,meta_fruity,0.25,379,340,204,74,0.731,0.466,0.732,0.821,0.759,0.65,0.837,0.625
2,KNN,KNN_n_neighbors=5_metric=cosine,meta_sweet,0.25,303,288,325,81,0.629,0.261,0.599,0.695,0.556,0.482,0.789,0.47
2,KNN,KNN_n_neighbors=5_metric=cosine,meta_woody,0.25,153,645,138,61,0.769,0.487,0.606,0.821,0.59,0.526,0.715,0.824
2,KNN,KNN_n_neighbors=5_metric=cosine,meta_green,0.25,381,273,280,63,0.676,0.37,0.69,0.761,0.678,0.576,0.858,0.494
2,KNN,KNN_n_neighbors=5_metric=cosine,meta_spicy,0.25,138,605,175,79,0.706,0.366,0.521,0.754,0.501,0.441,0.636,0.776
2,KNN,KNN_n_neighbors=5_metric=cosine,meta_animal_musk,0.25,71,739,106,81,0.671,0.321,0.432,0.73,0.39,0.401,0.467,0.875
2,KNN,KNN_n_neighbors=5_metric=cosine,meta_earthy,0.25,128,657,129,83,0.721,0.413,0.547,0.789,0.536,0.498,0.607,0.836
2,KNN,KNN_n_neighbors=5_metric=cosine,meta_citrus,0.25,59,789,101,48,0.719,0.369,0.442,0.79,0.364,0.369,0.551,0.887
2,KNN,KNN_n_neighbors=5_metric=cosine,meta_chemical,0.25,341,317,260,79,0.681,0.365,0.668,0.76,0.659,0.567,0.812,0.549
2,KNN,KNN_n_neighbors=5_metric=cosine,meta_gourmand,0.25,179,583,170,65,0.754,0.458,0.604,0.814,0.585,0.513,0.734,0.774
2,KNN,KNN_n_neighbors=5_metric=cosine,meta_powdery_amber,0.25,152,604,175,66,0.736,0.416,0.558,0.78,0.46,0.465,0.697,0.775
2,KNN,KNN_n_neighbors=11_metric=euclidean,meta_floral,0.4,182,603,134,78,0.759,0.489,0.632,0.843,0.644,0.576,0.7,0.818
2,KNN,KNN_n_neighbors=11_metric=euclidean,meta_fruity,0.5,347,405,139,106,0.755,0.509,0.739,0.83,0.789,0.714,0.766,0.744
2,KNN,KNN_n_neighbors=11_metric=euclidean,meta_sweet,0.4,280,346,267,104,0.647,0.287,0.602,0.704,0.593,0.512,0.729,0.564
2,KNN,KNN_n_neighbors=11_metric=euclidean,meta_woody,0.2,167,598,185,47,0.772,0.467,0.59,0.839,0.617,0.474,0.78,0.764
2,KNN,KNN_n_neighbors=11_metric=euclidean,meta_green,0.3,394,248,305,50,0.668,0.365,0.689,0.781,0.72,0.564,0.887,0.448
2,KNN,KNN_n_neighbors=11_metric=euclidean,meta_spicy,0.3,137,616,164,80,0.711,0.378,0.529,0.784,0.527,0.455,0.631,0.79
2,KNN,KNN_n_neighbors=11_metric=euclidean,meta_animal_musk,0.3,64,768,77,88,0.665,0.34,0.437,0.772,0.46,0.454,0.421,0.909
2,KNN,KNN_n_neighbors=11_metric=euclidean,meta_earthy,0.3,116,694,92,95,0.716,0.435,0.554,0.789,0.585,0.558,0.55,0.883
2,KNN,KNN_n_neighbors=11_metric=euclidean,meta_citrus,0.3,56,819,71,51,0.722,0.412,0.479,0.827,0.424,0.441,0.523,0.92
2,KNN,KNN_n_neighbors=11_metric=euclidean,meta_chemical,0.3,333,330,247,87,0.682,0.365,0.666,0.761,0.68,0.574,0.793,0.572
2,KNN,KNN_n_neighbors=11_metric=euclidean,meta_gourmand,0.4,150,651,102,94,0.74,0.474,0.605,0.834,0.629,0.595,0.615,0.865
2,KNN,KNN_n_neighbors=11_metric=euclidean,meta_powdery_amber,0.3,133,606,173,85,0.694,0.348,0.508,0.782,0.477,0.435,0.61,0.778
2,KNN,KNN_n_neighbors=11_metric=cosine,meta_floral,0.3,199,573,164,61,0.771,0.495,0.639,0.84,0.647,0.548,0.765,0.777
2,KNN,KNN_n_neighbors=11_metric=cosine,meta_fruity,0.3,394,327,217,59,0.735,0.481,0.741,0.837,0.794,0.645,0.87,0.601
2,KNN,KNN_n_neighbors=11_metric=cosine,meta_sweet,0.4,254,373,240,130,0.635,0.263,0.579,0.7,0.597,0.514,0.661,0.608
2,KNN,KNN_n_neighbors=11_metric=cosine,meta_woody,0.2,163,601,182,51,0.765,0.457,0.583,0.845,0.614,0.472,0.762,0.768
2,KNN,KNN_n_neighbors=11_metric=cosine,meta_green,0.3,387,278,275,57,0.687,0.394,0.7,0.783,0.72,0.585,0.872,0.503
2,KNN,KNN_n_neighbors=11_metric=cosine,meta_spicy,0.3,132,620,160,85,0.702,0.366,0.519,0.776,0.524,0.452,0.608,0.795
2,KNN,KNN_n_neighbors=11_metric=cosine,meta_animal_musk,0.3,72,757,88,80,0.685,0.362,0.462,0.779,0.456,0.45,0.474,0.896
2,KNN,KNN_n_neighbors=11_metric=cosine,meta_earthy,0.3,112,692,94,99,0.706,0.415,0.537,0.789,0.578,0.544,0.531,0.88
2,KNN,KNN_n_neighbors=11_metric=cosine,meta_citrus,0.2,69,779,111,38,0.76,0.419,0.481,0.834,0.41,0.383,0.645,0.875
2,KNN,KNN_n_neighbors=11_metric=cosine,meta_chemical,0.3,340,328,249,80,0.689,0.38,0.674,0.772,0.695,0.577,0.81,0.568
2,KNN,KNN_n_neighbors=11_metric=cosine,meta_gourmand,0.2,199,534,219,45,0.762,0.457,0.601,0.831,0.634,0.476,0.816,0.709
2,KNN,KNN_n_neighbors=11_metric=cosine,meta_powdery_amber,0.3,135,613,166,83,0.703,0.366,0.52,0.787,0.471,0.449,0.619,0.787
2,KNN,KNN_n_neighbors=21_metric=euclidean,meta_floral,0.4,182,605,132,78,0.76,0.492,0.634,0.852,0.666,0.58,0.7,0.821
2,KNN,KNN_n_neighbors=21_metric=euclidean,meta_fruity,0.45,366,357,187,87,0.732,0.465,0.728,0.826,0.797,0.662,0.808,0.656
2,KNN,KNN_n_neighbors=21_metric=euclidean,meta_sweet,0.4,290,327,286,94,0.644,0.284,0.604,0.703,0.6,0.503,0.755,0.533
2,KNN,KNN_n_neighbors=21_metric=euclidean,meta_woody,0.15,175,550,233,39,0.76,0.434,0.563,0.84,0.614,0.429,0.818,0.702
2,KNN,KNN_n_neighbors=21_metric=euclidean,meta_green,0.4,364,312,241,80,0.692,0.391,0.694,0.772,0.714,0.602,0.82,0.564
2,KNN,KNN_n_neighbors=21_metric=euclidean,meta_spicy,0.3,135,614,166,82,0.705,0.368,0.521,0.774,0.514,0.449,0.622,0.787
2,KNN,KNN_n_neighbors=21_metric=euclidean,meta_animal_musk,0.25,78,756,89,74,0.704,0.393,0.489,0.778,0.482,0.467,0.513,0.895
2,KNN,KNN_n_neighbors=21_metric=euclidean,meta_earthy,0.25,121,667,119,90,0.711,0.403,0.537,0.777,0.575,0.504,0.573,0.849
2,KNN,KNN_n_neighbors=21_metric=euclidean,meta_citrus,0.25,54,807,83,53,0.706,0.37,0.443,0.829,0.412,0.394,0.505,0.907
2,KNN,KNN_n_neighbors=21_metric=euclidean,meta_chemical,0.35,332,350,227,88,0.699,0.395,0.678,0.764,0.692,0.594,0.79,0.607
2,KNN,KNN_n_neighbors=21_metric=euclidean,meta_gourmand,0.45,130,671,82,114,0.712,0.445,0.57,0.827,0.646,0.613,0.533,0.891
2,KNN,KNN_n_neighbors=21_metric=euclidean,meta_powdery_amber,0.3,137,612,167,81,0.707,0.372,0.525,0.785,0.489,0.451,0.628,0.786
2,KNN,KNN_n_neighbors=21_metric=cosine,meta_floral,0.4,180,615,122,80,0.763,0.503,0.641,0.854,0.675,0.596,0.692,0.834
2,KNN,KNN_n_neighbors=21_metric=cosine,meta_fruity,0.4,368,365,179,85,0.742,0.484,0.736,0.837,0.808,0.673,0.812,0.671
2,KNN,KNN_n_neighbors=21_metric=cosine,meta_sweet,0.4,269,351,262,115,0.637,0.266,0.588,0.708,0.6,0.507,0.701,0.573
2,KNN,KNN_n_neighbors=21_metric=cosine,meta_woody,0.2,170,585,198,44,0.771,0.461,0.584,0.854,0.627,0.462,0.794,0.747
2,KNN,KNN_n_neighbors=21_metric=cosine,meta_green,0.3,390,262,291,54,0.676,0.376,0.693,0.789,0.745,0.573,0.878,0.474
2,KNN,KNN_n_neighbors=21_metric=cosine,meta_spicy,0.2,159,525,255,58,0.703,0.34,0.504,0.781,0.523,0.384,0.733,0.673
2,KNN,KNN_n_neighbors=21_metric=cosine,meta_animal_musk,0.25,86,746,99,66,0.724,0.415,0.51,0.77,0.472,0.465,0.566,0.883
2,KNN,KNN_n_neighbors=21_metric=cosine,meta_earthy,0.25,119,653,133,92,0.697,0.371,0.514,0.776,0.579,0.472,0.564,0.831
2,KNN,KNN_n_neighbors=21_metric=cosine,meta_citrus,0.3,48,835,55,59,0.693,0.393,0.457,0.835,0.433,0.466,0.449,0.938
2,KNN,KNN_n_neighbors=21_metric=cosine,meta_chemical,0.25,374,266,311,46,0.676,0.374,0.677,0.774,0.707,0.546,0.89,0.461
2,KNN,KNN_n_neighbors=21_metric=cosine,meta_gourmand,0.35,165,615,138,79,0.746,0.461,0.603,0.836,0.665,0.545,0.676,0.817
2,KNN,KNN_n_neighbors=21_metric=cosine,meta_powdery_amber,0.25,161,572,207,57,0.736,0.405,0.549,0.792,0.49,0.438,0.739,0.734
3,LR,LR_C=0.01,meta_floral,0.6,170,658,96,84,0.771,0.534,0.654,0.869,0.626,0.639,0.669,0.873
3,LR,LR_C=0.01,meta_fruity,0.55,316,425,136,131,0.732,0.464,0.703,0.828,0.778,0.699,0.707,0.758
3,LR,LR_C=0.01,meta_sweet,0.4,328,294,333,53,0.665,0.337,0.63,0.754,0.644,0.496,0.861,0.469
3,LR,LR_C=0.01,meta_woody,0.5,158,629,168,53,0.769,0.468,0.588,0.836,0.625,0.485,0.749,0.789
3,LR,LR_C=0.01,meta_green,0.45,376,326,211,95,0.703,0.41,0.711,0.772,0.722,0.641,0.798,0.607
3,LR,LR_C=0.01,meta_spicy,0.6,120,667,126,95,0.7,0.381,0.521,0.79,0.519,0.488,0.558,0.841
3,LR,LR_C=0.01,meta_animal_musk,0.65,81,757,92,78,0.701,0.388,0.488,0.783,0.5,0.468,0.509,0.892
3,LR,LR_C=0.01,meta_earthy,0.65,87,740,80,101,0.683,0.383,0.49,0.778,0.554,0.521,0.463,0.902
3,LR,LR_C=0.01,meta_citrus,0.75,46,836,66,60,0.68,0.352,0.422,0.842,0.382,0.411,0.434,0.927
3,LR,LR_C=0.01,meta_chemical,0.45,330,357,216,105,0.691,0.379,0.673,0.768,0.722,0.604,0.759,0.623
3,LR,LR_C=0.01,meta_gourmand,0.5,199,574,177,58,0.769,0.485,0.629,0.84,0.638,0.529,0.774,0.764
3,LR,LR_C=0.01,meta_powdery_amber,0.6,132,665,141,70,0.739,0.431,0.556,0.831,0.524,0.484,0.653,0.825
3,LR,LR_C=0.1,meta_floral,0.55,185,630,124,69,0.782,0.531,0.657,0.868,0.627,0.599,0.728,0.836
3,LR,LR_C=0.1,meta_fruity,0.5,339,402,159,108,0.737,0.472,0.717,0.826,0.779,0.681,0.758,0.717
3,LR,LR_C=0.1,meta_sweet,0.5,275,401,226,106,0.681,0.35,0.624,0.747,0.637,0.549,0.722,0.64
3,LR,LR_C=0.1,meta_woody,0.5,149,632,165,62,0.75,0.438,0.568,0.831,0.631,0.475,0.706,0.793
3,LR,LR_C=0.1,meta_green,0.4,394,298,239,77,0.696,0.404,0.714,0.776,0.722,0.622,0.837,0.555
3,LR,LR_C=0.1,meta_spicy,0.6,126,664,129,89,0.712,0.399,0.536,0.788,0.528,0.494,0.586,0.837
3,LR,LR_C=0.1,meta_animal_musk,0.55,94,706,143,65,0.711,0.363,0.475,0.767,0.489,0.397,0.591,0.832
3,LR,LR_C=0.1,meta_earthy,0.65,90,727,93,98,0.683,0.369,0.485,0.777,0.546,0.492,0.479,0.887
3,LR,LR_C=0.1,meta_citrus,0.65,62,792,110,44,0.731,0.378,0.446,0.847,0.402,0.36,0.585,0.878
3,LR,LR_C=0.1,meta_chemical,0.45,321,370,203,114,0.692,0.38,0.669,0.765,0.715,0.613,0.738,0.646
3,LR,LR_C=0.1,meta_gourmand,0.55,178,617,134,79,0.757,0.485,0.626,0.839,0.634,0.571,0.693,0.822
3,LR,LR_C=0.1,meta_powdery_amber,0.55,146,634,172,56,0.755,0.439,0.562,0.835,0.533,0.459,0.723,0.787
3,LR,LR_C=1,meta_floral,0.6,174,649,105,80,0.773,0.53,0.653,0.867,0.627,0.624,0.685,0.861
3,LR,LR_C=1,meta_fruity,0.5,336,404,157,111,0.736,0.469,0.715,0.826,0.778,0.682,0.752,0.72
3,LR,LR_C=1,meta_sweet,0.4,316,311,316,65,0.663,0.326,0.624,0.745,0.635,0.5,0.829,0.496
3,LR,LR_C=1,meta_woody,0.5,149,630,167,62,0.748,0.436,0.565,0.831,0.63,0.472,0.706,0.79
3,LR,LR_C=1,meta_green,0.4,393,302,235,78,0.698,0.408,0.715,0.775,0.722,0.626,0.834,0.562
3,LR,LR_C=1,meta_spicy,0.6,127,663,130,88,0.713,0.401,0.538,0.787,0.528,0.494,0.591,0.836
3,LR,LR_C=1,meta_animal_musk,0.55,93,710,139,66,0.711,0.365,0.476,0.765,0.488,0.401,0.585,0.836
3,LR,LR_C=1,meta_earthy,0.65,90,728,92,98,0.683,0.371,0.486,0.777,0.546,0.495,0.479,0.888
3,LR,LR_C=1,meta_citrus,0.7,55,815,87,51,0.711,0.372,0.444,0.848,0.404,0.387,0.519,0.904
3,LR,LR_C=1,meta_chemical,0.45,317,371,202,118,0.688,0.373,0.665,0.764,0.714,0.611,0.729,0.647
3,LR,LR_C=1,meta_gourmand,0.55,181,618,133,76,0.764,0.496,0.634,0.838,0.633,0.576,0.704,0.823
3,LR,LR_C=1,meta_powdery_amber,0.6,133,667,139,69,0.743,0.438,0.561,0.835,0.534,0.489,0.658,0.828
3,LR,LR_C=10,meta_floral,0.6,174,649,105,80,0.773,0.53,0.653,0.867,0.628,0.624,0.685,0.861
3,LR,LR_C=10,meta_fruity,0.5,336,404,157,111,0.736,0.469,0.715,0.825,0.778,0.682,0.752,0.72
3,LR,LR_C=10,meta_sweet,0.35,331,264,363,50,0.645,0.303,0.616,0.745,0.635,0.477,0.869,0.421
3,LR,LR_C=10,meta_woody,0.5,149,630,167,62,0.748,0.436,0.565,0.831,0.63,0.472,0.706,0.79
3,LR,LR_C=10,meta_green,0.4,393,303,234,78,0.699,0.41,0.716,0.776,0.722,0.627,0.834,0.564
3,LR,LR_C=10,meta_spicy,0.6,128,662,131,87,0.715,0.403,0.54,0.787,0.528,0.494,0.595,0.835
3,LR,LR_C=10,meta_animal_musk,0.55,93,710,139,66,0.711,0.365,0.476,0.765,0.488,0.401,0.585,0.836
3,LR,LR_C=10,meta_earthy,0.65,91,728,92,97,0.686,0.376,0.491,0.777,0.545,0.497,0.484,0.888
3,LR,LR_C=10,meta_citrus,0.7,55,815,87,51,0.711,0.372,0.444,0.848,0.403,0.387,0.519,0.904
3,LR,LR_C=10,meta_chemical,0.45,316,372,201,119,0.688,0.372,0.664,0.764,0.714,0.611,0.726,0.649
3,LR,LR_C=10,meta_gourmand,0.55,181,618,133,76,0.764,0.496,0.634,0.838,0.633,0.576,0.704,0.823
3,LR,LR_C=10,meta_powdery_amber,0.6,133,667,139,69,0.743,0.438,0.561,0.835,0.534,0.489,0.658,0.828
3,LR,LR_C=100,meta_floral,0.6,174,649,105,80,0.773,0.53,0.653,0.867,0.628,0.624,0.685,0.861
3,LR,LR_C=100,meta_fruity,0.5,336,404,157,111,0.736,0.469,0.715,0.825,0.778,0.682,0.752,0.72
3,LR,LR_C=100,meta_sweet,0.35,331,264,363,50,0.645,0.303,0.616,0.745,0.635,0.477,0.869,0.421
3,LR,LR_C=100,meta_woody,0.5,149,630,167,62,0.748,0.436,0.565,0.831,0.63,0.472,0.706,0.79
3,LR,LR_C=100,meta_green,0.4,393,303,234,78,0.699,0.41,0.716,0.775,0.722,0.627,0.834,0.564
3,LR,LR_C=100,meta_spicy,0.6,128,662,131,87,0.715,0.403,0.54,0.787,0.528,0.494,0.595,0.835
3,LR,LR_C=100,meta_animal_musk,0.55,93,710,139,66,0.711,0.365,0.476,0.765,0.488,0.401,0.585,0.836
3,LR,LR_C=100,meta_earthy,0.65,91,728,92,97,0.686,0.376,0.491,0.777,0.545,0.497,0.484,0.888
3,LR,LR_C=100,meta_citrus,0.7,55,815,87,51,0.711,0.372,0.444,0.848,0.403,0.387,0.519,0.904
3,LR,LR_C=100,meta_chemical,0.45,316,372,201,119,0.688,0.372,0.664,0.764,0.714,0.611,0.726,0.649
3,LR,LR_C=100,meta_gourmand,0.55,181,618,133,76,0.764,0.496,0.634,0.838,0.633,0.576,0.704,0.823
3,LR,LR_C=100,meta_powdery_amber,0.6,133,667,139,69,0.743,0.438,0.561,0.835,0.534,0.489,0.658,0.828
3,RF,RF_n_estimators=100_max_features=sqrt,meta_floral,0.5,184,666,88,70,0.804,0.594,0.7,0.887,0.708,0.676,0.724,0.883
3,RF,RF_n_estimators=100_max_features=sqrt,meta_fruity,0.45,356,421,140,91,0.773,0.543,0.755,0.859,0.821,0.718,0.796,0.75
3,RF,RF_n_estimators=100_max_features=sqrt,meta_sweet,0.45,265,423,204,116,0.685,0.36,0.624,0.759,0.663,0.565,0.696,0.675
3,RF,RF_n_estimators=100_max_features=sqrt,meta_woody,0.4,149,651,146,62,0.761,0.468,0.589,0.837,0.614,0.505,0.706,0.817
3,RF,RF_n_estimators=100_max_features=sqrt,meta_green,0.4,378,330,207,93,0.709,0.422,0.716,0.788,0.763,0.646,0.803,0.615
3,RF,RF_n_estimators=100_max_features=sqrt,meta_spicy,0.4,137,613,180,78,0.705,0.362,0.515,0.783,0.544,0.432,0.637,0.773
3,RF,RF_n_estimators=100_max_features=sqrt,meta_animal_musk,0.4,95,720,129,64,0.723,0.391,0.496,0.794,0.524,0.424,0.597,0.848
3,RF,RF_n_estimators=100_max_features=sqrt,meta_earthy,0.5,95,741,79,93,0.704,0.422,0.525,0.785,0.566,0.546,0.505,0.904
3,RF,RF_n_estimators=100_max_features=sqrt,meta_citrus,0.45,54,851,51,52,0.726,0.455,0.512,0.865,0.541,0.514,0.509,0.943
3,RF,RF_n_estimators=100_max_features=sqrt,meta_chemical,0.4,354,352,221,81,0.714,0.428,0.701,0.787,0.727,0.616,0.814,0.614
3,RF,RF_n_estimators=100_max_features=sqrt,meta_gourmand,0.3,220,520,231,37,0.774,0.481,0.621,0.85,0.668,0.488,0.856,0.692
3,RF,RF_n_estimators=100_max_features=sqrt,meta_powdery_amber,0.45,122,674,132,80,0.72,0.406,0.535,0.824,0.557,0.48,0.604,0.836
3,RF,RF_n_estimators=100_max_features=log2,meta_floral,0.5,190,667,87,64,0.816,0.615,0.716,0.892,0.725,0.686,0.748,0.885
3,RF,RF_n_estimators=100_max_features=log2,meta_fruity,0.4,390,384,177,57,0.778,0.558,0.769,0.857,0.823,0.688,0.872,0.684
3,RF,RF_n_estimators=100_max_features=log2,meta_sweet,0.4,300,354,273,81,0.676,0.345,0.629,0.756,0.655,0.524,0.787,0.565
3,RF,RF_n_estimators=100_max_features=log2,meta_woody,0.4,151,647,150,60,0.764,0.469,0.59,0.836,0.627,0.502,0.716,0.812
3,RF,RF_n_estimators=100_max_features=log2,meta_green,0.45,348,358,179,123,0.703,0.405,0.697,0.791,0.771,0.66,0.739,0.667
3,RF,RF_n_estimators=100_max_features=log2,meta_spicy,0.35,153,560,233,62,0.709,0.352,0.509,0.789,0.529,0.396,0.712,0.706
3,RF,RF_n_estimators=100_max_features=log2,meta_animal_musk,0.45,82,765,84,77,0.708,0.41,0.505,0.782,0.528,0.494,0.516,0.901
3,RF,RF_n_estimators=100_max_features=log2,meta_earthy,0.55,80,766,54,108,0.68,0.413,0.497,0.797,0.559,0.597,0.426,0.934
3,RF,RF_n_estimators=100_max_features=log2,meta_citrus,0.5,49,865,37,57,0.711,0.463,0.51,0.856,0.538,0.57,0.462,0.959
3,RF,RF_n_estimators=100_max_features=log2,meta_chemical,0.45,335,375,198,100,0.712,0.421,0.692,0.786,0.732,0.629,0.77,0.654
3,RF,RF_n_estimators=100_max_features=log2,meta_gourmand,0.4,190,583,168,67,0.758,0.47,0.618,0.848,0.664,0.531,0.739,0.776
3,RF,RF_n_estimators=100_max_features=log2,meta_powdery_amber,0.45,120,686,120,82,0.723,0.418,0.543,0.824,0.552,0.5,0.594,0.851
3,RF,RF_n_estimators=300_max_features=sqrt,meta_floral,0.45,197,646,108,57,0.816,0.598,0.705,0.89,0.724,0.646,0.776,0.857
3,RF,RF_n_estimators=300_max_features=sqrt,meta_fruity,0.35,403,367,194,44,0.778,0.562,0.772,0.862,0.824,0.675,0.902,0.654
3,RF,RF_n_estimators=300_max_features=sqrt,meta_sweet,0.45,262,438,189,119,0.693,0.377,0.63,0.759,0.665,0.581,0.688,0.699
3,RF,RF_n_estimators=300_max_features=sqrt,meta_woody,0.4,148,655,142,63,0.762,0.47,0.591,0.837,0.62,0.51,0.701,0.822
3,RF,RF_n_estimators=300_max_features=sqrt,meta_green,0.4,374,337,200,97,0.711,0.425,0.716,0.791,0.77,0.652,0.794,0.628
3,RF,RF_n_estimators=300_max_features=sqrt,meta_spicy,0.4,137,616,177,78,0.707,0.366,0.518,0.791,0.563,0.436,0.637,0.777
3,RF,RF_n_estimators=300_max_features=sqrt,meta_animal_musk,0.4,95,732,117,64,0.73,0.411,0.512,0.8,0.54,0.448,0.597,0.862
3,RF,RF_n_estimators=300_max_features=sqrt,meta_earthy,0.45,105,715,105,83,0.715,0.413,0.528,0.793,0.566,0.5,0.559,0.872
3,RF,RF_n_estimators=300_max_features=sqrt,meta_citrus,0.4,63,838,64,43,0.762,0.484,0.541,0.862,0.543,0.496,0.594,0.929
3,RF,RF_n_estimators=300_max_features=sqrt,meta_chemical,0.45,332,378,195,103,0.711,0.419,0.69,0.786,0.728,0.63,0.763,0.66
3,RF,RF_n_estimators=300_max_features=sqrt,meta_gourmand,0.4,192,602,149,65,0.774,0.505,0.642,0.852,0.668,0.563,0.747,0.802
3,RF,RF_n_estimators=300_max_features=sqrt,meta_powdery_amber,0.35,159,605,201,43,0.769,0.449,0.566,0.83,0.565,0.442,0.787,0.751
3,RF,RF_n_estimators=300_max_features=log2,meta_floral,0.5,183,662,92,71,0.799,0.583,0.692,0.894,0.735,0.665,0.72,0.878
3,RF,RF_n_estimators=300_max_features=log2,meta_fruity,0.4,387,393,168,60,0.783,0.566,0.772,0.859,0.825,0.697,0.866,0.701
3,RF,RF_n_estimators=300_max_features=log2,meta_sweet,0.45,269,433,194,112,0.698,0.386,0.637,0.758,0.664,0.581,0.706,0.691
3,RF,RF_n_estimators=300_max_features=log2,meta_woody,0.4,150,652,145,61,0.764,0.473,0.593,0.839,0.619,0.508,0.711,0.818
3,RF,RF_n_estimators=300_max_features=log2,meta_green,0.45,346,358,179,125,0.701,0.401,0.695,0.791,0.775,0.659,0.735,0.667
3,RF,RF_n_estimators=300_max_features=log2,meta_spicy,0.45,122,673,120,93,0.708,0.399,0.534,0.792,0.553,0.504,0.567,0.849
3,RF,RF_n_estimators=300_max_features=log2,meta_animal_musk,0.35,99,700,149,60,0.724,0.378,0.486,0.797,0.538,0.399,0.623,0.824
3,RF,RF_n_estimators=300_max_features=log2,meta_earthy,0.4,114,676,144,74,0.715,0.384,0.511,0.797,0.569,0.442,0.606,0.824
3,RF,RF_n_estimators=300_max_features=log2,meta_citrus,0.45,55,850,52,51,0.731,0.459,0.516,0.863,0.547,0.514,0.519,0.942
3,RF,RF_n_estimators=300_max_features=log2,meta_chemical,0.4,355,348,225,80,0.712,0.424,0.7,0.789,0.734,0.612,0.816,0.607
3,RF,RF_n_estimators=300_max_features=log2,meta_gourmand,0.4,198,586,165,59,0.775,0.5,0.639,0.853,0.669,0.545,0.77,0.78
3,RF,RF_n_estimators=300_max_features=log2,meta_powdery_amber,0.5,99,728,78,103,0.697,0.414,0.522,0.833,0.57,0.559,0.49,0.903
3,XGB,XGB_n_estimators=100_max_depth=3,meta_floral,0.5,191,636,118,63,0.798,0.561,0.679,0.881,0.696,0.618,0.752,0.844
3,XGB,XGB_n_estimators=100_max_depth=3,meta_fruity,0.35,381,361,200,66,0.748,0.499,0.741,0.839,0.8,0.656,0.852,0.643
3,XGB,XGB_n_estimators=100_max_depth=3,meta_sweet,0.35,311,341,286,70,0.68,0.355,0.636,0.757,0.669,0.521,0.816,0.544
3,XGB,XGB_n_estimators=100_max_depth=3,meta_woody,0.45,145,651,146,66,0.752,0.452,0.578,0.835,0.613,0.498,0.687,0.817
3,XGB,XGB_n_estimators=100_max_depth=3,meta_green,0.35,379,309,228,92,0.69,0.387,0.703,0.783,0.76,0.624,0.805,0.575
3,XGB,XGB_n_estimators=100_max_depth=3,meta_spicy,0.45,140,609,184,75,0.71,0.368,0.519,0.784,0.515,0.432,0.651,0.768
3,XGB,XGB_n_estimators=100_max_depth=3,meta_animal_musk,0.55,78,753,96,81,0.689,0.364,0.468,0.785,0.499,0.448,0.491,0.887
3,XGB,XGB_n_estimators=100_max_depth=3,meta_earthy,0.55,98,710,110,90,0.694,0.373,0.495,0.788,0.547,0.471,0.521,0.866
3,XGB,XGB_n_estimators=100_max_depth=3,meta_citrus,0.75,42,871,31,64,0.681,0.428,0.469,0.87,0.519,0.575,0.396,0.966
3,XGB,XGB_n_estimators=100_max_depth=3,meta_chemical,0.5,297,415,158,138,0.704,0.405,0.667,0.772,0.734,0.653,0.683,0.724
3,XGB,XGB_n_estimators=100_max_depth=3,meta_gourmand,0.4,194,573,178,63,0.759,0.468,0.617,0.831,0.674,0.522,0.755,0.763
3,XGB,XGB_n_estimators=100_max_depth=3,meta_powdery_amber,0.5,136,655,151,66,0.743,0.431,0.556,0.826,0.498,0.474,0.673,0.813
3,XGB,XGB_n_estimators=100_max_depth=6,meta_floral,0.25,195,625,129,59,0.798,0.555,0.675,0.872,0.675,0.602,0.768,0.829
3,XGB,XGB_n_estimators=100_max_depth=6,meta_fruity,0.2,389,353,208,58,0.75,0.505,0.745,0.843,0.806,0.652,0.87,0.629
3,XGB,XGB_n_estimators=100_max_depth=6,meta_sweet,0.25,292,366,261,89,0.675,0.341,0.625,0.749,0.665,0.528,0.766,0.584
3,XGB,XGB_n_estimators=100_max_depth=6,meta_woody,0.2,141,658,139,70,0.747,0.449,0.574,0.827,0.586,0.504,0.668,0.826
3,XGB,XGB_n_estimators=100_max_depth=6,meta_green,0.25,363,321,216,108,0.684,0.372,0.691,0.779,0.747,0.627,0.771,0.598
3,XGB,XGB_n_estimators=100_max_depth=6,meta_spicy,0.3,126,648,145,89,0.702,0.373,0.519,0.786,0.533,0.465,0.586,0.817
3,XGB,XGB_n_estimators=100_max_depth=6,meta_animal_musk,0.2,83,724,125,76,0.687,0.338,0.452,0.764,0.501,0.399,0.522,0.853
3,XGB,XGB_n_estimators=100_max_depth=6,meta_earthy,0.3,100,704,116,88,0.695,0.371,0.495,0.772,0.542,0.463,0.532,0.859
3,XGB,XGB_n_estimators=100_max_depth=6,meta_citrus,0.3,53,845,57,53,0.718,0.43,0.491,0.847,0.491,0.482,0.5,0.937
3,XGB,XGB_n_estimators=100_max_depth=6,meta_chemical,0.3,333,380,193,102,0.714,0.425,0.693,0.79,0.746,0.633,0.766,0.663
3,XGB,XGB_n_estimators=100_max_depth=6,meta_gourmand,0.25,182,616,135,75,0.764,0.496,0.634,0.845,0.675,0.574,0.708,0.82
3,XGB,XGB_n_estimators=100_max_depth=6,meta_powdery_amber,0.2,139,642,164,63,0.742,0.423,0.55,0.819,0.527,0.459,0.688,0.797
3,XGB,XGB_n_estimators=300_max_depth=3,meta_floral,0.3,198,621,133,56,0.802,0.558,0.677,0.878,0.68,0.598,0.78,0.824
3,XGB,XGB_n_estimators=300_max_depth=3,meta_fruity,0.25,386,363,198,61,0.755,0.514,0.749,0.841,0.805,0.661,0.864,0.647
3,XGB,XGB_n_estimators=300_max_depth=3,meta_sweet,0.4,254,429,198,127,0.675,0.342,0.61,0.746,0.657,0.562,0.667,0.684
3,XGB,XGB_n_estimators=300_max_depth=3,meta_woody,0.2,157,630,167,54,0.767,0.466,0.587,0.838,0.614,0.485,0.744,0.79
3,XGB,XGB_n_estimators=300_max_depth=3,meta_green,0.35,356,344,193,115,0.698,0.397,0.698,0.776,0.748,0.648,0.756,0.641
3,XGB,XGB_n_estimators=300_max_depth=3,meta_spicy,0.15,163,509,284,52,0.7,0.33,0.492,0.782,0.508,0.365,0.758,0.642
3,XGB,XGB_n_estimators=300_max_depth=3,meta_animal_musk,0.35,75,745,104,84,0.675,0.333,0.444,0.776,0.499,0.419,0.472,0.878
3,XGB,XGB_n_estimators=300_max_depth=3,meta_earthy,0.5,86,736,84,102,0.678,0.369,0.48,0.778,0.548,0.506,0.457,0.898
3,XGB,XGB_n_estimators=300_max_depth=3,meta_citrus,0.3,60,831,71,46,0.744,0.445,0.506,0.858,0.507,0.458,0.566,0.921
3,XGB,XGB_n_estimators=300_max_depth=3,meta_chemical,0.4,312,393,180,123,0.702,0.399,0.673,0.771,0.735,0.634,0.717,0.686
3,XGB,XGB_n_estimators=300_max_depth=3,meta_gourmand,0.4,161,639,112,96,0.739,0.468,0.608,0.837,0.666,0.59,0.626,0.851
3,XGB,XGB_n_estimators=300_max_depth=3,meta_powdery_amber,0.3,133,656,150,69,0.736,0.421,0.548,0.825,0.505,0.47,0.658,0.814
3,XGB,XGB_n_estimators=300_max_depth=6,meta_floral,0.15,195,625,129,59,0.798,0.555,0.675,0.875,0.689,0.602,0.768,0.829
3,XGB,XGB_n_estimators=300_max_depth=6,meta_fruity,0.05,402,312,249,45,0.728,0.473,0.732,0.843,0.807,0.618,0.899,0.556
3,XGB,XGB_n_estimators=300_max_depth=6,meta_sweet,0.2,258,409,218,123,0.665,0.32,0.602,0.737,0.655,0.542,0.677,0.652
3,XGB,XGB_n_estimators=300_max_depth=6,meta_woody,0.15,135,673,124,76,0.742,0.451,0.574,0.826,0.59,0.521,0.64,0.844
3,XGB,XGB_n_estimators=300_max_depth=6,meta_green,0.15,372,326,211,99,0.698,0.401,0.706,0.775,0.746,0.638,0.79,0.607
3,XGB,XGB_n_estimators=300_max_depth=6,meta_spicy,0.2,120,657,136,95,0.693,0.364,0.51,0.781,0.542,0.469,0.558,0.828
3,XGB,XGB_n_estimators=300_max_depth=6,meta_animal_musk,0.05,88,700,149,71,0.689,0.325,0.444,0.764,0.509,0.371,0.553,0.824
3,XGB,XGB_n_estimators=300_max_depth=6,meta_earthy,0.25,95,724,96,93,0.694,0.386,0.501,0.773,0.546,0.497,0.505,0.883
3,XGB,XGB_n_estimators=300_max_depth=6,meta_citrus,0.25,52,847,55,54,0.715,0.428,0.488,0.851,0.501,0.486,0.491,0.939
3,XGB,XGB_n_estimators=300_max_depth=6,meta_chemical,0.25,313,393,180,122,0.703,0.402,0.675,0.781,0.723,0.635,0.72,0.686
3,XGB,XGB_n_estimators=300_max_depth=6,meta_gourmand,0.25,163,646,105,94,0.747,0.488,0.621,0.845,0.67,0.608,0.634,0.86
3,XGB,XGB_n_estimators=300_max_depth=6,meta_powdery_amber,0.1,133,659,147,69,0.738,0.425,0.552,0.819,0.518,0.475,0.658,0.818
3,SVM,SVM_C=0.1,meta_floral,0.4,159,666,88,95,0.755,0.514,0.635,0.858,0.653,0.644,0.626,0.883
3,SVM,SVM_C=0.1,meta_fruity,0.35,372,360,201,75,0.737,0.475,0.729,0.823,0.782,0.649,0.832,0.642
3,SVM,SVM_C=0.1,meta_sweet,0.3,317,304,323,64,0.658,0.319,0.621,0.74,0.627,0.495,0.832,0.485
3,SVM,SVM_C=0.1,meta_woody,0.35,138,661,136,73,0.742,0.442,0.569,0.814,0.567,0.504,0.654,0.829
3,SVM,SVM_C=0.1,meta_green,0.35,381,286,251,90,0.671,0.352,0.691,0.75,0.708,0.603,0.809,0.533
3,SVM,SVM_C=0.1,meta_spicy,0.2,151,510,283,64,0.673,0.286,0.465,0.758,0.457,0.348,0.702,0.643
3,SVM,SVM_C=0.1,meta_animal_musk,0.15,108,670,179,51,0.734,0.378,0.484,0.769,0.436,0.376,0.679,0.789
3,SVM,SVM_C=0.1,meta_earthy,0.35,90,722,98,98,0.68,0.359,0.479,0.763,0.507,0.479,0.479,0.88
3,SVM,SVM_C=0.1,meta_citrus,0.3,47,839,63,59,0.687,0.368,0.435,0.84,0.393,0.427,0.443,0.93
3,SVM,SVM_C=0.1,meta_chemical,0.35,363,310,263,72,0.688,0.383,0.684,0.743,0.671,0.58,0.834,0.541
3,SVM,SVM_C=0.1,meta_gourmand,0.2,212,508,243,45,0.751,0.439,0.596,0.825,0.603,0.466,0.825,0.676
3,SVM,SVM_C=0.1,meta_powdery_amber,0.2,145,578,228,57,0.717,0.361,0.504,0.791,0.461,0.389,0.718,0.717
3,SVM,SVM_C=1,meta_floral,0.35,188,655,99,66,0.804,0.586,0.695,0.884,0.697,0.655,0.74,0.869
3,SVM,SVM_C=1,meta_fruity,0.3,382,365,196,65,0.753,0.507,0.745,0.843,0.803,0.661,0.855,0.651
3,SVM,SVM_C=1,meta_sweet,0.3,313,341,286,68,0.683,0.361,0.639,0.762,0.654,0.523,0.822,0.544
3,SVM,SVM_C=1,meta_woody,0.45,117,710,87,94,0.723,0.451,0.564,0.823,0.572,0.574,0.555,0.891
3,SVM,SVM_C=1,meta_green,0.3,395,296,241,76,0.695,0.403,0.714,0.784,0.753,0.621,0.839,0.551
3,SVM,SVM_C=1,meta_spicy,0.3,128,659,134,87,0.713,0.398,0.537,0.791,0.522,0.489,0.595,0.831
3,SVM,SVM_C=1,meta_animal_musk,0.3,73,757,92,86,0.675,0.346,0.451,0.768,0.465,0.442,0.459,0.892
3,SVM,SVM_C=1,meta_earthy,0.4,97,736,84,91,0.707,0.42,0.526,0.789,0.523,0.536,0.516,0.898
3,SVM,SVM_C=1,meta_citrus,0.35,53,847,55,53,0.72,0.435,0.495,0.868,0.482,0.491,0.5,0.939
3,SVM,SVM_C=1,meta_chemical,0.4,343,363,210,92,0.711,0.42,0.694,0.768,0.714,0.62,0.789,0.634
3,SVM,SVM_C=1,meta_gourmand,0.4,161,645,106,96,0.743,0.479,0.615,0.841,0.624,0.603,0.626,0.859
3,SVM,SVM_C=1,meta_powdery_amber,0.35,117,682,124,85,0.713,0.399,0.528,0.831,0.509,0.485,0.579,0.846
3,SVM,SVM_C=10,meta_floral,0.25,205,586,168,49,0.792,0.525,0.654,0.871,0.695,0.55,0.807,0.777
3,SVM,SVM_C=10,meta_fruity,0.45,342,426,135,105,0.762,0.522,0.74,0.836,0.804,0.717,0.765,0.759
3,SVM,SVM_C=10,meta_sweet,0.35,285,375,252,96,0.673,0.336,0.621,0.741,0.643,0.531,0.748,0.598
3,SVM,SVM_C=10,meta_woody,0.25,144,618,179,67,0.729,0.399,0.539,0.796,0.506,0.446,0.682,0.775
3,SVM,SVM_C=10,meta_green,0.35,376,305,232,95,0.683,0.374,0.697,0.773,0.753,0.618,0.798,0.568
3,SVM,SVM_C=10,meta_spicy,0.3,122,664,129,93,0.702,0.383,0.524,0.781,0.527,0.486,0.567,0.837
3,SVM,SVM_C=10,meta_animal_musk,0.25,74,733,116,85,0.664,0.306,0.424,0.739,0.416,0.389,0.465,0.863
3,SVM,SVM_C=10,meta_earthy,0.25,120,655,165,68,0.719,0.378,0.507,0.778,0.512,0.421,0.638,0.799
3,SVM,SVM_C=10,meta_citrus,0.2,64,809,93,42,0.75,0.424,0.487,0.869,0.473,0.408,0.604,0.897
3,SVM,SVM_C=10,meta_chemical,0.45,300,402,171,135,0.696,0.388,0.662,0.756,0.697,0.637,0.69,0.702
3,SVM,SVM_C=10,meta_gourmand,0.4,152,657,94,105,0.733,0.473,0.604,0.82,0.617,0.618,0.591,0.875
3,SVM,SVM_C=10,meta_powdery_amber,0.25,140,632,174,62,0.739,0.412,0.543,0.81,0.504,0.446,0.693,0.784
3,KNN,KNN_n_neighbors=5_metric=euclidean,meta_floral,0.45,163,652,102,91,0.753,0.499,0.628,0.84,0.596,0.615,0.642,0.865
3,KNN,KNN_n_neighbors=5_metric=euclidean,meta_fruity,0.45,338,414,147,109,0.747,0.491,0.725,0.813,0.73,0.697,0.756,0.738
3,KNN,KNN_n_neighbors=5_metric=euclidean,meta_sweet,0.25,319,300,327,62,0.658,0.319,0.621,0.733,0.595,0.494,0.837,0.478
3,KNN,KNN_n_neighbors=5_metric=euclidean,meta_woody,0.25,146,631,166,65,0.742,0.426,0.558,0.803,0.528,0.468,0.692,0.792
3,KNN,KNN_n_neighbors=5_metric=euclidean,meta_green,0.25,402,274,263,69,0.682,0.383,0.708,0.752,0.694,0.605,0.854,0.51
3,KNN,KNN_n_neighbors=5_metric=euclidean,meta_spicy,0.45,88,726,67,127,0.662,0.369,0.476,0.761,0.471,0.568,0.409,0.916
3,KNN,KNN_n_neighbors=5_metric=euclidean,meta_animal_musk,0.25,81,745,104,78,0.693,0.364,0.471,0.744,0.418,0.438,0.509,0.878
3,KNN,KNN_n_neighbors=5_metric=euclidean,meta_earthy,0.45,83,763,57,105,0.686,0.419,0.506,0.757,0.467,0.593,0.441,0.93
3,KNN,KNN_n_neighbors=5_metric=euclidean,meta_citrus,0.25,71,795,107,35,0.776,0.443,0.5,0.841,0.461,0.399,0.67,0.881
3,KNN,KNN_n_neighbors=5_metric=euclidean,meta_chemical,0.25,360,298,275,75,0.674,0.357,0.673,0.75,0.65,0.567,0.828,0.52
3,KNN,KNN_n_neighbors=5_metric=euclidean,meta_gourmand,0.45,133,672,79,124,0.706,0.441,0.567,0.802,0.554,0.627,0.518,0.895
3,KNN,KNN_n_neighbors=5_metric=euclidean,meta_powdery_amber,0.25,136,600,206,66,0.709,0.353,0.5,0.77,0.444,0.398,0.673,0.744
3,KNN,KNN_n_neighbors=5_metric=cosine,meta_floral,0.25,206,588,166,48,0.795,0.532,0.658,0.848,0.625,0.554,0.811,0.78
3,KNN,KNN_n_neighbors=5_metric=cosine,meta_fruity,0.25,386,331,230,61,0.727,0.462,0.726,0.82,0.742,0.627,0.864,0.59
3,KNN,KNN_n_neighbors=5_metric=cosine,meta_sweet,0.25,307,320,307,74,0.658,0.314,0.617,0.733,0.592,0.5,0.806,0.51
3,KNN,KNN_n_neighbors=5_metric=cosine,meta_woody,0.25,146,637,160,65,0.746,0.435,0.565,0.802,0.517,0.477,0.692,0.799
3,KNN,KNN_n_neighbors=5_metric=cosine,meta_green,0.25,398,277,260,73,0.68,0.378,0.705,0.75,0.692,0.605,0.845,0.516
3,KNN,KNN_n_neighbors=5_metric=cosine,meta_spicy,0.25,133,623,170,82,0.702,0.361,0.514,0.753,0.464,0.439,0.619,0.786
3,KNN,KNN_n_neighbors=5_metric=cosine,meta_animal_musk,0.25,83,729,120,76,0.69,0.346,0.459,0.759,0.435,0.409,0.522,0.859
3,KNN,KNN_n_neighbors=5_metric=cosine,meta_earthy,0.25,115,675,145,73,0.717,0.387,0.513,0.769,0.488,0.442,0.612,0.823
3,KNN,KNN_n_neighbors=5_metric=cosine,meta_citrus,0.45,39,869,33,67,0.666,0.395,0.438,0.834,0.419,0.542,0.368,0.963
3,KNN,KNN_n_neighbors=5_metric=cosine,meta_chemical,0.25,365,307,266,70,0.687,0.384,0.685,0.755,0.646,0.578,0.839,0.536
3,KNN,KNN_n_neighbors=5_metric=cosine,meta_gourmand,0.25,179,586,165,78,0.738,0.438,0.596,0.809,0.573,0.52,0.696,0.78
3,KNN,KNN_n_neighbors=5_metric=cosine,meta_powdery_amber,0.25,140,589,217,62,0.712,0.355,0.501,0.772,0.438,0.392,0.693,0.731
3,KNN,KNN_n_neighbors=11_metric=euclidean,meta_floral,0.4,178,634,120,76,0.771,0.515,0.645,0.85,0.628,0.597,0.701,0.841
3,KNN,KNN_n_neighbors=11_metric=euclidean,meta_fruity,0.4,384,349,212,63,0.741,0.486,0.736,0.821,0.762,0.644,0.859,0.622
3,KNN,KNN_n_neighbors=11_metric=euclidean,meta_sweet,0.4,284,386,241,97,0.681,0.35,0.627,0.741,0.634,0.541,0.745,0.616
3,KNN,KNN_n_neighbors=11_metric=euclidean,meta_woody,0.2,162,600,197,49,0.76,0.442,0.568,0.83,0.587,0.451,0.768,0.753
3,KNN,KNN_n_neighbors=11_metric=euclidean,meta_green,0.3,415,229,308,56,0.654,0.341,0.695,0.765,0.723,0.574,0.881,0.426
3,KNN,KNN_n_neighbors=11_metric=euclidean,meta_spicy,0.3,134,636,157,81,0.713,0.384,0.53,0.774,0.488,0.46,0.623,0.802
3,KNN,KNN_n_neighbors=11_metric=euclidean,meta_animal_musk,0.2,88,715,134,71,0.698,0.348,0.462,0.758,0.451,0.396,0.553,0.842
3,KNN,KNN_n_neighbors=11_metric=euclidean,meta_earthy,0.5,72,780,40,116,0.667,0.414,0.48,0.765,0.519,0.643,0.383,0.951
3,KNN,KNN_n_neighbors=11_metric=euclidean,meta_citrus,0.3,58,841,61,48,0.74,0.456,0.516,0.856,0.465,0.487,0.547,0.932
3,KNN,KNN_n_neighbors=11_metric=euclidean,meta_chemical,0.4,327,356,217,108,0.687,0.371,0.668,0.762,0.673,0.601,0.752,0.621
3,KNN,KNN_n_neighbors=11_metric=euclidean,meta_gourmand,0.3,184,587,164,73,0.749,0.456,0.608,0.826,0.61,0.529,0.716,0.782
3,KNN,KNN_n_neighbors=11_metric=euclidean,meta_powdery_amber,0.3,133,624,182,69,0.716,0.374,0.515,0.793,0.475,0.422,0.658,0.774
3,KNN,KNN_n_neighbors=11_metric=cosine,meta_floral,0.3,192,593,161,62,0.771,0.494,0.633,0.857,0.648,0.544,0.756,0.786
3,KNN,KNN_n_neighbors=11_metric=cosine,meta_fruity,0.4,357,372,189,90,0.731,0.46,0.719,0.817,0.762,0.654,0.799,0.663
3,KNN,KNN_n_neighbors=11_metric=cosine,meta_sweet,0.4,267,407,220,114,0.675,0.34,0.615,0.736,0.62,0.548,0.701,0.649
3,KNN,KNN_n_neighbors=11_metric=cosine,meta_woody,0.2,154,599,198,57,0.741,0.411,0.547,0.816,0.57,0.438,0.73,0.752
3,KNN,KNN_n_neighbors=11_metric=cosine,meta_green,0.3,400,271,266,71,0.677,0.373,0.704,0.768,0.731,0.601,0.849,0.505
3,KNN,KNN_n_neighbors=11_metric=cosine,meta_spicy,0.4,101,712,81,114,0.684,0.392,0.509,0.775,0.497,0.555,0.47,0.898
3,KNN,KNN_n_neighbors=11_metric=cosine,meta_animal_musk,0.2,94,690,159,65,0.702,0.34,0.456,0.771,0.465,0.372,0.591,0.813
3,KNN,KNN_n_neighbors=11_metric=cosine,meta_earthy,0.5,73,782,38,115,0.671,0.425,0.488,0.781,0.544,0.658,0.388,0.954
3,KNN,KNN_n_neighbors=11_metric=cosine,meta_citrus,0.3,57,841,61,49,0.735,0.449,0.509,0.857,0.446,0.483,0.538,0.932
3,KNN,KNN_n_neighbors=11_metric=cosine,meta_chemical,0.3,362,314,259,73,0.69,0.387,0.686,0.765,0.677,0.583,0.832,0.548
3,KNN,KNN_n_neighbors=11_metric=cosine,meta_gourmand,0.3,182,585,166,75,0.744,0.447,0.602,0.828,0.609,0.523,0.708,0.779
3,KNN,KNN_n_neighbors=11_metric=cosine,meta_powdery_amber,0.4,112,681,125,90,0.7,0.377,0.51,0.804,0.477,0.473,0.554,0.845
3,KNN,KNN_n_neighbors=21_metric=euclidean,meta_floral,0.35,182,630,124,72,0.776,0.521,0.65,0.856,0.646,0.595,0.717,0.836
3,KNN,KNN_n_neighbors=21_metric=euclidean,meta_fruity,0.5,346,379,182,101,0.725,0.447,0.71,0.812,0.767,0.655,0.774,0.676
3,KNN,KNN_n_neighbors=21_metric=euclidean,meta_sweet,0.3,337,229,398,44,0.625,0.273,0.604,0.73,0.618,0.459,0.885,0.365
3,KNN,KNN_n_neighbors=21_metric=euclidean,meta_woody,0.15,180,539,258,31,0.765,0.434,0.555,0.832,0.589,0.411,0.853,0.676
3,KNN,KNN_n_neighbors=21_metric=euclidean,meta_green,0.45,367,324,213,104,0.691,0.386,0.698,0.762,0.722,0.633,0.779,0.603
3,KNN,KNN_n_neighbors=21_metric=euclidean,meta_spicy,0.25,150,596,197,65,0.725,0.387,0.534,0.775,0.476,0.432,0.698,0.752
3,KNN,KNN_n_neighbors=21_metric=euclidean,meta_animal_musk,0.25,74,758,91,85,0.679,0.353,0.457,0.764,0.46,0.448,0.465,0.893
3,KNN,KNN_n_neighbors=21_metric=euclidean,meta_earthy,0.3,107,692,128,81,0.707,0.381,0.506,0.779,0.532,0.455,0.569,0.844
3,KNN,KNN_n_neighbors=21_metric=euclidean,meta_citrus,0.3,54,840,62,52,0.72,0.424,0.486,0.857,0.448,0.466,0.509,0.931
3,KNN,KNN_n_neighbors=21_metric=euclidean,meta_chemical,0.35,354,316,257,81,0.683,0.37,0.677,0.764,0.691,0.579,0.814,0.551
3,KNN,KNN_n_neighbors=21_metric=euclidean,meta_gourmand,0.3,199,568,183,58,0.765,0.477,0.623,0.83,0.638,0.521,0.774,0.756
3,KNN,KNN_n_neighbors=21_metric=euclidean,meta_powdery_amber,0.3,131,629,177,71,0.714,0.373,0.514,0.809,0.485,0.425,0.649,0.78
3,KNN,KNN_n_neighbors=21_metric=cosine,meta_floral,0.3,191,601,153,63,0.775,0.503,0.639,0.861,0.655,0.555,0.752,0.797
3,KNN,KNN_n_neighbors=21_metric=cosine,meta_fruity,0.4,364,352,209,83,0.721,0.443,0.714,0.81,0.764,0.635,0.814,0.627
3,KNN,KNN_n_neighbors=21_metric=cosine,meta_sweet,0.4,268,376,251,113,0.652,0.294,0.596,0.726,0.621,0.516,0.703,0.6
3,KNN,KNN_n_neighbors=21_metric=cosine,meta_woody,0.2,161,581,216,50,0.746,0.414,0.548,0.82,0.587,0.427,0.763,0.729
3,KNN,KNN_n_neighbors=21_metric=cosine,meta_green,0.35,395,282,255,76,0.682,0.379,0.705,0.763,0.722,0.608,0.839,0.525
3,KNN,KNN_n_neighbors=21_metric=cosine,meta_spicy,0.3,121,655,138,94,0.694,0.364,0.511,0.776,0.485,0.467,0.563,0.826
3,KNN,KNN_n_neighbors=21_metric=cosine,meta_animal_musk,0.2,93,710,139,66,0.711,0.365,0.476,0.779,0.479,0.401,0.585,0.836
3,KNN,KNN_n_neighbors=21_metric=cosine,meta_earthy,0.4,77,766,54,111,0.672,0.398,0.483,0.789,0.543,0.588,0.41,0.934
3,KNN,KNN_n_neighbors=21_metric=cosine,meta_citrus,0.25,62,820,82,44,0.747,0.433,0.496,0.857,0.441,0.431,0.585,0.909
3,KNN,KNN_n_neighbors=21_metric=cosine,meta_chemical,0.35,355,309,264,80,0.678,0.362,0.674,0.77,0.699,0.574,0.816,0.539
3,KNN,KNN_n_neighbors=21_metric=cosine,meta_gourmand,0.3,194,577,174,63,0.762,0.474,0.621,0.831,0.634,0.527,0.755,0.768
3,KNN,KNN_n_neighbors=21_metric=cosine,meta_powdery_amber,0.3,133,628,178,69,0.719,0.379,0.519,0.802,0.461,0.428,0.658,0.779
4,LR,LR_C=0.01,meta_floral,0.6,168,626,125,85,0.749,0.475,0.615,0.83,0.609,0.573,0.664,0.834
4,LR,LR_C=0.01,meta_fruity,0.5,360,407,153,84,0.769,0.534,0.752,0.838,0.804,0.702,0.811,0.727
4,LR,LR_C=0.01,meta_sweet,0.4,315,294,323,72,0.645,0.294,0.615,0.721,0.634,0.494,0.814,0.476
4,LR,LR_C=0.01,meta_woody,0.55,138,646,153,67,0.741,0.428,0.556,0.832,0.595,0.474,0.673,0.809
4,LR,LR_C=0.01,meta_green,0.4,368,294,273,69,0.68,0.372,0.683,0.771,0.692,0.574,0.842,0.519
4,LR,LR_C=0.01,meta_spicy,0.55,136,600,183,85,0.691,0.34,0.504,0.772,0.489,0.426,0.615,0.766
4,LR,LR_C=0.01,meta_animal_musk,0.55,95,697,154,58,0.72,0.366,0.473,0.774,0.461,0.382,0.621,0.819
4,LR,LR_C=0.01,meta_earthy,0.55,118,685,125,76,0.727,0.418,0.54,0.791,0.563,0.486,0.608,0.846
4,LR,LR_C=0.01,meta_citrus,0.65,58,805,101,40,0.74,0.39,0.451,0.847,0.371,0.365,0.592,0.889
4,LR,LR_C=0.01,meta_chemical,0.45,333,365,216,90,0.708,0.412,0.685,0.772,0.706,0.607,0.787,0.628
4,LR,LR_C=0.01,meta_gourmand,0.5,184,583,189,48,0.774,0.478,0.608,0.839,0.632,0.493,0.793,0.755
4,LR,LR_C=0.01,meta_powdery_amber,0.6,121,660,146,77,0.715,0.387,0.52,0.8,0.454,0.453,0.611,0.819
4,LR,LR_C=0.1,meta_floral,0.65,155,637,114,98,0.73,0.452,0.594,0.833,0.616,0.576,0.613,0.848
4,LR,LR_C=0.1,meta_fruity,0.55,338,440,120,106,0.773,0.545,0.749,0.841,0.812,0.738,0.761,0.786
4,LR,LR_C=0.1,meta_sweet,0.35,322,265,352,65,0.631,0.271,0.607,0.717,0.632,0.478,0.832,0.429
4,LR,LR_C=0.1,meta_woody,0.5,147,629,170,58,0.752,0.437,0.563,0.827,0.59,0.464,0.717,0.787
4,LR,LR_C=0.1,meta_green,0.3,391,232,335,46,0.652,0.337,0.672,0.767,0.684,0.539,0.895,0.409
4,LR,LR_C=0.1,meta_spicy,0.5,147,564,219,74,0.693,0.332,0.501,0.77,0.49,0.402,0.665,0.72
4,LR,LR_C=0.1,meta_animal_musk,0.6,89,724,127,64,0.716,0.378,0.482,0.77,0.469,0.412,0.582,0.851
4,LR,LR_C=0.1,meta_earthy,0.6,107,715,95,87,0.717,0.428,0.54,0.787,0.555,0.53,0.552,0.883
4,LR,LR_C=0.1,meta_citrus,0.65,55,802,104,43,0.723,0.363,0.428,0.851,0.39,0.346,0.561,0.885
4,LR,LR_C=0.1,meta_chemical,0.45,331,369,212,92,0.709,0.414,0.685,0.771,0.706,0.61,0.783,0.635
4,LR,LR_C=0.1,meta_gourmand,0.6,159,638,134,73,0.756,0.475,0.606,0.835,0.643,0.543,0.685,0.826
4,LR,LR_C=0.1,meta_powdery_amber,0.6,120,656,150,78,0.71,0.377,0.513,0.801,0.451,0.444,0.606,0.814
4,LR,LR_C=1,meta_floral,0.65,155,636,115,98,0.73,0.45,0.593,0.833,0.616,0.574,0.613,0.847
4,LR,LR_C=1,meta_fruity,0.55,339,440,120,105,0.775,0.548,0.751,0.842,0.813,0.739,0.764,0.786
4,LR,LR_C=1,meta_sweet,0.35,322,266,351,65,0.632,0.272,0.608,0.717,0.631,0.478,0.832,0.431
4,LR,LR_C=1,meta_woody,0.5,146,629,170,59,0.75,0.433,0.56,0.826,0.587,0.462,0.712,0.787
4,LR,LR_C=1,meta_green,0.3,389,234,333,48,0.651,0.334,0.671,0.766,0.682,0.539,0.89,0.413
4,LR,LR_C=1,meta_spicy,0.5,147,566,217,74,0.694,0.334,0.503,0.77,0.49,0.404,0.665,0.723
4,LR,LR_C=1,meta_animal_musk,0.6,87,723,128,66,0.709,0.366,0.473,0.769,0.471,0.405,0.569,0.85
4,LR,LR_C=1,meta_earthy,0.6,107,715,95,87,0.717,0.428,0.54,0.786,0.554,0.53,0.552,0.883
4,LR,LR_C=1,meta_citrus,0.65,55,797,109,43,0.72,0.354,0.42,0.851,0.39,0.335,0.561,0.88
4,LR,LR_C=1,meta_chemical,0.45,330,368,213,93,0.707,0.41,0.683,0.771,0.706,0.608,0.78,0.633
4,LR,LR_C=1,meta_gourmand,0.45,190,553,219,42,0.768,0.459,0.593,0.834,0.642,0.465,0.819,0.716
4,LR,LR_C=1,meta_powdery_amber,0.65,106,682,124,92,0.691,0.361,0.495,0.801,0.45,0.461,0.535,0.846
4,LR,LR_C=10,meta_floral,0.65,155,636,115,98,0.73,0.45,0.593,0.833,0.616,0.574,0.613,0.847
4,LR,LR_C=10,meta_fruity,0.55,339,440,120,105,0.775,0.548,0.751,0.842,0.813,0.739,0.764,0.786
4,LR,LR_C=10,meta_sweet,0.35,322,266,351,65,0.632,0.272,0.608,0.716,0.631,0.478,0.832,0.431
4,LR,LR_C=10,meta_woody,0.5,146,629,170,59,0.75,0.433,0.56,0.826,0.587,0.462,0.712,0.787
4,LR,LR_C=10,meta_green,0.3,388,234,333,49,0.65,0.331,0.67,0.766,0.683,0.538,0.888,0.413
4,LR,LR_C=10,meta_spicy,0.5,147,565,218,74,0.693,0.333,0.502,0.77,0.49,0.403,0.665,0.722
4,LR,LR_C=10,meta_animal_musk,0.6,87,723,128,66,0.709,0.366,0.473,0.769,0.471,0.405,0.569,0.85
4,LR,LR_C=10,meta_earthy,0.6,107,715,95,87,0.717,0.428,0.54,0.786,0.553,0.53,0.552,0.883
4,LR,LR_C=10,meta_citrus,0.65,55,797,109,43,0.72,0.354,0.42,0.851,0.39,0.335,0.561,0.88
4,LR,LR_C=10,meta_chemical,0.45,330,367,214,93,0.706,0.408,0.683,0.771,0.706,0.607,0.78,0.632
4,LR,LR_C=10,meta_gourmand,0.45,190,553,219,42,0.768,0.459,0.593,0.834,0.642,0.465,0.819,0.716
4,LR,LR_C=10,meta_powdery_amber,0.65,106,681,125,92,0.69,0.359,0.494,0.801,0.45,0.459,0.535,0.845
4,LR,LR_C=100,meta_floral,0.65,155,636,115,98,0.73,0.45,0.593,0.833,0.616,0.574,0.613,0.847
4,LR,LR_C=100,meta_fruity,0.55,339,440,120,105,0.775,0.548,0.751,0.842,0.813,0.739,0.764,0.786
4,LR,LR_C=100,meta_sweet,0.35,322,266,351,65,0.632,0.272,0.608,0.717,0.631,0.478,0.832,0.431
4,LR,LR_C=100,meta_woody,0.5,146,629,170,59,0.75,0.433,0.56,0.826,0.587,0.462,0.712,0.787
4,LR,LR_C=100,meta_green,0.3,388,234,333,49,0.65,0.331,0.67,0.766,0.683,0.538,0.888,0.413
4,LR,LR_C=100,meta_spicy,0.6,121,638,145,100,0.681,0.34,0.497,0.77,0.49,0.455,0.548,0.815
4,LR,LR_C=100,meta_animal_musk,0.6,87,723,128,66,0.709,0.366,0.473,0.769,0.471,0.405,0.569,0.85
4,LR,LR_C=100,meta_earthy,0.6,107,715,95,87,0.717,0.428,0.54,0.786,0.553,0.53,0.552,0.883
4,LR,LR_C=100,meta_citrus,0.65,55,797,109,43,0.72,0.354,0.42,0.851,0.39,0.335,0.561,0.88
4,LR,LR_C=100,meta_chemical,0.45,330,367,214,93,0.706,0.408,0.683,0.771,0.706,0.607,0.78,0.632
4,LR,LR_C=100,meta_gourmand,0.45,190,553,219,42,0.768,0.459,0.593,0.834,0.642,0.465,0.819,0.716
4,LR,LR_C=100,meta_powdery_amber,0.65,106,681,125,92,0.69,0.359,0.494,0.801,0.45,0.459,0.535,0.845
4,RF,RF_n_estimators=100_max_features=sqrt,meta_floral,0.35,204,549,202,49,0.769,0.475,0.619,0.845,0.664,0.502,0.806,0.731
4,RF,RF_n_estimators=100_max_features=sqrt,meta_fruity,0.4,382,381,179,62,0.77,0.541,0.76,0.862,0.826,0.681,0.86,0.68
4,RF,RF_n_estimators=100_max_features=sqrt,meta_sweet,0.3,331,238,379,56,0.621,0.258,0.603,0.734,0.64,0.466,0.855,0.386
4,RF,RF_n_estimators=100_max_features=sqrt,meta_woody,0.45,137,674,125,68,0.756,0.47,0.587,0.841,0.624,0.523,0.668,0.844
4,RF,RF_n_estimators=100_max_features=sqrt,meta_green,0.45,337,374,193,100,0.715,0.428,0.697,0.787,0.722,0.636,0.771,0.66
4,RF,RF_n_estimators=100_max_features=sqrt,meta_spicy,0.5,101,678,105,120,0.661,0.331,0.473,0.768,0.525,0.49,0.457,0.866
4,RF,RF_n_estimators=100_max_features=sqrt,meta_animal_musk,0.45,77,760,91,76,0.698,0.382,0.48,0.792,0.521,0.458,0.503,0.893
4,RF,RF_n_estimators=100_max_features=sqrt,meta_earthy,0.4,121,683,127,73,0.733,0.427,0.548,0.811,0.589,0.488,0.624,0.843
4,RF,RF_n_estimators=100_max_features=sqrt,meta_citrus,0.4,52,832,74,46,0.724,0.402,0.464,0.851,0.469,0.413,0.531,0.918
4,RF,RF_n_estimators=100_max_features=sqrt,meta_chemical,0.4,349,362,219,74,0.724,0.446,0.704,0.792,0.736,0.614,0.825,0.623
4,RF,RF_n_estimators=100_max_features=sqrt,meta_gourmand,0.5,157,651,121,75,0.76,0.49,0.616,0.859,0.683,0.565,0.677,0.843
4,RF,RF_n_estimators=100_max_features=sqrt,meta_powdery_amber,0.4,130,643,163,68,0.727,0.398,0.53,0.803,0.501,0.444,0.657,0.798
4,RF,RF_n_estimators=100_max_features=log2,meta_floral,0.45,185,604,147,68,0.768,0.494,0.632,0.845,0.647,0.557,0.731,0.804
4,RF,RF_n_estimators=100_max_features=log2,meta_fruity,0.4,383,375,185,61,0.766,0.533,0.757,0.853,0.823,0.674,0.863,0.67
4,RF,RF_n_estimators=100_max_features=log2,meta_sweet,0.35,308,306,311,79,0.646,0.292,0.612,0.733,0.642,0.498,0.796,0.496
4,RF,RF_n_estimators=100_max_features=log2,meta_woody,0.4,148,633,166,57,0.757,0.447,0.57,0.842,0.614,0.471,0.722,0.792
4,RF,RF_n_estimators=100_max_features=log2,meta_green,0.45,342,373,194,95,0.72,0.438,0.703,0.797,0.736,0.638,0.783,0.658
4,RF,RF_n_estimators=100_max_features=log2,meta_spicy,0.5,103,677,106,118,0.665,0.337,0.479,0.776,0.536,0.493,0.466,0.865
4,RF,RF_n_estimators=100_max_features=log2,meta_animal_musk,0.55,59,813,38,94,0.67,0.415,0.472,0.79,0.514,0.608,0.386,0.955
4,RF,RF_n_estimators=100_max_features=log2,meta_earthy,0.35,136,640,170,58,0.746,0.421,0.544,0.808,0.589,0.444,0.701,0.79
4,RF,RF_n_estimators=100_max_features=log2,meta_citrus,0.55,35,882,24,63,0.665,0.417,0.446,0.86,0.495,0.593,0.357,0.974
4,RF,RF_n_estimators=100_max_features=log2,meta_chemical,0.4,343,362,219,80,0.717,0.432,0.696,0.796,0.743,0.61,0.811,0.623
4,RF,RF_n_estimators=100_max_features=log2,meta_gourmand,0.5,156,649,123,76,0.757,0.483,0.611,0.86,0.685,0.559,0.672,0.841
4,RF,RF_n_estimators=100_max_features=log2,meta_powdery_amber,0.45,112,684,122,86,0.707,0.39,0.519,0.814,0.511,0.479,0.566,0.849
4,RF,RF_n_estimators=300_max_features=sqrt,meta_floral,0.5,172,630,121,81,0.759,0.495,0.63,0.844,0.664,0.587,0.68,0.839
4,RF,RF_n_estimators=300_max_features=sqrt,meta_fruity,0.45,364,426,134,80,0.79,0.577,0.773,0.86,0.83,0.731,0.82,0.761
4,RF,RF_n_estimators=300_max_features=sqrt,meta_sweet,0.4,287,385,232,100,0.683,0.356,0.634,0.739,0.656,0.553,0.742,0.624
4,RF,RF_n_estimators=300_max_features=sqrt,meta_woody,0.4,148,641,158,57,0.762,0.459,0.579,0.845,0.626,0.484,0.722,0.802
4,RF,RF_n_estimators=300_max_features=sqrt,meta_green,0.45,340,387,180,97,0.73,0.457,0.711,0.79,0.727,0.654,0.778,0.683
4,RF,RF_n_estimators=300_max_features=sqrt,meta_spicy,0.5,102,683,100,119,0.667,0.345,0.482,0.777,0.533,0.505,0.462,0.872
4,RF,RF_n_estimators=300_max_features=sqrt,meta_animal_musk,0.4,85,733,118,68,0.708,0.373,0.478,0.793,0.531,0.419,0.556,0.861
4,RF,RF_n_estimators=300_max_features=sqrt,meta_earthy,0.35,134,638,172,60,0.739,0.41,0.536,0.813,0.595,0.438,0.691,0.788
4,RF,RF_n_estimators=300_max_features=sqrt,meta_citrus,0.4,51,831,75,47,0.719,0.392,0.455,0.858,0.501,0.405,0.52,0.917
4,RF,RF_n_estimators=300_max_features=sqrt,meta_chemical,0.4,344,356,225,79,0.713,0.424,0.694,0.796,0.742,0.605,0.813,0.613
4,RF,RF_n_estimators=300_max_features=sqrt,meta_gourmand,0.55,142,681,91,90,0.747,0.493,0.611,0.862,0.693,0.609,0.612,0.882
4,RF,RF_n_estimators=300_max_features=sqrt,meta_powdery_amber,0.45,114,681,125,84,0.71,0.393,0.522,0.811,0.517,0.477,0.576,0.845
4,RF,RF_n_estimators=300_max_features=log2,meta_floral,0.5,168,626,125,85,0.749,0.475,0.615,0.845,0.651,0.573,0.664,0.834
4,RF,RF_n_estimators=300_max_features=log2,meta_fruity,0.45,361,415,145,83,0.777,0.55,0.76,0.858,0.827,0.713,0.813,0.741
4,RF,RF_n_estimators=300_max_features=log2,meta_sweet,0.3,341,246,371,46,0.64,0.3,0.621,0.739,0.646,0.479,0.881,0.399
4,RF,RF_n_estimators=300_max_features=log2,meta_woody,0.4,150,630,169,55,0.76,0.45,0.573,0.845,0.629,0.47,0.732,0.788
4,RF,RF_n_estimators=300_max_features=log2,meta_green,0.4,366,335,232,71,0.714,0.433,0.707,0.794,0.729,0.612,0.838,0.591
4,RF,RF_n_estimators=300_max_features=log2,meta_spicy,0.5,103,684,99,118,0.67,0.351,0.487,0.778,0.537,0.51,0.466,0.874
4,RF,RF_n_estimators=300_max_features=log2,meta_animal_musk,0.35,96,707,144,57,0.729,0.386,0.489,0.792,0.527,0.4,0.627,0.831
4,RF,RF_n_estimators=300_max_features=log2,meta_earthy,0.5,96,746,64,98,0.708,0.449,0.542,0.813,0.592,0.6,0.495,0.921
4,RF,RF_n_estimators=300_max_features=log2,meta_citrus,0.4,55,839,67,43,0.744,0.443,0.5,0.862,0.5,0.451,0.561,0.926
4,RF,RF_n_estimators=300_max_features=log2,meta_chemical,0.4,342,362,219,81,0.716,0.429,0.695,0.797,0.743,0.61,0.809,0.623
4,RF,RF_n_estimators=300_max_features=log2,meta_gourmand,0.55,142,682,90,90,0.748,0.495,0.612,0.863,0.693,0.612,0.612,0.883
4,RF,RF_n_estimators=300_max_features=log2,meta_powdery_amber,0.45,113,687,119,85,0.712,0.399,0.526,0.812,0.514,0.487,0.571,0.852
4,XGB,XGB_n_estimators=100_max_depth=3,meta_floral,0.35,202,552,199,51,0.767,0.473,0.618,0.846,0.666,0.504,0.798,0.735
4,XGB,XGB_n_estimators=100_max_depth=3,meta_fruity,0.4,369,399,161,75,0.772,0.541,0.758,0.857,0.833,0.696,0.831,0.712
4,XGB,XGB_n_estimators=100_max_depth=3,meta_sweet,0.3,310,286,331,77,0.632,0.268,0.603,0.714,0.628,0.484,0.801,0.464
4,XGB,XGB_n_estimators=100_max_depth=3,meta_woody,0.45,134,642,157,71,0.729,0.406,0.54,0.816,0.585,0.46,0.654,0.804
4,XGB,XGB_n_estimators=100_max_depth=3,meta_green,0.2,399,230,337,38,0.659,0.357,0.68,0.783,0.721,0.542,0.913,0.406
4,XGB,XGB_n_estimators=100_max_depth=3,meta_spicy,0.55,121,656,127,100,0.693,0.37,0.516,0.775,0.519,0.488,0.548,0.838
4,XGB,XGB_n_estimators=100_max_depth=3,meta_animal_musk,0.45,85,736,115,68,0.71,0.378,0.482,0.768,0.469,0.425,0.556,0.865
4,XGB,XGB_n_estimators=100_max_depth=3,meta_earthy,0.35,132,610,200,62,0.717,0.364,0.502,0.782,0.558,0.398,0.68,0.753
4,XGB,XGB_n_estimators=100_max_depth=3,meta_citrus,0.65,36,862,44,62,0.659,0.349,0.404,0.835,0.43,0.45,0.367,0.951
4,XGB,XGB_n_estimators=100_max_depth=3,meta_chemical,0.4,328,381,200,95,0.716,0.426,0.69,0.783,0.726,0.621,0.775,0.656
4,XGB,XGB_n_estimators=100_max_depth=3,meta_gourmand,0.6,142,666,106,90,0.737,0.464,0.592,0.837,0.654,0.573,0.612,0.863
4,XGB,XGB_n_estimators=100_max_depth=3,meta_powdery_amber,0.5,120,652,154,78,0.707,0.371,0.508,0.803,0.489,0.438,0.606,0.809
4,XGB,XGB_n_estimators=100_max_depth=6,meta_floral,0.25,187,592,159,66,0.764,0.482,0.624,0.84,0.671,0.54,0.739,0.788
4,XGB,XGB_n_estimators=100_max_depth=6,meta_fruity,0.35,365,414,146,79,0.781,0.558,0.764,0.862,0.842,0.714,0.822,0.739
4,XGB,XGB_n_estimators=100_max_depth=6,meta_sweet,0.05,349,171,446,38,0.589,0.215,0.591,0.715,0.625,0.439,0.902,0.277
4,XGB,XGB_n_estimators=100_max_depth=6,meta_woody,0.15,140,629,170,65,0.735,0.41,0.544,0.833,0.605,0.452,0.683,0.787
4,XGB,XGB_n_estimators=100_max_depth=6,meta_green,0.15,373,280,287,64,0.674,0.363,0.68,0.772,0.711,0.565,0.854,0.494
4,XGB,XGB_n_estimators=100_max_depth=6,meta_spicy,0.25,126,625,158,95,0.684,0.339,0.499,0.778,0.532,0.444,0.57,0.798
4,XGB,XGB_n_estimators=100_max_depth=6,meta_animal_musk,0.65,45,819,32,108,0.628,0.346,0.391,0.776,0.491,0.584,0.294,0.962
4,XGB,XGB_n_estimators=100_max_depth=6,meta_earthy,0.4,98,726,84,96,0.701,0.411,0.521,0.786,0.575,0.538,0.505,0.896
4,XGB,XGB_n_estimators=100_max_depth=6,meta_citrus,0.1,54,814,92,44,0.725,0.378,0.443,0.845,0.443,0.37,0.551,0.898
4,XGB,XGB_n_estimators=100_max_depth=6,meta_chemical,0.35,313,380,201,110,0.697,0.389,0.668,0.772,0.716,0.609,0.74,0.654
4,XGB,XGB_n_estimators=100_max_depth=6,meta_gourmand,0.2,177,598,174,55,0.769,0.475,0.607,0.856,0.677,0.504,0.763,0.775
4,XGB,XGB_n_estimators=100_max_depth=6,meta_powdery_amber,0.35,108,691,115,90,0.701,0.386,0.513,0.802,0.513,0.484,0.545,0.857
4,XGB,XGB_n_estimators=300_max_depth=3,meta_floral,0.2,204,572,179,49,0.784,0.508,0.642,0.851,0.683,0.533,0.806,0.762
4,XGB,XGB_n_estimators=300_max_depth=3,meta_fruity,0.45,351,434,126,93,0.783,0.562,0.762,0.854,0.831,0.736,0.791,0.775
4,XGB,XGB_n_estimators=300_max_depth=3,meta_sweet,0.25,286,328,289,101,0.635,0.266,0.595,0.703,0.611,0.497,0.739,0.532
4,XGB,XGB_n_estimators=300_max_depth=3,meta_woody,0.4,123,685,114,82,0.729,0.434,0.557,0.819,0.583,0.519,0.6,0.857
4,XGB,XGB_n_estimators=300_max_depth=3,meta_green,0.3,358,329,238,79,0.7,0.403,0.693,0.781,0.723,0.601,0.819,0.58
4,XGB,XGB_n_estimators=300_max_depth=3,meta_spicy,0.35,131,632,151,90,0.7,0.369,0.521,0.774,0.523,0.465,0.593,0.807
4,XGB,XGB_n_estimators=300_max_depth=3,meta_animal_musk,0.65,49,809,42,104,0.635,0.339,0.402,0.755,0.457,0.538,0.32,0.951
4,XGB,XGB_n_estimators=300_max_depth=3,meta_earthy,0.1,146,527,283,48,0.702,0.322,0.469,0.782,0.572,0.34,0.753,0.651
4,XGB,XGB_n_estimators=300_max_depth=3,meta_citrus,0.1,59,777,129,39,0.73,0.35,0.413,0.833,0.451,0.314,0.602,0.858
4,XGB,XGB_n_estimators=300_max_depth=3,meta_chemical,0.2,352,284,297,71,0.66,0.331,0.657,0.765,0.709,0.542,0.832,0.489
4,XGB,XGB_n_estimators=300_max_depth=3,meta_gourmand,0.35,164,624,148,68,0.758,0.469,0.603,0.838,0.668,0.526,0.707,0.808
4,XGB,XGB_n_estimators=300_max_depth=3,meta_powdery_amber,0.5,95,698,108,103,0.673,0.343,0.474,0.807,0.508,0.468,0.48,0.866
4,XGB,XGB_n_estimators=300_max_depth=6,meta_floral,0.15,186,599,152,67,0.766,0.489,0.629,0.842,0.661,0.55,0.735,0.798
4,XGB,XGB_n_estimators=300_max_depth=6,meta_fruity,0.25,368,411,149,76,0.781,0.559,0.766,0.859,0.835,0.712,0.829,0.734
4,XGB,XGB_n_estimators=300_max_depth=6,meta_sweet,0.05,309,287,330,78,0.632,0.267,0.602,0.712,0.626,0.484,0.798,0.465
4,XGB,XGB_n_estimators=300_max_depth=6,meta_woody,0.15,129,665,134,76,0.731,0.423,0.551,0.828,0.607,0.49,0.629,0.832
4,XGB,XGB_n_estimators=300_max_depth=6,meta_green,0.15,353,333,234,84,0.698,0.397,0.689,0.779,0.726,0.601,0.808,0.587
4,XGB,XGB_n_estimators=300_max_depth=6,meta_spicy,0.2,118,654,129,103,0.685,0.355,0.504,0.778,0.552,0.478,0.534,0.835
4,XGB,XGB_n_estimators=300_max_depth=6,meta_animal_musk,0.65,47,820,31,106,0.635,0.364,0.407,0.764,0.486,0.603,0.307,0.964
4,XGB,XGB_n_estimators=300_max_depth=6,meta_earthy,0.35,95,742,68,99,0.703,0.434,0.532,0.789,0.58,0.583,0.49,0.916
4,XGB,XGB_n_estimators=300_max_depth=6,meta_citrus,0.05,56,814,92,42,0.735,0.393,0.455,0.838,0.44,0.378,0.571,0.898
4,XGB,XGB_n_estimators=300_max_depth=6,meta_chemical,0.25,317,375,206,106,0.697,0.39,0.67,0.773,0.716,0.606,0.749,0.645
4,XGB,XGB_n_estimators=300_max_depth=6,meta_gourmand,0.05,186,559,213,46,0.763,0.453,0.59,0.856,0.68,0.466,0.802,0.724
4,XGB,XGB_n_estimators=300_max_depth=6,meta_powdery_amber,0.25,111,698,108,87,0.713,0.411,0.532,0.796,0.524,0.507,0.561,0.866
4,SVM,SVM_C=0.1,meta_floral,0.35,169,609,142,84,0.739,0.45,0.599,0.817,0.602,0.543,0.668,0.811
4,SVM,SVM_C=0.1,meta_fruity,0.4,356,370,190,88,0.731,0.461,0.719,0.814,0.791,0.652,0.802,0.661
4,SVM,SVM_C=0.1,meta_sweet,0.2,346,190,427,41,0.601,0.234,0.597,0.707,0.601,0.448,0.894,0.308
4,SVM,SVM_C=0.1,meta_woody,0.3,151,615,184,54,0.753,0.433,0.559,0.809,0.531,0.451,0.737,0.77
4,SVM,SVM_C=0.1,meta_green,0.35,358,308,259,79,0.681,0.369,0.679,0.756,0.667,0.58,0.819,0.543
4,SVM,SVM_C=0.1,meta_spicy,0.15,177,441,342,44,0.682,0.302,0.478,0.757,0.454,0.341,0.801,0.563
4,SVM,SVM_C=0.1,meta_animal_musk,0.25,74,750,101,79,0.682,0.346,0.451,0.745,0.398,0.423,0.484,0.881
4,SVM,SVM_C=0.1,meta_earthy,0.35,94,733,77,100,0.695,0.409,0.515,0.782,0.526,0.55,0.485,0.905
4,SVM,SVM_C=0.1,meta_citrus,0.25,54,818,88,44,0.727,0.387,0.45,0.83,0.402,0.38,0.551,0.903
4,SVM,SVM_C=0.1,meta_chemical,0.3,361,315,266,62,0.698,0.403,0.688,0.765,0.691,0.576,0.853,0.542
4,SVM,SVM_C=0.1,meta_gourmand,0.4,149,654,118,83,0.745,0.467,0.597,0.821,0.605,0.558,0.642,0.847
4,SVM,SVM_C=0.1,meta_powdery_amber,0.2,133,565,241,65,0.686,0.307,0.465,0.767,0.43,0.356,0.672,0.701
4,SVM,SVM_C=1,meta_floral,0.35,193,609,142,60,0.787,0.528,0.656,0.849,0.652,0.576,0.763,0.811
4,SVM,SVM_C=1,meta_fruity,0.4,367,392,168,77,0.763,0.524,0.75,0.845,0.82,0.686,0.827,0.7
4,SVM,SVM_C=1,meta_sweet,0.2,335,238,379,52,0.626,0.27,0.609,0.732,0.644,0.469,0.866,0.386
4,SVM,SVM_C=1,meta_woody,0.3,143,649,150,62,0.755,0.452,0.574,0.827,0.575,0.488,0.698,0.812
4,SVM,SVM_C=1,meta_green,0.35,351,326,241,86,0.689,0.381,0.682,0.783,0.709,0.593,0.803,0.575
4,SVM,SVM_C=1,meta_spicy,0.25,145,583,200,76,0.7,0.35,0.512,0.778,0.517,0.42,0.656,0.745
4,SVM,SVM_C=1,meta_animal_musk,0.25,84,727,124,69,0.702,0.358,0.465,0.766,0.429,0.404,0.549,0.854
4,SVM,SVM_C=1,meta_earthy,0.3,114,695,115,80,0.723,0.419,0.539,0.793,0.541,0.498,0.588,0.858
4,SVM,SVM_C=1,meta_citrus,0.3,54,854,52,44,0.747,0.477,0.529,0.865,0.477,0.509,0.551,0.943
4,SVM,SVM_C=1,meta_chemical,0.35,336,382,199,87,0.726,0.447,0.701,0.789,0.717,0.628,0.794,0.657
4,SVM,SVM_C=1,meta_gourmand,0.4,158,646,126,74,0.759,0.485,0.612,0.836,0.621,0.556,0.681,0.837
4,SVM,SVM_C=1,meta_powdery_amber,0.25,137,625,181,61,0.734,0.4,0.531,0.787,0.43,0.431,0.692,0.775
4,SVM,SVM_C=10,meta_floral,0.35,165,618,133,88,0.738,0.451,0.599,0.84,0.651,0.554,0.652,0.823
4,SVM,SVM_C=10,meta_fruity,0.3,395,331,229,49,0.74,0.492,0.74,0.849,0.828,0.633,0.89,0.591
4,SVM,SVM_C=10,meta_sweet,0.3,295,329,288,92,0.648,0.291,0.608,0.727,0.647,0.506,0.762,0.533
4,SVM,SVM_C=10,meta_woody,0.25,130,655,144,75,0.727,0.411,0.543,0.811,0.528,0.474,0.634,0.82
4,SVM,SVM_C=10,meta_green,0.45,311,393,174,126,0.702,0.402,0.675,0.769,0.702,0.641,0.712,0.693
4,SVM,SVM_C=10,meta_spicy,0.3,120,632,151,101,0.675,0.327,0.488,0.752,0.479,0.443,0.543,0.807
4,SVM,SVM_C=10,meta_animal_musk,0.3,65,776,75,88,0.668,0.349,0.444,0.748,0.424,0.464,0.425,0.912
4,SVM,SVM_C=10,meta_earthy,0.35,96,726,84,98,0.696,0.403,0.513,0.791,0.54,0.533,0.495,0.896
4,SVM,SVM_C=10,meta_citrus,0.25,48,850,56,50,0.714,0.417,0.475,0.836,0.458,0.462,0.49,0.938
4,SVM,SVM_C=10,meta_chemical,0.4,323,391,190,100,0.718,0.431,0.69,0.772,0.691,0.63,0.764,0.673
4,SVM,SVM_C=10,meta_gourmand,0.4,152,664,108,80,0.758,0.496,0.618,0.835,0.634,0.585,0.655,0.86
4,SVM,SVM_C=10,meta_powdery_amber,0.35,106,689,117,92,0.695,0.374,0.504,0.781,0.468,0.475,0.535,0.855
4,KNN,KNN_n_neighbors=5_metric=euclidean,meta_floral,0.25,193,551,200,60,0.748,0.442,0.598,0.812,0.558,0.491,0.763,0.734
4,KNN,KNN_n_neighbors=5_metric=euclidean,meta_fruity,0.45,342,402,158,102,0.744,0.485,0.725,0.812,0.735,0.684,0.77,0.718
4,KNN,KNN_n_neighbors=5_metric=euclidean,meta_sweet,0.25,315,300,317,72,0.65,0.303,0.618,0.716,0.579,0.498,0.814,0.486
4,KNN,KNN_n_neighbors=5_metric=euclidean,meta_woody,0.45,102,728,71,103,0.704,0.436,0.54,0.802,0.518,0.59,0.498,0.911
4,KNN,KNN_n_neighbors=5_metric=euclidean,meta_green,0.25,369,281,286,68,0.67,0.354,0.676,0.746,0.644,0.563,0.844,0.496
4,KNN,KNN_n_neighbors=5_metric=euclidean,meta_spicy,0.25,134,592,191,87,0.681,0.321,0.491,0.733,0.451,0.412,0.606,0.756
4,KNN,KNN_n_neighbors=5_metric=euclidean,meta_animal_musk,0.25,79,752,99,74,0.7,0.376,0.477,0.761,0.411,0.444,0.516,0.884
4,KNN,KNN_n_neighbors=5_metric=euclidean,meta_earthy,0.25,118,674,136,76,0.72,0.4,0.527,0.765,0.472,0.465,0.608,0.832
4,KNN,KNN_n_neighbors=5_metric=euclidean,meta_citrus,0.25,57,821,85,41,0.744,0.415,0.475,0.83,0.413,0.401,0.582,0.906
4,KNN,KNN_n_neighbors=5_metric=euclidean,meta_chemical,0.25,355,321,260,68,0.696,0.397,0.684,0.765,0.657,0.577,0.839,0.552
4,KNN,KNN_n_neighbors=5_metric=euclidean,meta_gourmand,0.45,138,672,100,94,0.733,0.461,0.587,0.817,0.583,0.58,0.595,0.87
4,KNN,KNN_n_neighbors=5_metric=euclidean,meta_powdery_amber,0.25,136,627,179,62,0.732,0.399,0.53,0.769,0.419,0.432,0.687,0.778
4,KNN,KNN_n_neighbors=5_metric=cosine,meta_floral,0.25,186,563,188,67,0.742,0.435,0.593,0.812,0.57,0.497,0.735,0.75
4,KNN,KNN_n_neighbors=5_metric=cosine,meta_fruity,0.45,337,416,144,107,0.751,0.499,0.729,0.814,0.742,0.701,0.759,0.743
4,KNN,KNN_n_neighbors=5_metric=cosine,meta_sweet,0.25,306,307,310,81,0.644,0.288,0.61,0.716,0.581,0.497,0.791,0.498
4,KNN,KNN_n_neighbors=5_metric=cosine,meta_woody,0.45,106,726,73,99,0.713,0.448,0.552,0.81,0.518,0.592,0.517,0.909
4,KNN,KNN_n_neighbors=5_metric=cosine,meta_green,0.25,353,307,260,84,0.675,0.355,0.672,0.737,0.64,0.576,0.808,0.541
4,KNN,KNN_n_neighbors=5_metric=cosine,meta_spicy,0.25,131,601,182,90,0.68,0.322,0.491,0.74,0.455,0.419,0.593,0.768
4,KNN,KNN_n_neighbors=5_metric=cosine,meta_animal_musk,0.25,78,748,103,75,0.694,0.363,0.467,0.769,0.425,0.431,0.51,0.879
4,KNN,KNN_n_neighbors=5_metric=cosine,meta_earthy,0.25,117,679,131,77,0.721,0.404,0.529,0.771,0.473,0.472,0.603,0.838
4,KNN,KNN_n_neighbors=5_metric=cosine,meta_citrus,0.25,54,823,83,44,0.73,0.397,0.46,0.828,0.396,0.394,0.551,0.908
4,KNN,KNN_n_neighbors=5_metric=cosine,meta_chemical,0.25,358,306,275,65,0.687,0.382,0.678,0.774,0.681,0.566,0.846,0.527
4,KNN,KNN_n_neighbors=5_metric=cosine,meta_gourmand,0.25,170,588,184,62,0.747,0.436,0.58,0.814,0.574,0.48,0.733,0.762
4,KNN,KNN_n_neighbors=5_metric=cosine,meta_powdery_amber,0.25,138,631,175,60,0.74,0.412,0.54,0.778,0.435,0.441,0.697,0.783
4,KNN,KNN_n_neighbors=11_metric=euclidean,meta_floral,0.3,196,567,184,57,0.765,0.474,0.619,0.826,0.595,0.516,0.775,0.755
4,KNN,KNN_n_neighbors=11_metric=euclidean,meta_fruity,0.5,343,408,152,101,0.751,0.498,0.731,0.823,0.767,0.693,0.773,0.729
4,KNN,KNN_n_neighbors=11_metric=euclidean,meta_sweet,0.3,325,261,356,62,0.631,0.274,0.609,0.716,0.599,0.477,0.84,0.423
4,KNN,KNN_n_neighbors=11_metric=euclidean,meta_woody,0.3,138,657,142,67,0.748,0.445,0.569,0.836,0.582,0.493,0.673,0.822
4,KNN,KNN_n_neighbors=11_metric=euclidean,meta_green,0.3,386,250,317,51,0.662,0.351,0.677,0.753,0.672,0.549,0.883,0.441
4,KNN,KNN_n_neighbors=11_metric=euclidean,meta_spicy,0.3,132,628,155,89,0.7,0.366,0.52,0.759,0.485,0.46,0.597,0.802
4,KNN,KNN_n_neighbors=11_metric=euclidean,meta_animal_musk,0.3,69,773,78,84,0.68,0.365,0.46,0.759,0.414,0.469,0.451,0.908
4,KNN,KNN_n_neighbors=11_metric=euclidean,meta_earthy,0.2,132,633,177,62,0.731,0.395,0.525,0.786,0.515,0.427,0.68,0.781
4,KNN,KNN_n_neighbors=11_metric=euclidean,meta_citrus,0.4,39,870,36,59,0.679,0.404,0.451,0.838,0.422,0.52,0.398,0.96
4,KNN,KNN_n_neighbors=11_metric=euclidean,meta_chemical,0.3,358,310,271,65,0.69,0.388,0.681,0.783,0.697,0.569,0.846,0.534
4,KNN,KNN_n_neighbors=11_metric=euclidean,meta_gourmand,0.3,174,581,191,58,0.751,0.44,0.583,0.83,0.633,0.477,0.75,0.753
4,KNN,KNN_n_neighbors=11_metric=euclidean,meta_powdery_amber,0.4,92,697,109,106,0.665,0.328,0.461,0.778,0.431,0.458,0.465,0.865
4,KNN,KNN_n_neighbors=11_metric=cosine,meta_floral,0.3,193,568,183,60,0.76,0.466,0.614,0.83,0.595,0.513,0.763,0.756
4,KNN,KNN_n_neighbors=11_metric=cosine,meta_fruity,0.5,326,428,132,118,0.749,0.497,0.723,0.827,0.778,0.712,0.734,0.764
4,KNN,KNN_n_neighbors=11_metric=cosine,meta_sweet,0.2,348,190,427,39,0.604,0.24,0.599,0.718,0.603,0.449,0.899,0.308
4,KNN,KNN_n_neighbors=11_metric=cosine,meta_woody,0.3,142,649,150,63,0.752,0.448,0.571,0.838,0.576,0.486,0.693,0.812
4,KNN,KNN_n_neighbors=11_metric=cosine,meta_green,0.3,377,280,287,60,0.678,0.374,0.685,0.758,0.672,0.568,0.863,0.494
4,KNN,KNN_n_neighbors=11_metric=cosine,meta_spicy,0.3,124,632,151,97,0.684,0.342,0.5,0.757,0.487,0.451,0.561,0.807
4,KNN,KNN_n_neighbors=11_metric=cosine,meta_animal_musk,0.3,75,766,85,78,0.695,0.383,0.479,0.776,0.43,0.469,0.49,0.9
4,KNN,KNN_n_neighbors=11_metric=cosine,meta_earthy,0.2,129,649,161,65,0.733,0.406,0.533,0.798,0.518,0.445,0.665,0.801
4,KNN,KNN_n_neighbors=11_metric=cosine,meta_citrus,0.3,51,842,64,47,0.725,0.419,0.479,0.841,0.414,0.443,0.52,0.929
4,KNN,KNN_n_neighbors=11_metric=cosine,meta_chemical,0.3,359,317,264,64,0.697,0.401,0.686,0.789,0.704,0.576,0.849,0.546
4,KNN,KNN_n_neighbors=11_metric=cosine,meta_gourmand,0.3,172,602,170,60,0.761,0.464,0.599,0.839,0.651,0.503,0.741,0.78
4,KNN,KNN_n_neighbors=11_metric=cosine,meta_powdery_amber,0.3,126,622,184,72,0.704,0.351,0.496,0.781,0.448,0.406,0.636,0.772
4,KNN,KNN_n_neighbors=21_metric=euclidean,meta_floral,0.3,193,558,193,60,0.753,0.451,0.604,0.823,0.594,0.5,0.763,0.743
4,KNN,KNN_n_neighbors=21_metric=euclidean,meta_fruity,0.5,344,385,175,100,0.731,0.459,0.714,0.814,0.767,0.663,0.775,0.688
4,KNN,KNN_n_neighbors=21_metric=euclidean,meta_sweet,0.35,311,284,333,76,0.632,0.268,0.603,0.709,0.595,0.483,0.804,0.46
4,KNN,KNN_n_neighbors=21_metric=euclidean,meta_woody,0.3,133,657,142,72,0.736,0.426,0.554,0.833,0.596,0.484,0.649,0.822
4,KNN,KNN_n_neighbors=21_metric=euclidean,meta_green,0.4,350,318,249,87,0.681,0.366,0.676,0.771,0.7,0.584,0.801,0.561
4,KNN,KNN_n_neighbors=21_metric=euclidean,meta_spicy,0.25,147,562,221,74,0.691,0.329,0.499,0.774,0.496,0.399,0.665,0.718
4,KNN,KNN_n_neighbors=21_metric=euclidean,meta_animal_musk,0.3,66,778,73,87,0.673,0.36,0.452,0.756,0.424,0.475,0.431,0.914
4,KNN,KNN_n_neighbors=21_metric=euclidean,meta_earthy,0.25,112,674,136,82,0.705,0.375,0.507,0.789,0.529,0.452,0.577,0.832
4,KNN,KNN_n_neighbors=21_metric=euclidean,meta_citrus,0.4,32,871,35,66,0.644,0.342,0.388,0.842,0.413,0.478,0.327,0.961
4,KNN,KNN_n_neighbors=21_metric=euclidean,meta_chemical,0.2,393,206,375,30,0.642,0.33,0.66,0.78,0.695,0.512,0.929,0.355
4,KNN,KNN_n_neighbors=21_metric=euclidean,meta_gourmand,0.4,160,644,128,72,0.762,0.488,0.615,0.838,0.658,0.556,0.69,0.834
4,KNN,KNN_n_neighbors=21_metric=euclidean,meta_powdery_amber,0.3,114,608,198,84,0.665,0.284,0.447,0.774,0.444,0.365,0.576,0.754
4,KNN,KNN_n_neighbors=21_metric=cosine,meta_floral,0.3,202,572,179,51,0.78,0.501,0.637,0.833,0.602,0.53,0.798,0.762
4,KNN,KNN_n_neighbors=21_metric=cosine,meta_fruity,0.45,355,396,164,89,0.753,0.504,0.737,0.823,0.777,0.684,0.8,0.707
4,KNN,KNN_n_neighbors=21_metric=cosine,meta_sweet,0.3,325,267,350,62,0.636,0.283,0.612,0.712,0.597,0.481,0.84,0.433
4,KNN,KNN_n_neighbors=21_metric=cosine,meta_woody,0.35,126,674,125,79,0.729,0.427,0.553,0.834,0.58,0.502,0.615,0.844
4,KNN,KNN_n_neighbors=21_metric=cosine,meta_green,0.35,351,316,251,86,0.68,0.365,0.676,0.756,0.683,0.583,0.803,0.557
4,KNN,KNN_n_neighbors=21_metric=cosine,meta_spicy,0.25,137,579,204,84,0.68,0.314,0.488,0.766,0.482,0.402,0.62,0.739
4,KNN,KNN_n_neighbors=21_metric=cosine,meta_animal_musk,0.3,72,768,83,81,0.687,0.371,0.468,0.764,0.438,0.465,0.471,0.902
4,KNN,KNN_n_neighbors=21_metric=cosine,meta_earthy,0.25,114,694,116,80,0.722,0.418,0.538,0.794,0.525,0.496,0.588,0.857
4,KNN,KNN_n_neighbors=21_metric=cosine,meta_citrus,0.25,50,821,85,48,0.708,0.362,0.429,0.846,0.418,0.37,0.51,0.906
4,KNN,KNN_n_neighbors=21_metric=cosine,meta_chemical,0.35,348,349,232,75,0.712,0.423,0.694,0.786,0.702,0.6,0.823,0.601
4,KNN,KNN_n_neighbors=21_metric=cosine,meta_gourmand,0.35,173,616,156,59,0.772,0.488,0.617,0.835,0.653,0.526,0.746,0.798
4,KNN,KNN_n_neighbors=21_metric=cosine,meta_powdery_amber,0.35,101,663,143,97,0.666,0.309,0.457,0.774,0.435,0.414,0.51,0.823
