label,fold,support,TP,TN,FP,FN,Bal_Acc,MCC,F1,ROC_AUC,PR_AUC,Precision,Sensitivity,Specificity
alcoholic,0,22,12,952,9,10,0.7680446504588023,0.5484196290485928,0.5581395348837209,0.9059691609119289,0.5435486532877524,0.5714285714285714,0.5454545454545454,0.9906347554630593
aldehydic,0,30,7,942,11,23,0.6108954179783141,0.2845448739795864,0.2916666666666667,0.8779993004547046,0.28593922835986596,0.3888888888888889,0.23333333333333334,0.9884575026232949
alliaceous,0,31,17,921,31,14,0.7579120357820548,0.4182871298836508,0.43037974683544306,0.9457847655191108,0.3581395261973462,0.3541666666666667,0.5483870967741935,0.967436974789916
almond,0,16,3,964,3,13,0.5921988107549121,0.2995750470767471,0.2727272727272727,0.9151370217166495,0.3197686415174332,0.5,0.1875,0.9968976215098242
amber,0,18,7,951,14,11,0.6871905584340817,0.3471495937791473,0.358974358974359,0.8919976971790443,0.24913797657437514,0.3333333333333333,0.3888888888888889,0.9854922279792746
animal,0,23,5,951,9,18,0.604008152173913,0.26538171999999394,0.2702702702702703,0.800090579710145,0.1804615648099427,0.35714285714285715,0.21739130434782608,0.990625
anisic,0,16,7,943,24,9,0.7063404860392968,0.2988053383204362,0.2978723404255319,0.8232936918304032,0.18762226236935076,0.22580645161290322,0.4375,0.9751809720785936
apple,0,62,31,878,43,31,0.7266558089033659,0.4176617539954565,0.45588235294117646,0.8884102133025114,0.448622055713657,0.4189189189189189,0.5,0.9533116178067318
apricot,0,14,8,863,106,6,0.7310187232787853,0.17097821058004606,0.125,0.8485183547103051,0.068452542337953,0.07017543859649122,0.5714285714285714,0.890608875128999
aromatic,0,10,1,891,82,9,0.5078622816032888,0.005675115566063036,0.021505376344086023,0.7010277492291881,0.03016618004898868,0.012048192771084338,0.1,0.9157245632065776
balsamic,0,60,35,841,82,25,0.7472462983026363,0.3655816534010458,0.3954802259887006,0.8740881184543157,0.42310659763334607,0.29914529914529914,0.5833333333333334,0.9111592632719393
banana,0,26,12,924,33,14,0.713527851458886,0.3278834473755604,0.3380281690140845,0.9104573587332209,0.2640893875268,0.26666666666666666,0.46153846153846156,0.9655172413793104
beefy,0,9,2,962,12,7,0.6049509468400639,0.16872956368714637,0.17391304347826086,0.9291581108829569,0.10192360377436728,0.14285714285714285,0.2222222222222222,0.9876796714579056
bergamot,0,5,0,978,0,5,0.5,,0.0,0.8255623721881391,0.02335941499891486,0.0,0.0,1.0
berry,0,29,18,692,262,11,0.6730282657413431,0.12973691260647535,0.11650485436893204,0.7421383647798743,0.07178909976905545,0.06428571428571428,0.6206896551724138,0.7253668763102725
bitter,0,12,1,961,10,11,0.536517336079643,0.07624297727133915,0.08695652173913043,0.6543940954342602,0.052250370580962976,0.09090909090909091,0.08333333333333333,0.9897013388259527
black currant,0,13,0,970,0,13,0.5,,0.0,0.7884218873909595,0.08556175520087353,0.0,0.0,1.0
brandy,0,7,2,948,28,5,0.6285128805620609,0.1256445065507099,0.10810810810810811,0.7772248243559718,0.08084292058850605,0.06666666666666667,0.2857142857142857,0.9713114754098361
burnt,0,43,15,885,55,28,0.6451632855022267,0.23088755808226377,0.26548672566371684,0.8381741712023751,0.2009463759338828,0.21428571428571427,0.3488372093023256,0.9414893617021277
buttery,0,28,23,732,223,5,0.793960359012715,0.22578660257011343,0.1678832116788321,0.8575168287210172,0.2683994015854446,0.09349593495934959,0.8214285714285714,0.7664921465968586
cabbage,0,9,5,932,42,4,0.7562172028291125,0.22874529033798316,0.17857142857142858,0.9495779146703172,0.10227083398432155,0.10638297872340426,0.5555555555555556,0.9568788501026694
camphoreous,0,27,14,904,52,13,0.732062606539594,0.3031023853816866,0.3010752688172043,0.871842553850922,0.31710895617276724,0.21212121212121213,0.5185185185185185,0.9456066945606695
caramellic,0,46,23,911,26,23,0.7361259338313768,0.4583011186523817,0.4842105263157895,0.9039719734583082,0.5217682353313176,0.46938775510204084,0.5,0.9722518676627535
cedar,0,10,4,953,20,6,0.6897225077081193,0.24671204193399837,0.23529411764705882,0.8930113052415211,0.1712689323017303,0.16666666666666666,0.4,0.9794450154162384
celery,0,6,0,977,0,6,0.5,,0.0,0.568747867621972,0.01073446166029177,0.0,0.0,1.0
chamomile,0,7,0,976,0,7,0.5,,0.0,0.8880269320843092,0.07381796977450382,0.0,0.0,1.0
cheesy,0,37,10,931,15,27,0.6272070167419005,0.3075634576933312,0.3225806451612903,0.882235300839952,0.27900363785895604,0.4,0.2702702702702703,0.9841437632135307
cherry,0,18,1,965,0,17,0.5277777777777778,0.23365316069368677,0.10526315789473684,0.9169257340241797,0.20673928062141456,1.0,0.05555555555555555,1.0
chocolate,0,16,6,932,35,10,0.6694027921406411,0.21444030116388155,0.21052631578947367,0.8159901758014477,0.13150680925287378,0.14634146341463414,0.375,0.9638055842812823
cinnamon,0,13,0,969,1,13,0.49948453608247423,-0.0036942821806977993,0.0,0.932355273592387,0.16463760763552882,0.0,0.0,0.9989690721649485
citrus,0,74,40,857,52,34,0.7416674099842417,0.4378376650641236,0.4819277108433735,0.8640323491808639,0.40855804770727433,0.43478260869565216,0.5405405405405406,0.9427942794279428
clean,0,22,8,856,105,14,0.6271875886860279,0.11796384385045754,0.11851851851851852,0.7355027906536751,0.12283575479953696,0.07079646017699115,0.36363636363636365,0.890738813735692
clove,0,6,0,966,11,6,0.49437052200614123,-0.008336649705921668,0.0,0.9222108495394064,0.04962980837565084,0.0,0.0,0.9887410440122825
cocoa,0,23,9,930,30,14,0.6800271739130435,0.27883628857485593,0.2903225806451613,0.8423460144927536,0.1703584657623164,0.23076923076923078,0.391304347826087,0.96875
coconut,0,15,4,966,2,11,0.6323002754820937,0.4164387606261293,0.38095238095238093,0.8752754820936638,0.355362087410955,0.6666666666666666,0.26666666666666666,0.9979338842975206
coffee,0,23,15,904,56,8,0.7969202898550725,0.3467710332645412,0.3191489361702128,0.9082880434782608,0.21407182226580654,0.2112676056338028,0.6521739130434783,0.9416666666666667
cognac,0,20,10,919,44,10,0.7271547248182761,0.28149790997974466,0.2702702702702703,0.9203530633437175,0.22868316800752125,0.18518518518518517,0.5,0.9543094496365524
cooked,0,17,13,855,111,4,0.8248995250274023,0.2551435956009778,0.18439716312056736,0.8628059919620022,0.31404838985890104,0.10483870967741936,0.7647058823529411,0.8850931677018633
cooling,0,14,5,889,80,9,0.6372917588087866,0.11575845974511208,0.10101010101010101,0.6934247383163792,0.03851336477730646,0.058823529411764705,0.35714285714285715,0.9174406604747162
cortex,0,13,0,970,0,13,0.5,,0.0,0.7540840602696273,0.03428348640739194,0.0,0.0,1.0
coumarinic,0,12,4,951,20,8,0.6563680054926193,0.222517005012113,0.2222222222222222,0.9351184346035016,0.2710451603148372,0.16666666666666666,0.3333333333333333,0.9794026776519053
creamy,0,40,4,941,2,36,0.5489395546129374,0.2482864067122707,0.17391304347826086,0.6937168610816542,0.23874280974119824,0.6666666666666666,0.1,0.9978791092258749
cucumber,0,11,1,970,2,10,0.5444257388701833,0.16944176437568254,0.14285714285714285,0.8907594463150018,0.17312725377635033,0.3333333333333333,0.09090909090909091,0.9979423868312757
dairy,0,24,3,956,3,21,0.5609358706986445,0.2414877105214445,0.2,0.8698731317344457,0.29494462610066763,0.5,0.125,0.9968717413972888
dry,0,34,3,919,30,31,0.5283115353623009,0.05744433550370687,0.08955223880597014,0.6868530341535982,0.07204472231422815,0.09090909090909091,0.08823529411764706,0.9683877766069547
earthy,0,73,14,873,37,59,0.5755607406292338,0.17865504464157958,0.22580645161290322,0.7169802799939786,0.17082123548947306,0.27450980392156865,0.1917808219178082,0.9593406593406594
ethereal,0,56,35,896,31,21,0.7957793959007551,0.5478670203533782,0.5737704918032787,0.9447141316073355,0.5440184038362222,0.5303030303030303,0.625,0.9665587918015103
fatty,0,125,71,795,63,54,0.7472867132867133,0.480201137122112,0.5482625482625483,0.8324009324009323,0.4908831069522649,0.5298507462686567,0.568,0.9265734265734266
fermented,0,34,6,943,6,28,0.5850740717783425,0.2831389008148983,0.2608695652173913,0.8375069732845719,0.28111119393636247,0.5,0.17647058823529413,0.9936775553213909
fishy,0,16,8,920,47,8,0.7256980351602895,0.24852819718223076,0.22535211267605634,0.8972337125129265,0.16247883863526372,0.14545454545454545,0.5,0.9513960703205792
floral,0,222,161,616,145,61,0.7673432302210226,0.4828507995383213,0.6098484848484849,0.8553231286477014,0.641050052383623,0.5261437908496732,0.7252252252252253,0.80946123521682
fresh,0,109,78,601,273,31,0.7016196754350975,0.26425290776613797,0.3391304347826087,0.7763000440870825,0.2866883105612727,0.2222222222222222,0.7155963302752294,0.6876430205949656
fruit skin,0,10,0,894,79,10,0.45940390544707094,-0.029969045443579215,0.0,0.6706063720452209,0.016626644775576568,0.0,0.0,0.9188078108941419
fruity,0,378,282,491,114,96,0.7788009969828151,0.5530714772035075,0.7286821705426356,0.8601600419782238,0.8168905422141287,0.7121212121212122,0.746031746031746,0.8115702479338843
garlic,0,23,19,936,24,4,0.9005434782608696,0.5920808851341429,0.5757575757575758,0.9881340579710145,0.7635261150873293,0.4418604651162791,0.8260869565217391,0.975
gassy,0,7,0,976,0,7,0.5,,0.0,0.9388173302107727,0.06110753135046202,0.0,0.0,1.0
geranium,0,11,3,909,63,8,0.603956228956229,0.0873883123000706,0.07792207792207792,0.7961092405536849,0.1344691274834086,0.045454545454545456,0.2727272727272727,0.9351851851851852
grape,0,20,7,856,107,13,0.6194444444444445,0.10533235107432831,0.1044776119402985,0.765368639667705,0.07194196787823463,0.06140350877192982,0.35,0.8888888888888888
grapefruit,0,12,2,951,20,10,0.5730346721592859,0.1084391946495849,0.11764705882352941,0.7979745966357707,0.0630241149825128,0.09090909090909091,0.16666666666666666,0.9794026776519053
grassy,0,13,4,957,13,9,0.6471451229183188,0.25788161845646845,0.26666666666666666,0.7149088025376685,0.23619354699029507,0.23529411764705882,0.3076923076923077,0.98659793814433
green,0,296,195,523,164,101,0.7100323576851961,0.400221954100458,0.5954198473282443,0.7923846335418389,0.644054294737787,0.5431754874651811,0.6587837837837838,0.7612809315866085
hawthorn,0,9,1,973,1,8,0.5550422085329683,0.23268965658942553,0.18181818181818182,0.8829568788501027,0.18209598753017295,0.5,0.1111111111111111,0.9989733059548255
hay,0,14,0,969,0,14,0.5,,0.0,0.8141677723721067,0.05575091854347606,0.0,0.0,1.0
hazelnut,0,9,6,949,25,3,0.8204996577686516,0.34934857639055616,0.3,0.9549395391284509,0.3160100496135868,0.1935483870967742,0.6666666666666666,0.9743326488706365
herbal,0,158,112,570,255,46,0.6998849252013809,0.30355833858266584,0.4266666666666667,0.7625700038358265,0.33956633144416076,0.30517711171662126,0.7088607594936709,0.6909090909090909
honey,0,31,5,943,9,26,0.5759182705340201,0.22394930367865576,0.2222222222222222,0.8316955814583897,0.20553623804659912,0.35714285714285715,0.16129032258064516,0.990546218487395
hyacinth,0,15,7,935,33,8,0.7162878787878788,0.2683858674415386,0.2545454545454545,0.8820247933884298,0.1272105673677977,0.175,0.4666666666666667,0.9659090909090909
jasmin,0,19,15,797,167,4,0.8081185848438524,0.21842948186324046,0.14925373134328357,0.8946276479580695,0.11792319292563223,0.08241758241758242,0.7894736842105263,0.8267634854771784
juicy,0,8,1,925,50,7,0.5368589743589743,0.029862591889555146,0.03389830508474576,0.8123076923076923,0.03185570318276399,0.0196078431372549,0.125,0.9487179487179487
ketonic,0,11,0,972,0,11,0.5,,0.0,0.9236812570145904,0.15593700785050732,0.0,0.0,1.0
lactonic,0,15,4,942,26,11,0.6199035812672177,0.17089855117424455,0.17777777777777778,0.8616391184573002,0.13158707965346988,0.13333333333333333,0.26666666666666666,0.9731404958677686
lavender,0,15,0,968,0,15,0.5,,0.0,0.7582644628099173,0.034370801263348544,0.0,0.0,1.0
leafy,0,30,15,786,167,15,0.6623819517313746,0.14382119016775188,0.14150943396226415,0.7924449108079747,0.12350734363459898,0.08241758241758242,0.5,0.8247639034627492
leathery,0,11,0,972,0,11,0.5,,0.0,0.9346240179573514,0.10377200478148427,0.0,0.0,1.0
lemon,0,15,11,877,91,4,0.8196625344352617,0.2569904602566786,0.18803418803418803,0.9334022038567493,0.12780951228865434,0.10784313725490197,0.7333333333333333,0.90599173553719
lily,0,13,0,964,6,13,0.49690721649484537,-0.009072232097128947,0.0,0.8170499603489294,0.08189300059894163,0.0,0.0,0.9938144329896907
malty,0,7,0,976,0,7,0.5,,0.0,0.8738290398126463,0.3501608017913827,0.0,0.0,1.0
meaty,0,61,50,859,63,11,0.8756712065716012,0.5682892428470524,0.5747126436781609,0.9452899967995448,0.4855066004578753,0.4424778761061947,0.819672131147541,0.9316702819956616
medicinal,0,15,9,916,52,6,0.7731404958677686,0.2775677591694996,0.23684210526315788,0.8999999999999999,0.2219733323507352,0.14754098360655737,0.6,0.9462809917355371
melon,0,26,10,889,68,16,0.6567800016075879,0.186162289804929,0.19230769230769232,0.8269029820753959,0.2510358920412881,0.1282051282051282,0.38461538461538464,0.928944618599791
metallic,0,24,7,766,193,17,0.5452076816127911,0.03466261128582515,0.0625,0.6270420576989919,0.03702156459132598,0.035,0.2916666666666667,0.7987486965589156
milky,0,16,7,931,36,9,0.7001357290589452,0.2476450759151885,0.23728813559322035,0.7293821096173733,0.23549283236600613,0.16279069767441862,0.4375,0.9627714581178903
mint,0,46,18,886,51,28,0.6684376595053594,0.27849683364124783,0.3130434782608696,0.8331863950628741,0.20220229288741634,0.2608695652173913,0.391304347826087,0.9455709711846318
muguet,0,13,0,970,0,13,0.5,,0.0,0.9159397303727201,0.16485472419126596,0.0,0.0,1.0
mushroom,0,20,11,861,102,9,0.7220404984423676,0.1965583431031763,0.16541353383458646,0.8106957424714434,0.15831742377097702,0.09734513274336283,0.55,0.8940809968847352
musk,0,19,8,957,7,11,0.7068956103952828,0.46474345409566825,0.47058823529411764,0.7980454247652325,0.39780018381106036,0.5333333333333333,0.42105263157894735,0.9927385892116183
musty,0,42,2,936,5,40,0.5211527756692476,0.101751984310761,0.08163265306122448,0.7192702798441374,0.12816144173436225,0.2857142857142857,0.047619047619047616,0.9946865037194474
natural,0,16,2,943,24,14,0.5500904860392968,0.07899795099130034,0.09523809523809523,0.7595010341261634,0.06599459793882166,0.07692307692307693,0.125,0.9751809720785936
nutty,0,74,32,866,43,42,0.6925638509796925,0.3827621661987053,0.42953020134228187,0.8313115095293313,0.43586440749791855,0.4266666666666667,0.43243243243243246,0.9526952695269527
odorless,0,40,33,928,15,7,0.9045466595970307,0.741750816519649,0.75,0.9753976670201485,0.8633341432639203,0.6875,0.825,0.9840933191940615
oily,0,78,38,791,114,40,0.680606318175379,0.2700301265624101,0.33043478260869563,0.795155121121972,0.2996930022230231,0.25,0.48717948717948717,0.8740331491712707
onion,0,33,23,934,16,10,0.8400637958532695,0.6276114610004406,0.6388888888888888,0.9734290271132376,0.6648154112017128,0.5897435897435898,0.696969696969697,0.9831578947368421
orange,0,19,7,921,43,12,0.6619076217514741,0.2029022124261257,0.2028985507246377,0.8252347674164665,0.12185478585796379,0.14,0.3684210526315789,0.9553941908713693
orangeflower,0,9,0,974,0,9,0.5,,0.0,0.7037417294090805,0.03801603795543269,0.0,0.0,1.0
orris,0,12,1,970,1,11,0.5411517336079643,0.2005713361547174,0.14285714285714285,0.786302780638517,0.1533826652893707,0.5,0.08333333333333333,0.9989701338825953
ozone,0,8,1,971,4,7,0.5604487179487179,0.1526897773547615,0.15384615384615385,0.8357692307692307,0.10936319912463849,0.2,0.125,0.9958974358974358
peach,0,17,3,954,12,14,0.5820241139934235,0.1744621656942176,0.1875,0.7575812933869199,0.19239750746890855,0.2,0.17647058823529413,0.9875776397515528
pear,0,28,9,921,34,19,0.6429132385938668,0.23247968233867908,0.2535211267605634,0.8601346297681376,0.17320737108475467,0.20930232558139536,0.32142857142857145,0.9643979057591623
phenolic,0,36,16,941,6,20,0.7190543235949782,0.5563332678109407,0.5517241379310345,0.9647131291798663,0.6198089244928775,0.7272727272727273,0.4444444444444444,0.9936642027455121
pine,0,14,7,958,11,7,0.7443240454076367,0.43183933996901347,0.4375,0.9673448326699101,0.4162822682298451,0.3888888888888889,0.5,0.9886480908152735
pineapple,0,41,15,917,25,26,0.6696571902024753,0.34334743197784584,0.37037037037037035,0.872844492776138,0.27275249009776853,0.375,0.36585365853658536,0.9734607218683652
plum,0,12,2,915,56,10,0.5544970820460007,0.050794725749503035,0.05714285714285714,0.7948849982835564,0.07218245414290837,0.034482758620689655,0.16666666666666666,0.9423274974253347
popcorn,0,7,1,944,32,6,0.5550351288056206,0.05138367228477357,0.05,0.9392564402810304,0.194850413283593,0.030303030303030304,0.14285714285714285,0.9672131147540983
potato,0,16,1,958,9,15,0.5265964322647363,0.06707646808061818,0.07692307692307693,0.9142321613236815,0.11642589971946712,0.1,0.0625,0.9906928645294726
powdery,0,30,8,925,28,22,0.6186428821266177,0.21729639517766602,0.24242424242424243,0.8232598810772997,0.14321349563907207,0.2222222222222222,0.26666666666666666,0.9706190975865687
pungent,0,38,30,687,258,8,0.7582289055973266,0.21875294409821983,0.18404907975460122,0.8343358395989975,0.20157760053552573,0.10416666666666667,0.7894736842105263,0.726984126984127
radish,0,10,6,910,63,4,0.7676258992805756,0.21024075727713284,0.1518987341772152,0.8663926002055499,0.18588908471076057,0.08695652173913043,0.6,0.935251798561151
raspberry,0,6,0,977,0,6,0.5,,0.0,0.6573694984646878,0.025137215363611687,0.0,0.0,1.0
ripe,0,15,8,880,88,7,0.7212121212121212,0.18269421583636036,0.14414414414414414,0.8404958677685951,0.12646234749535254,0.08333333333333333,0.5333333333333333,0.9090909090909091
roasted,0,64,48,833,86,16,0.8282100108813928,0.4719796974853172,0.48484848484848486,0.9211609085963003,0.47820859090762136,0.3582089552238806,0.75,0.9064200217627857
rose,0,66,39,806,111,27,0.7349310994349163,0.3270084778900024,0.3611111111111111,0.8434453587125342,0.33126242320577487,0.26,0.5909090909090909,0.8789531079607416
rummy,0,21,12,902,60,9,0.7545292545292546,0.28251365763693287,0.25806451612903225,0.8882288882288882,0.24410105066926893,0.16666666666666666,0.5714285714285714,0.9376299376299376
sandalwood,0,7,0,948,28,7,0.48565573770491804,-0.014501116480978935,0.0,0.9269613583138173,0.05408839202493783,0.0,0.0,0.9713114754098361
savory,0,25,17,889,69,8,0.8039874739039666,0.33876067991366965,0.3063063063063063,0.8239248434237997,0.28234093310005326,0.19767441860465115,0.68,0.9279749478079332
sharp,0,22,0,960,1,22,0.4994797086368366,-0.004828296176775015,0.0,0.708826033487844,0.08661577094215141,0.0,0.0,0.9989594172736732
smoky,0,16,4,954,13,12,0.6182781799379524,0.22961213306217365,0.24242424242424243,0.9168821096173733,0.2250520461362377,0.23529411764705882,0.25,0.9865563598759048
soapy,0,8,1,938,37,7,0.543525641025641,0.040570911998436335,0.043478260869565216,0.763974358974359,0.026590838615165806,0.02631578947368421,0.125,0.9620512820512821
solvent,0,11,1,960,12,10,0.5392817059483725,0.07234229257676981,0.08333333333333333,0.8181818181818181,0.07852868536846551,0.07692307692307693,0.09090909090909091,0.9876543209876543
sour,0,14,3,939,30,11,0.5916629809818664,0.12059550106581218,0.1276595744680851,0.7787114845938375,0.059635727162273104,0.09090909090909091,0.21428571428571427,0.9690402476780186
spicy,0,91,44,771,121,47,0.6739331296506185,0.26977195954544764,0.34375,0.7831271867146308,0.2764502614172367,0.26666666666666666,0.4835164835164835,0.8643497757847534
strawberry,0,12,0,964,7,12,0.4963954685890834,-0.009414670376663613,0.0,0.7658771026433231,0.031156293474305746,0.0,0.0,0.9927909371781668
sulfurous,0,80,72,854,49,8,0.9228682170542636,0.7038459093065876,0.7164179104477612,0.9785022148394241,0.7351603566881413,0.5950413223140496,0.9,0.9457364341085271
sweaty,0,6,0,977,0,6,0.5,,0.0,0.7840327533265098,0.025615173317778683,0.0,0.0,1.0
sweet,0,283,193,497,203,90,0.6959893992932862,0.36185799428814963,0.5684830633284241,0.76334174659263,0.5734893351166462,0.48737373737373735,0.6819787985865724,0.71
tea,0,10,0,973,0,10,0.5,,0.0,0.770606372045221,0.031873649690760134,0.0,0.0,1.0
terpenic,0,8,0,975,0,8,0.5,,0.0,0.8385897435897436,0.18867050041534322,0.0,0.0,1.0
tobacco,0,15,4,851,117,11,0.5728994490358127,0.0543990395185701,0.058823529411764705,0.6644628099173554,0.030072390212843154,0.03305785123966942,0.26666666666666666,0.8791322314049587
tomato,0,8,0,975,0,8,0.5,,0.0,0.8653846153846153,0.06573125500846261,0.0,0.0,1.0
tropical,0,83,37,817,83,46,0.6767804551539491,0.3002814632090804,0.3645320197044335,0.773855421686747,0.3573079332779544,0.30833333333333335,0.4457831325301205,0.9077777777777778
vanilla,0,22,9,953,8,13,0.7003831236401475,0.4547274256260408,0.46153846153846156,0.9253145397786398,0.5086250016481391,0.5294117647058824,0.4090909090909091,0.991675338189386
vegetable,0,58,46,764,161,12,0.809524697110904,0.3577619365900525,0.3471698113207547,0.8858154706430569,0.37597378276261184,0.2222222222222222,0.7931034482758621,0.825945945945946
vetiver,0,7,0,976,0,7,0.5,,0.0,0.8587529274004684,0.12176525525738899,0.0,0.0,1.0
violet,0,14,1,949,20,13,0.5253943682736253,0.04161943039602101,0.05714285714285714,0.7378003833112192,0.055072790898576675,0.047619047619047616,0.07142857142857142,0.9793601651186791
warm,0,16,3,885,82,13,0.5513508273009307,0.0462384255507331,0.0594059405940594,0.6617114788004136,0.04508489374804616,0.03529411764705882,0.1875,0.9152016546018614
waxy,0,99,85,742,142,14,0.8489761872114814,0.4984202658699516,0.5214723926380368,0.8996640614287673,0.4899914338280421,0.3744493392070485,0.8585858585858586,0.8393665158371041
weedy,0,9,0,974,0,9,0.5,,0.0,0.6996349532283823,0.018074141728524715,0.0,0.0,1.0
winey,0,49,24,849,85,25,0.6993947471922388,0.2764052079796798,0.3037974683544304,0.872394353887165,0.23813059368586814,0.22018348623853212,0.4897959183673469,0.9089935760171306
woody,0,135,68,804,44,67,0.7259084556254367,0.4894509815936812,0.5506072874493927,0.8500960866526905,0.6148851513195968,0.6071428571428571,0.5037037037037037,0.9481132075471698
alcoholic,1,20,8,957,7,12,0.6963692946058091,0.4523239382711826,0.45714285714285713,0.8561721991701245,0.4310620195813553,0.5333333333333333,0.4,0.9927385892116183
aldehydic,1,28,11,924,32,17,0.6796921697549313,0.2923062293511583,0.30985915492957744,0.8909892408846385,0.3343261941285676,0.2558139534883721,0.39285714285714285,0.9665271966527197
alliaceous,1,24,16,918,42,8,0.8114583333333334,0.40799204769863845,0.3902439024390244,0.9639322916666666,0.38567295601360646,0.27586206896551724,0.6666666666666666,0.95625
almond,1,18,10,881,85,8,0.7337819185645273,0.21215489016988748,0.17699115044247787,0.8701978375891419,0.1073662696150118,0.10526315789473684,0.5555555555555556,0.912008281573499
amber,1,17,10,936,31,7,0.7780886915262486,0.36266299794020995,0.3448275862068966,0.9043737453616401,0.3511302225345112,0.24390243902439024,0.5882352941176471,0.96794208893485
animal,1,25,12,774,185,13,0.6435453597497394,0.11289585120121859,0.10810810810810811,0.7663399374348279,0.08426263118248696,0.06091370558375635,0.48,0.8070907194994786
anisic,1,15,4,954,15,11,0.625593395252838,0.2236474020988615,0.23529411764705882,0.860405916752666,0.2444566979677133,0.21052631578947367,0.26666666666666666,0.9845201238390093
apple,1,65,17,903,16,48,0.6220641165146061,0.3368101830311274,0.3469387755102041,0.897815351134176,0.3917035771110528,0.5151515151515151,0.26153846153846155,0.9825897714907508
apricot,1,18,9,895,71,9,0.7132505175983437,0.2091296914234838,0.1836734693877551,0.8758914193696802,0.12124087837370137,0.1125,0.5,0.9265010351966874
aromatic,1,18,4,931,35,14,0.5929951690821256,0.1277517894284155,0.14035087719298245,0.7810559006211181,0.13740663934783803,0.10256410256410256,0.2222222222222222,0.9637681159420289
balsamic,1,59,28,846,79,31,0.6945854328905177,0.2967874328135222,0.3373493975903614,0.8322308749427394,0.26401262636852885,0.2616822429906542,0.4745762711864407,0.9145945945945946
banana,1,24,9,939,21,15,0.6765625,0.316836267062005,0.3333333333333333,0.8788194444444445,0.2954131466621522,0.3,0.375,0.978125
beefy,1,9,3,927,48,6,0.642051282051282,0.1220036450264382,0.1,0.8527635327635328,0.12257077569656638,0.058823529411764705,0.3333333333333333,0.9507692307692308
bergamot,1,6,0,975,3,6,0.49846625766871167,-0.004331440185785537,0.0,0.9222903885480572,0.0500904329597781,0.0,0.0,0.9969325153374233
berry,1,33,15,777,174,18,0.635790077430456,0.12411686390719254,0.13513513513513514,0.7171717171717172,0.07600671073181495,0.07936507936507936,0.45454545454545453,0.8170347003154574
bitter,1,12,1,952,20,11,0.5313786008230452,0.04766115192694596,0.06060606060606061,0.7151063100137174,0.044564565549223396,0.047619047619047616,0.08333333333333333,0.9794238683127572
black currant,1,10,1,969,5,9,0.5474332648870637,0.1222214523742287,0.125,0.8060574948665298,0.1083977163767054,0.16666666666666666,0.1,0.9948665297741273
brandy,1,8,0,976,0,8,0.5,,0.0,0.7880379098360655,0.024719347808256256,0.0,0.0,1.0
burnt,1,34,16,886,64,18,0.701609907120743,0.2694721687537869,0.2807017543859649,0.861702786377709,0.18521969430539903,0.2,0.47058823529411764,0.9326315789473684
buttery,1,24,5,954,6,19,0.6010416666666667,0.29649609069062594,0.2857142857142857,0.9106336805555556,0.3062039941632177,0.45454545454545453,0.20833333333333334,0.99375
cabbage,1,9,4,951,24,5,0.70991452991453,0.24037433576500142,0.21621621621621623,0.9433618233618233,0.15099094909677016,0.14285714285714285,0.4444444444444444,0.9753846153846154
camphoreous,1,25,9,942,17,16,0.6711366006256517,0.3358016116655031,0.35294117647058826,0.899895724713243,0.37068661412320075,0.34615384615384615,0.36,0.9822732012513035
caramellic,1,47,10,929,8,37,0.6021140352869048,0.32501944401682553,0.3076923076923077,0.8881445991053385,0.38754785387405744,0.5555555555555556,0.2127659574468085,0.991462113127001
cedar,1,8,3,956,20,5,0.6772540983606558,0.2107029284160469,0.1935483870967742,0.961577868852459,0.19715343711603625,0.13043478260869565,0.375,0.9795081967213115
celery,1,7,0,977,0,7,0.5,,0.0,0.6974703904079543,0.016990695537328515,0.0,0.0,1.0
chamomile,1,8,0,976,0,8,0.5,,0.0,0.830686475409836,0.03561175727702785,0.0,0.0,1.0
cheesy,1,38,8,929,17,30,0.5962779570490708,0.23578432001216945,0.25396825396825395,0.8401580060086792,0.2632674588826577,0.32,0.21052631578947367,0.9820295983086681
cherry,1,18,2,956,10,16,0.5503795721187026,0.12302277825596361,0.13333333333333333,0.873821025994939,0.09620137051653602,0.16666666666666666,0.1111111111111111,0.989648033126294
chocolate,1,8,1,956,20,7,0.5522540983606558,0.06493778418527572,0.06896551724137931,0.7580686475409836,0.023713735450647037,0.047619047619047616,0.125,0.9795081967213115
cinnamon,1,12,8,893,79,4,0.7926954732510287,0.22631529676219345,0.16161616161616163,0.938528806584362,0.2629633515644099,0.09195402298850575,0.6666666666666666,0.918724279835391
citrus,1,81,37,850,53,44,0.6990484393585169,0.37956411206647517,0.4327485380116959,0.8615178485979519,0.3940515088979796,0.4111111111111111,0.4567901234567901,0.9413067552602437
clean,1,17,9,812,155,8,0.6845611046900664,0.12905624481476635,0.09944751381215469,0.7536346493095687,0.08505835096085214,0.054878048780487805,0.5294117647058824,0.8397104446742503
clove,1,7,4,945,32,3,0.7693376224594239,0.24113924710507922,0.18604651162790697,0.9187015645562218,0.11327246893434516,0.1111111111111111,0.5714285714285714,0.9672466734902764
cocoa,1,25,3,944,15,22,0.5521793534932221,0.12254149705352803,0.13953488372093023,0.8462565172054224,0.1513173745154313,0.16666666666666666,0.12,0.9843587069864442
coconut,1,15,12,924,45,3,0.876780185758514,0.39522851875400933,0.3333333333333333,0.9543859649122807,0.5740647584751509,0.21052631578947367,0.8,0.9535603715170279
coffee,1,21,14,886,77,7,0.7933541017653167,0.2926836928777018,0.25,0.9166295801809821,0.3086160979504339,0.15384615384615385,0.6666666666666666,0.9200415368639667
cognac,1,21,8,942,21,13,0.6795727636849132,0.30689694727113515,0.32,0.9359640013845621,0.3267384686629983,0.27586206896551724,0.38095238095238093,0.9781931464174455
cooked,1,19,10,876,89,9,0.7170439050995364,0.1985769403741348,0.1694915254237288,0.7818925552222524,0.13442743750010724,0.10101010101010101,0.5263157894736842,0.9077720207253887
cooling,1,18,2,965,1,16,0.5550379572118702,0.2675604924643662,0.19047619047619047,0.8086611456176673,0.1439119780463077,0.6666666666666666,0.1111111111111111,0.9989648033126294
cortex,1,7,0,977,0,7,0.5,,0.0,0.6572598333089633,0.020252860598842647,0.0,0.0,1.0
coumarinic,1,10,6,925,49,4,0.7748459958932238,0.23999914065249814,0.18461538461538463,0.9388090349075975,0.39988581869016654,0.10909090909090909,0.6,0.9496919917864476
creamy,1,35,13,899,50,22,0.6593707662200813,0.24116023304054995,0.2653061224489796,0.7347282854132169,0.2322308749352248,0.20634920634920634,0.37142857142857144,0.9473129610115911
cucumber,1,10,4,973,1,6,0.6994866529774127,0.5627907745897405,0.5333333333333333,0.9339835728952772,0.5726460461673323,0.8,0.4,0.9989733059548255
dairy,1,25,10,937,22,15,0.6885297184567258,0.3344996434662437,0.3508771929824561,0.8505943691345151,0.2692242222825937,0.3125,0.4,0.9770594369134515
dry,1,34,8,932,18,26,0.6081733746130031,0.24636681362733617,0.26666666666666666,0.783374613003096,0.17909066433038803,0.3076923076923077,0.23529411764705882,0.9810526315789474
earthy,1,63,31,733,188,32,0.6439687710046016,0.16945157420491502,0.2198581560283688,0.7061510090826052,0.210609934633394,0.1415525114155251,0.49206349206349204,0.7958740499457112
ethereal,1,56,29,892,36,27,0.7395320197044335,0.44683495492393965,0.4793388429752066,0.9083666871921181,0.5377238293720285,0.4461538461538462,0.5178571428571429,0.9612068965517241
fatty,1,117,70,824,43,47,0.774347144589359,0.5570377403558152,0.6086956521739131,0.855735959542188,0.6157728475052238,0.6194690265486725,0.5982905982905983,0.9504036908881199
fermented,1,25,11,938,21,14,0.709051094890511,0.3709097816488526,0.38596491228070173,0.9077789363920751,0.4115496866312662,0.34375,0.44,0.9781021897810219
fishy,1,16,7,929,39,9,0.6986053719008265,0.23797882822143754,0.22580645161290322,0.7980371900826446,0.22027325401365505,0.15217391304347827,0.4375,0.9597107438016529
floral,1,222,144,658,104,78,0.7560828545080513,0.4930599452404068,0.6127659574468085,0.8541770116573266,0.592901026906962,0.5806451612903226,0.6486486486486487,0.863517060367454
fresh,1,110,59,676,198,51,0.6549095069690035,0.2222421138421617,0.3215258855585831,0.7271687122945705,0.23088728726386876,0.22957198443579765,0.5363636363636364,0.7734553775743707
fruit skin,1,9,2,935,40,7,0.5905982905982906,0.08533426754969513,0.0784313725490196,0.7323076923076923,0.042575574576538475,0.047619047619047616,0.2222222222222222,0.958974358974359
fruity,1,388,264,498,98,124,0.7579914204663392,0.5229073838131973,0.704,0.8435143222860305,0.7875907265611352,0.7292817679558011,0.6804123711340206,0.8355704697986577
garlic,1,24,9,945,15,15,0.6796875,0.359375,0.375,0.9518663194444444,0.435199242125751,0.375,0.375,0.984375
gassy,1,7,0,977,0,7,0.5,,0.0,0.8947214505044597,0.049326189137242675,0.0,0.0,1.0
geranium,1,17,0,967,0,17,0.5,,0.0,0.7227325263093862,0.04315309452964765,0.0,0.0,1.0
grape,1,20,7,869,95,13,0.6257261410788382,0.11640582628080526,0.11475409836065574,0.7804979253112033,0.09257406961266397,0.06862745098039216,0.35,0.9014522821576764
grapefruit,1,21,7,942,21,14,0.6557632398753894,0.2707757682617595,0.2857142857142857,0.8329624684764872,0.2454469175131931,0.25,0.3333333333333333,0.9781931464174455
grassy,1,10,3,945,29,7,0.6351129363449692,0.15279633705829526,0.14285714285714285,0.8565708418891169,0.1479933348648727,0.09375,0.3,0.9702258726899384
green,1,283,187,522,179,96,0.7027139422228719,0.3796916633504984,0.576271186440678,0.766905430404823,0.5904885448696204,0.5109289617486339,0.6607773851590106,0.7446504992867332
hawthorn,1,7,3,949,28,4,0.6999561339377102,0.19241269900913904,0.15789473684210525,0.942535458400351,0.1379539376381731,0.0967741935483871,0.42857142857142855,0.9713408393039918
hay,1,15,4,920,49,11,0.6080495356037152,0.11728639644634567,0.11764705882352941,0.7898176814585482,0.04623114860494146,0.07547169811320754,0.26666666666666666,0.9494324045407637
hazelnut,1,9,4,952,23,5,0.7104273504273504,0.24525501357278862,0.2222222222222222,0.9066666666666666,0.18001438602429637,0.14814814814814814,0.4444444444444444,0.9764102564102564
herbal,1,143,86,639,202,57,0.6806041758479333,0.2797840395459765,0.3990719257540603,0.7590697055619766,0.3655934269995328,0.2986111111111111,0.6013986013986014,0.7598097502972652
honey,1,32,13,875,77,19,0.6626838235294117,0.20020633520151904,0.21311475409836064,0.8040966386554622,0.16687591947895375,0.14444444444444443,0.40625,0.9191176470588235
hyacinth,1,8,5,914,62,3,0.7807377049180328,0.2001605906772765,0.13333333333333333,0.9202100409836066,0.19520198836698172,0.07462686567164178,0.625,0.9364754098360656
jasmin,1,20,6,918,46,14,0.6261410788381743,0.1591220713368623,0.16666666666666666,0.7905601659751038,0.09799852434240036,0.11538461538461539,0.3,0.9522821576763485
juicy,1,9,2,921,54,7,0.5834188034188035,0.06855663812532754,0.06153846153846154,0.7739031339031339,0.028356372455178133,0.03571428571428571,0.2222222222222222,0.9446153846153846
ketonic,1,11,1,970,3,10,0.5439129216107633,0.14512159981096068,0.13333333333333333,0.960291507054097,0.1987174350454564,0.25,0.09090909090909091,0.9969167523124358
lactonic,1,9,6,973,2,3,0.8323076923076923,0.7045698427437193,0.7058823529411765,0.9883760683760684,0.6392382948986722,0.75,0.6666666666666666,0.997948717948718
lavender,1,12,0,972,0,12,0.5,,0.0,0.8497085048010974,0.07956371422162418,0.0,0.0,1.0
leafy,1,29,2,937,18,27,0.5250586748510562,0.06006690658704092,0.08163265306122448,0.6989709333814768,0.07021771525083773,0.1,0.06896551724137931,0.981151832460733
leathery,1,14,5,937,33,9,0.661561119293078,0.19860005636680103,0.19230769230769232,0.8204712812960235,0.1534911223552194,0.13157894736842105,0.35714285714285715,0.965979381443299
lemon,1,16,3,959,9,13,0.5891012396694215,0.20534666625366912,0.21428571428571427,0.9021177685950413,0.15615774198902432,0.25,0.1875,0.9907024793388429
lily,1,16,5,956,12,11,0.650051652892562,0.2912934717592113,0.30303030303030304,0.8781637396694214,0.2710651472779784,0.29411764705882354,0.3125,0.987603305785124
malty,1,11,0,973,0,11,0.5,,0.0,0.8807810894141828,0.1188719452316356,0.0,0.0,1.0
meaty,1,59,28,896,29,31,0.7216124599175446,0.4504470503858253,0.4827586206896552,0.9201832340815392,0.5023936567936513,0.49122807017543857,0.4745762711864407,0.9686486486486486
medicinal,1,13,0,961,10,13,0.49485066941297634,-0.011724182841829127,0.0,0.8830705854392775,0.11541022189430161,0.0,0.0,0.9897013388259527
melon,1,26,4,944,14,22,0.5696161875702586,0.16664214398392538,0.18181818181818182,0.7900674482094107,0.2131900619503789,0.2222222222222222,0.15384615384615385,0.9853862212943633
metallic,1,32,6,893,59,26,0.5627626050420168,0.08964167980654585,0.12371134020618557,0.646172531512605,0.05735236419234113,0.09230769230769231,0.1875,0.9380252100840336
milky,1,18,8,893,73,10,0.6844375431331953,0.17985302851866852,0.16161616161616163,0.7076719576719577,0.15590341554759382,0.09876543209876543,0.4444444444444444,0.9244306418219461
mint,1,43,16,914,27,27,0.6717000716704149,0.3434001433408299,0.37209302325581395,0.859550700640091,0.3371731898603839,0.37209302325581395,0.37209302325581395,0.971307120085016
muguet,1,11,6,941,32,5,0.7562832850602634,0.2796827453890472,0.24489795918367346,0.8782584322152668,0.24645073750340565,0.15789473684210525,0.5454545454545454,0.9671120246659815
mushroom,1,21,6,885,78,15,0.6023587004895417,0.10588066308595362,0.11428571428571428,0.7048410225980319,0.1630681422058459,0.07142857142857142,0.2857142857142857,0.9190031152647975
musk,1,20,11,952,12,9,0.7687759336099586,0.5020515100716262,0.5116279069767442,0.8761410788381743,0.4442579434586965,0.4782608695652174,0.55,0.9875518672199171
musty,1,43,24,738,203,19,0.6712057929466426,0.16615622714948078,0.17777777777777778,0.6888762573215036,0.20215235874999665,0.10572687224669604,0.5581395348837209,0.7842720510095643
natural,1,17,0,967,0,17,0.5,,0.0,0.7445708376421923,0.10550849592939207,0.0,0.0,1.0
nutty,1,76,34,885,23,42,0.7110190122884303,0.4823074907934525,0.5112781954887218,0.8375840482262926,0.4565405986757754,0.5964912280701754,0.4473684210526316,0.974669603524229
odorless,1,40,24,940,4,16,0.7978813559322033,0.7075894494540563,0.7058823529411765,0.9281514830508474,0.730825184453804,0.8571428571428571,0.6,0.9957627118644068
oily,1,80,39,784,120,41,0.6773783185840708,0.2634111787318274,0.3263598326359833,0.7918556415929203,0.30177931860299617,0.24528301886792453,0.4875,0.8672566371681416
onion,1,38,19,926,20,19,0.7394291754756871,0.47292930337176964,0.4935064935064935,0.9580505174140426,0.5615264399307577,0.48717948717948717,0.5,0.9788583509513742
orange,1,22,15,866,96,7,0.7910130410130409,0.27200238500033674,0.22556390977443608,0.89000189000189,0.31240791146116553,0.13513513513513514,0.6818181818181818,0.9002079002079002
orangeflower,1,6,0,978,0,6,0.5,,0.0,0.8111792774369462,0.024288298550812965,0.0,0.0,1.0
orris,1,11,2,940,33,9,0.5739512286274876,0.08395779493448598,0.08695652173913043,0.6130991310847427,0.027536349978660328,0.05714285714285714,0.18181818181818182,0.9660842754367934
ozone,1,5,2,956,23,3,0.688253319713994,0.17012560365938617,0.13333333333333333,0.9123595505617977,0.07265400571891374,0.08,0.4,0.9765066394279878
peach,1,17,7,907,60,10,0.6748585680394185,0.18089749032399943,0.16666666666666666,0.6959060770119837,0.11435180364393396,0.1044776119402985,0.4117647058823529,0.937952430196484
pear,1,24,10,923,37,14,0.6890625,0.27350036166398795,0.28169014084507044,0.8859375,0.2362212146569037,0.2127659574468085,0.4166666666666667,0.9614583333333333
phenolic,1,37,15,932,15,22,0.6947829561345928,0.43104437805364737,0.44776119402985076,0.9183481263734695,0.45985394943858565,0.5,0.40540540540540543,0.9841605068637803
pine,1,19,8,945,20,11,0.7001636214889555,0.3313199910525773,0.3404255319148936,0.8724297791109898,0.3475715663676195,0.2857142857142857,0.42105263157894735,0.9792746113989638
pineapple,1,37,7,937,10,30,0.5893147635491881,0.2607902809955997,0.25925925925925924,0.8526784440195212,0.2839136950211096,0.4117647058823529,0.1891891891891892,0.989440337909187
plum,1,12,3,934,38,9,0.6054526748971194,0.11584134114281931,0.11320754716981132,0.7801783264746228,0.1532898081677482,0.07317073170731707,0.25,0.9609053497942387
popcorn,1,7,0,973,4,7,0.49795291709314227,-0.005407776024073017,0.0,0.9580348004094166,0.10164187466643422,0.0,0.0,0.9959058341862845
potato,1,7,2,958,19,5,0.6331334990495686,0.15484274188306935,0.14285714285714285,0.9456060827606374,0.10084489548980663,0.09523809523809523,0.2857142857142857,0.9805527123848515
powdery,1,37,13,912,35,24,0.6571962670167528,0.2776447927494906,0.3058823529411765,0.8456291560832216,0.18255400387048354,0.2708333333333333,0.35135135135135137,0.9630411826821542
pungent,1,40,13,905,39,27,0.6418432203389831,0.25040612244598687,0.2826086956521739,0.8724311440677965,0.2879898948730742,0.25,0.325,0.9586864406779662
radish,1,13,6,926,45,7,0.7075972431276242,0.21384886947408263,0.1875,0.8097124296918324,0.19366465063084193,0.11764705882352941,0.46153846153846156,0.9536560247167868
raspberry,1,8,0,976,0,8,0.5,,0.0,0.763703893442623,0.15675637470702597,0.0,0.0,1.0
ripe,1,22,7,892,70,15,0.6227083727083728,0.13509959986712136,0.1414141414141414,0.7388489888489889,0.06648149407500374,0.09090909090909091,0.3181818181818182,0.9272349272349273
roasted,1,66,47,863,55,19,0.8261041790453556,0.5352359673782567,0.5595238095238095,0.9305473030963227,0.5642272536430749,0.46078431372549017,0.7121212121212122,0.9400871459694989
rose,1,66,40,798,120,26,0.73767082590612,0.32223713100721524,0.35398230088495575,0.8386809269162211,0.2709977871179543,0.25,0.6060606060606061,0.869281045751634
rummy,1,14,3,927,43,11,0.5849779086892489,0.09534668199784348,0.1,0.8513254786450664,0.06087089723719681,0.06521739130434782,0.21428571428571427,0.9556701030927836
sandalwood,1,6,0,978,0,6,0.5,,0.0,0.9570552147239264,0.09230732123396856,0.0,0.0,1.0
savory,1,26,2,936,22,24,0.5269792837642524,0.05610332526534815,0.08,0.8884695680102779,0.16164516305413523,0.08333333333333333,0.07692307692307693,0.9770354906054279
sharp,1,20,8,839,125,12,0.6351659751037344,0.11157330342930157,0.10457516339869281,0.8185684647302904,0.10727520089029129,0.06015037593984962,0.4,0.8703319502074689
smoky,1,16,5,949,19,11,0.6464359504132231,0.2401232089474206,0.25,0.8981792355371901,0.18789368210090207,0.20833333333333334,0.3125,0.9803719008264463
soapy,1,8,1,958,18,7,0.5532786885245902,0.06953652231676852,0.07407407407407407,0.815701844262295,0.031011128544115363,0.05263157894736842,0.125,0.9815573770491803
solvent,1,11,5,911,62,6,0.6954125011678969,0.16312218596003178,0.1282051282051282,0.828833037466131,0.1099586134182158,0.07462686567164178,0.45454545454545453,0.9362795477903392
sour,1,15,5,909,60,10,0.6357069143446852,0.1338828829088195,0.125,0.8198830409356725,0.17503650799219525,0.07692307692307693,0.3333333333333333,0.9380804953560371
spicy,1,91,41,774,119,50,0.6586453859690142,0.2491037524559545,0.32669322709163345,0.7816718555800303,0.2760822302912942,0.25625,0.45054945054945056,0.8667413213885778
strawberry,1,10,0,974,0,10,0.5,,0.0,0.8137577002053387,0.060218267108073445,0.0,0.0,1.0
sulfurous,1,81,66,876,27,15,0.8924572412944506,0.7374429034776165,0.7586206896551724,0.9801348044242101,0.7954707823175868,0.7096774193548387,0.8148148148148148,0.9700996677740864
sweaty,1,8,0,976,0,8,0.5,,0.0,0.6931352459016393,0.022136537471948315,0.0,0.0,1.0
sweet,1,284,163,537,163,121,0.6705432595573441,0.3283605679390986,0.5344262295081967,0.7330181086519116,0.5364644884655051,0.5,0.573943661971831,0.7671428571428571
tea,1,12,0,972,0,12,0.5,,0.0,0.5512688614540466,0.09828002598709008,0.0,0.0,1.0
terpenic,1,9,3,942,33,6,0.6497435897435897,0.15186104332414552,0.13333333333333333,0.9433618233618234,0.18635457362248803,0.08333333333333333,0.3333333333333333,0.9661538461538461
tobacco,1,15,7,864,105,8,0.6791537667698658,0.13822805709365618,0.11023622047244094,0.8323357413140695,0.23022949620597044,0.0625,0.4666666666666667,0.891640866873065
tomato,1,11,0,973,0,11,0.5,,0.0,0.9142296552368494,0.20404532125630198,0.0,0.0,1.0
tropical,1,72,40,803,109,32,0.7180190058479532,0.31677554447323536,0.36199095022624433,0.8112816764132553,0.3675945027527651,0.2684563758389262,0.5555555555555556,0.8804824561403509
vanilla,1,22,10,956,6,12,0.7241542241542241,0.524056521231398,0.5263157894736842,0.9578529578529579,0.47808512814770515,0.625,0.45454545454545453,0.9937629937629938
vegetable,1,54,24,839,91,30,0.6732974910394265,0.24569811048442625,0.28402366863905326,0.862863401035444,0.24433729021717016,0.20869565217391303,0.4444444444444444,0.9021505376344086
vetiver,1,11,1,952,21,10,0.5346631785480707,0.04930060696545238,0.06060606060606061,0.7980939923385967,0.05190429902935049,0.045454545454545456,0.09090909090909091,0.9784172661870504
violet,1,16,2,934,34,14,0.5449380165289256,0.060546096150291516,0.07692307692307693,0.781379132231405,0.0800001277996191,0.05555555555555555,0.125,0.9648760330578512
warm,1,19,9,850,115,10,0.6772566130351786,0.1469984756778971,0.1258741258741259,0.7038451049904554,0.051091442328855124,0.07258064516129033,0.47368421052631576,0.8808290155440415
waxy,1,97,45,849,38,52,0.7105382442845687,0.4516554217973361,0.5,0.8735922081846604,0.47199051099856687,0.5421686746987951,0.4639175257731959,0.9571589627959414
weedy,1,8,0,976,0,8,0.5,,0.0,0.5005122950819673,0.00984168846698844,0.0,0.0,1.0
winey,1,45,13,887,52,32,0.6167554135605253,0.19639554909693754,0.23636363636363636,0.8482783102591409,0.1786569177854722,0.2,0.28888888888888886,0.9446219382321619
woody,1,135,78,794,55,57,0.7564978405967805,0.51623071125287,0.582089552238806,0.8641975308641974,0.5697616789115455,0.5864661654135338,0.5777777777777777,0.9352179034157833
alcoholic,2,21,8,972,4,13,0.6884270101483216,0.4962482298698987,0.48484848484848486,0.9557962529274006,0.6060480346986192,0.6666666666666666,0.38095238095238093,0.9959016393442623
aldehydic,2,28,10,939,30,18,0.6630915524104378,0.2746100340216842,0.29411764705882354,0.8981645289694825,0.3319166216560647,0.25,0.35714285714285715,0.9690402476780186
alliaceous,2,24,18,932,41,6,0.8539311408016443,0.45981526779531323,0.43373493975903615,0.9628297362110312,0.37791900172549964,0.3050847457627119,0.75,0.9578622816032888
almond,2,16,4,971,10,12,0.6199031600407747,0.2561028096112061,0.26666666666666666,0.8833460754332314,0.18089226391136498,0.2857142857142857,0.25,0.9898063200815495
amber,2,28,12,932,37,16,0.6951938670204924,0.298356057155735,0.3116883116883117,0.87140645731977,0.2243247985804889,0.24489795918367346,0.42857142857142855,0.9618163054695562
animal,2,28,7,833,136,21,0.5548245614035088,0.05168316624274579,0.08187134502923976,0.6593690107621997,0.053139748406423576,0.04895104895104895,0.25,0.8596491228070176
anisic,2,20,8,965,12,12,0.6938587512794268,0.3877175025588536,0.4,0.8547594677584442,0.2455198617437404,0.4,0.4,0.9877175025588536
apple,2,63,21,922,12,42,0.6602426837972877,0.4358694511997855,0.4375,0.9092484959722648,0.5066107359423929,0.6363636363636364,0.3333333333333333,0.987152034261242
apricot,2,16,11,904,77,5,0.8045043323139653,0.2697706441308493,0.21153846153846154,0.8908639143730888,0.2577210582998409,0.125,0.6875,0.9215086646279307
aromatic,2,18,5,903,76,13,0.6000737714220861,0.09754109236142057,0.10101010101010101,0.801384632845307,0.0742679215911447,0.06172839506172839,0.2777777777777778,0.9223697650663942
balsamic,2,59,31,855,83,28,0.7184687940443064,0.32397690676437946,0.3583815028901734,0.87954898630335,0.38707681865796023,0.2719298245614035,0.5254237288135594,0.9115138592750534
banana,2,30,12,953,14,18,0.6927611168562564,0.41326345772209727,0.42857142857142855,0.9157876594277835,0.40576823375867177,0.46153846153846156,0.4,0.9855222337125129
beefy,2,8,5,917,72,3,0.7760995955510617,0.18454387227731006,0.11764705882352941,0.8551567239635995,0.08409631435531593,0.06493506493506493,0.625,0.9271991911021233
bergamot,2,7,0,990,0,7,0.5,,0.0,0.9287157287157286,0.06591302924911316,0.0,0.0,1.0
berry,2,33,2,955,9,31,0.5256349805104992,0.08780589502167639,0.09090909090909091,0.7509744750408651,0.11548561689912762,0.18181818181818182,0.06060606060606061,0.9906639004149378
bitter,2,13,2,959,25,11,0.5642198248905566,0.08976366760006227,0.1,0.7364759224515322,0.1345680326205066,0.07407407407407407,0.15384615384615385,0.9745934959349594
black currant,2,7,0,990,0,7,0.5,,0.0,0.8753246753246753,0.11734487734487734,0.0,0.0,1.0
brandy,2,6,1,966,25,5,0.5707198116380761,0.06864157728569642,0.0625,0.9308779011099899,0.04888936531508814,0.038461538461538464,0.16666666666666666,0.9747729566094854
burnt,2,35,9,920,42,26,0.6067419067419068,0.1783429121756572,0.20930232558139536,0.8708939708939709,0.19790414482731372,0.17647058823529413,0.2571428571428571,0.9563409563409564
buttery,2,31,12,936,30,19,0.6780204367862153,0.307640095197708,0.3287671232876712,0.8865624791290989,0.27496529411483694,0.2857142857142857,0.3870967741935484,0.968944099378882
cabbage,2,8,1,972,17,7,0.5539054600606673,0.07224009250341351,0.07692307692307693,0.9265672396359959,0.06358801096824782,0.05555555555555555,0.125,0.9828109201213346
camphoreous,2,25,12,961,11,13,0.7343415637860082,0.4881340012116577,0.5,0.9605761316872428,0.5675531727394433,0.5217391304347826,0.48,0.9886831275720165
caramellic,2,46,21,919,32,25,0.7114364741919261,0.39541682638001585,0.42424242424242425,0.8665020801901888,0.45832919135874184,0.39622641509433965,0.45652173913043476,0.9663512092534174
cedar,2,13,3,977,7,10,0.6118277048155097,0.2546185590911872,0.2608695652173913,0.924718574108818,0.26682613555322426,0.3,0.23076923076923078,0.9928861788617886
celery,2,12,0,985,0,12,0.5,,0.0,0.6810490693739425,0.0254184337760189,0.0,0.0,1.0
chamomile,2,5,0,992,0,5,0.5,,0.0,0.8066532258064517,0.21704113910287823,0.0,0.0,1.0
cheesy,2,36,19,908,53,17,0.7363134466412302,0.3406389141756611,0.35185185185185186,0.8837437854087178,0.2523840414284993,0.2638888888888889,0.5277777777777778,0.9448491155046826
cherry,2,16,11,927,54,5,0.8162270642201834,0.3219281044081885,0.2716049382716049,0.926605504587156,0.3130896903893192,0.16923076923076924,0.6875,0.944954128440367
chocolate,2,10,4,923,64,6,0.6675785207700101,0.1324782587314222,0.10256410256410256,0.8131712259371834,0.07080564569723223,0.058823529411764705,0.4,0.9351570415400202
cinnamon,2,15,9,918,64,6,0.7674134419551935,0.2499293083783368,0.20454545454545456,0.9082824168363883,0.24228420170072565,0.1232876712328767,0.6,0.9348268839103869
citrus,2,77,41,864,56,36,0.7357989836250706,0.4248191433782999,0.47126436781609193,0.8830463015245623,0.4491472264778133,0.422680412371134,0.5324675324675324,0.9391304347826087
clean,2,20,0,974,3,20,0.4984646878198567,-0.00786022813432752,0.0,0.7348004094165813,0.04394518129011832,0.0,0.0,0.9969293756397134
clove,2,8,6,959,30,2,0.8598331648129424,0.34416078156629853,0.2727272727272727,0.9437563195146613,0.10980868593771818,0.16666666666666666,0.75,0.9696663296258847
cocoa,2,24,6,971,2,18,0.6239722507708119,0.4259644774951488,0.375,0.7859284001370332,0.3200813843827446,0.75,0.25,0.9979445015416238
coconut,2,20,3,976,1,17,0.5744882292732856,0.33042683145270496,0.25,0.917093142272262,0.3249947435744642,0.75,0.15,0.9989764585465711
coffee,2,22,13,926,49,9,0.7703263403263403,0.32887461956860864,0.30952380952380953,0.9246620046620047,0.22237887033356976,0.20967741935483872,0.5909090909090909,0.9497435897435897
cognac,2,25,14,926,46,11,0.7563374485596708,0.33705422009539004,0.32941176470588235,0.9202880658436214,0.2889495952695969,0.23333333333333334,0.56,0.9526748971193416
cooked,2,16,1,966,15,15,0.5236047400611621,0.047209480122324156,0.0625,0.7992482161060143,0.08930650817764306,0.0625,0.0625,0.9847094801223242
cooling,2,15,5,972,10,10,0.6615750169721656,0.3231500339443313,0.3333333333333333,0.8843856076035302,0.26913186543685896,0.3333333333333333,0.3333333333333333,0.9898167006109979
cortex,2,14,0,983,0,14,0.5,,0.0,0.7853509664292981,0.09088608492370322,0.0,0.0,1.0
coumarinic,2,16,1,975,6,15,0.5281918960244648,0.08485592233917526,0.08695652173913043,0.8217380224260958,0.1128479145109584,0.14285714285714285,0.0625,0.9938837920489296
creamy,2,41,5,948,8,36,0.5567915093376875,0.19882228275674801,0.18518518518518517,0.7769160118379427,0.2174293543488751,0.38461538461538464,0.12195121951219512,0.9916317991631799
cucumber,2,8,7,952,37,1,0.9187942366026289,0.3638321247941482,0.2692307692307692,0.9761122345803842,0.2768615455010594,0.1590909090909091,0.875,0.9625884732052579
dairy,2,23,7,960,14,16,0.6449870547272565,0.3031573231168164,0.3181818181818182,0.8997410945451298,0.25749139172400287,0.3333333333333333,0.30434782608695654,0.9856262833675564
dry,2,37,10,883,77,27,0.5950309684684685,0.12730671357482864,0.16129032258064516,0.716525900900901,0.12039333485828689,0.11494252873563218,0.2702702702702703,0.9197916666666667
earthy,2,64,12,897,36,52,0.5744573954983923,0.17049628492735514,0.21428571428571427,0.6941485798499464,0.17196408653943965,0.25,0.1875,0.9614147909967846
ethereal,2,56,35,888,53,21,0.7843384697130712,0.46156318863726625,0.4861111111111111,0.903028692879915,0.5538786716312959,0.3977272727272727,0.625,0.9436769394261424
fatty,2,119,73,821,57,46,0.7742625524013707,0.5281241445621184,0.5863453815261044,0.8750215348098237,0.6077314290111979,0.5615384615384615,0.6134453781512605,0.9350797266514806
fermented,2,29,9,947,21,20,0.6443253063550869,0.2839457004418241,0.3050847457627119,0.8435807922485038,0.2790787111366824,0.3,0.3103448275862069,0.9783057851239669
fishy,2,15,4,969,13,11,0.626714188730482,0.238297297980058,0.25,0.9166327223353701,0.2546177945305397,0.23529411764705882,0.26666666666666666,0.9867617107942973
floral,2,226,134,678,93,92,0.7361488929444578,0.4715622454734837,0.5916114790286976,0.8372416009549718,0.5962684526157439,0.5903083700440529,0.5929203539823009,0.8793774319066148
fresh,2,101,64,646,250,37,0.6773227545968883,0.23037427457418888,0.30843373493975906,0.7395354490806223,0.21764346377982616,0.20382165605095542,0.6336633663366337,0.7209821428571429
fruit skin,2,12,2,977,8,10,0.5792724196277496,0.1735011157299997,0.18181818181818182,0.8078680203045685,0.1424609392831725,0.2,0.16666666666666666,0.9918781725888325
fruity,2,378,293,450,169,85,0.7510556367583832,0.4885323393801171,0.6976190476190476,0.8452445059876401,0.8035973085930925,0.6341991341991342,0.7751322751322751,0.7269789983844911
garlic,2,24,14,953,20,10,0.7813891743747858,0.4752770237671499,0.4827586206896552,0.9697670435080508,0.44690611477862935,0.4117647058823529,0.5833333333333334,0.9794450154162384
gassy,2,8,0,989,0,8,0.5,,0.0,0.8270980788675428,0.048723383457468225,0.0,0.0,1.0
geranium,2,10,3,935,52,7,0.6236575481256332,0.10794496924739078,0.09230769230769231,0.8466058763931104,0.08046656071368757,0.05454545454545454,0.3,0.9473150962512664
grape,2,17,7,889,91,10,0.659453781512605,0.13867859520433556,0.12173913043478261,0.715186074429772,0.10982279515413895,0.07142857142857142,0.4117647058823529,0.9071428571428571
grapefruit,2,14,6,950,33,8,0.697500363319285,0.2397306777817298,0.22641509433962265,0.9181078331637843,0.17012264185231488,0.15384615384615385,0.42857142857142855,0.9664292980671414
grassy,2,14,3,957,26,11,0.5939180351693067,0.1315173631956384,0.13953488372093023,0.8380322627525069,0.18149145391755017,0.10344827586206896,0.21428571428571427,0.9735503560528993
green,2,292,198,528,177,94,0.713509180996794,0.40116377396913466,0.5937031484257871,0.791863402312251,0.630110787423181,0.528,0.678082191780822,0.7489361702127659
hawthorn,2,9,7,977,11,2,0.8833220872694557,0.5445853680743094,0.5185185185185185,0.9018218623481782,0.4745463309906596,0.3888888888888889,0.7777777777777778,0.9888663967611336
hay,2,13,5,930,54,8,0.6648686679174484,0.15852943982776055,0.1388888888888889,0.8029237023139463,0.15940351560743637,0.0847457627118644,0.38461538461538464,0.9451219512195121
hazelnut,2,13,6,968,16,7,0.7226391494684178,0.34386431369823994,0.34285714285714286,0.8773452157598499,0.2733374603488868,0.2727272727272727,0.46153846153846156,0.983739837398374
herbal,2,144,70,706,147,74,0.6568890842777126,0.26730145156302354,0.3878116343490305,0.7529878207633192,0.34797714993919815,0.3225806451612903,0.4861111111111111,0.8276670574443142
honey,2,31,9,949,17,22,0.6363621184799305,0.2970276344721958,0.3157894736842105,0.8253523008081213,0.26306718855327965,0.34615384615384615,0.2903225806451613,0.9824016563146998
hyacinth,2,14,5,954,29,9,0.6638206656009301,0.2124158190678149,0.20833333333333334,0.9082982124691179,0.12166659709717201,0.14705882352941177,0.35714285714285715,0.970498474059003
jasmin,2,19,5,930,48,14,0.6070390700678076,0.13046518035356153,0.1388888888888889,0.8026584867075663,0.10627353392567854,0.09433962264150944,0.2631578947368421,0.950920245398773
juicy,2,11,4,964,22,7,0.6706619952056058,0.22372026517665577,0.21621621621621623,0.8342245989304813,0.094183265972655,0.15384615384615385,0.36363636363636365,0.9776876267748479
ketonic,2,10,3,976,11,7,0.6444275582573454,0.2446233245895612,0.25,0.8723404255319149,0.1281280756266534,0.21428571428571427,0.3,0.9888551165146909
lactonic,2,19,3,970,8,16,0.5748573888709504,0.19596391069399358,0.2,0.8338714885372942,0.15859650701458605,0.2727272727272727,0.15789473684210525,0.9918200408997955
lavender,2,5,0,982,10,5,0.4949596774193548,-0.007146124689753969,0.0,0.8608870967741936,0.048017225440650804,0.0,0.0,0.9899193548387096
leafy,2,22,14,824,151,8,0.7407459207459207,0.1903263617378731,0.1497326203208556,0.8194871794871795,0.13871560968188545,0.08484848484848485,0.6363636363636364,0.8451282051282051
leathery,2,9,5,966,22,4,0.7666441745389114,0.3107377905379168,0.2777777777777778,0.8798920377867746,0.24282938547325597,0.18518518518518517,0.5555555555555556,0.9777327935222672
lemon,2,17,7,910,70,10,0.6701680672268908,0.16504648671640113,0.14893617021276595,0.8120048019207683,0.10200724176173229,0.09090909090909091,0.4117647058823529,0.9285714285714286
lily,2,10,5,895,92,5,0.7033941236068896,0.1367791345362388,0.09345794392523364,0.7864235055724418,0.05269810760570931,0.05154639175257732,0.5,0.9067882472137792
malty,2,4,0,993,0,4,0.5,,0.0,0.9642497482376636,0.10728121516164994,0.0,0.0,1.0
meaty,2,59,35,891,47,24,0.7715568645874742,0.46644531256333516,0.49645390070921985,0.912092081963066,0.4886272068816474,0.4268292682926829,0.5932203389830508,0.9498933901918977
medicinal,2,14,5,975,8,9,0.674502252579567,0.3619950104736621,0.37037037037037035,0.8646998982706002,0.2473316263365194,0.38461538461538464,0.35714285714285715,0.9918616480162767
melon,2,26,12,937,34,14,0.7132615067733503,0.32401833321648105,0.3333333333333333,0.8901212073199715,0.26530195604368645,0.2608695652173913,0.46153846153846156,0.964984552008239
metallic,2,24,7,888,85,17,0.6021539910928401,0.10820047623733262,0.1206896551724138,0.7443473792394656,0.06466095363574699,0.07608695652173914,0.2916666666666667,0.9126413155190134
milky,2,21,8,918,58,13,0.6607630757220921,0.18569664190584811,0.1839080459770115,0.8312841530054645,0.1927899423300461,0.12121212121212122,0.38095238095238093,0.9405737704918032
mint,2,43,19,904,50,24,0.6947247818243869,0.3117174416745125,0.3392857142857143,0.8767734386426794,0.37912366187249197,0.2753623188405797,0.4418604651162791,0.9475890985324947
muguet,2,8,3,919,70,5,0.6521107178968655,0.1041922784825489,0.07407407407407407,0.8459302325581395,0.03622635614136565,0.0410958904109589,0.375,0.9292214357937311
mushroom,2,20,0,975,2,20,0.49897645854657113,-0.006414623536320596,0.0,0.7704196519959058,0.10740809982894034,0.0,0.0,0.9979529170931423
musk,2,20,10,959,18,10,0.7407881269191402,0.4086828746680777,0.4166666666666667,0.8889969293756398,0.5123917041404756,0.35714285714285715,0.5,0.9815762538382804
musty,2,39,4,934,24,35,0.5387559552486484,0.0909583545450472,0.11940298507462686,0.7289224345591778,0.12294596390954818,0.14285714285714285,0.10256410256410256,0.9749478079331941
natural,2,16,1,967,14,15,0.5241144240570845,0.04978517190534423,0.06451612903225806,0.8232670744138634,0.06973340159377868,0.06666666666666667,0.0625,0.9857288481141692
nutty,2,72,26,899,26,46,0.6665015015015014,0.3876749044161277,0.41935483870967744,0.8480930930930931,0.4570390895470118,0.5,0.3611111111111111,0.9718918918918918
odorless,2,40,30,947,10,10,0.8697753396029257,0.7395506792058516,0.75,0.9490334378265413,0.7499653176984628,0.75,0.75,0.9895506792058516
oily,2,74,44,802,121,30,0.7317501683698867,0.3269362893142919,0.3682008368200837,0.8002693918186875,0.30233862432978603,0.26666666666666666,0.5945945945945946,0.8689057421451788
onion,2,37,20,947,13,17,0.763499436936937,0.5568659697697438,0.5714285714285714,0.979786036036036,0.6690204723390392,0.6060606060606061,0.5405405405405406,0.9864583333333333
orange,2,18,7,937,42,11,0.6729939847917376,0.21310144170931963,0.208955223880597,0.855351265463625,0.16640451730764635,0.14285714285714285,0.3888888888888889,0.9570990806945863
orangeflower,2,7,0,990,0,7,0.5,,0.0,0.8152958152958153,0.024358095557494887,0.0,0.0,1.0
orris,2,13,0,984,0,13,0.5,,0.0,0.8101156973108192,0.07568158082404304,0.0,0.0,1.0
ozone,2,6,0,983,8,6,0.49596367305751765,-0.006998188651227398,0.0,0.824083417423478,0.03376022558676753,0.0,0.0,0.9919273461150353
peach,2,20,7,901,76,13,0.6361054247697031,0.13815148787401685,0.13592233009708737,0.8694984646878199,0.2176944908632093,0.08433734939759036,0.35,0.9222108495394064
pear,2,28,18,905,64,10,0.7884048356184579,0.3468613934521916,0.32727272727272727,0.8726595901518502,0.28380211882682704,0.21951219512195122,0.6428571428571429,0.9339525283797729
phenolic,2,36,12,950,11,24,0.6609434616718696,0.4000118725559184,0.4067796610169492,0.8742051104173892,0.40325500378787404,0.5217391304347826,0.3333333333333333,0.9885535900104059
pine,2,16,8,954,27,8,0.7362385321100917,0.3225920556071766,0.3137254901960784,0.9027140672782875,0.2574125234644988,0.22857142857142856,0.5,0.9724770642201835
pineapple,2,49,14,937,11,35,0.6370554550934298,0.378987942923044,0.3783783783783784,0.8779169895806423,0.3885389610732054,0.56,0.2857142857142857,0.9883966244725738
plum,2,13,1,969,15,12,0.5308395872420263,0.05568180214813139,0.06896551724137931,0.6848030018761726,0.03728958481284342,0.0625,0.07692307692307693,0.9847560975609756
popcorn,2,8,5,957,32,3,0.7963220424671384,0.2797052479650899,0.2222222222222222,0.9403437815975733,0.2578537346202339,0.13513513513513514,0.625,0.967644084934277
potato,2,10,8,907,80,2,0.8594731509625126,0.2525409168277825,0.16326530612244897,0.9360688956433637,0.08588888829782831,0.09090909090909091,0.8,0.9189463019250254
powdery,2,37,19,883,77,18,0.7166525900900901,0.2776721657351384,0.2857142857142857,0.8524774774774775,0.2613779488319894,0.19791666666666666,0.5135135135135135,0.9197916666666667
pungent,2,43,14,885,69,29,0.62662717566184,0.18623151962678977,0.2222222222222222,0.8068109794744284,0.17973210250854987,0.1686746987951807,0.32558139534883723,0.9276729559748428
radish,2,12,4,945,40,8,0.6463620981387479,0.15541558659883123,0.14285714285714285,0.881472081218274,0.07740230641622944,0.09090909090909091,0.3333333333333333,0.9593908629441624
raspberry,2,7,0,990,0,7,0.5,,0.0,0.8375180375180374,0.030844741363580317,0.0,0.0,1.0
ripe,2,16,8,888,93,8,0.7025993883792049,0.16875161152851334,0.13675213675213677,0.8007772680937819,0.10511662455054634,0.07920792079207921,0.5,0.9051987767584098
roasted,2,61,22,913,23,39,0.6680415440661343,0.3879937858116206,0.41509433962264153,0.9100462379150904,0.44927901945587717,0.4888888888888889,0.36065573770491804,0.9754273504273504
rose,2,66,27,882,49,39,0.6782296650717703,0.33397978720119764,0.38028169014084506,0.8789668977638903,0.39969518206381555,0.35526315789473684,0.4090909090909091,0.9473684210526315
rummy,2,18,8,966,13,10,0.7155827942344797,0.39979479399094425,0.41025641025641024,0.856996935648621,0.33082484433770604,0.38095238095238093,0.4444444444444444,0.9867211440245148
sandalwood,2,10,1,953,34,9,0.5327760891590679,0.0354914829640694,0.044444444444444446,0.9174265450861195,0.06897999856771544,0.02857142857142857,0.1,0.9655521783181358
savory,2,26,12,933,38,14,0.7112017745385408,0.308435143160762,0.3157894736842105,0.9019250574348412,0.2909852225139204,0.24,0.46153846153846156,0.96086508753862
sharp,2,20,2,959,18,18,0.5407881269191402,0.08157625383828045,0.1,0.7390481064483111,0.0781907532313885,0.1,0.1,0.9815762538382804
smoky,2,17,3,971,9,14,0.5836434573829532,0.19860525333987183,0.20689655172413793,0.8597238895558224,0.2148050225563192,0.25,0.17647058823529413,0.9908163265306122
soapy,2,11,1,954,32,10,0.529227364927162,0.03413178261418935,0.045454545454545456,0.7614788862253364,0.043688470253196304,0.030303030303030304,0.09090909090909091,0.9675456389452333
solvent,2,13,5,956,28,8,0.6780800500312696,0.22584943224841128,0.21739130434782608,0.8668699186991872,0.12132938205866933,0.15151515151515152,0.38461538461538464,0.9715447154471545
sour,2,14,5,947,36,9,0.6602601366080512,0.18992205750313143,0.18181818181818182,0.7836796977183549,0.09821671263780896,0.12195121951219512,0.35714285714285715,0.9633774160732451
spicy,2,95,39,837,65,56,0.6692321157661337,0.3251138358110751,0.39195979899497485,0.7968140973275761,0.32741652380701436,0.375,0.4105263157894737,0.9279379157427938
strawberry,2,10,2,967,20,8,0.5898682877406282,0.12192180705329052,0.125,0.903951367781155,0.17819881836459292,0.09090909090909091,0.2,0.9797365754812564
sulfurous,2,80,71,880,37,9,0.9235755179934568,0.7405045807102165,0.7553191489361702,0.9712104689203926,0.7323018620210596,0.6574074074074074,0.8875,0.9596510359869138
sweaty,2,9,0,988,0,9,0.5,,0.0,0.8615609536662169,0.04469737516751908,0.0,0.0,1.0
sweet,2,284,215,419,294,69,0.6723500187661735,0.3112264245501026,0.5422446406052963,0.7320585504612529,0.522766963245143,0.4223968565815324,0.7570422535211268,0.5876577840112202
tea,2,15,0,982,0,15,0.5,,0.0,0.8108961303462321,0.04995700599783601,0.0,0.0,1.0
terpenic,2,9,2,977,11,7,0.6055443094916779,0.1759929699491598,0.18181818181818182,0.9200404858299596,0.09762690328873584,0.15384615384615385,0.2222222222222222,0.9888663967611336
tobacco,2,26,12,877,94,14,0.6823655232512081,0.18857201293839146,0.18181818181818182,0.7546542026459637,0.11666051880810621,0.11320754716981132,0.46153846153846156,0.9031925849639547
tomato,2,6,3,969,22,3,0.7389001009081735,0.2363500205987869,0.1935483870967742,0.9006054490413724,0.22355376655037096,0.12,0.5,0.9778002018163471
tropical,2,82,32,849,66,50,0.6590563774490203,0.29356594380068707,0.35555555555555557,0.8080234572837532,0.373158442291416,0.32653061224489793,0.3902439024390244,0.9278688524590164
vanilla,2,23,11,964,10,12,0.733996964556736,0.489270531951463,0.5,0.9429515221855191,0.4470117526197991,0.5238095238095238,0.4782608695652174,0.9897330595482546
vegetable,2,56,32,843,98,24,0.7336420221648702,0.31951301428757983,0.34408602150537637,0.8541824806436922,0.35453041038341226,0.24615384615384617,0.5714285714285714,0.895855472901169
vetiver,2,7,5,946,44,2,0.834920634920635,0.25872375760229477,0.17857142857142858,0.922077922077922,0.1014323205665532,0.10204081632653061,0.7142857142857143,0.9555555555555556
violet,2,13,2,944,40,11,0.5565978736710444,0.06392533395220659,0.07272727272727272,0.7917448405253283,0.04914286133830138,0.047619047619047616,0.15384615384615385,0.959349593495935
warm,2,21,4,902,74,17,0.5573282591725215,0.061309567015278656,0.08080808080808081,0.7129683840749415,0.061557584132254886,0.05128205128205128,0.19047619047619047,0.9241803278688525
waxy,2,97,50,854,46,47,0.732176403207331,0.4665059469988995,0.5181347150259067,0.8893356242840779,0.5064012589883007,0.5208333333333334,0.5154639175257731,0.9488888888888889
weedy,2,8,0,989,0,8,0.5,,0.0,0.7671890798786654,0.034069078906876264,0.0,0.0,1.0
winey,2,41,33,807,149,8,0.824510154097357,0.33362966735502975,0.29596412556053814,0.8991733850392898,0.31547909335579105,0.1813186813186813,0.8048780487804879,0.8441422594142259
woody,2,135,82,793,69,53,0.7636805018475552,0.5033323849150756,0.5734265734265734,0.88596717367019,0.6296176294579736,0.543046357615894,0.6074074074074074,0.919953596287703
alcoholic,3,21,14,905,82,7,0.7917933130699089,0.2839491145681806,0.23931623931623933,0.8716167317991026,0.27487880882526067,0.14583333333333334,0.6666666666666666,0.916919959473151
aldehydic,3,27,12,965,16,15,0.7140672782874617,0.4206342337287049,0.43636363636363634,0.8935704307773624,0.3219001634227795,0.42857142857142855,0.4444444444444444,0.9836901121304791
alliaceous,3,23,16,945,40,7,0.8275215184286029,0.42701131187558183,0.4050632911392405,0.9777532553520194,0.5007459789261482,0.2857142857142857,0.6956521739130435,0.9593908629441624
almond,3,20,2,964,24,18,0.5378542510121458,0.06660329352677907,0.08695652173913043,0.8073380566801619,0.12351042726251021,0.07692307692307693,0.1,0.9757085020242915
amber,3,21,5,968,19,16,0.6094224924012158,0.2050225600506816,0.2222222222222222,0.8875862401698268,0.14564231395024926,0.20833333333333334,0.23809523809523808,0.9807497467071935
animal,3,24,11,870,114,13,0.671239837398374,0.15841730260452822,0.1476510067114094,0.7819275067750677,0.1159068481019051,0.088,0.4583333333333333,0.8841463414634146
anisic,3,21,9,957,30,12,0.6990881458966566,0.29488279166123826,0.3,0.8636561007381677,0.2636218243821606,0.23076923076923078,0.42857142857142855,0.9696048632218845
apple,3,60,36,908,40,24,0.7789029535864979,0.4998597304767199,0.5294117647058824,0.9304676511954992,0.48967835134061893,0.47368421052631576,0.6,0.9578059071729957
apricot,3,13,3,957,38,10,0.5962891379976807,0.10999814102264224,0.1111111111111111,0.7837649787398531,0.08941049536804298,0.07317073170731707,0.23076923076923078,0.9618090452261306
aromatic,3,16,4,968,24,12,0.6129032258064516,0.1717355162964367,0.18181818181818182,0.751008064516129,0.07757014542870103,0.14285714285714285,0.25,0.9758064516129032
balsamic,3,59,15,927,22,44,0.6155274954903467,0.288445646881464,0.3125,0.8409387222946545,0.33879048977129606,0.40540540540540543,0.2542372881355932,0.9768177028451
banana,3,23,11,953,32,12,0.7228867799602736,0.3293809323100057,0.3333333333333333,0.9239902891193997,0.29682553743943596,0.2558139534883721,0.4782608695652174,0.9675126903553299
beefy,3,9,1,958,41,8,0.535035035035035,0.03298552055531996,0.0392156862745098,0.8199310421532643,0.04335170864635627,0.023809523809523808,0.1111111111111111,0.958958958958959
bergamot,3,8,0,1000,0,8,0.5,,0.0,0.875,0.0365876553378244,0.0,0.0,1.0
berry,3,31,16,740,237,15,0.6367748538977118,0.10892577223600768,0.11267605633802817,0.7392610691055568,0.09937054194716222,0.06324110671936758,0.5161290322580645,0.7574206755373593
bitter,3,12,0,996,0,12,0.5,,0.0,0.6910977242302543,0.1467628656205348,0.0,0.0,1.0
black currant,3,7,0,1001,0,7,0.5,,0.0,0.7162837162837163,0.12161949639440635,0.0,0.0,1.0
brandy,3,7,0,1001,0,7,0.5,,0.0,0.8119023833309548,0.029163098633552795,0.0,0.0,1.0
burnt,3,36,17,879,93,19,0.6882716049382716,0.22411178383003738,0.2328767123287671,0.8454503886602651,0.16880745049181378,0.15454545454545454,0.4722222222222222,0.904320987654321
buttery,3,29,4,960,19,25,0.5592617378746786,0.1326822081018877,0.15384615384615385,0.7897220950301151,0.11333746781333448,0.17391304347826086,0.13793103448275862,0.9805924412665986
cabbage,3,11,2,970,27,9,0.5773684690434941,0.09617176260581153,0.1,0.8740767757818911,0.07601946053073269,0.06896551724137931,0.18181818181818182,0.9729187562688064
camphoreous,3,26,5,969,13,21,0.5895347015509949,0.21434332034771272,0.22727272727272727,0.8909995300015667,0.2628478327338093,0.2777777777777778,0.19230769230769232,0.9867617107942973
caramellic,3,46,16,952,10,30,0.6687155382807557,0.44423125536288527,0.4444444444444444,0.9109418783331826,0.45011446989000636,0.6153846153846154,0.34782608695652173,0.9896049896049897
cedar,3,10,2,982,16,8,0.5919839679358717,0.13767451536404654,0.14285714285714285,0.9106212424849699,0.07853947513603605,0.1111111111111111,0.2,0.9839679358717435
celery,3,8,0,1000,0,8,0.5,,0.0,0.49824999999999997,0.008704113978760086,0.0,0.0,1.0
chamomile,3,4,0,1004,0,4,0.5,,0.0,0.9414840637450199,0.11125223185524694,0.0,0.0,1.0
cheesy,3,39,30,740,229,9,0.7664523299198223,0.23520844946385355,0.20134228187919462,0.8348813209494325,0.19057538495615578,0.11583011583011583,0.7692307692307693,0.7636738906088751
cherry,3,14,5,938,56,9,0.6504024144869215,0.147639344038513,0.13333333333333333,0.7818338603046853,0.1290197511847733,0.08196721311475409,0.35714285714285715,0.9436619718309859
chocolate,3,17,0,982,9,17,0.4954591321897074,-0.012431574703131904,0.0,0.7593043271799134,0.0551746775927359,0.0,0.0,0.9909182643794148
cinnamon,3,12,4,959,37,8,0.6480923694779116,0.1626214407488694,0.1509433962264151,0.8767570281124497,0.20890806308836266,0.0975609756097561,0.3333333333333333,0.9628514056224899
citrus,3,73,24,887,48,49,0.6387151124459747,0.27920091475070613,0.3310344827586207,0.8501501721485606,0.3481338182756184,0.3333333333333333,0.3287671232876712,0.948663101604278
clean,3,20,8,888,100,12,0.6493927125506074,0.13471617587797274,0.125,0.7805668016194331,0.0685401556354792,0.07407407407407407,0.4,0.8987854251012146
clove,3,6,0,996,6,6,0.49700598802395207,-0.005988023952095809,0.0,0.8318363273453094,0.07143497197322098,0.0,0.0,0.9940119760479041
cocoa,3,24,6,907,77,18,0.5858739837398375,0.0952543600629755,0.11214953271028037,0.7767191734417345,0.07036517620577383,0.07228915662650602,0.25,0.9217479674796748
coconut,3,22,10,979,7,12,0.7237230315323622,0.5077257632912613,0.5128205128205128,0.8123732251521298,0.4565418159359642,0.5882352941176471,0.45454545454545453,0.9929006085192698
coffee,3,22,10,951,35,12,0.7095242485709017,0.2964795104680195,0.29850746268656714,0.9234740918310897,0.1776616857866756,0.2222222222222222,0.45454545454545453,0.9645030425963489
cognac,3,23,9,974,11,14,0.6900684175678659,0.40703196614891396,0.4186046511627907,0.9093356874862062,0.31540319516732507,0.45,0.391304347826087,0.9888324873096447
cooked,3,16,10,900,92,6,0.7661290322580645,0.22058394171693033,0.1694915254237288,0.8491683467741935,0.09548552161701788,0.09803921568627451,0.625,0.907258064516129
cooling,3,18,2,971,19,16,0.545959595959596,0.08522986957860482,0.10256410256410256,0.8335016835016835,0.07369345536411989,0.09523809523809523,0.1111111111111111,0.9808080808080808
cortex,3,14,0,994,0,14,0.5,,0.0,0.5242167289450992,0.016751023265344864,0.0,0.0,1.0
coumarinic,3,14,0,992,2,14,0.49899396378269617,-0.005291597871748127,0.0,0.8522563955159529,0.09795745874628106,0.0,0.0,0.9979879275653923
creamy,3,38,5,956,14,33,0.5585729788388497,0.16407032043289746,0.17543859649122806,0.7144329896907217,0.1934703852386836,0.2631578947368421,0.13157894736842105,0.9855670103092784
cucumber,3,11,1,992,5,10,0.5429470228868424,0.11601055249367928,0.11764705882352941,0.9202151910276284,0.13920640212865668,0.16666666666666666,0.09090909090909091,0.9949849548645938
dairy,3,24,4,977,7,20,0.5797764227642277,0.23413363207487115,0.22857142857142856,0.7823932926829268,0.131510248638511,0.36363636363636365,0.16666666666666666,0.9928861788617886
dry,3,28,2,946,34,26,0.5183673469387755,0.03253000243161777,0.0625,0.7628279883381924,0.0890370311924381,0.05555555555555555,0.07142857142857142,0.9653061224489796
earthy,3,64,14,855,89,50,0.5622351694915254,0.10020720629822365,0.16766467065868262,0.6796047404661018,0.1428757602627916,0.13592233009708737,0.21875,0.9057203389830508
ethereal,3,59,26,912,37,33,0.7008447786251362,0.3895502384732261,0.4262295081967213,0.8608169170045186,0.3650036860755626,0.4126984126984127,0.4406779661016949,0.9610115911485775
fatty,3,118,51,845,45,67,0.6908207960388497,0.41798304954462245,0.4766355140186916,0.8412302418586937,0.4626388487273354,0.53125,0.4322033898305085,0.949438202247191
fermented,3,31,20,801,176,11,0.7325089972595503,0.20285785889483166,0.1762114537444934,0.8413510747185261,0.21298599752309433,0.10204081632653061,0.6451612903225806,0.81985670419652
fishy,3,16,2,942,50,14,0.5372983870967742,0.04215074519327544,0.058823529411764705,0.714906754032258,0.03531478994510702,0.038461538461538464,0.125,0.9495967741935484
floral,3,215,162,661,132,53,0.7935159388838382,0.5290475871638279,0.6365422396856582,0.8663597172937623,0.6034896081063511,0.5510204081632653,0.7534883720930232,0.8335435056746532
fresh,3,107,58,753,148,49,0.6888970717893929,0.28859493942459885,0.3706070287539936,0.7485141120458056,0.26727562403081184,0.2815533980582524,0.5420560747663551,0.8357380688124306
fruit skin,3,11,0,997,0,11,0.5,,0.0,0.7287316494939363,0.043916250427794915,0.0,0.0,1.0
fruity,3,378,279,491,139,99,0.7587301587301587,0.5084860918329464,0.7010050251256281,0.8458889728730998,0.769355731770279,0.6674641148325359,0.7380952380952381,0.7793650793650794
garlic,3,25,16,965,18,9,0.8108443540183112,0.5355509641171352,0.5423728813559322,0.976236012207528,0.4704059347345477,0.47058823529411764,0.64,0.9816887080366226
gassy,3,7,0,1001,0,7,0.5,,0.0,0.6443556443556443,0.010339950712667958,0.0,0.0,1.0
geranium,3,13,0,989,6,13,0.49698492462311555,-0.008845082748134824,0.0,0.7141863161963665,0.03170922046989984,0.0,0.0,0.9939698492462311
grape,3,17,0,972,19,17,0.49041372351160445,-0.018153747398154604,0.0,0.7480857125897786,0.03713998866509411,0.0,0.0,0.9808274470232089
grapefruit,3,15,0,993,0,15,0.5,,0.0,0.7098355152735817,0.030715297027096,0.0,0.0,1.0
grassy,3,15,0,993,0,15,0.5,,0.0,0.6505538771399799,0.030842086866102885,0.0,0.0,1.0
green,3,290,181,514,204,109,0.6700076841801941,0.3168001511722812,0.5362962962962963,0.7624771875900491,0.6043491716566244,0.4701298701298701,0.6241379310344828,0.7158774373259053
hawthorn,3,4,0,1004,0,4,0.5,,0.0,0.962898406374502,0.06810935566765014,0.0,0.0,1.0
hay,3,19,0,982,7,19,0.49646107178968657,-0.011590725907588625,0.0,0.7322122292586877,0.04244841831025059,0.0,0.0,0.9929221435793731
hazelnut,3,7,1,989,12,6,0.5654345654345654,0.09632079543144778,0.1,0.9450549450549451,0.1855483643784982,0.07692307692307693,0.14285714285714285,0.988011988011988
herbal,3,158,92,564,286,66,0.6229039463886821,0.1845940317694601,0.34328358208955223,0.6754058078927773,0.26394671071560927,0.24338624338624337,0.5822784810126582,0.6635294117647059
honey,3,32,13,922,54,19,0.6754610655737705,0.24698947277845448,0.26262626262626265,0.8325755635245902,0.16097825331861224,0.19402985074626866,0.40625,0.944672131147541
hyacinth,3,10,0,998,0,10,0.5,,0.0,0.8914829659318637,0.11305773024042748,0.0,0.0,1.0
jasmin,3,23,6,960,25,17,0.6177444272787465,0.2036686861131291,0.2222222222222222,0.7943941734716398,0.1537560867045872,0.1935483870967742,0.2608695652173913,0.9746192893401016
juicy,3,13,0,995,0,13,0.5,,0.0,0.9014302280633939,0.0717317975050838,0.0,0.0,1.0
ketonic,3,7,0,1001,0,7,0.5,,0.0,0.7743684886542029,0.03818097805678208,0.0,0.0,1.0
lactonic,3,13,2,989,6,11,0.5739080015461925,0.18795750780184337,0.19047619047619047,0.6932354078082721,0.06082032573478237,0.25,0.15384615384615385,0.9939698492462311
lavender,3,7,0,1001,0,7,0.5,,0.0,0.9016697588126159,0.04097537494899346,0.0,0.0,1.0
leafy,3,33,8,911,64,25,0.5883916083916083,0.12215074985458116,0.1523809523809524,0.6858119658119658,0.07977816075700099,0.1111111111111111,0.24242424242424243,0.9343589743589743
leathery,3,11,0,975,22,11,0.4889669007021063,-0.015689953134562503,0.0,0.7556305279474789,0.030047676028230923,0.0,0.0,0.9779338014042126
lemon,3,13,3,949,46,10,0.5922690374951681,0.09681928227622504,0.0967741935483871,0.837108620023193,0.06067082060041467,0.061224489795918366,0.23076923076923078,0.9537688442211055
lily,3,16,1,971,21,15,0.5206653225806452,0.035353972037462364,0.05263157894736842,0.8689516129032258,0.07807712765181918,0.045454545454545456,0.0625,0.9788306451612904
malty,3,5,0,1003,0,5,0.5,,0.0,0.8015952143569293,0.022086001671235526,0.0,0.0,1.0
meaty,3,60,39,899,49,21,0.7991561181434599,0.5015017224152182,0.527027027027027,0.9046413502109704,0.45379606166524494,0.4431818181818182,0.65,0.9483122362869199
medicinal,3,15,7,964,29,8,0.7187311178247734,0.28541476687223544,0.27450980392156865,0.8241020476670023,0.11518796677245159,0.19444444444444445,0.4666666666666667,0.9707955689828801
melon,3,26,15,829,153,11,0.7105592981356729,0.17912349478105524,0.15463917525773196,0.8185806047313177,0.245266980767025,0.08928571428571429,0.5769230769230769,0.8441955193482689
metallic,3,29,5,894,85,24,0.542795252016484,0.05017337706070357,0.08403361344537816,0.5758162798069811,0.06548495633001254,0.05555555555555555,0.1724137931034483,0.9131767109295199
milky,3,15,2,980,13,13,0.5601208459214502,0.1202416918429003,0.13333333333333333,0.7069486404833837,0.12684714206028555,0.13333333333333333,0.13333333333333333,0.9869083585095669
mint,3,48,8,944,16,40,0.575,0.20952908873087345,0.2222222222222222,0.7936197916666666,0.17193340497618123,0.3333333333333333,0.16666666666666666,0.9833333333333333
muguet,3,12,0,986,10,12,0.49497991967871485,-0.010987418917096176,0.0,0.8620314591700133,0.05865823469428537,0.0,0.0,0.9899598393574297
mushroom,3,19,6,933,56,13,0.6295833111595976,0.1466940848036346,0.14814814814814814,0.7917087967644085,0.09233959861180087,0.0967741935483871,0.3157894736842105,0.9433771486349848
musk,3,20,13,939,49,7,0.8002024291497976,0.348494762049483,0.3170731707317073,0.9061234817813766,0.4214264478257463,0.20967741935483872,0.65,0.9504048582995951
musty,3,38,25,672,298,13,0.6753391209983722,0.1431330544632186,0.13850415512465375,0.6715680954964731,0.07466435429640665,0.07739938080495357,0.6578947368421053,0.6927835051546392
natural,3,14,0,994,0,14,0.5,,0.0,0.6239580339177925,0.023742265391261244,0.0,0.0,1.0
nutty,3,72,18,932,4,54,0.6228632478632479,0.4331181286346283,0.3829787234042553,0.8225308641975309,0.472351836316591,0.8181818181818182,0.25,0.9957264957264957
odorless,3,40,30,946,22,10,0.8636363636363636,0.6418512010382309,0.6521739130434783,0.8809400826446282,0.7453296939799497,0.5769230769230769,0.75,0.9772727272727273
oily,3,85,18,869,54,67,0.5766299152380345,0.16536152988439878,0.22929936305732485,0.7677777069657766,0.24071672830658175,0.25,0.21176470588235294,0.9414951245937161
onion,3,35,18,952,21,17,0.7463514902363824,0.467715152271867,0.4864864864864865,0.9631184848039935,0.47529582597138065,0.46153846153846156,0.5142857142857142,0.9784172661870504
orange,3,19,11,940,49,8,0.7647011867383322,0.3042853450729972,0.27848101265822783,0.9150125059869086,0.2269099837817518,0.18333333333333332,0.5789473684210527,0.9504550050556118
orangeflower,3,5,0,1003,0,5,0.5,,0.0,0.7974077766699901,0.01842603031520048,0.0,0.0,1.0
orris,3,12,0,996,0,12,0.5,,0.0,0.847975234270415,0.11393471225125294,0.0,0.0,1.0
ozone,3,9,0,999,0,9,0.5,,0.0,0.7857857857857857,0.038171831488063794,0.0,0.0,1.0
peach,3,19,4,957,32,15,0.5890852003618754,0.13056480372015394,0.14545454545454545,0.8309829173540524,0.11561923667613812,0.1111111111111111,0.21052631578947367,0.967644084934277
pear,3,24,4,974,10,20,0.5782520325203252,0.2038785717105851,0.21052631578947367,0.925855352303523,0.24527756477183993,0.2857142857142857,0.16666666666666666,0.9898373983739838
phenolic,3,35,24,950,23,11,0.83103802672148,0.5748938989414909,0.5853658536585366,0.9537219204228455,0.4388950716412521,0.5106382978723404,0.6857142857142857,0.9763617677286742
pine,3,14,10,936,58,4,0.8279678068410463,0.3060553941392974,0.24390243902439024,0.9337453291175626,0.2044397587132188,0.14705882352941177,0.7142857142857143,0.9416498993963782
pineapple,3,40,17,958,10,23,0.7073347107438016,0.5013641763771729,0.5074626865671642,0.9209452479338843,0.5111043660302542,0.6296296296296297,0.425,0.9896694214876033
plum,3,11,0,997,0,11,0.5,,0.0,0.7644752439135588,0.04262048288577832,0.0,0.0,1.0
popcorn,3,7,0,1001,0,7,0.5,,0.0,0.984015984015984,0.3273642790449513,0.0,0.0,1.0
potato,3,11,5,957,40,6,0.7072125467311023,0.20848296044803824,0.17857142857142858,0.9143795021427921,0.14374358948764124,0.1111111111111111,0.45454545454545453,0.9598796389167502
powdery,3,31,13,757,220,18,0.5970878594776637,0.07952327162906435,0.09848484848484848,0.7423316934658434,0.10534481071475436,0.055793991416309016,0.41935483870967744,0.77482088024565
pungent,3,38,20,855,115,18,0.7038795442213781,0.2280380449792395,0.23121387283236994,0.8100108518719479,0.16271332995961285,0.14814814814814814,0.5263157894736842,0.8814432989690721
radish,3,11,3,960,37,8,0.6178079693626333,0.12539520023260967,0.11764705882352941,0.8324974924774322,0.056196169208870925,0.075,0.2727272727272727,0.9628886659979939
raspberry,3,10,0,998,0,10,0.5,,0.0,0.6932865731462926,0.02956488907652035,0.0,0.0,1.0
ripe,3,15,1,987,6,14,0.5303121852970796,0.08838965479947838,0.09090909090909091,0.762134944612286,0.08590166261637582,0.14285714285714285,0.06666666666666667,0.9939577039274925
roasted,3,58,47,869,81,11,0.8625408348457351,0.5071266160621953,0.5053763440860215,0.9353176043557169,0.4069128125407183,0.3671875,0.8103448275862069,0.9147368421052632
rose,3,67,16,916,25,51,0.6061192443732454,0.2676401053981343,0.2962962962962963,0.8333941345345536,0.32749568638216253,0.3902439024390244,0.23880597014925373,0.973432518597237
rummy,3,15,10,921,72,5,0.797079556898288,0.2631543766565183,0.20618556701030927,0.9039946290701577,0.20944707116426117,0.12195121951219512,0.6666666666666666,0.9274924471299094
sandalwood,3,7,0,1001,0,7,0.5,,0.0,0.7946339374910804,0.03257774611168422,0.0,0.0,1.0
savory,3,26,11,944,38,15,0.6921901926993577,0.28333243378846723,0.29333333333333333,0.7991148362838791,0.15601240298027413,0.22448979591836735,0.4230769230769231,0.9613034623217923
sharp,3,23,2,918,67,21,0.5094681085853012,0.011197418688052838,0.043478260869565216,0.6364158022511587,0.04257645697961906,0.028985507246376812,0.08695652173913043,0.9319796954314721
smoky,3,11,7,947,50,4,0.7931065925047871,0.2636767382544453,0.20588235294117646,0.9365368833774049,0.15800458242084767,0.12280701754385964,0.6363636363636364,0.9498495486459378
soapy,3,13,0,995,0,13,0.5,,0.0,0.8143795902589873,0.07307973558920154,0.0,0.0,1.0
solvent,3,10,0,998,0,10,0.5,,0.0,0.905811623246493,0.0661641344802573,0.0,0.0,1.0
sour,3,14,3,968,26,11,0.5940643863179075,0.13171101220137954,0.13953488372093023,0.7239867778097154,0.058605622698566076,0.10344827586206896,0.21428571428571427,0.9738430583501007
spicy,3,91,15,883,34,76,0.5638788692223807,0.17024926111988928,0.21428571428571427,0.7644972257840306,0.26746343961102015,0.30612244897959184,0.16483516483516483,0.9629225736095965
strawberry,3,7,0,1001,0,7,0.5,,0.0,0.7583844726701869,0.05778381681018182,0.0,0.0,1.0
sulfurous,3,80,69,883,45,11,0.9070043103448275,0.6947471930751337,0.711340206185567,0.9766029094827586,0.7440054515516437,0.6052631578947368,0.8625,0.9515086206896551
sweaty,3,9,0,999,0,9,0.5,,0.0,0.721388054721388,0.03922563667167324,0.0,0.0,1.0
sweet,3,291,206,443,274,85,0.6628779709269723,0.29557033134251065,0.5343709468223087,0.7199480462216088,0.49162522561791483,0.42916666666666664,0.7079037800687286,0.6178521617852162
tea,3,10,0,998,0,10,0.5,,0.0,0.7055110220440882,0.018272605879024042,0.0,0.0,1.0
terpenic,3,12,0,996,0,12,0.5,,0.0,0.8334170013386881,0.05668783389042925,0.0,0.0,1.0
tobacco,3,20,1,962,26,19,0.5118421052631579,0.020456719828111865,0.0425531914893617,0.7103238866396762,0.03867291150531266,0.037037037037037035,0.05,0.9736842105263158
tomato,3,8,0,1000,0,8,0.5,,0.0,0.942875,0.07440510288549505,0.0,0.0,1.0
tropical,3,77,35,831,100,42,0.6735670344692901,0.2707343965015152,0.330188679245283,0.7713671934939389,0.23890693401835467,0.25925925925925924,0.45454545454545453,0.8925886143931256
vanilla,3,22,14,950,36,8,0.7999262400885119,0.40367002357682996,0.3888888888888889,0.9116725059929929,0.5134727710691067,0.28,0.6363636363636364,0.9634888438133874
vegetable,3,66,32,835,107,34,0.6856301872225439,0.26635369699030365,0.3121951219512195,0.8009393296017501,0.22313034875321397,0.2302158273381295,0.48484848484848486,0.886411889596603
vetiver,3,8,0,1000,0,8,0.5,,0.0,0.826375,0.04249174825549826,0.0,0.0,1.0
violet,3,15,0,993,0,15,0.5,,0.0,0.7154749916079222,0.03488339600784304,0.0,0.0,1.0
warm,3,17,0,991,0,17,0.5,,0.0,0.7429215884133673,0.03666965035069404,0.0,0.0,1.0
waxy,3,97,49,852,59,48,0.7201953217830186,0.4199039950657531,0.47804878048780486,0.8929238290311994,0.41352311238555534,0.4537037037037037,0.5051546391752577,0.9352360043907794
weedy,3,11,0,997,0,11,0.5,,0.0,0.5646028996079147,0.023630409447556837,0.0,0.0,1.0
winey,3,45,36,728,235,9,0.7779854620976117,0.2589721669781141,0.22784810126582278,0.8445598246221299,0.18290705257547143,0.13284132841328414,0.8,0.7559709241952233
woody,3,136,95,760,112,41,0.7850445223961144,0.4821353347921728,0.5539358600583091,0.857992107393416,0.5936858751318796,0.45893719806763283,0.6985294117647058,0.8715596330275229
alcoholic,4,21,16,969,14,5,0.873831322966623,0.6284228729386785,0.6274509803921569,0.9631352032165867,0.654730074315442,0.5333333333333333,0.7619047619047619,0.9857578840284842
aldehydic,4,30,5,937,37,25,0.5643394934976044,0.10942978801337702,0.1388888888888889,0.7778918548939083,0.12077348674188502,0.11904761904761904,0.16666666666666666,0.9620123203285421
alliaceous,4,24,11,966,14,13,0.7220238095238095,0.43529818286016536,0.4489795918367347,0.9596513605442177,0.44468535959734207,0.44,0.4583333333333333,0.9857142857142858
almond,4,17,1,967,20,16,0.5192800524465105,0.03476440793108446,0.05263157894736842,0.8166160081053697,0.059039245357147094,0.047619047619047616,0.058823529411764705,0.9797365754812564
amber,4,17,7,963,24,10,0.6937242982299303,0.2889747268973267,0.2916666666666667,0.871625245843018,0.28269570522583637,0.22580645161290322,0.4117647058823529,0.9756838905775076
animal,4,24,11,881,99,13,0.678656462585034,0.17474400414095434,0.16417910447761194,0.7540391156462585,0.1621189672812503,0.1,0.4583333333333333,0.8989795918367347
anisic,4,15,3,977,12,12,0.5939332659251769,0.1878665318503539,0.2,0.758139534883721,0.12201447498900768,0.2,0.2,0.9878665318503539
apple,4,58,25,924,22,33,0.7038893344025661,0.4503800770790144,0.47619047619047616,0.934916526937377,0.493800594719716,0.5319148936170213,0.43103448275862066,0.9767441860465116
apricot,4,17,5,942,45,12,0.6242624709458251,0.14739875946274733,0.14925373134328357,0.7768639370641874,0.06914410323540388,0.1,0.29411764705882354,0.9544072948328267
aromatic,4,13,1,969,22,12,0.527361639369712,0.04135063583067621,0.05555555555555555,0.6746099510983468,0.03321008506146002,0.043478260869565216,0.07692307692307693,0.9778002018163471
balsamic,4,60,21,905,39,39,0.6543432203389831,0.3086864406779661,0.35,0.8750353107344633,0.3038481755023941,0.35,0.35,0.9586864406779662
banana,4,25,13,958,21,12,0.7492747701736466,0.4294813848054545,0.4406779661016949,0.9391624106230847,0.44871496778473774,0.38235294117647056,0.52,0.9785495403472931
beefy,4,8,6,922,74,2,0.8378514056224899,0.22184487969271127,0.13636363636363635,0.8856676706827309,0.07255197911806013,0.075,0.75,0.9257028112449799
bergamot,4,6,0,998,0,6,0.5,,0.0,0.9746158984635939,0.11417413917413918,0.0,0.0,1.0
berry,4,30,1,957,17,29,0.5079397672826831,0.020375260255198948,0.041666666666666664,0.7266255989048598,0.09961350571356517,0.05555555555555555,0.03333333333333333,0.9825462012320328
bitter,4,15,0,989,0,15,0.5,,0.0,0.6992248062015504,0.03726933523094958,0.0,0.0,1.0
black currant,4,6,0,998,0,6,0.5,,0.0,0.871743486973948,0.1899965124389677,0.0,0.0,1.0
brandy,4,14,0,990,0,14,0.5,,0.0,0.8670995670995671,0.05737319661358429,0.0,0.0,1.0
burnt,4,38,10,924,42,28,0.6098398169336384,0.18916901895933186,0.2222222222222222,0.8720714830554647,0.17565565499772995,0.19230769230769232,0.2631578947368421,0.9565217391304348
buttery,4,27,6,953,24,21,0.5988286136699648,0.18780266772274024,0.21052631578947367,0.7742901550475757,0.14104807153119478,0.2,0.2222222222222222,0.9754350051177073
cabbage,4,9,4,958,37,5,0.7036292573981016,0.1939536229046728,0.16,0.8869905080960357,0.2187153943211142,0.0975609756097561,0.4444444444444444,0.9628140703517588
camphoreous,4,28,13,956,20,15,0.7218969555035128,0.409844091887697,0.4262295081967213,0.9375,0.4099348806156647,0.3939393939393939,0.4642857142857143,0.9795081967213115
caramellic,4,49,26,907,48,23,0.7401752323966235,0.3960961370381645,0.42276422764227645,0.8606475050753286,0.34473061563366764,0.35135135135135137,0.5306122448979592,0.949738219895288
cedar,4,8,2,988,8,6,0.6209839357429718,0.2166402632115187,0.2222222222222222,0.9735190763052208,0.28333343887200274,0.2,0.25,0.9919678714859438
celery,4,9,0,995,0,9,0.5,,0.0,0.666108319374651,0.053112899494898586,0.0,0.0,1.0
chamomile,4,7,0,997,0,7,0.5,,0.0,0.9363805702822754,0.09756922101702425,0.0,0.0,1.0
cheesy,4,37,3,944,23,34,0.5286480896615333,0.0679647401193601,0.09523809523809523,0.8287822465692166,0.14220979782705873,0.11538461538461539,0.08108108108108109,0.9762150982419855
cherry,4,16,2,975,13,14,0.555921052631579,0.1154516174684783,0.12903225806451613,0.8549468623481781,0.07642656318583281,0.13333333333333333,0.125,0.9868421052631579
chocolate,4,18,2,981,5,16,0.553020058598152,0.16910183093423548,0.16,0.766114491773721,0.13256392408439713,0.2857142857142857,0.1111111111111111,0.9949290060851927
cinnamon,4,14,3,978,12,11,0.6010822510822511,0.19540818030616125,0.20689655172413793,0.9214285714285715,0.1371425554256127,0.2,0.21428571428571427,0.9878787878787879
citrus,4,73,41,851,80,32,0.7378573635654695,0.3794109232475542,0.422680412371134,0.8326442328914263,0.32888886452440325,0.33884297520661155,0.5616438356164384,0.9140708915145005
clean,4,17,4,896,91,13,0.5715477680433876,0.06307617926389877,0.07142857142857142,0.7430120984564038,0.058072255987716655,0.042105263157894736,0.23529411764705882,0.9078014184397163
clove,4,7,0,997,0,7,0.5,,0.0,0.8528442470267946,0.030613299451914856,0.0,0.0,1.0
cocoa,4,22,7,955,27,15,0.6453434549157563,0.23527036907748294,0.25,0.7992501388631734,0.21525265031838758,0.20588235294117646,0.3181818181818182,0.9725050916496945
coconut,4,19,2,983,2,17,0.5516163505209725,0.22329665157198264,0.17391304347826086,0.8683943360940422,0.2410295483017895,0.5,0.10526315789473684,0.9979695431472081
coffee,4,22,4,974,8,18,0.5868357711534901,0.23396413390865595,0.23529411764705882,0.9378355860025921,0.22968216359254384,0.3333333333333333,0.18181818181818182,0.9918533604887984
cognac,4,23,10,947,34,13,0.7000620484864601,0.292436228296127,0.29850746268656714,0.9563887780880201,0.27346832078013533,0.22727272727272727,0.43478260869565216,0.9653414882772681
cooked,4,19,0,981,4,19,0.49796954314720815,-0.008783926252314018,0.0,0.8692492652952178,0.15001302885049814,0.0,0.0,0.9959390862944163
cooling,4,15,4,923,66,11,0.5999662959218065,0.0952368260427231,0.09411764705882353,0.8166498146275699,0.06167265123939084,0.05714285714285714,0.26666666666666666,0.9332659251769464
cortex,4,8,0,996,0,8,0.5,,0.0,0.7010542168674699,0.01767267758554319,0.0,0.0,1.0
coumarinic,4,8,5,951,45,3,0.7899096385542168,0.2369780509894407,0.1724137931034483,0.9574548192771084,0.09566232553821735,0.1,0.625,0.9548192771084337
creamy,4,36,7,942,26,29,0.5837924701561066,0.17476615567568324,0.2028985507246377,0.7342171717171717,0.16921786859932203,0.21212121212121213,0.19444444444444445,0.9731404958677686
cucumber,4,6,3,971,27,3,0.7364729458917836,0.21409782106785877,0.16666666666666666,0.8964595858383433,0.23942677252408123,0.1,0.5,0.9729458917835672
dairy,4,27,3,971,6,24,0.552484931195269,0.18016108833738226,0.16666666666666666,0.7413093748815346,0.16566536646452182,0.3333333333333333,0.1111111111111111,0.9938587512794268
dry,4,33,0,962,9,33,0.49536560247167866,-0.017533033771580542,0.0,0.7496489092781575,0.10066958994504645,0.0,0.0,0.9907312049433573
earthy,4,63,20,844,97,43,0.6071892448087985,0.16202855260044244,0.2222222222222222,0.7188907443955266,0.19705838489865085,0.17094017094017094,0.31746031746031744,0.8969181721572795
ethereal,4,60,30,924,20,30,0.7394067796610169,0.5217577075864436,0.5454545454545454,0.9027718926553672,0.6121547248096707,0.6,0.5,0.9788135593220338
fatty,4,118,70,827,59,48,0.7633144584305773,0.5068316008099216,0.5668016194331984,0.8501453877644718,0.5334169399395212,0.5426356589147286,0.5932203389830508,0.9334085778781038
fermented,4,28,13,904,72,15,0.6952576112412179,0.23098015769782626,0.23008849557522124,0.8688890515222483,0.18351771019942134,0.15294117647058825,0.4642857142857143,0.9262295081967213
fishy,4,15,5,926,63,10,0.6348163127738456,0.13017387566331945,0.12048192771084337,0.7843613077182339,0.08334437027943092,0.07352941176470588,0.3333333333333333,0.9362992922143579
floral,4,214,149,645,145,65,0.7563586892227612,0.46141916693762147,0.5866141732283464,0.824890571394771,0.5398066015492385,0.5068027210884354,0.6962616822429907,0.8164556962025317
fresh,4,102,55,694,208,47,0.654308508325725,0.21204900800584697,0.3013698630136986,0.7488261379940002,0.2786103768492327,0.20912547528517111,0.5392156862745098,0.7694013303769401
fruit skin,4,10,0,991,3,10,0.4984909456740443,-0.0054909867586373905,0.0,0.7848088531187123,0.03359624152238009,0.0,0.0,0.9969818913480886
fruity,4,379,258,512,113,121,0.7499693931398417,0.5020970102442366,0.688,0.8376738786279684,0.7657602004893804,0.6954177897574124,0.6807387862796834,0.8192
garlic,4,24,16,971,9,8,0.8287414965986395,0.6445280639361928,0.6530612244897959,0.9843537414965987,0.6807708032776157,0.64,0.6666666666666666,0.9908163265306122
gassy,4,6,0,998,0,6,0.5,,0.0,0.8530394121576486,0.021919389120815147,0.0,0.0,1.0
geranium,4,10,1,984,10,9,0.544969818913481,0.08579724838790038,0.09523809523809523,0.7985915492957747,0.07165949798966616,0.09090909090909091,0.1,0.9899396378269618
grape,4,17,11,876,111,6,0.7672984087251922,0.21110338545174326,0.15827338129496402,0.8624471065021754,0.1350900163827671,0.09016393442622951,0.6470588235294118,0.8875379939209727
grapefruit,4,12,0,971,21,12,0.4894153225806452,-0.016075617917163647,0.0,0.6790994623655914,0.025246382080620817,0.0,0.0,0.9788306451612904
grassy,4,12,0,985,7,12,0.4964717741935484,-0.009215867620731498,0.0,0.7610047043010753,0.05149455816020562,0.0,0.0,0.9929435483870968
green,4,284,248,370,350,36,0.6935641627543035,0.3552767264129201,0.562358276643991,0.7694786776212832,0.5457606231121618,0.41471571906354515,0.8732394366197183,0.5138888888888888
hawthorn,4,5,0,999,0,5,0.5,,0.0,0.8374374374374374,0.017482594707273817,0.0,0.0,1.0
hay,4,13,1,968,23,12,0.5268570985019018,0.03975382598636365,0.05405405405405406,0.8205386944034775,0.12547142023149838,0.041666666666666664,0.07692307692307693,0.9767911200807265
hazelnut,4,14,7,973,17,7,0.7414141414141414,0.3706428771420575,0.3684210526315789,0.9724386724386724,0.31642313221718527,0.2916666666666667,0.5,0.9828282828282828
herbal,4,151,92,638,215,59,0.6786099702646677,0.27714886621161533,0.4017467248908297,0.7498971297252394,0.3255174826641537,0.2996742671009772,0.609271523178808,0.7479484173505275
honey,4,31,9,968,5,22,0.6425919172496105,0.4207077922867442,0.4,0.8547226734741239,0.3999663146820027,0.6428571428571429,0.2903225806451613,0.9948612538540597
hyacinth,4,11,0,988,5,11,0.49748237663645517,-0.007446016193585738,0.0,0.8880344227776252,0.0859698582857428,0.0,0.0,0.9949647532729103
jasmin,4,22,8,883,99,14,0.6314108498426217,0.12469246014423037,0.12403100775193798,0.7786521014626921,0.12331013147332545,0.07476635514018691,0.36363636363636365,0.8991853360488798
juicy,4,10,3,973,21,7,0.6394366197183099,0.18129314167754912,0.17647058823529413,0.8418511066398391,0.06090325146839772,0.125,0.3,0.9788732394366197
ketonic,4,9,0,995,0,9,0.5,,0.0,0.9487437185929648,0.1946354841059931,0.0,0.0,1.0
lactonic,4,11,2,991,2,9,0.589902041563673,0.2971259073448946,0.26666666666666666,0.7898013366291312,0.15058257698025895,0.5,0.18181818181818182,0.9979859013091642
lavender,4,5,0,999,0,5,0.5,,0.0,0.9535535535535535,0.07903179976615819,0.0,0.0,1.0
leafy,4,25,11,798,181,14,0.62755873340143,0.1010817879495186,0.10138248847926268,0.730582226762002,0.06286633593588047,0.057291666666666664,0.44,0.81511746680286
leathery,4,9,2,978,17,7,0.6025683975432718,0.1418996896103505,0.14285714285714285,0.8529313232830821,0.10282411400139428,0.10526315789473684,0.2222222222222222,0.9829145728643216
lemon,4,20,2,983,1,18,0.5494918699186992,0.2533954074207254,0.17391304347826086,0.8552337398373984,0.28213470820857034,0.6666666666666666,0.1,0.9989837398373984
lily,4,15,0,987,2,15,0.49898887765419614,-0.005502101791666848,0.0,0.8757667677789013,0.11452276338252301,0.0,0.0,0.9979777553083923
malty,4,6,0,998,0,6,0.5,,0.0,0.7710420841683366,0.307064487901916,0.0,0.0,1.0
meaty,4,60,30,903,41,30,0.7282838983050848,0.42217926743471473,0.4580152671755725,0.9334922316384181,0.44520739850838525,0.4225352112676056,0.5,0.9565677966101694
medicinal,4,13,3,986,5,10,0.612861911045564,0.28701938932678933,0.2857142857142857,0.9164790809594039,0.3089733126800421,0.375,0.23076923076923078,0.9949545913218971
melon,4,28,12,927,49,16,0.6891832552693208,0.2607929520520474,0.2696629213483146,0.8217213114754098,0.36497070788471736,0.19672131147540983,0.42857142857142855,0.9497950819672131
metallic,4,24,5,840,140,19,0.5327380952380952,0.02845256859926527,0.05917159763313609,0.5913265306122448,0.08339278460479232,0.034482758620689655,0.20833333333333334,0.8571428571428571
milky,4,16,3,988,0,13,0.59375,0.43019174220913986,0.3157894736842105,0.7971912955465587,0.28358843054714705,1.0,0.1875,1.0
mint,4,44,17,923,37,27,0.6739109848484848,0.31561692361389404,0.3469387755102041,0.8538352272727273,0.23613451964671986,0.3148148148148148,0.38636363636363635,0.9614583333333333
muguet,4,11,1,987,6,10,0.5424333974182917,0.1061725304426346,0.1111111111111111,0.8723793829534011,0.096163246380535,0.14285714285714285,0.09090909090909091,0.9939577039274925
mushroom,4,19,5,941,44,14,0.6092439219877104,0.13817277155402483,0.14705882352941177,0.7778252738445097,0.12964354307266768,0.10204081632653061,0.2631578947368421,0.9553299492385787
musk,4,19,11,929,56,8,0.7610472882714401,0.28506040692789775,0.2558139534883721,0.8349986641731232,0.41767307557657163,0.16417910447761194,0.5789473684210527,0.9431472081218274
musty,4,38,10,904,62,28,0.5994878500599324,0.14716556381274107,0.18181818181818182,0.6465892993352949,0.0959147917857615,0.1388888888888889,0.2631578947368421,0.9358178053830227
natural,4,14,3,941,49,11,0.5823953823953824,0.08719555341780706,0.09090909090909091,0.7893939393939394,0.040335112275929494,0.057692307692307696,0.21428571428571427,0.9505050505050505
nutty,4,72,30,901,31,42,0.6917024320457797,0.4141055573235172,0.45112781954887216,0.8347043395326658,0.41947195316288904,0.4918032786885246,0.4166666666666667,0.9667381974248928
odorless,4,40,28,956,8,12,0.845850622406639,0.7276091315101775,0.7368421052631579,0.8972251037344399,0.7716664094740687,0.7777777777777778,0.7,0.991701244813278
oily,4,71,51,730,203,20,0.7503660764156213,0.29527588869243837,0.31384615384615383,0.8321332065274821,0.3652699725099495,0.20078740157480315,0.7183098591549296,0.782422293676313
onion,4,34,22,953,17,12,0.8147665251667677,0.5893155501233961,0.6027397260273972,0.9805336567616738,0.6294796635710399,0.5641025641025641,0.6470588235294118,0.9824742268041237
orange,4,20,8,915,69,12,0.664939024390244,0.17321310004012597,0.16494845360824742,0.8431910569105692,0.15777389568507857,0.1038961038961039,0.4,0.9298780487804879
orangeflower,4,6,0,998,0,6,0.5,,0.0,0.9106546426185704,0.04379359001711121,0.0,0.0,1.0
orris,4,11,0,987,6,11,0.49697885196374625,-0.008160787566466429,0.0,0.8033507278220269,0.037103596318251296,0.0,0.0,0.9939577039274925
ozone,4,11,0,993,0,11,0.5,,0.0,0.7425615673349812,0.13312826776136405,0.0,0.0,1.0
peach,4,22,3,982,0,19,0.5681818181818181,0.3657530800875058,0.24,0.7999907424551009,0.2691338896598192,1.0,0.13636363636363635,1.0
pear,4,26,14,932,46,12,0.7457133868176813,0.3292708560885258,0.32558139534883723,0.9211105867547585,0.2683054680293124,0.23333333333333334,0.5384615384615384,0.9529652351738241
phenolic,4,35,10,962,7,25,0.6392451717529117,0.39593419788209255,0.38461538461538464,0.9399675659737579,0.47555356933768345,0.5882352941176471,0.2857142857142857,0.9927760577915377
pine,4,13,11,923,68,2,0.8887681440658232,0.32647111190242234,0.2391304347826087,0.9558332686486066,0.22079612838132504,0.13924050632911392,0.8461538461538461,0.9313824419778002
pineapple,4,38,16,939,27,22,0.6965511605099706,0.3705015660003029,0.3950617283950617,0.8806527187534052,0.3661650762784541,0.37209302325581395,0.42105263157894735,0.9720496894409938
plum,4,13,0,991,0,13,0.5,,0.0,0.7358534502833192,0.028773294880267298,0.0,0.0,1.0
popcorn,4,7,2,984,13,5,0.6363375841811147,0.18702446186416247,0.18181818181818182,0.9560108898122941,0.11711047293168765,0.13333333333333333,0.2857142857142857,0.9869608826479438
potato,4,12,4,981,11,8,0.661122311827957,0.2886611676745383,0.2962962962962963,0.8986055107526881,0.23551747606696039,0.26666666666666666,0.3333333333333333,0.9889112903225806
powdery,4,32,3,967,5,29,0.5443029835390947,0.17506383132614967,0.15,0.8170010288065843,0.12885593754292207,0.375,0.09375,0.9948559670781894
pungent,4,39,23,846,119,16,0.733213763783712,0.25863204198953454,0.2541436464088398,0.8338514680483593,0.2054132754757491,0.1619718309859155,0.5897435897435898,0.8766839378238342
radish,4,9,5,949,46,4,0.7546621998883305,0.21862294426095066,0.16666666666666666,0.883752093802345,0.05609546510663428,0.09803921568627451,0.5555555555555556,0.9537688442211055
raspberry,4,12,0,992,0,12,0.5,,0.0,0.7077452956989247,0.029691112588318032,0.0,0.0,1.0
ripe,4,19,3,973,12,16,0.572855997862677,0.16366146970560153,0.17647058823529413,0.8274111675126904,0.17667621561319508,0.2,0.15789473684210525,0.9878172588832488
roasted,4,56,41,883,65,15,0.8317887281494876,0.4955628073344045,0.5061728395061729,0.9561482820976492,0.5836344290223197,0.3867924528301887,0.7321428571428571,0.9314345991561181
rose,4,66,20,912,26,46,0.6376558764618466,0.32631457198812097,0.35714285714285715,0.8438327841312916,0.3356771841049836,0.43478260869565216,0.30303030303030304,0.9722814498933902
rummy,4,21,12,900,83,9,0.7434965847987212,0.23810336439354016,0.20689655172413793,0.8282710846291721,0.21208600815203965,0.12631578947368421,0.5714285714285714,0.9155645981688708
sandalwood,4,6,2,961,37,4,0.6481295925183701,0.11817259146066943,0.08888888888888889,0.9318637274549099,0.05497504735805029,0.05128205128205128,0.3333333333333333,0.9629258517034068
savory,4,25,22,860,119,3,0.879223697650664,0.3401510847299216,0.26506024096385544,0.9287436159346272,0.22821590196084382,0.15602836879432624,0.88,0.8784473953013279
sharp,4,18,9,894,92,9,0.7033468559837728,0.17940626532819046,0.15126050420168066,0.8403200360604012,0.0868855591540681,0.0891089108910891,0.5,0.9066937119675457
smoky,4,12,7,983,9,5,0.787130376344086,0.4983301128798618,0.5,0.9613575268817204,0.39947251439869547,0.4375,0.5833333333333334,0.9909274193548387
soapy,4,10,3,986,8,7,0.6459758551307847,0.27850516199293834,0.2857142857142857,0.7758551307847082,0.1900377520069576,0.2727272727272727,0.3,0.9919517102615694
solvent,4,13,1,955,36,12,0.520298067220368,0.024360101100563906,0.04,0.9103469688737096,0.0916726463066271,0.02702702702702703,0.07692307692307693,0.963673057517659
sour,4,15,6,903,86,9,0.6565217391304348,0.13163067334688616,0.11214953271028037,0.737984496124031,0.06318101827078333,0.06521739130434782,0.4,0.9130434782608695
spicy,4,95,40,797,112,55,0.6489201551734121,0.24321235256691154,0.32388663967611336,0.7825487811939089,0.2894807999610427,0.2631578947368421,0.42105263157894735,0.8767876787678768
strawberry,4,10,0,994,0,10,0.5,,0.0,0.719718309859155,0.020777321156616273,0.0,0.0,1.0
sulfurous,4,81,72,888,35,9,0.925484531118334,0.7510502945598027,0.7659574468085106,0.9754691491780694,0.7232961111562938,0.6728971962616822,0.8888888888888888,0.962080173347779
sweaty,4,6,0,998,0,6,0.5,,0.0,0.8992985971943888,0.05191735981397231,0.0,0.0,1.0
sweet,4,284,176,492,228,108,0.6515258215962441,0.2783400838000205,0.5116279069767442,0.7320178012519563,0.5123837829541514,0.43564356435643564,0.6197183098591549,0.6833333333333333
tea,4,9,0,995,0,9,0.5,,0.0,0.6462311557788945,0.01325216797507193,0.0,0.0,1.0
terpenic,4,9,0,995,0,9,0.5,,0.0,0.9405918481295366,0.10260253018173715,0.0,0.0,1.0
tobacco,4,26,6,915,63,20,0.5831760264275602,0.10443688629527546,0.12631578947368421,0.7790624508415919,0.11761196997263504,0.08695652173913043,0.23076923076923078,0.9355828220858896
tomato,4,4,1,973,27,3,0.6114999999999999,0.08531608813473332,0.0625,0.76875,0.1380990637076783,0.03571428571428571,0.25,0.973
tropical,4,72,27,875,57,45,0.6569206008583691,0.292449313178193,0.34615384615384615,0.7733071053886506,0.2825942352721474,0.32142857142857145,0.375,0.9388412017167382
vanilla,4,22,12,972,10,10,0.7676356230327717,0.5352712460655434,0.5454545454545454,0.9321884836141455,0.49882811788319903,0.5454545454545454,0.5454545454545454,0.9898167006109979
vegetable,4,53,24,864,87,29,0.680673769418487,0.2576713159733337,0.2926829268292683,0.8534412634168601,0.284278656319749,0.21621621621621623,0.4528301886792453,0.9085173501577287
vetiver,4,5,1,977,22,4,0.588988988988989,0.08374050835496546,0.07142857142857142,0.9345345345345345,0.05371226014603498,0.043478260869565216,0.2,0.977977977977978
violet,4,8,0,996,0,8,0.5,,0.0,0.8010793172690762,0.023824417295972372,0.0,0.0,1.0
warm,4,22,0,982,0,22,0.5,,0.0,0.7571745972967968,0.0551604103081643,0.0,0.0,1.0
waxy,4,97,62,837,70,35,0.78099887473147,0.4913363316313051,0.5414847161572053,0.8891553666215802,0.46045503903730983,0.4696969696969697,0.6391752577319587,0.9228224917309813
weedy,4,8,0,996,0,8,0.5,,0.0,0.6730672690763052,0.014481932861742902,0.0,0.0,1.0
winey,4,41,27,883,80,14,0.7877314287161563,0.369091683305731,0.36486486486486486,0.8992731048805815,0.23035011003206068,0.2523364485981308,0.6585365853658537,0.9169262720664589
woody,4,134,85,763,107,49,0.7556699262309144,0.4421738330289607,0.5214723926380368,0.8475982158174644,0.5284383120333043,0.4427083333333333,0.6343283582089553,0.8770114942528736
