,,,,,,best_epoch,best_epoch,train_loss_at_best,train_loss_at_best,val_meta_roc_auc,val_meta_roc_auc,roc_auc_138,roc_auc_138,pr_auc_138,pr_auc_138,f1_macro_138,f1_macro_138,f1_micro_138,f1_micro_138,precision_macro_138,precision_macro_138,recall_macro_138,recall_macro_138,precision_micro_138,precision_micro_138,recall_micro_138,recall_micro_138,matched_accuracy_138,matched_accuracy_138,hamming_loss_138,hamming_loss_138,jaccard_138,jaccard_138,hier_violation_rate_138,hier_violation_rate_138,roc_auc_12,roc_auc_12,pr_auc_12,pr_auc_12,f1_macro_12,f1_macro_12,instance_f1_12,instance_f1_12,balanced_accuracy_12,balanced_accuracy_12,matched_accuracy_12,matched_accuracy_12,sensitivity_macro_12,sensitivity_macro_12,specificity_macro_12,specificity_macro_12,precision_macro_12,precision_macro_12,recall_macro_12,recall_macro_12,hamming_loss_12,hamming_loss_12,jaccard_12,jaccard_12,hier_violation_rate_12,hier_violation_rate_12,label_cooc_consistency_12,label_cooc_consistency_12,test_loss,test_loss
,,,,,,mean,std,mean,std,mean,std,mean,std,mean,std,mean,std,mean,std,mean,std,mean,std,mean,std,mean,std,mean,std,mean,std,mean,std,mean,std,mean,std,mean,std,mean,std,mean,std,mean,std,mean,std,mean,std,mean,std,mean,std,mean,std,mean,std,mean,std,mean,std,mean,std,mean,std
global_dim,local_dim,dropout,lr,weight_decay,lambda_viol,,,,,,,,,,,,,,,,,,,,,,,,,,,,,,,,,,,,,,,,,,,,,,,,,,,,,,,,,,,,
64,32,0.5,0.001,0.0001,0.0,24.4,7.231873892705818,0.67638,0.014206231027264003,0.7966,0.005567764362830016,0.8138400000000001,0.012480104166231945,0.18186,0.014222974372472167,0.18186,0.015311205047284808,0.3271,0.01715357105677998,0.16122,0.015613840014551196,0.28286,0.018048905784008085,0.24942000000000003,0.016315851188338292,0.47644000000000003,0.028292278098449416,0.02694,0.005905336569578401,0.06938,0.004711369227729874,0.11268,0.00995474761106478,0.18941999999999998,0.03747568545070257,0.7990999999999999,0.004894384537406137,0.60016,0.01623092726864362,0.5822,0.007383427388415194,0.6012000000000001,0.00795110055275366,0.71352,0.00563622213898638,0.059699999999999996,0.007042726744663604,0.6919,0.017354106142351486,0.7350800000000001,0.008105060147833574,0.5114799999999999,0.01222014729862122,0.6919,0.017354106142351486,0.25266,0.004147047142244706,0.41744000000000003,0.007640549718443028,0.0,0.0,0.14988,0.007065904046900162,0.6801999999999999,0.004496109429273254
64,32,0.5,0.001,0.0001,0.01,20.4,4.722287581247038,0.6843999999999999,0.013137731919931938,0.7964800000000001,0.006204997985495247,0.8088599999999999,0.013654047019107525,0.17664,0.012162154414411944,0.1756,0.013606064824187783,0.32646,0.010534134990591307,0.15232,0.01596533745337066,0.28006000000000003,0.004822136455970526,0.24535999999999997,0.012797968588803452,0.4888,0.011318568814121308,0.02632,0.0006058052492344392,0.07144,0.005114000391083284,0.10848,0.008818559973147542,0.19724,0.022233375812053372,0.79744,0.004658647872505511,0.59726,0.01579202330292102,0.5826,0.010969731081480544,0.59894,0.011863304767222355,0.7120599999999999,0.004897244122973691,0.058940000000000006,0.005891349590713489,0.6920200000000001,0.017072990364900918,0.73214,0.023852211637498098,0.51088,0.020915233682653415,0.6920200000000001,0.017072990364900918,0.25393999999999994,0.011340546724034077,0.4173,0.010866692229008788,0.0,0.0,0.14762,0.01881626955589231,0.68254,0.0069529130585676115
64,32,0.5,0.001,0.0001,0.05,29.0,4.301162633521313,0.66974,0.008144507351583693,0.79636,0.00574830409773176,0.8199400000000001,0.011231340080328812,0.19094,0.009279709047163062,0.19158,0.008723932599464532,0.33654,0.00891251928469162,0.1741,0.014500000000000006,0.29453999999999997,0.02530193668476784,0.25822,0.010857577998798792,0.48478000000000004,0.028322641119782565,0.029339999999999998,0.004907443326213763,0.06764,0.004942469018618119,0.11835999999999999,0.0054592123974067895,0.17794,0.021054643193367112,0.79896,0.005239561050317088,0.5990599999999999,0.015715692794146918,0.58162,0.010652558378154948,0.59846,0.010572747987160168,0.71542,0.008987602572432822,0.058499999999999996,0.004180310993215694,0.70316,0.015203223342436288,0.7277,0.007920858539325153,0.50704,0.0099417302317052,0.70316,0.015203223342436288,0.2576,0.0025495097567963744,0.41666,0.010691258111185983,0.0,0.0,0.15264,0.0109552727031325,0.6792,0.005315072906367378
64,32,0.5,0.001,0.0001,0.1,23.6,5.683308895353129,0.6775,0.012233356039942616,0.79654,0.005784289066082368,0.8131999999999999,0.01235860024436424,0.1825,0.01592560830863299,0.1816,0.01616879711048413,0.33214,0.013495295476572576,0.15704,0.014617557935578705,0.28356,0.017993415462329587,0.2523,0.01350407345951584,0.48650000000000004,0.013650457867778644,0.027739999999999997,0.00242548964128895,0.06924,0.003770013262576139,0.11208,0.010284308435670332,0.17834,0.030546243631582586,0.79874,0.0043500574708847176,0.59814,0.015479760980066839,0.58134,0.00711709210281835,0.6006199999999999,0.009406752893533493,0.7121799999999999,0.0018965758619153249,0.06216000000000001,0.00947538917406562,0.69638,0.014567498069332309,0.728,0.017519988584471173,0.5085,0.01847376518200883,0.69638,0.014567498069332309,0.25542,0.008845168172510923,0.41666,0.007354454432519125,0.0,0.0,0.154,0.014794762586807531,0.68076,0.003771339284657386
64,32,0.5,0.001,0.0001,0.3,24.0,7.778174593052023,0.68012,0.013179036383590385,0.79668,0.0054274303311972905,0.8109999999999999,0.00820335297302265,0.18052,0.011278608070147647,0.18092000000000003,0.010110242331418181,0.32836,0.013444813126258002,0.15868,0.0072853963516063954,0.27866,0.01564362489961962,0.24992,0.011739122624796127,0.47862,0.014135310396308932,0.02754,0.001871630305375503,0.06922,0.0016483324907311649,0.1122,0.006668957939588469,0.19336,0.02703725207930717,0.7983399999999999,0.005134491211405522,0.59896,0.015302058685026714,0.58058,0.011201651663928907,0.59662,0.01126308128355647,0.71298,0.0069474455737343266,0.05854,0.009594164893308846,0.69834,0.012114165262204431,0.72758,0.01637901095915139,0.50692,0.015847460364361205,0.69834,0.012114165262204431,0.25762,0.009220195225698868,0.41558,0.01099486243661102,0.0,0.0,0.15654,0.013102785963298051,0.6809799999999999,0.003315418525616326
64,32,0.5,0.001,0.001,0.0,21.6,6.8044103344816,0.72926,0.007244860247099305,0.79176,0.005496635334456922,0.69432,0.012747431113757809,0.1034,0.0026296387584609413,0.09490000000000001,0.0012165525060596437,0.27972,0.009849466990654865,0.07478,0.0029659737018389062,0.18072,0.006608479401496235,0.20044,0.008719690361474991,0.46312,0.013500629614947588,0.0030199999999999997,0.0037485997385690566,0.08434,0.00328983282250026,0.05802,0.0007726577508832738,0.29989999999999994,0.04961557215229913,0.79378,0.003930267166491311,0.58946,0.01521423675377767,0.57736,0.010131288170810293,0.5932999999999999,0.012667280686871988,0.7120599999999999,0.007610059132490362,0.0543,0.007739509028355741,0.70378,0.02897079563974726,0.72034,0.02862539082702628,0.49678000000000005,0.015302679503930007,0.70378,0.02897079563974726,0.26180000000000003,0.010882784570136457,0.41235999999999995,0.009777167278920822,0.0,0.0,0.16154000000000002,0.021037419043219156,0.71368,0.004479062401887223
64,32,0.5,0.001,0.001,0.01,27.2,12.96919426949878,0.7280200000000001,0.008478620170758925,0.7917,0.006280127387243038,0.68936,0.01858596244481302,0.10030000000000001,0.004253821811030638,0.09015999999999999,0.006940677200389022,0.27008,0.008875640821935067,0.07008,0.006408744026718499,0.17848,0.008988715147338905,0.19183999999999998,0.009286441729747736,0.45682,0.0027932060432413358,0.0030199999999999997,0.004637024908279014,0.08742,0.0051339068943641744,0.054979999999999994,0.00391624820459582,0.33571999999999996,0.03180726332144909,0.7936,0.003232645975048996,0.58998,0.01278854956592035,0.57476,0.00987587970765132,0.5889800000000001,0.011134271417564756,0.7131000000000001,0.004428882477555701,0.054479999999999994,0.0027617023735370186,0.6993400000000001,0.029879976572949312,0.7268800000000001,0.02490375473698695,0.4980399999999999,0.013132516895096664,0.6993400000000001,0.029879976572949312,0.26248,0.008334986502688527,0.40974000000000005,0.009480137129809878,0.0,0.0,0.15584,0.022175617240564015,0.7146,0.005748912940721939
64,32,0.5,0.001,0.001,0.05,30.0,16.1245154965971,0.72824,0.008084738709445113,0.79202,0.005896354806149325,0.6879799999999999,0.015051146135759932,0.099,0.004197022754286665,0.09084,0.007104083332844571,0.26658,0.011258641125819747,0.07012,0.008598662686720531,0.18774,0.008738878646599918,0.18516,0.013878868829987552,0.47992,0.024229465532693884,0.00262,0.0024437675830569485,0.0937,0.00999074571791316,0.0553,0.004538722287164086,0.34036,0.04321536763698767,0.79452,0.003700945825056056,0.59152,0.014552216326044662,0.57508,0.01289813940070426,0.59182,0.00976611488771255,0.7101200000000001,0.0076339373851243425,0.056920000000000005,0.006257155903443672,0.7001999999999999,0.02616467083683645,0.72002,0.02557913211975729,0.5015799999999999,0.018887482627391105,0.7001999999999999,0.02616467083683645,0.26295999999999997,0.01152466919264931,0.41058000000000006,0.012051846331579257,0.0,0.0,0.1698,0.02603526454638017,0.71316,0.004143428532025114
64,32,0.5,0.001,0.001,0.1,25.4,6.06630035524124,0.72554,0.0043558007300610515,0.7916399999999999,0.005355651220906781,0.69458,0.008995943530280747,0.10198,0.0018952572384771406,0.0944,0.0017029386365926434,0.27588,0.006812635319756967,0.07686,0.0032338831147708485,0.17868,0.008262384643672795,0.19834000000000002,0.009058311100862011,0.45477999999999996,0.02001716763181045,0.00304,0.00191128229207514,0.08446000000000001,0.0056725655571355,0.057699999999999994,0.0012389511693363872,0.31854,0.02561060327286338,0.7929,0.0039044846010709293,0.58904,0.01433380619375053,0.57894,0.009874360738802287,0.5942000000000001,0.010952168735004056,0.7138,0.00627773844628781,0.05514,0.007611701518057574,0.70394,0.027363990936996,0.72366,0.02862809808562207,0.49976000000000004,0.01953363765405721,0.70394,0.027363990936996,0.26058000000000003,0.01141258077737019,0.41402,0.00939026091224307,0.0,0.0,0.15858,0.02117987252086282,0.71386,0.0050242412362464855
64,32,0.5,0.001,0.001,0.3,25.8,10.256705123966467,0.7293200000000001,0.007753837759458183,0.79142,0.0054942697421950775,0.69052,0.014225224075563765,0.09844,0.008927933691510036,0.0896,0.008700000000000001,0.26183999999999996,0.012122004784688044,0.06924,0.008985989094139835,0.18606,0.01405624416407171,0.18314,0.012958124864346693,0.46158,0.013365515328635856,0.00262,0.0020909328061896205,0.09224,0.007369056927450082,0.05432,0.005226088403385461,0.34942,0.02851871315469898,0.7944,0.003817721833764215,0.5908800000000001,0.014520055096314176,0.57702,0.012371216593367056,0.5949,0.011225194875813938,0.71166,0.006154104321507776,0.057319999999999996,0.0040164661084092345,0.6918599999999999,0.020575057715593415,0.73146,0.020360574648078993,0.50376,0.01892849703489423,0.6918599999999999,0.020575057715593415,0.25694,0.009163132652101016,0.4121,0.011496738667987517,0.0,0.0,0.154,0.01903247225139183,0.7135,0.0043214580872664625
64,32,0.6,0.001,0.0001,0.0,35.4,4.722287581247038,0.70548,0.007489459259519376,0.78992,0.005479233523039496,0.80374,0.009324054911893276,0.16684000000000002,0.010140414192724084,0.15977999999999998,0.0097998469375802,0.31964000000000004,0.014380994402335342,0.13824,0.011080523453339198,0.25658,0.010104553429023978,0.24136000000000002,0.015497193294271072,0.47428,0.012750176469367007,0.025140000000000003,0.0018822858443923976,0.07154,0.00496819886880548,0.09826,0.006419345761056963,0.18156,0.029515301116539532,0.79298,0.0034766363053963484,0.58534,0.012338679021678138,0.57724,0.0081503374163283,0.59504,0.008815497717088915,0.71204,0.0045577406683575405,0.057499999999999996,0.008111719916269298,0.7165,0.015204604565722821,0.70758,0.013851606405034751,0.49276,0.014709622700803681,0.7165,0.015204604565722821,0.26704,0.007826110144893197,0.41238,0.007935804937118821,0.0,0.0,0.17376,0.01058881485341963,0.69106,0.006808303753505685
64,32,0.6,0.001,0.0001,0.01,39.0,21.98863342729602,0.70748,0.019696497150508786,0.7899200000000001,0.005690957740134783,0.80006,0.009853831742017956,0.16555999999999998,0.01588499291784546,0.15755999999999998,0.0161724457024904,0.31999999999999995,0.013857308540982969,0.13628,0.017337012430058415,0.25686,0.011128252333587689,0.23824,0.017079900468094048,0.48918,0.01283012081003137,0.02532,0.0024221890925359237,0.07364,0.0047432056670568224,0.09706000000000001,0.010170201571257078,0.20695999999999998,0.019229482572341885,0.79234,0.004705103612036605,0.586,0.014748728758777812,0.5753,0.011273198303941977,0.5914200000000001,0.011586284995631661,0.71048,0.0037824595172982543,0.058519999999999996,0.0032668027182552665,0.71262,0.005937339471514203,0.70842,0.009211243130001516,0.49128,0.017412552943207406,0.71262,0.005937339471514203,0.26786,0.007340844638050823,0.41045999999999994,0.01057983931825056,0.0,0.0,0.17476,0.010993770963595705,0.6923999999999999,0.00146799182559028
64,32,0.6,0.001,0.0001,0.05,30.6,7.197221686178632,0.71158,0.009446004446325451,0.78922,0.005313849828514179,0.79802,0.012425658936249624,0.16126000000000001,0.015534574342414407,0.15428,0.01015268437409536,0.32036,0.010188621103957107,0.13213999999999998,0.013409809842052194,0.25412,0.017089675245597857,0.23824,0.01374074233802526,0.49082,0.015443995596994954,0.02432,0.004179952152836202,0.07374,0.005437186772587455,0.09508,0.006700522367696417,0.19876,0.02552622181208962,0.7910999999999999,0.005529918625079414,0.5846,0.013095609951430396,0.57504,0.013294096434131963,0.59286,0.015710760643584353,0.7069,0.005480419691957896,0.05534,0.00992461586158376,0.70458,0.016278114141386288,0.7092,0.02151708623396769,0.49437999999999993,0.02076913575476842,0.70458,0.016278114141386288,0.26624,0.013595330080582826,0.41034,0.01251371247871708,0.0,0.0,0.17307999999999998,0.021390815786220027,0.69408,0.006121437739616409
64,32,0.6,0.001,0.0001,0.1,37.0,6.2048368229954285,0.7032,0.007482980689538114,0.78888,0.006164981751797845,0.8006800000000001,0.007440900483140491,0.16772,0.009290694268998428,0.15852000000000002,0.01038686670753024,0.31762,0.012343702848011201,0.13477999999999998,0.007600460512363706,0.25898,0.01752004566204097,0.23723999999999998,0.012518106885627706,0.48125999999999997,0.015453252084917254,0.02454,0.003058267483396441,0.0732,0.004076150144437764,0.0977,0.0067171422494986715,0.19412000000000001,0.008957231715212012,0.79154,0.004803956702552609,0.58396,0.014059445223763217,0.5745600000000001,0.012528886622521542,0.5927,0.014269197594819445,0.7072,0.00671863081289631,0.059340000000000004,0.005741776728504862,0.69892,0.012533036343998993,0.7155,0.017110230857589257,0.49898,0.019366130227797235,0.69892,0.012533036343998993,0.26358000000000004,0.01183879216812255,0.41012000000000004,0.01192505765185224,0.0,0.0,0.17148000000000002,0.02125398786110504,0.6918200000000001,0.00448073654659589
64,32,0.6,0.001,0.0001,0.3,27.6,9.555103348473004,0.7168599999999999,0.015834708712192995,0.7893,0.005487257967327572,0.79306,0.015566727337497746,0.15889999999999999,0.013577370879518623,0.14762,0.016595842852955674,0.3097,0.0172361538633188,0.12261999999999999,0.014922030692905031,0.2472,0.01715196781713398,0.22986,0.018399538037679113,0.47606000000000004,0.003929758262285353,0.02232,0.0060168097859247625,0.0752,0.004954291069366032,0.09056,0.010538880395943391,0.22156000000000003,0.03005158897629209,0.7917799999999999,0.005462783173438229,0.58438,0.014638374226668735,0.57562,0.012416601789539702,0.5941,0.014011245483539318,0.71162,0.006379028139144698,0.057920000000000006,0.0068122683446851994,0.69896,0.014838733099560748,0.72432,0.017754210768152968,0.49846,0.020141573920624933,0.69896,0.014838733099560748,0.26068,0.010074323798647743,0.41112000000000004,0.012025265069843593,0.0,0.0,0.1633,0.013826966406265693,0.69436,0.0033842281246984434
64,32,0.6,0.001,0.001,0.0,33.0,22.704625079485456,0.7589,0.016262379899633368,0.78232,0.007841683492720176,0.6387,0.017408044117591132,0.07942,0.010524352711687304,0.06908,0.008200426818160139,0.23048000000000002,0.015913422007852368,0.04914,0.005762204439274954,0.17778,0.009529533042075048,0.15006,0.012099917355089671,0.49779999999999996,0.016697454895881564,0.0004,0.0005477225575051661,0.11776,0.005929839795475086,0.04174,0.005562193811797645,0.40553999999999996,0.0458107301840955,0.78574,0.0034551410969741406,0.57438,0.013468741589324542,0.5666800000000001,0.010933297764169828,0.5841999999999999,0.009074139077620471,0.70372,0.00800543565335455,0.0511,0.0068399561402102595,0.70488,0.019237905291377217,0.7025399999999999,0.01525755550538813,0.48502,0.008451745381872327,0.70488,0.019237905291377217,0.27354,0.0077031162525305185,0.40254,0.010169218259040312,0.0,0.0,0.18206,0.0193259669874498,0.72904,0.003181666230137966
64,32,0.6,0.001,0.001,0.01,23.4,12.660963628413123,0.7664199999999999,0.01056442142287027,0.78152,0.008396844645460592,0.63624,0.016427050861307975,0.0769,0.008635392289873114,0.0669,0.008572339237337726,0.23146,0.01768256203156092,0.049120000000000004,0.005993913579623918,0.16956,0.010927625542632765,0.15278,0.014300594393241143,0.47897999999999996,0.013447378926764886,0.0002,0.00044721359549995795,0.11286,0.008249424222332128,0.04,0.005596874127582286,0.39186,0.04529639058468123,0.7844800000000001,0.003985222703940133,0.57286,0.011217976644653864,0.5650999999999999,0.0057892141090134085,0.5858800000000001,0.00839476027054968,0.7008599999999999,0.003908708226511631,0.05532,0.00742206170817786,0.7057399999999999,0.022367006952205285,0.6959799999999999,0.021502255695624122,0.48314,0.009213468402290197,0.7057399999999999,0.022367006952205285,0.27515999999999996,0.008767439763123552,0.40112000000000003,0.005820395175587309,0.0,0.0,0.19752,0.019185593553497377,0.7317,0.0066588287258345785
64,32,0.6,0.001,0.001,0.05,22.2,6.906518659932803,0.7666999999999999,0.007197569034055886,0.7819200000000001,0.0074694042600464364,0.63594,0.01311270376390774,0.08012,0.009200652150798877,0.06692000000000001,0.008136768400292586,0.23557999999999998,0.019764918416224252,0.04888,0.007689733415405246,0.16604000000000002,0.013213175242915673,0.15566,0.017839646857491325,0.48961999999999994,0.02534002762429434,0.0006000000000000001,0.0005477225575051661,0.11298,0.011703717358172999,0.040279999999999996,0.0054393933485270204,0.41600000000000004,0.037363819397914895,0.78528,0.0020191582404556463,0.57448,0.01005171627136382,0.5673999999999999,0.008395832299420893,0.58722,0.009787594188563387,0.70202,0.007167775108079201,0.0533,0.007148426400264607,0.69588,0.025906118968305553,0.70814,0.015847018647051573,0.48769999999999997,0.006792643079096678,0.69588,0.025906118968305553,0.26922,0.009111640906005913,0.40321999999999997,0.008389696061240846,0.0,0.0,0.18178,0.018371091421034293,0.73076,0.005491174737704098
64,32,0.6,0.001,0.001,0.1,24.8,5.540758070878027,0.76546,0.005269060637343265,0.7825599999999999,0.007483849276943015,0.63824,0.015579730421287775,0.07976,0.00636105337188739,0.06978,0.005779013756688936,0.23552,0.014386000139024064,0.0508,0.004304648650006177,0.1756,0.016338757602706526,0.15386,0.009822830549286695,0.50302,0.03703555048868587,0.0004,0.0005477225575051661,0.11544000000000001,0.005940370358824441,0.04208,0.003934717270656182,0.41166,0.024113854938603227,0.78466,0.0036651057283522003,0.5738,0.01051522705413439,0.56882,0.004738354144637175,0.58692,0.007663354356937984,0.70368,0.003346191865389641,0.0533,0.006127805479941412,0.69584,0.022371030374124475,0.7115199999999999,0.021676877081350996,0.49144,0.010960520060654053,0.69584,0.022371030374124475,0.26824000000000003,0.010129313895817435,0.40464,0.005037161899323845,0.0,0.0,0.18131999999999998,0.028735117887351697,0.73046,0.004278784874237074
64,32,0.6,0.001,0.001,0.3,32.0,17.507141400011598,0.7636000000000001,0.012284950142348912,0.7830600000000001,0.007833773037304533,0.63116,0.011654097991693698,0.07698,0.008531529757317855,0.06523999999999999,0.006116207975535169,0.22944,0.013678011551391513,0.04836,0.0040580783629693504,0.16794,0.013836654219861093,0.15023999999999998,0.010357267979539769,0.48644,0.02431816193712016,0.0002,0.00044721359549995795,0.11564,0.005977708591090735,0.03912,0.004121528842553452,0.41559999999999997,0.0397261878362372,0.7865,0.0032085822414268665,0.57516,0.011977604100987827,0.56922,0.008483925977989162,0.5835,0.009031334342166701,0.7047399999999999,0.002745541840875858,0.0529,0.010175214985443796,0.70946,0.018901798856193565,0.7000200000000001,0.021306501355220178,0.48617999999999995,0.011291235539125005,0.70946,0.018901798856193565,0.2751,0.008860304735165742,0.40474,0.008372753430025264,0.0,0.0,0.18908,0.020662695855091128,0.73016,0.00412104355715881
64,32,0.7,0.001,0.0001,0.0,45.4,16.75708805252273,0.7449399999999999,0.012983951632688739,0.77874,0.0075151846284705545,0.7756000000000001,0.0129801771944762,0.1357,0.012345849504995586,0.11952,0.00863463954082624,0.29696,0.0051795752721627624,0.09436,0.007733563214974067,0.2312,0.021671525096310134,0.21302,0.0066971635787100164,0.49144,0.022875270490204054,0.020300000000000002,0.004840970976983852,0.08231999999999999,0.005222738745141292,0.07289999999999999,0.005197114584074514,0.21804,0.0330807043455849,0.78174,0.004780481147332335,0.5668599999999999,0.01544775064532047,0.56386,0.012011369613828411,0.58232,0.011292563924990678,0.69918,0.008307346146634299,0.05412,0.007826046255932816,0.71392,0.03796092728056047,0.68442,0.026483995166892794,0.48262,0.014533134555215543,0.71392,0.03796092728056047,0.28204,0.013320397891955013,0.40008,0.01070523236553041,0.0,0.0,0.21162,0.026421336075225257,0.70966,0.0023922792479140367
64,32,0.7,0.001,0.0001,0.01,44.6,14.926486525636232,0.74544,0.012964104288380296,0.7782199999999999,0.00780685596126888,0.7742600000000001,0.011862672548797783,0.1356,0.012051763356455353,0.11821999999999999,0.009170441646943724,0.29594,0.005254807322823545,0.09752,0.012996037857747264,0.22752,0.021187189525748818,0.21404,0.006603256772229895,0.48026,0.017981045575827893,0.01786,0.006287924935938723,0.08080000000000001,0.004372070447739834,0.0719,0.005475856097451795,0.21652,0.015181468967132267,0.78126,0.0038785306496146414,0.5644600000000001,0.012026553953647798,0.5641,0.008856918199915858,0.5803200000000001,0.015460821452950076,0.70048,0.003671784307390586,0.053500000000000006,0.006633249580710801,0.71064,0.013216958802992462,0.69036,0.015320672309007867,0.48026,0.014364121971077821,0.71064,0.013216958802992462,0.28115999999999997,0.011861408010856032,0.40009999999999996,0.008651589449343995,0.0,0.0,0.20126,0.022468155242475956,0.71106,0.0032469986141049965
64,32,0.7,0.001,0.0001,0.05,53.6,32.028112651231886,0.74202,0.01545726366469822,0.77888,0.008562826636105629,0.77798,0.01138494620101474,0.13642,0.010967543024761748,0.12152,0.006412253893912806,0.29384,0.007433236172758124,0.10142,0.0076165609037150105,0.22674,0.010993543559744507,0.21231999999999998,0.008966437419622142,0.47858,0.02290189948454061,0.01972,0.009421624063822543,0.0813,0.0037716044331292274,0.07398,0.003861605883567098,0.2145,0.016528914059913302,0.7820199999999999,0.003963836525387961,0.56594,0.012089375500827157,0.56574,0.010841033161096827,0.5826399999999999,0.012741193036760759,0.70028,0.005044501957577157,0.05432,0.010061659902819216,0.70912,0.015164333153818585,0.6915,0.012569606199081965,0.48146000000000005,0.011412843642142838,0.70912,0.015164333153818585,0.2793,0.0056753854494650865,0.40156000000000003,0.01002935690859586,0.0,0.0,0.19936,0.018836480562992648,0.70902,0.0038421348232460825
64,32,0.7,0.001,0.0001,0.1,45.0,22.847319317591726,0.7455999999999999,0.014726336951190537,0.77832,0.0069912087652994346,0.7752399999999999,0.014061223275376863,0.13526,0.012173865450217524,0.12305999999999999,0.007326868362404217,0.29724,0.006472480204681983,0.10106,0.008906626746417517,0.23115999999999998,0.01940510242178588,0.21345999999999998,0.005965567869029737,0.49036,0.024934774913762517,0.020479999999999998,0.008290778009330608,0.08196,0.003992868642968365,0.07486000000000001,0.004228829625321883,0.22877999999999998,0.02595779266424632,0.78228,0.004607276852979405,0.56646,0.011220650605022883,0.5654999999999999,0.010537077393660875,0.58284,0.012837562073851862,0.70096,0.00525290395876415,0.051680000000000004,0.005337321425584187,0.71438,0.009044998618020914,0.6875199999999999,0.005699298202410528,0.48182,0.012820374409509255,0.71438,0.009044998618020914,0.28044,0.004200357127673761,0.40149999999999997,0.01026109155986823,0.0,0.0,0.2056,0.01455214760782752,0.7089399999999999,0.004343731115066858
64,32,0.7,0.001,0.0001,0.3,38.8,16.34625339336204,0.7498400000000001,0.012926445760532954,0.77854,0.00767678318047345,0.77238,0.014731666572387524,0.13306,0.012705235141468254,0.11798,0.008467998582900212,0.29712,0.0051431507852677215,0.09670000000000001,0.011097747519204067,0.22347999999999998,0.025016434598079708,0.21474000000000001,0.0037580580091318445,0.48348,0.03308469434647993,0.017660000000000002,0.00830560052013098,0.08086,0.005200288453537947,0.07206,0.005158778925288427,0.21118,0.01666364305906724,0.78166,0.005334604015294845,0.5654,0.012980947577122377,0.5662200000000001,0.011409951796567725,0.58022,0.015429419950211997,0.70058,0.009100384607256968,0.0487,0.006973879838368308,0.72378,0.012411365758851867,0.67744,0.009694225085070004,0.47745999999999994,0.010906786877903122,0.72378,0.012411365758851867,0.2855,0.007139327699440645,0.40204000000000006,0.011019210498034792,0.0,0.0,0.21134,0.013923828496501943,0.7107,0.0025622255950637947
64,32,0.7,0.001,0.001,0.0,31.0,21.059439688652688,0.7985599999999999,0.009106206674570945,0.76696,0.010701775553617213,0.56678,0.012853871012267124,0.05192,0.003489555845662883,0.04228,0.0021833460559425744,0.19756,0.004108284313433051,0.026740000000000003,0.001747283606058272,0.16904,0.006207495469188843,0.12076,0.0026801119379607974,0.54306,0.023986725495573555,0.0,0.0,0.15596000000000002,0.006298650649147002,0.02454,0.0012116104984688763,0.4892,0.015431623375393787,0.7694799999999999,0.0020054924582256464,0.54896,0.009066035517247883,0.55716,0.006437623785217658,0.5755,0.005296697084032633,0.69096,0.006310546727503084,0.04864,0.003924665590849747,0.7146399999999999,0.016611080639139665,0.6673,0.01861155555024889,0.4665,0.00679632253501848,0.7146399999999999,0.016611080639139665,0.29112,0.008563410535528494,0.3935,0.006052685354452196,0.0,0.0,0.23157999999999998,0.01548941574107945,0.74992,0.0070325670988622595
64,32,0.7,0.001,0.001,0.01,22.4,11.545561917897285,0.80062,0.00795751217404033,0.76718,0.010317800153133388,0.56838,0.009970055165343857,0.05354,0.0013240090634130837,0.04529999999999999,0.004040420770167385,0.19872,0.0032112302938281947,0.02964,0.004703509328150631,0.16336,0.00894639592238127,0.12292,0.0028595454184188068,0.52102,0.03686118554794457,0.0002,0.00044721359549995795,0.14852,0.011061509842693279,0.0262,0.002249444375840398,0.48634000000000005,0.02312969952247541,0.7691399999999999,0.003001333037168664,0.54952,0.010850207371290208,0.5555399999999999,0.007835368529941704,0.5730000000000001,0.014370107863199966,0.68934,0.004153673073317148,0.047040000000000005,0.0035146834850381605,0.7087600000000001,0.015607305981494702,0.66994,0.009506997422951169,0.46942000000000006,0.006592571577161656,0.7087600000000001,0.015607305981494702,0.29094,0.008920369947485367,0.39218000000000003,0.007669224211092006,0.0,0.0,0.22704,0.017169828187841605,0.7510399999999999,0.006828835918368527
64,32,0.7,0.001,0.001,0.05,24.4,13.921206844235885,0.80174,0.00912540410064127,0.767,0.010714242857057162,0.5701,0.010815960428921727,0.05192,0.0027307508125056024,0.043980000000000005,0.003349179003875428,0.19698,0.006066053082524092,0.028499999999999998,0.0024606909598728576,0.16216,0.00439124128237108,0.12172000000000001,0.004111812252523202,0.51654,0.020447322563113244,0.0006000000000000001,0.0008944271909999159,0.14889999999999998,0.005926634795564847,0.02544,0.0017896927110540519,0.48385999999999996,0.014140650621523728,0.77012,0.0023857912733515015,0.55146,0.011625317199973497,0.5576800000000001,0.00911685252705125,0.5795,0.012045953677480214,0.68832,0.004162571320710316,0.04746,0.005057964017270189,0.70318,0.014979886514923935,0.67348,0.011046130544222257,0.47539999999999993,0.008973015100845395,0.70318,0.014979886514923935,0.28532,0.008671043766467799,0.39454,0.008946954789200627,0.0,0.0,0.22666,0.011797796404413823,0.7501599999999999,0.005477042997822781
64,32,0.7,0.001,0.001,0.1,28.4,28.60594343838357,0.8023,0.012751666557748412,0.76716,0.010869130600006579,0.57018,0.006640933669296815,0.05256000000000001,0.0031800943382233175,0.045,0.0013802173741842272,0.19962,0.00350955837677621,0.03014,0.003028696089078599,0.1621,0.00944457516249407,0.1234,0.002858321185591286,0.52274,0.024374228192909,0.0016,0.002607680962081059,0.14823999999999998,0.00839243707155437,0.026000000000000002,0.0007516648189186459,0.46874000000000005,0.03158232100400476,0.76968,0.0031308145904860043,0.54674,0.012138492492892193,0.55596,0.009124308192953526,0.57136,0.013817127053045409,0.69108,0.0057071884496658724,0.04424,0.005602053195034834,0.72844,0.024960729156016232,0.65374,0.030835417947548575,0.46304,0.01409975177086462,0.72844,0.024960729156016232,0.29992,0.018045414930114547,0.39215999999999995,0.008811242818127304,0.0,0.0,0.23908000000000001,0.02702595049207336,0.7500600000000001,0.006414280941773589
64,32,0.7,0.001,0.001,0.3,23.4,10.549881515922348,0.8016,0.007500666637039663,0.7659800000000001,0.010279445510337618,0.56822,0.009486674865304513,0.05364,0.001866279721799495,0.04344,0.002023116407921205,0.19754,0.002018167485616588,0.02742,0.0018806913622388983,0.16720000000000002,0.0035085609585697604,0.12126,0.0016102794788483146,0.5328999999999999,0.009893684854491777,0.0,0.0,0.15302,0.003731219639742483,0.02518,0.00108258948821795,0.48172,0.021699009193970137,0.77022,0.003459335196247946,0.54984,0.011823408983876049,0.55688,0.010360839734307258,0.57454,0.015159584427021753,0.68962,0.005101666394424485,0.046060000000000004,0.006233217467728847,0.71174,0.01710154963738666,0.66748,0.012486873107387582,0.47106000000000003,0.011084809425515612,0.71174,0.01710154963738666,0.29102,0.010364699706214354,0.39316,0.01023928708455818,0.0,0.0,0.22798,0.013574498149102974,0.75122,0.005755171587363815
64,64,0.5,0.001,0.0001,0.0,22.2,6.180614856144977,0.6508200000000001,0.015365285548924886,0.8015599999999999,0.005678291996718739,0.8342,0.004755523104769838,0.21968000000000001,0.01026435580053614,0.2191,0.0068205571619919655,0.35578,0.009164442154326683,0.20378,0.009143959754942055,0.32287999999999994,0.01606664246194581,0.27738,0.008211394522247726,0.49664,0.02251095288964907,0.02938,0.0020583974348992954,0.06354,0.0018729655629509023,0.13646,0.004013477295313875,0.15688,0.024828954871278813,0.80364,0.0049912924178012455,0.61024,0.014551907091512101,0.58856,0.010701541944972252,0.60446,0.011482508436748435,0.71916,0.00808783036419534,0.06273999999999999,0.00627917191992702,0.6902200000000001,0.023447110696203047,0.74802,0.012806716987581197,0.5227999999999999,0.007915806970865323,0.6902200000000001,0.023447110696203047,0.24569999999999997,0.002817800560721055,0.42313999999999996,0.010980118396447278,0.0,0.0,0.13442,0.019046049459139812,0.67186,0.0046441360875839645
64,64,0.5,0.001,0.0001,0.01,21.4,3.6469165057620936,0.65206,0.007575156764054448,0.80152,0.005796291918114547,0.8341200000000001,0.0034433994830690372,0.21867999999999999,0.007054927356110775,0.21608,0.006773994390313592,0.34768,0.00929311573155097,0.20244,0.009364987987178629,0.32296,0.012137050712590764,0.27056,0.010341566612462546,0.48726,0.019834389327629914,0.03116,0.00411254179310071,0.06464,0.0026642071991494973,0.13413999999999998,0.004320648099533222,0.16343999999999997,0.01998006506495912,0.80346,0.005176678471761576,0.60918,0.014612220912647047,0.58972,0.013672856321924812,0.6060399999999999,0.014143832578194586,0.7191799999999999,0.009662660089230064,0.05994000000000001,0.004904895513667946,0.68938,0.023809388904379725,0.74898,0.011368025334243408,0.52326,0.011891299340273907,0.68938,0.023809388904379725,0.244,0.005913966520026954,0.42463999999999996,0.013561084027466239,0.0,0.0,0.13296000000000002,0.013686233959712956,0.6718999999999999,0.005218716317256527
64,64,0.5,0.001,0.0001,0.05,18.6,6.87749954561976,0.66454,0.02090712797110116,0.80052,0.005891264719905252,0.828,0.013144200241931785,0.20988,0.0178926521231482,0.20894,0.014041830365020092,0.34708,0.012322012822587058,0.18934,0.010151256079914439,0.3242,0.01651817181167455,0.26764,0.012147962792172187,0.49412,0.016723546274639223,0.029959999999999997,0.0043061583807379854,0.06573999999999999,0.003073759912550107,0.12996,0.008485458149092486,0.16958,0.017497628410730413,0.8029,0.0036619666847201226,0.60876,0.012786438127954195,0.58548,0.009657225274373604,0.60312,0.008411420807449837,0.71824,0.007522499584579544,0.05891999999999999,0.006422771987234171,0.69484,0.025651958989519694,0.7416400000000001,0.017370463436535033,0.5170600000000001,0.0163964325388177,0.69484,0.025651958989519694,0.24906,0.006625933896440564,0.42064,0.009266498799438748,0.0,0.0,0.14221999999999999,0.01854931265572932,0.67428,0.006721011828586554
64,64,0.5,0.001,0.0001,0.1,20.6,4.722287581247039,0.6551199999999999,0.010972100983859001,0.8003600000000001,0.006585818096485758,0.8332200000000001,0.004158365063339166,0.21793999999999997,0.008712232779259282,0.21536,0.006999499982141583,0.34848,0.008224171690814804,0.19756,0.00585943683300708,0.32242000000000004,0.012266499093058283,0.27061999999999997,0.008117696717665686,0.48988000000000004,0.01892133716205068,0.030559999999999997,0.00320203060572506,0.06473999999999999,0.0020610676844781206,0.1338,0.004446909038871822,0.18468,0.016850281896751754,0.8029999999999999,0.0040626346131544,0.60886,0.013044462426639123,0.5875,0.011422127647684561,0.60514,0.011770004248087653,0.71746,0.009576168336030816,0.06334,0.0050939179420167275,0.67194,0.02341640450624305,0.76296,0.013043120792203078,0.5301600000000001,0.0075731763481382,0.67194,0.02341640450624305,0.23946,0.006964768481435697,0.42225999999999997,0.01135266488539146,0.0,0.0,0.12466000000000002,0.011332607819915063,0.67248,0.00511390261933097
64,64,0.5,0.001,0.0001,0.3,20.6,4.39317652729776,0.65538,0.011551709830150667,0.80122,0.006202983153290045,0.8316000000000001,0.0034329287787543757,0.21480000000000002,0.010563853463580413,0.21339999999999998,0.008210054811022877,0.34212,0.009910701286992757,0.19483999999999999,0.006847846376781538,0.3296,0.013645695291922635,0.26139999999999997,0.0069756720106381115,0.4953,0.020521574013705687,0.030359999999999998,0.00414523823199584,0.06732,0.0016346253393361998,0.13224,0.0053374151047112664,0.1815,0.026794868911789803,0.8034800000000001,0.004441508752665021,0.60978,0.016068353991619728,0.5869,0.010604715932074711,0.6049599999999999,0.011575750515625297,0.71914,0.006807569316577005,0.061939999999999995,0.005385907537267973,0.68904,0.01701317136809008,0.74922,0.014049448387748199,0.51974,0.011678099160394258,0.68904,0.01701317136809008,0.24559999999999998,0.003501428280002309,0.42168,0.010704998832321287,0.0,0.0,0.1326,0.015759600248737272,0.67264,0.004445559582324824
64,64,0.5,0.001,0.001,0.0,18.6,7.300684899377592,0.7130799999999999,0.007804293690014483,0.79752,0.006414592738436342,0.72016,0.009012657765609427,0.1092,0.00490917508345343,0.10464,0.009680289251876724,0.27296,0.010365471528107162,0.07805999999999999,0.004849020519651365,0.21544,0.035218574644638866,0.19163999999999998,0.015185618196174961,0.47973999999999994,0.03256306189534391,0.0012000000000000001,0.0013038404810405298,0.0907,0.010872672164652071,0.06348000000000001,0.005917093881290034,0.30388000000000004,0.014067586857737891,0.79994,0.003192647803939541,0.60292,0.01313952053919779,0.58674,0.009347352566368735,0.60232,0.009059635754267338,0.71906,0.00958321449201675,0.056679999999999994,0.005454081040835383,0.70202,0.02336336876394324,0.7360800000000001,0.00780717618604828,0.5127200000000001,0.008123238270542107,0.70202,0.02336336876394324,0.2511,0.0035206533484567802,0.4217000000000001,0.009174693455369533,0.0,0.0,0.14487999999999998,0.012428475369086905,0.70516,0.005750912970998604
64,64,0.5,0.001,0.001,0.01,18.8,6.3796551630946325,0.7086399999999999,0.008886394094344456,0.79754,0.0064205139981157264,0.72016,0.007082937243827593,0.1111,0.0044345236497283416,0.10230000000000002,0.005117128100800294,0.27738,0.008331686503943836,0.07937999999999999,0.0052289578311552586,0.20328,0.023248268752748012,0.1974,0.011803389343743606,0.46948,0.02514551649897056,0.001,0.001,0.08664000000000001,0.007482178827052983,0.062419999999999996,0.003145949777094356,0.30246,0.00958556205968122,0.80002,0.0033826025483346513,0.60222,0.014562177035045264,0.5814,0.01054348139847563,0.5986,0.012407054444951942,0.71296,0.0070109200537447295,0.059919999999999994,0.006132454647202866,0.68604,0.00750153317662464,0.73982,0.012431090056789077,0.5116799999999999,0.013652728664995837,0.68604,0.00750153317662464,0.25106,0.008601918390684719,0.41631999999999997,0.010674830209422547,0.0,0.0,0.14224,0.007827387814590513,0.7040599999999999,0.004234737299998637
64,64,0.5,0.001,0.001,0.05,24.6,8.324662155306966,0.70026,0.011419851137383566,0.79738,0.0065511067767209975,0.72226,0.008625137680060556,0.11048,0.003937892837546499,0.10066,0.005018764788272116,0.28188,0.008547046273420988,0.08044,0.00655690475758189,0.1944,0.016053971471259067,0.20198,0.006561021261968293,0.46758,0.029981277491127698,0.005599999999999999,0.007131269171753369,0.08418,0.0039232639472765556,0.061399999999999996,0.0030967725134404033,0.31162,0.02607454697593038,0.79914,0.0036459566645806337,0.6018399999999999,0.012805779945009168,0.58172,0.010649272275606438,0.59748,0.01056631440001669,0.7136199999999999,0.007688432870227873,0.05772000000000001,0.003459335196247972,0.68552,0.02334260054064244,0.74174,0.020900669845725067,0.5138,0.0168543762862943,0.68552,0.02334260054064244,0.25098000000000004,0.010320707340100299,0.41654,0.010418877098804862,0.0,0.0,0.13984000000000002,0.022200630621673784,0.70394,0.004988286278873754
64,64,0.5,0.001,0.001,0.1,23.6,8.324662155306966,0.7053,0.01005435229142085,0.79826,0.005663302923206554,0.72026,0.00787165802102708,0.11032,0.005593478345358995,0.1001,0.004106701839676212,0.278,0.011129690022637645,0.07624,0.0032554569571720637,0.202,0.02413907620436208,0.19854,0.015600897410085095,0.46858000000000005,0.033094667244134644,0.0016,0.0025099800796022265,0.08625999999999999,0.008547982218044207,0.06096,0.0025373214222876857,0.30222,0.03513768632109973,0.80044,0.0036232582022263297,0.6023799999999999,0.014665503741774475,0.58564,0.010120918930611027,0.60276,0.009877651542750429,0.71866,0.00550345346123684,0.05671999999999999,0.009242943254180453,0.7072200000000001,0.009691594296089795,0.73012,0.01942181762863612,0.50726,0.02068327827013891,0.7072200000000001,0.009691594296089795,0.25342000000000003,0.009284233947935597,0.42054,0.010097920578020038,0.0,0.0,0.1478,0.015449433646577465,0.7039799999999999,0.0033826025483346144
64,64,0.5,0.001,0.001,0.3,23.6,9.289779329994873,0.70538,0.007543010009273475,0.79764,0.006215947232723317,0.7210599999999999,0.008004561199716062,0.11128,0.003414967056942131,0.10404,0.00479040708082309,0.27504,0.008845507334234703,0.07936,0.002589015256810976,0.21368,0.016357628189930223,0.19314,0.008441445373868156,0.47901999999999995,0.024668948092693384,0.0028200000000000005,0.0021936271333114024,0.0893,0.005100490172522634,0.06336,0.002606338427756455,0.30682,0.02700216657973948,0.7996399999999999,0.004008490987890564,0.60118,0.013600257350506328,0.58306,0.010433743335927005,0.5995199999999999,0.010118152005183555,0.71604,0.006012736481835825,0.058499999999999996,0.0068629439747093955,0.69542,0.008739965674989768,0.73662,0.012931627894430012,0.5093799999999999,0.013866758813796445,0.69542,0.008739965674989768,0.25274,0.007418086006511371,0.41794000000000003,0.010073877108640963,0.0,0.0,0.14486,0.008069262667679126,0.70482,0.0041475293850676545
64,64,0.6,0.001,0.0001,0.0,36.2,10.756393447619885,0.67696,0.008640486097436862,0.79634,0.005882431470064101,0.8328199999999999,0.005836694269875709,0.21154,0.0094121198462408,0.20396,0.008138058736578403,0.35053999999999996,0.009374859998954642,0.18644,0.006547747704363698,0.3034,0.018165902124584944,0.27298,0.010861491610271577,0.49062,0.017278512667472275,0.030359999999999998,0.0035892896233098823,0.06426000000000001,0.002786216072023133,0.1266,0.005081338406365006,0.1638,0.030502458917274183,0.80106,0.003468861484694943,0.60296,0.013695546721471183,0.5861000000000001,0.01035181143568602,0.60156,0.011618218452069111,0.7199199999999999,0.007911826590617323,0.05874,0.004228238403874597,0.70846,0.012512913329836511,0.73138,0.021904953777627564,0.50918,0.014666867422868497,0.70846,0.012512913329836511,0.25448,0.011424403704351485,0.42092,0.010385903908663896,0.0,0.0,0.1513,0.017683890974556474,0.67644,0.0036555437352054528
64,64,0.6,0.001,0.0001,0.01,28.0,7.314369419163897,0.68282,0.010065386232033027,0.7964800000000001,0.004250529378795076,0.8293200000000001,0.006177135258353987,0.20407999999999998,0.006031749331661588,0.20036,0.006856238035541076,0.33906000000000003,0.006023537166814854,0.17902,0.007642447252026016,0.31464,0.01587523228176518,0.25816,0.0043067389054829,0.49404000000000003,0.01625785963772599,0.031179999999999996,0.0026224034777280174,0.06808,0.00222193609269033,0.12412000000000001,0.003879046274537078,0.17416,0.004188436462452284,0.80052,0.002733495930123156,0.60038,0.009773535695949569,0.5846199999999999,0.0071029571306604295,0.6,0.007381395532011531,0.7205600000000001,0.004352930047680505,0.0593,0.004965883607174057,0.7061,0.017610082339387295,0.735,0.01675947493210929,0.50744,0.010617579761885411,0.7061,0.017610082339387295,0.25495999999999996,0.00670768216301279,0.41918,0.007253068316236932,0.0,0.0,0.15202,0.015119920634712344,0.67838,0.006271124301112182
64,64,0.6,0.001,0.0001,0.05,36.6,12.876334882255899,0.67642,0.013651629939314942,0.79674,0.004444434722211582,0.8314199999999999,0.002790519664865338,0.21134,0.01162187592430757,0.20266,0.012485111132865415,0.34998,0.011180876530934424,0.18666,0.02127846329037885,0.30276000000000003,0.005968919500211078,0.27284,0.015127557634991847,0.48954000000000003,0.01819293819040785,0.029759999999999998,0.0036225681498075367,0.06432,0.0035842711950967126,0.12566,0.008387371459521762,0.15044,0.04264684044568836,0.7998200000000001,0.003585665907471056,0.60146,0.01270877649500531,0.5831000000000001,0.007453858061433743,0.59882,0.009032552241753151,0.71558,0.003297271599368204,0.05791999999999999,0.0046959557067757784,0.704,0.017110961399056452,0.72712,0.011448668044798932,0.50722,0.007423408920435397,0.704,0.017110961399056452,0.25708000000000003,0.006179563091352008,0.41764,0.007730653271231348,0.0,0.0,0.15454,0.009140185993731204,0.6775,0.0038444765573482313
64,64,0.6,0.001,0.0001,0.1,38.0,12.186057606953941,0.67262,0.011455435391114523,0.79658,0.005389526880905208,0.8314600000000001,0.003145313974788573,0.2124,0.006901086870921133,0.20545999999999998,0.0065002307651344125,0.34656000000000003,0.00404512051736411,0.18844,0.009735656115537365,0.31738,0.011373521881985395,0.26526,0.006141091108264062,0.50038,0.01576775190063567,0.02854,0.005283275499157696,0.06672,0.003035127674415038,0.12722,0.0038310572953167915,0.17538,0.019297590523171534,0.80048,0.003118012187275717,0.6014,0.012334707130694305,0.585,0.01161507640956361,0.6024,0.011878341635093655,0.71696,0.007823554179527379,0.061759999999999995,0.007670919110510814,0.69076,0.02793658891131841,0.74316,0.022760557989645137,0.5175799999999999,0.011005089731574208,0.69076,0.02793658891131841,0.24936000000000003,0.011359049255989708,0.42001999999999995,0.01152375806757498,0.0,0.0,0.14484,0.018769336695791894,0.67748,0.004545547271781459
64,64,0.6,0.001,0.0001,0.3,28.2,14.149204924659195,0.68544,0.016232159437363843,0.79592,0.0047341313881217924,0.82652,0.007370006784257358,0.20356000000000002,0.01324699966030044,0.19912000000000002,0.014524703095072214,0.34284,0.014614136991283472,0.17880000000000001,0.01435357098425336,0.30604,0.006376362599476295,0.26162,0.018182051589410924,0.49892000000000003,0.006377852303087611,0.028339999999999997,0.0027790286072654955,0.06772,0.004444884700416874,0.12364,0.008890050618528558,0.177,0.03366541251789438,0.79876,0.003630840123167115,0.59744,0.013336716237515171,0.5808199999999999,0.011901134399711612,0.5972999999999999,0.012152571744285214,0.7160599999999999,0.008687519784150138,0.05669999999999999,0.004904079934095691,0.70398,0.022808485263164674,0.72812,0.014707719061771627,0.50564,0.009120471479040953,0.70398,0.022808485263164674,0.25830000000000003,0.0076583287994183335,0.41584000000000004,0.011547640451624723,0.0,0.0,0.15924,0.01442681531038642,0.6807000000000001,0.0063698508616764245
64,64,0.6,0.001,0.001,0.0,24.8,6.978538528947161,0.73508,0.007487456176833355,0.79048,0.005042519211663938,0.70782,0.006445696238576549,0.1062,0.0026916537667389527,0.0972,0.0017219175357722587,0.28342,0.006036720964232167,0.07624,0.006541253702464076,0.1924,0.006482283548256736,0.20152,0.006722871410342454,0.47813999999999995,0.011475539203017871,0.0018000000000000002,0.001788854381999832,0.08548,0.003765899626915196,0.05924,0.0012641202474448386,0.29488000000000003,0.030515520641142612,0.79362,0.003132411211830224,0.58962,0.012520263575500344,0.5760799999999999,0.010568680144653871,0.59322,0.011975266176582473,0.70756,0.003640467003009344,0.05132,0.007830517224296238,0.68684,0.012704251256961185,0.72832,0.01403948004735215,0.5067999999999999,0.015199835525425922,0.68684,0.012704251256961185,0.25782,0.007661070421292305,0.41129999999999994,0.009945099295633012,0.0,0.0,0.15826,0.012993767736880626,0.71514,0.006503691259584785
64,64,0.6,0.001,0.001,0.01,32.2,9.444575162494075,0.7298,0.007417883795261285,0.79054,0.004830424411995272,0.70686,0.005528381318252176,0.10633999999999999,0.0040265369736288276,0.0962,0.0035559808773389092,0.28078,0.008098271420494615,0.07554000000000001,0.0059264660633466856,0.18564,0.010540066413452998,0.2011,0.008257420904858863,0.4662,0.02187715703650728,0.0016,0.00151657508881031,0.08448,0.004675681768469707,0.058820000000000004,0.002199318076131781,0.29622000000000004,0.03626240477409075,0.7936,0.003567211796347355,0.589,0.013294923843332113,0.5765800000000001,0.005925959837865943,0.59414,0.010413596881001349,0.712,0.004171930009000623,0.052879999999999996,0.007249275825901506,0.70842,0.021520966521046382,0.71562,0.01758328751968755,0.49564,0.01873440684943077,0.70842,0.021520966521046382,0.26368,0.010070849020812508,0.41194,0.005897711420542684,0.0,0.0,0.16476,0.009906967245327912,0.7136,0.0061672522244513635
64,64,0.6,0.001,0.001,0.05,20.2,8.46758525200662,0.74238,0.009340610258435982,0.7901,0.0054886246000250515,0.70716,0.00840077377388535,0.10616,0.003615660382281498,0.09942,0.005078582479393237,0.28176,0.01278858866333575,0.08156,0.007076934364539497,0.19092,0.013256206093750948,0.20134,0.012468079242609916,0.47068000000000004,0.016906418899341163,0.00796,0.009718693327809043,0.08494,0.005530189870158162,0.06042000000000001,0.0030334798499413187,0.27593999999999996,0.045349840132022486,0.79296,0.004470794112906619,0.5880599999999999,0.01421418305777711,0.5766600000000001,0.009112244509449854,0.5914400000000001,0.014104538276739093,0.7104199999999999,0.0038238723828077593,0.05108,0.004755207671595429,0.71098,0.026295665041979836,0.70982,0.02743413931582329,0.495,0.019287560758167458,0.71098,0.026295665041979836,0.26722,0.01536268205750547,0.41166,0.008976246431554768,0.0,0.0,0.1761,0.023722879251895198,0.71596,0.0050688262941236744
64,64,0.6,0.001,0.001,0.1,29.6,11.717508267545622,0.7379800000000001,0.006223503836264535,0.79084,0.005647388777125236,0.69912,0.012361310610125424,0.10468,0.004967594991542684,0.09341999999999999,0.007121235847800578,0.27549999999999997,0.018382056468197475,0.06988,0.006141009688968092,0.19396,0.012352044365205306,0.19336,0.015698025353527743,0.48056,0.02735923975551953,0.0036199999999999995,0.004395679697157198,0.08958,0.007320997199835553,0.05704,0.004286373758784927,0.30794,0.050662343017274666,0.79402,0.0038829112789245746,0.5891,0.013561710806531714,0.57634,0.008854546854582677,0.5928,0.010447966309287184,0.71286,0.0044365527157918284,0.05489999999999999,0.005004997502496883,0.6967800000000001,0.014200246476734112,0.72898,0.015072889570351088,0.50096,0.011375324171204945,0.6967800000000001,0.014200246476734112,0.25914000000000004,0.007971699944177521,0.41152,0.008799545442805557,0.0,0.0,0.15978,0.01621733640275122,0.7151799999999999,0.0047861257818824325
64,64,0.6,0.001,0.001,0.3,33.8,14.446452851824908,0.72992,0.004611073627692381,0.79064,0.006246839200747805,0.70268,0.010253145858710873,0.10512000000000002,0.003799605242653505,0.095,0.004573838650411706,0.27796,0.01203673543781702,0.07206,0.0032989392234474353,0.18756,0.01511896160455472,0.19794,0.008543594091481645,0.46736000000000005,0.02944966892852956,0.00202,0.0035074207047344633,0.08576,0.002805886669129744,0.05788,0.002527251471460646,0.32386,0.046608239614900716,0.79378,0.0037851023764225384,0.58814,0.016079272371596894,0.57512,0.011349757706664894,0.59114,0.01325869526009248,0.71028,0.007361861177718543,0.054720000000000005,0.005377452928664277,0.68744,0.023540879337866683,0.73312,0.025843509823551415,0.504,0.015853863882347437,0.68744,0.023540879337866683,0.25844,0.012538062051210292,0.41050000000000003,0.01081503582980655,0.0,0.0,0.15655999999999998,0.02181749298155037,0.71294,0.004472471352619292
64,64,0.7,0.001,0.0001,0.0,40.8,12.872451204024818,0.72156,0.012972393765223153,0.78798,0.004479062401887264,0.8164999999999999,0.006285300311043253,0.18552,0.010374584329022545,0.16472,0.011793939121430133,0.32692,0.011333887241366032,0.14201999999999998,0.011016669188098559,0.2726,0.02102427168774225,0.24514,0.010032846056827515,0.49084000000000005,0.01681020523372633,0.026140000000000004,0.0036936431879649673,0.07146,0.002075572210259136,0.10207999999999999,0.006852152946337372,0.18458000000000002,0.016812852226793646,0.79086,0.005606514068474249,0.58228,0.015377971257613948,0.57506,0.010013141365226026,0.59136,0.009961074239257493,0.70916,0.004951060492460199,0.05292,0.007854107205787298,0.7218,0.01869144189194616,0.6965199999999999,0.02363708949934398,0.4888,0.019026297590440427,0.7218,0.01869144189194616,0.27424,0.013046762050409312,0.41015999999999997,0.00949568322976289,0.0,0.0,0.18582,0.02334688416041849,0.69414,0.003022912502868717
64,64,0.7,0.001,0.0001,0.01,46.2,13.590437814875576,0.71422,0.013226375164798576,0.78872,0.004510764901876421,0.8173,0.005616048432839557,0.18578,0.008077871006645261,0.16994,0.008892018893367246,0.33212,0.010471723831346978,0.1486,0.008350149699256904,0.27014,0.01426053996172655,0.25122,0.010253145858710871,0.49024,0.0100163865740096,0.02816,0.0018994736112934022,0.06972,0.0021393924371185358,0.10544,0.005571624538678103,0.18092,0.026184957513809334,0.79146,0.00600524770513255,0.5839000000000001,0.015042772350866748,0.5738399999999999,0.011401008727301307,0.5926400000000001,0.012235726378110922,0.70724,0.008120221671851075,0.05434,0.008136215336383371,0.7047399999999999,0.015265745969326224,0.70972,0.013829750540049479,0.49714,0.014755778529105142,0.7047399999999999,0.015265745969326224,0.26681999999999995,0.007146117827184207,0.40956000000000004,0.010893713783646064,0.0,0.0,0.17496,0.009918820494393465,0.69234,0.002919417750168672
64,64,0.7,0.001,0.0001,0.05,49.6,15.30686120666154,0.71354,0.010155934225860268,0.78868,0.00528932887992416,0.8197599999999999,0.00925705136639092,0.1905,0.007802243267163622,0.17448000000000002,0.008302228616461968,0.32892,0.013401940158051726,0.15008,0.013578733372446772,0.28606,0.011576182445003188,0.24538000000000001,0.013649432222623775,0.49954,0.014393158096818076,0.027960000000000002,0.0019462785001124582,0.07216,0.004402044979324948,0.10795999999999999,0.0057574299822055995,0.17608,0.042923967663765654,0.79206,0.0038552561523199085,0.5846199999999999,0.011943491951686437,0.5748,0.009155872432488306,0.5928,0.01189978991411193,0.70826,0.004293949231185704,0.052739999999999995,0.00979070988233233,0.71196,0.016618152725258052,0.70458,0.021906893892106205,0.49158,0.01993281214480278,0.71196,0.016618152725258052,0.26871999999999996,0.012013201072153895,0.41022,0.009097637055851343,0.0,0.0,0.17582,0.008510699148718617,0.69142,0.007152062639546724
64,64,0.7,0.001,0.0001,0.1,44.0,10.63014581273465,0.7164200000000001,0.008973962335557263,0.7888,0.004098170323449232,0.8184400000000001,0.008317331302767733,0.18780000000000002,0.012614872175333372,0.16942,0.01076810103964482,0.3278,0.013661442090789667,0.14392,0.010883565592212886,0.27616,0.009994148287873258,0.24928,0.014137786248207312,0.47914,0.013297668968657618,0.026339999999999995,0.005552747067893512,0.0695,0.003004995840263346,0.10547999999999999,0.007248241165965711,0.17654,0.026231145609751778,0.79284,0.0040556133938036655,0.58378,0.013276181679986163,0.57466,0.009368457717255288,0.5911,0.011170720657146513,0.71026,0.004147047142244644,0.05488,0.005752999217799355,0.7200599999999999,0.021303591246548115,0.7004400000000001,0.017574640821365346,0.48848,0.008821677844945345,0.7200599999999999,0.021303591246548115,0.27233999999999997,0.010174625300226047,0.40953999999999996,0.009172949362119025,0.0,0.0,0.17646,0.015720464369731575,0.6909,0.005574495492867504
64,64,0.7,0.001,0.0001,0.3,50.8,17.894133116750865,0.7151799999999999,0.01651550786382301,0.7885,0.004436214602563748,0.81906,0.00730910391224535,0.18592,0.012960208331658877,0.16824,0.009877398442909949,0.32696000000000003,0.01217797191653851,0.14238,0.006802720044217604,0.2768,0.021828078247981428,0.24653999999999998,0.011895923671577591,0.48667999999999995,0.026812720861561244,0.02692,0.004134247210799084,0.07082000000000001,0.0031140006422606904,0.10424,0.006575180605884522,0.18952,0.016210089450709394,0.7927799999999999,0.005930177063123762,0.58472,0.015606312825264016,0.57512,0.011013491726060353,0.5933200000000001,0.011287913890529078,0.7090799999999999,0.0055867700865526605,0.056299999999999996,0.003820994634908561,0.71148,0.010695419580362433,0.70672,0.012905696416699126,0.49272,0.013632204517245216,0.71148,0.010695419580362433,0.26766,0.006037631986134991,0.41072,0.010774367730869417,0.0,0.0,0.17696,0.01753276931919199,0.6919000000000001,0.002234949663862732
64,64,0.7,0.001,0.001,0.0,25.4,15.485477067239485,0.78,0.012794725475757598,0.7796,0.007043081711864526,0.65556,0.023557228190090578,0.08784,0.011313178156468675,0.07464,0.0077564811609388915,0.2501,0.013338853024154655,0.054459999999999995,0.006421682022647957,0.17402,0.010232888155354771,0.1701,0.01466492413891051,0.47678000000000004,0.020954402878631505,0.0016,0.003049590136395381,0.10174000000000001,0.012935339191532632,0.045200000000000004,0.004938623289946304,0.35882000000000003,0.05462327342809108,0.78088,0.003291200388915828,0.56658,0.012730946547684478,0.5642400000000001,0.006563764163953467,0.58058,0.011241307753104125,0.69668,0.003600277767061886,0.04462,0.007806855961268916,0.69562,0.024503203872147022,0.6977,0.029202739597510352,0.48788,0.013071801712082377,0.69562,0.024503203872147022,0.27596,0.013564586245072122,0.39988,0.0065732031765342435,0.0,0.0,0.19346000000000002,0.024641286492389156,0.73636,0.011006725216884457
64,64,0.7,0.001,0.001,0.01,27.0,22.68259244442751,0.77718,0.0169395100283332,0.77992,0.007688758027145864,0.65812,0.025239790014974374,0.08874,0.011630262249837707,0.0782,0.007757576941287789,0.24956,0.012504719109200344,0.05774,0.00581102400614556,0.17968,0.015367400560927669,0.16932,0.014200422528924969,0.47878,0.023183550202676033,0.0014,0.0026076809620810596,0.10236,0.01213643275431459,0.04724,0.005028220361121817,0.35962,0.05459786625867353,0.78228,0.003472319109759394,0.572,0.010614848091235184,0.56344,0.007044714330616993,0.58238,0.00896894642642045,0.69768,0.007223018759493862,0.049260000000000005,0.0037266607036326766,0.6928,0.02754133257487736,0.7025600000000001,0.02983300186035594,0.488,0.013564475662553295,0.6928,0.02754133257487736,0.27362000000000003,0.014326095071581786,0.39936,0.006975170248818315,0.0,0.0,0.1951,0.02959898646913437,0.7354,0.011237214957452769
64,64,0.7,0.001,0.001,0.05,32.2,19.188538245525635,0.77266,0.01131560868888634,0.78004,0.007042939727131027,0.66506,0.025787458191919597,0.08998,0.007787618377912467,0.07826,0.007399527011910965,0.24924,0.013321148599126113,0.05838,0.005572432144046262,0.17682,0.016623988691045234,0.16982,0.013475607592980724,0.47058,0.010087963124436964,0.0021999999999999997,0.004381780460041329,0.10066,0.009675381129443945,0.04722,0.00447627076928999,0.37936000000000003,0.04970043259369078,0.7827,0.0033037857073363332,0.57004,0.01219950818680815,0.5645800000000001,0.010243876219478623,0.58278,0.00911026893126656,0.70132,0.0046251486462599465,0.049640000000000004,0.0019411336893681481,0.70096,0.024561514611277542,0.70166,0.018449607041885717,0.48558,0.012438729838693324,0.70096,0.024561514611277542,0.27468,0.009436471798294103,0.40068000000000004,0.009733036525154963,0.0,0.0,0.1998,0.026225464724195083,0.73384,0.008583880241475866
64,64,0.7,0.001,0.001,0.1,27.6,15.662056059151366,0.77718,0.015332547081290854,0.77988,0.0068214367987983315,0.656,0.022423648231275795,0.08782,0.01038758874811667,0.0752,0.007749516113926076,0.24931999999999999,0.01278620350221283,0.05700000000000001,0.007823042886243178,0.16970000000000002,0.006122091146005587,0.17016,0.012828016214520456,0.46875999999999995,0.018593896848159614,0.0014,0.0016733200530681513,0.10016,0.009309833510863664,0.04536,0.004900306112887235,0.34609999999999996,0.044451715377474464,0.78232,0.00346222471829889,0.57074,0.011510560368635377,0.56444,0.004989288526433374,0.58392,0.009193312787020787,0.6977800000000001,0.004507438296859951,0.04682,0.005601517651494101,0.7001999999999999,0.013722791261255874,0.69532,0.019638533550140662,0.48175999999999997,0.009798112063045594,0.7001999999999999,0.013722791261255874,0.27515999999999996,0.007189784419577559,0.40026,0.005024241236246548,0.0,0.0,0.19283999999999998,0.022618090105046455,0.73502,0.011901554520313714
64,64,0.7,0.001,0.001,0.3,23.0,12.589678312014172,0.77734,0.010858775253222612,0.77982,0.0067098435153139045,0.66622,0.009213142786259227,0.09026,0.005843629009442679,0.08032,0.0076835538652371,0.25964,0.012932826450548223,0.06058,0.006262347802541792,0.17332,0.014930740102218645,0.18026,0.012555198126672476,0.46618000000000004,0.023247408457718447,0.00578,0.005074150175152486,0.09424,0.008095863141135726,0.04868,0.004698616817745411,0.2963,0.039867342524928844,0.78244,0.0031957784654134385,0.5689599999999999,0.011164362946447104,0.5632400000000001,0.010986491705726659,0.5809599999999999,0.0092494864722318,0.6984600000000001,0.007632365295241066,0.047040000000000005,0.003905508929704297,0.7218600000000001,0.019609512997522373,0.67502,0.005083502729417946,0.4756,0.009972963451251569,0.7218600000000001,0.019609512997522373,0.28666,0.0010853570840971911,0.39914,0.009969353038186584,0.0,0.0,0.2121,0.015125309914180278,0.7337,0.006336008207065328
128,32,0.5,0.001,0.0001,0.0,19.2,7.328028384224504,0.6568799999999999,0.019018201807741986,0.79998,0.005620676115913445,0.81504,0.014293809849022078,0.18896000000000002,0.01805112184879377,0.1853,0.01710993863226867,0.34114,0.01223204807053996,0.16952,0.015791358396287505,0.27648,0.026199751907222322,0.26592,0.014691051698227714,0.47746000000000005,0.022914471410006385,0.026339999999999995,0.004215803600738535,0.06524,0.003979070243159829,0.11498,0.010540018975314983,0.1888,0.020433428493525026,0.8008599999999999,0.0038043396273203553,0.6048600000000001,0.017186419056918152,0.58414,0.00865984988322543,0.60196,0.011376862484885678,0.7132400000000001,0.005843629009442682,0.06113999999999999,0.00535378370874281,0.6820999999999999,0.023652484013312425,0.74438,0.016445120856959365,0.51984,0.011435165062210479,0.6820999999999999,0.023652484013312425,0.24656000000000003,0.006209911432540731,0.41906,0.008607438643406075,0.0,0.0,0.14062000000000002,0.013737976561342648,0.67488,0.0038790462745370603
128,32,0.5,0.001,0.0001,0.01,20.0,8.514693182963201,0.65678,0.019816583963942983,0.79952,0.005130009746579415,0.8148,0.016958920956240162,0.18922,0.02226021114005885,0.18792,0.022255718366298586,0.3437,0.016620770138594667,0.16844,0.023051854589164842,0.28624,0.031801226391445975,0.26546,0.017549301980420744,0.48891999999999997,0.023546804454107985,0.02594,0.004456792568652932,0.06612,0.0050766130441466635,0.11661999999999999,0.01384077309979468,0.17134,0.02136359052219454,0.8005800000000001,0.0037432606107509645,0.60528,0.015852665391031265,0.5845,0.010031699756272551,0.6004,0.013813580274497961,0.71634,0.002921129918370631,0.0605,0.008514105942493315,0.69506,0.02100578491749359,0.7376199999999999,0.026735220216037123,0.5124799999999999,0.023255472474237125,0.69506,0.02100578491749359,0.25106,0.012979137105370303,0.41929999999999995,0.010157509537283251,0.0,0.0,0.14438,0.018626244924836565,0.6751199999999999,0.0037465984572676034
128,32,0.5,0.001,0.0001,0.05,25.0,5.612486080160912,0.6368600000000001,0.01630775888955931,0.7994,0.005265928218272632,0.8230000000000001,0.010178162899069759,0.19862,0.007454998323272778,0.1981,0.008356733811723317,0.34658,0.014984558718894574,0.17873999999999998,0.013865352501829884,0.29444,0.014016169234138136,0.2702,0.019208331525668764,0.48494000000000004,0.013770548282475915,0.028959999999999996,0.004030260537483898,0.06484000000000001,0.005546440299868021,0.12292,0.0053410673090684814,0.16954,0.02840630211766396,0.80106,0.005285167925430558,0.6068399999999999,0.017216939333110286,0.58738,0.012517867230482984,0.60324,0.014570277965776762,0.71582,0.006279888534042611,0.06254,0.0070461336916070524,0.69072,0.009299569882526828,0.7409600000000001,0.008987936359365229,0.51944,0.015953620278795592,0.69072,0.009299569882526828,0.24828,0.007072976742503835,0.422,0.012822831200635851,0.0,0.0,0.13992,0.010402259369963815,0.67436,0.005313943921420307
128,32,0.5,0.001,0.0001,0.1,17.8,5.263078946776307,0.6588200000000001,0.020572967700358675,0.8003399999999999,0.005410914894913791,0.81218,0.02262171523116673,0.18606,0.022899628817952482,0.18282,0.02793988188951414,0.33899999999999997,0.018272246714621618,0.1586,0.024722661669003193,0.28242,0.044556222909937056,0.25866,0.014647627794288057,0.49214,0.029158326426597218,0.027139999999999997,0.004317754045797421,0.06786,0.0034391859501922786,0.11340000000000001,0.01772470027955339,0.17546,0.022552449977774038,0.80074,0.004625256749630244,0.60666,0.01725218826699968,0.5852,0.011334240159798939,0.60026,0.013790141406091527,0.71582,0.005157712671330183,0.0591,0.003901281840626235,0.69694,0.015210292567863357,0.73464,0.01589364652935255,0.5142399999999999,0.014894059218359517,0.69694,0.015210292567863357,0.25226000000000004,0.006201854561338904,0.42016,0.011288622590909854,0.0,0.0,0.14679999999999999,0.021674639558710077,0.67496,0.005088025157170504
128,32,0.5,0.001,0.0001,0.3,17.6,6.8044103344816005,0.66028,0.023436552647520516,0.79966,0.004943986245935564,0.8074,0.02403455845236186,0.1804,0.02591862264858995,0.17602,0.02526562882653032,0.33342,0.02338069716668004,0.1588,0.028051470549687776,0.27334,0.03244939136563272,0.25578,0.026531905321706545,0.48162000000000005,0.015706909307690038,0.027739999999999997,0.0034471727545917954,0.06842,0.007092742769902204,0.10924,0.015571544560511656,0.18108,0.04697586614422346,0.80046,0.005272855014126621,0.60508,0.019504537933516912,0.5835,0.0134721935853075,0.60024,0.016474920333646545,0.71486,0.003262361108154693,0.061360000000000005,0.010633578889536676,0.70904,0.021604235695807394,0.7207600000000001,0.02442095411731492,0.50464,0.027370659473238915,0.70904,0.021604235695807394,0.25861999999999996,0.0162373643181398,0.41845999999999994,0.013247943236593373,0.0,0.0,0.15816,0.017239866588810947,0.67564,0.004982770313791332
128,32,0.5,0.001,0.001,0.0,24.2,7.981227975693965,0.71356,0.009404679686198758,0.79492,0.006034649948422844,0.69802,0.014741336438735793,0.10247999999999999,0.005086944072820148,0.0924,0.004932544982055412,0.27227999999999997,0.008846016052438514,0.07283999999999999,0.005207974654316208,0.18897999999999998,0.01158736380718238,0.1915,0.008156898920545724,0.4718,0.01750657019521528,0.00162,0.003093864896856358,0.0892,0.004100609710762534,0.05628,0.0028296642910423143,0.33334,0.05374577192672929,0.7965,0.0037336309405188984,0.59716,0.013933520732392062,0.5787,0.00858836422143356,0.59646,0.012157631348252014,0.7118599999999999,0.00395891399249844,0.059340000000000004,0.008453874851214675,0.68626,0.022509509101710744,0.73744,0.026568646935815163,0.51264,0.02021009648665739,0.68626,0.022509509101710744,0.2529,0.012187493589741893,0.41387999999999997,0.008143832021843296,0.0,0.0,0.14744,0.029883490425316784,0.7096,0.005048267029387375
128,32,0.5,0.001,0.001,0.01,21.8,11.256109452204168,0.71894,0.006043012493781547,0.79514,0.005756995744309739,0.69732,0.014957673615907018,0.10047999999999999,0.004784035953042163,0.09140000000000001,0.009079096871385391,0.26593999999999995,0.009870309012386603,0.07102,0.007038252624053786,0.1882,0.01592827674294994,0.18631999999999999,0.008392079599241188,0.46498,0.017243027576385777,0.001,0.001224744871391589,0.09079999999999999,0.004126136207155553,0.05558,0.005430193366722774,0.34188,0.04376821906360825,0.79618,0.004757835642390311,0.59546,0.014376473837488793,0.58098,0.011915410190169696,0.59532,0.013673404842978996,0.71416,0.0062771808959117955,0.05612,0.006119395394971626,0.6953400000000001,0.02031115457082634,0.73304,0.0258780408841164,0.5078,0.019981866779658,0.6953400000000001,0.02031115457082634,0.2556,0.012980562391514473,0.41530000000000006,0.01150847513791466,0.0,0.0,0.15245999999999998,0.027631558045104875,0.7101,0.0043214580872662995
128,32,0.5,0.001,0.001,0.05,23.8,10.779610382569492,0.71146,0.012262870789501109,0.79506,0.005246236746468852,0.6996800000000001,0.00922724227491614,0.1021,0.001959591794226541,0.09292,0.007376110085946386,0.26974,0.004467997314233752,0.07324,0.009628759006227129,0.1911,0.006146136998147699,0.18862,0.006771410488221792,0.47474,0.017638962554526832,0.0008,0.0008366600265340755,0.09094,0.005993579898524758,0.056420000000000005,0.004481852295647414,0.3176,0.045940287330403146,0.79576,0.0037340326725940616,0.59572,0.014560803549255126,0.57568,0.010139871794061324,0.59074,0.006641761814458524,0.7104199999999999,0.006198144883753523,0.05489999999999999,0.0028896366553599817,0.70566,0.015641227573307673,0.71512,0.02697233768140986,0.49832,0.022070274126072854,0.70566,0.015641227573307673,0.26584,0.010420796514662387,0.41096000000000005,0.009252188930193752,0.0,0.0,0.16562000000000002,0.026890184082672252,0.70954,0.005059940711115118
128,32,0.5,0.001,0.001,0.1,20.4,9.710818709048171,0.71382,0.011454998908773424,0.79542,0.0056282324045831495,0.702,0.008046427778834547,0.1016,0.005017469481720843,0.09292,0.004589335463877097,0.2713,0.0054138710734556676,0.07146,0.004630658700444249,0.18956,0.011459624775707108,0.19052,0.005155288546725589,0.47138,0.014660559334486524,0.0021800000000000005,0.00433728025379961,0.0895,0.0035185224171518366,0.05666,0.0026838405317753116,0.3254,0.025926145104893626,0.79686,0.005426140433125564,0.5972,0.015539305003763815,0.57968,0.010531714010549236,0.5975400000000001,0.012262055292649761,0.71094,0.004557740668357478,0.0533,0.006041522986797287,0.6955199999999999,0.022512485424759317,0.72634,0.020108281875883868,0.50656,0.018976907018795217,0.6955199999999999,0.022512485424759317,0.25664,0.009598072723208565,0.41474,0.010357750721078378,0.0,0.0,0.1561,0.025045857940984975,0.7087399999999999,0.004413388720699825
128,32,0.5,0.001,0.001,0.3,23.0,13.397761006974262,0.7117199999999999,0.011323073787624975,0.79456,0.0056380847812000905,0.7027,0.00890589692282591,0.10164,0.004099146252575038,0.09268000000000001,0.00880380599513642,0.26861999999999997,0.006745887636182518,0.06939999999999999,0.008100308636095288,0.19624,0.011595602614784626,0.18608,0.006002666074337309,0.48322000000000004,0.01660081323309193,0.00198,0.0038925570002249165,0.09308,0.0044907683084300844,0.05620000000000001,0.0052966970840326545,0.34526,0.058532409825668395,0.79576,0.004403180668562242,0.5958,0.0158036388214867,0.57604,0.012938044674524772,0.59328,0.012806912196154142,0.7098,0.009308329603102794,0.05652,0.005742560404558233,0.68458,0.019886854954969623,0.73498,0.02684337907194248,0.50882,0.019063761433673027,0.68458,0.019886854954969623,0.25558000000000003,0.011813001312113698,0.41109999999999997,0.012354958518748675,0.0,0.0,0.14956,0.030540432216980815,0.70926,0.004245939236494086
128,32,0.6,0.001,0.0001,0.0,33.0,7.84219357067906,0.67564,0.009610827227663597,0.79504,0.005345839503763682,0.8112600000000001,0.008972067766128352,0.18066,0.0074624392794849625,0.17354,0.008312520676666008,0.32938,0.012994691223726703,0.15536,0.007962600077864018,0.26654,0.01288227464386628,0.25376000000000004,0.01406868863824912,0.47028,0.019375938686938488,0.028739999999999998,0.0023943683927081898,0.06776,0.004194401029944564,0.1075,0.005527205442174192,0.18256,0.02809097719909366,0.79814,0.004368409321480744,0.59992,0.015583228163638017,0.5858800000000001,0.010839372675574917,0.59788,0.010582627273035768,0.71684,0.0039790702431598286,0.05852,0.005973022685374634,0.71026,0.013419500735869366,0.72348,0.007186584724331886,0.507,0.011211601134539166,0.71026,0.013419500735869366,0.25814000000000004,0.004334512660034574,0.42008,0.010870924523700809,0.0,0.0,0.16102,0.008238446455491476,0.68004,0.005856022540940288
128,32,0.6,0.001,0.0001,0.01,27.8,8.700574693662482,0.6857599999999999,0.016391552702535533,0.79476,0.0050326931160165475,0.806,0.010032945728947234,0.175,0.01180254209905645,0.1713,0.011307961796893373,0.32145999999999997,0.00754804610478764,0.15008,0.010104800839205098,0.27114000000000005,0.017979794214617692,0.24290000000000003,0.009532837982468817,0.47619999999999996,0.01826211926365614,0.027339999999999996,0.001795271567200906,0.07114000000000001,0.004366119558601207,0.10593999999999999,0.007073400879350757,0.19678,0.025876185963159257,0.79618,0.004874115304339863,0.59472,0.016219494443415926,0.57918,0.009970055165343848,0.5993,0.011940896113776354,0.71238,0.005927647088010571,0.05811999999999999,0.006290230520418151,0.7039,0.019247467365864038,0.72088,0.019895401478733737,0.50066,0.011164362946447029,0.7039,0.019247467365864038,0.25886,0.008400178569530535,0.41437999999999997,0.009976823141661846,0.0,0.0,0.16440000000000002,0.027545235522681597,0.6824,0.002839894364232592
128,32,0.6,0.001,0.0001,0.05,33.6,12.136721138759018,0.6766,0.02311817466842916,0.79498,0.0046820935488305114,0.80938,0.013958223382651517,0.18087999999999999,0.014379221119379174,0.17306,0.018854522004018028,0.32789999999999997,0.010035935432235514,0.15366,0.01646884938300183,0.27154,0.02698208665022036,0.24891999999999997,0.011839636818754187,0.48194,0.0255713316039662,0.028339999999999997,0.0027790286072654955,0.06984,0.0037779624137886814,0.10722000000000001,0.011558849423709954,0.19356,0.016967262595952243,0.7961,0.006172924752497742,0.59648,0.020246530566988507,0.57892,0.014337956618709643,0.59568,0.01593226286501699,0.7138,0.00530895469937348,0.06058,0.01092529175811795,0.70598,0.011455871856825174,0.72166,0.02086559368913327,0.5010600000000001,0.021514948291827207,0.70598,0.011455871856825174,0.26104,0.014342001255055031,0.41382,0.013931869939100078,0.0,0.0,0.16432,0.024206548700713197,0.68236,0.0025540164447395578
128,32,0.6,0.001,0.0001,0.1,27.6,6.87749954561976,0.68444,0.011597111709386937,0.79452,0.005635334950116097,0.8065599999999999,0.009504630450469927,0.1752,0.012505798655023995,0.1695,0.007008209471755255,0.32426,0.010660581597642792,0.14826,0.010507283188341309,0.2631,0.004895406009719718,0.2488,0.011442027792310214,0.46602,0.008173554918149148,0.02632,0.003044174765022536,0.0687,0.002076053949202669,0.10486,0.004331627869519724,0.19562,0.02190951847941895,0.7962400000000001,0.004448370488167577,0.5952200000000001,0.01706390928245926,0.57952,0.010833143588081918,0.59692,0.011745509780337332,0.7118800000000001,0.004955501992734964,0.0573,0.003807886552931954,0.6993199999999999,0.012186960244457971,0.7245,0.012696259291618122,0.50352,0.012936266849443077,0.6993199999999999,0.012186960244457971,0.25822,0.004386000455996329,0.41474,0.010429189805540993,0.0,0.0,0.15855999999999998,0.009810861328140354,0.68224,0.004365546930225374
128,32,0.6,0.001,0.0001,0.3,30.2,6.534523701081817,0.67804,0.014909493619838288,0.7947200000000001,0.00541359400029224,0.8059200000000001,0.010612115717424129,0.17462,0.01068115162330355,0.16816,0.010431826302234907,0.32168,0.011766137854028396,0.14684,0.013520096153504229,0.26606,0.018738943406713192,0.24544000000000002,0.012138492492892188,0.46790000000000004,0.024603556653459705,0.02592,0.004867442860476124,0.06982000000000001,0.004279836445473118,0.10416,0.006428296819531596,0.20068000000000003,0.023331673750504916,0.79592,0.004321689484449366,0.5949,0.017391233423768377,0.5811200000000001,0.006719151732175703,0.59938,0.00813400270469584,0.71358,0.0021158922467838714,0.061739999999999996,0.006819310815617653,0.6958,0.02586300446583885,0.73134,0.026211123592856524,0.50842,0.0158748858263611,0.6958,0.02586300446583885,0.25486,0.010836881470238565,0.41624,0.006672181052699291,0.0,0.0,0.15952000000000002,0.02751893893303301,0.68164,0.004112541793100728
128,32,0.6,0.001,0.001,0.0,24.2,13.311649033834989,0.7419399999999999,0.009018203812289871,0.78746,0.006357908461121466,0.6695,0.021380481753225312,0.09168000000000001,0.006936641838815092,0.08154,0.008223624505046425,0.25772,0.017419443159871657,0.060640000000000006,0.007307051388898263,0.17868,0.006042929753025443,0.1781,0.018826178581964,0.47264,0.027620789271851034,0.00162,0.0018498648599289626,0.09712,0.014459840939650755,0.0496,0.005272096357237795,0.35775999999999997,0.056179827340425356,0.7899,0.004743943507252152,0.58294,0.01513185381901371,0.5700000000000001,0.011752021102772086,0.58818,0.014157930639751059,0.70548,0.0035905431344018498,0.057100000000000005,0.006765722430014404,0.69634,0.03244184026839415,0.71466,0.034419369546811844,0.49396000000000007,0.019496615090830467,0.69634,0.03244184026839415,0.26680000000000004,0.01569490363143402,0.40565999999999997,0.011260683815825727,0.0,0.0,0.17915999999999999,0.03834616017282565,0.72082,0.004142100916201776
128,32,0.6,0.001,0.001,0.01,20.2,7.463243262818116,0.7470399999999999,0.008025459488403192,0.7872399999999999,0.005525214927946268,0.66482,0.02191567931869787,0.09037999999999999,0.005878094929481831,0.08066,0.004998799855965423,0.25362,0.014332724793283382,0.06128,0.0054842501766421995,0.1797,0.014083678496756454,0.17392,0.016366642905617505,0.4765,0.045022327794106774,0.0006000000000000001,0.0005477225575051661,0.09992,0.016759832934728196,0.049,0.0029043071462915193,0.34238,0.059612557401943454,0.7901,0.004671723450719192,0.58412,0.015675841285238894,0.57092,0.012037940023110288,0.5894,0.011171168246875524,0.70344,0.007699545441128306,0.054720000000000005,0.007772515680267231,0.69634,0.02264614757524995,0.71058,0.021148096841087156,0.49492,0.019379035063697054,0.69634,0.02264614757524995,0.2676,0.010597877145919367,0.4062,0.011193971591888207,0.0,0.0,0.18036000000000002,0.021014233271761298,0.72176,0.005152960314227125
128,32,0.6,0.001,0.001,0.05,20.4,8.080841540334768,0.74688,0.0059482770614691345,0.7867200000000001,0.005886594941050382,0.67382,0.015776152889725687,0.0938,0.0072467233975087,0.08184,0.010714149522943943,0.26192,0.013363644712427817,0.0625,0.004958326330527268,0.17736000000000002,0.014383949388120081,0.18036000000000002,0.013437187205661748,0.48057999999999995,0.015033695487138196,0.0014,0.001673320053068151,0.09614,0.009366589560773983,0.04988,0.006643192003848751,0.35304,0.0505411020853325,0.7891199999999999,0.0038323621958264832,0.58244,0.014277884997435625,0.56866,0.00886526931345015,0.58836,0.010847488188516241,0.70354,0.003559915729339659,0.05228000000000001,0.0050370626361005266,0.6925600000000001,0.0181813915859045,0.71454,0.01428716206949442,0.49386,0.01399689251226856,0.6925600000000001,0.0181813915859045,0.26638,0.005389526880905222,0.40448000000000006,0.008286555376029278,0.0,0.0,0.17568,0.015031533521234616,0.72278,0.0052978297443387005
128,32,0.6,0.001,0.001,0.1,24.2,15.039946808416577,0.74622,0.01657730376146852,0.7874000000000001,0.0060004166522000715,0.6611800000000001,0.02870952803513152,0.08693999999999999,0.008540081966819765,0.07868,0.009060187636026088,0.25217999999999996,0.0182843375597805,0.05784,0.008222712447848338,0.1793,0.01253116115928608,0.17148,0.020285881790052904,0.48608,0.03783341115997868,0.0006000000000000001,0.0005477225575051661,0.10300000000000001,0.017236153863318816,0.04766,0.005867963871736092,0.35988000000000003,0.07410136301040621,0.78962,0.003998999874968706,0.5847,0.015287249589118371,0.5694,0.011225640293542258,0.59048,0.013780130623473752,0.7053,0.007410128204019203,0.053700000000000005,0.007453187237685635,0.7010799999999999,0.022773383586985912,0.70954,0.030723899492089184,0.49012,0.023042070219492002,0.7010799999999999,0.022773383586985912,0.26744,0.015942176764795955,0.40536000000000005,0.010864759546349818,0.0,0.0,0.1796,0.027419518595336433,0.7218600000000001,0.0069248104667203846
128,32,0.6,0.001,0.001,0.3,21.2,7.949842765740716,0.74784,0.008318232985436257,0.78746,0.005137411799729488,0.66752,0.015045165336412918,0.09052,0.005392309338307659,0.08005999999999999,0.00534490411513621,0.24834,0.010259044789842764,0.060020000000000004,0.004873602363755169,0.17926,0.011019210498034794,0.16862,0.010129758141239101,0.47294,0.019202161336682896,0.0006000000000000001,0.0008944271909999159,0.10146,0.008273632817571736,0.048319999999999995,0.0032422214606655122,0.33824,0.04425701074406178,0.7891,0.004168333000133309,0.5814,0.014313105882372371,0.5717800000000001,0.0122516121388167,0.5906,0.01129867248839436,0.70708,0.006621706728631213,0.05408,0.009732009042330365,0.71192,0.021266805119716514,0.70224,0.01922246082061296,0.4859,0.01861316738225927,0.71192,0.021266805119716514,0.27126,0.009970857535839124,0.40709999999999996,0.011150336317797754,0.0,0.0,0.18108,0.022224018538509183,0.72262,0.005794997842967731
128,32,0.7,0.001,0.0001,0.0,40.0,12.489995996796797,0.71692,0.013476164142663121,0.7862,0.0055086295936466675,0.7830600000000001,0.014655647375670568,0.14502,0.01294476728257406,0.13716,0.008473075002618591,0.30228,0.011573979436650129,0.11679999999999999,0.007753386356941071,0.24186000000000002,0.012188232029297771,0.21942,0.010459780112411539,0.48613999999999996,0.01069827088832583,0.021660000000000002,0.0050599407111151014,0.07938,0.003176790833529962,0.08404,0.005344904115136206,0.22149999999999997,0.034988569562072705,0.78976,0.0048159111287481345,0.5778800000000001,0.01478350432069473,0.57186,0.008395713191861685,0.58916,0.011757890967346123,0.70846,0.003393081195609695,0.0531,0.004759201613716316,0.71236,0.022852964796717296,0.7045399999999999,0.025608846127852018,0.48819999999999997,0.014639672127476093,0.71236,0.022852964796717296,0.27066,0.012548426196141086,0.40718,0.008573622338311826,0.0,0.0,0.18378,0.027037880834118636,0.69618,0.005297829744338716
128,32,0.7,0.001,0.0001,0.01,35.0,18.748333259252675,0.72344,0.020911551831463853,0.78522,0.005608208270027115,0.7733399999999999,0.015237224156650072,0.13434,0.012540853240509587,0.12778,0.010239482408793918,0.29636,0.009631614610230198,0.10556000000000001,0.010718815233037653,0.23218,0.009430111346108277,0.21303999999999998,0.008477499631377167,0.48716,0.013792497960848124,0.02288,0.004532879879282045,0.08180000000000001,0.0025268557536986575,0.07774,0.006006080252544084,0.22912,0.03233105318420667,0.7879400000000001,0.0048839533167301845,0.57744,0.01640420677753126,0.57232,0.00894829592715844,0.5886,0.01098203077759297,0.7069799999999999,0.006098524411691786,0.053500000000000006,0.0074565407529229005,0.71524,0.026200343509198486,0.69876,0.025275541537225256,0.48835999999999996,0.013416892337646591,0.71524,0.026200343509198486,0.27388,0.012131652814023319,0.40742,0.008904886299105677,0.0,0.0,0.19122,0.01861187792781803,0.6992,0.004993495769498541
128,32,0.7,0.001,0.0001,0.05,33.4,13.885243966167826,0.72548,0.015467126429948163,0.7847999999999999,0.005512712580935054,0.77432,0.012332153096681847,0.1365,0.008715216577917035,0.13182,0.007298767019161537,0.29452,0.011386922323437526,0.10832,0.004416672955970365,0.23956,0.009527748947154314,0.21080000000000002,0.012191800523302538,0.49017999999999995,0.015408504145438602,0.02092,0.0051261096359715135,0.08318,0.006032992623897362,0.08018,0.0043170591842132495,0.2165,0.03837368890268433,0.78922,0.004919552825206813,0.57996,0.015438361312004536,0.56988,0.009448386105573811,0.58856,0.013401231286713939,0.70328,0.007251344702880999,0.051280000000000006,0.005469643498437535,0.7228600000000001,0.01715482439432125,0.68374,0.018049044296028504,0.48440000000000005,0.01293618954715804,0.7228600000000001,0.01715482439432125,0.27837999999999996,0.012055579621071743,0.40576,0.009651062117715353,0.0,0.0,0.20202,0.015564928525373955,0.6979,0.004778598120788176
128,32,0.7,0.001,0.0001,0.1,32.8,14.342245291445828,0.72682,0.01730179181472255,0.78578,0.006004331769647646,0.77588,0.015132151201993705,0.1375,0.011206471344718638,0.13091999999999998,0.009467945922954994,0.29779999999999995,0.01039831717154272,0.11068,0.01261911248860236,0.23396,0.009690871993788788,0.2162,0.010967907731194678,0.47956000000000004,0.01759184470145187,0.01952,0.008200426818160137,0.08005999999999999,0.00524528359576487,0.07968,0.005750826027624206,0.21408,0.044332121537323244,0.7891600000000001,0.00481539198819784,0.57822,0.016775339042773476,0.5744,0.01027934822836545,0.59046,0.011598189513885363,0.70854,0.00478414046616531,0.055299999999999995,0.007074602462329598,0.7268600000000001,0.01844269503082451,0.6902200000000001,0.023626827971608887,0.48427999999999993,0.018754919354665292,0.7268600000000001,0.01844269503082451,0.27526,0.012521900814173533,0.40969999999999995,0.01034698023579827,0.0,0.0,0.19563999999999998,0.022111603288771275,0.69836,0.005080157477874058
128,32,0.7,0.001,0.0001,0.3,38.6,17.444196742756603,0.72308,0.017222572397873698,0.78556,0.005826491225428907,0.77754,0.015875547234662488,0.13957999999999998,0.015605832243107064,0.13033999999999998,0.013476015731661933,0.29684,0.013786877819143825,0.11013999999999999,0.013560346603239895,0.23529999999999998,0.018452235636908614,0.21494,0.015121276401150796,0.48179999999999995,0.01735453831134668,0.025739999999999996,0.004053763683294821,0.08091999999999999,0.006815937206283527,0.0794,0.008399702375679744,0.21558000000000002,0.030178088077278852,0.79002,0.004667654657319904,0.57972,0.01485284484534864,0.573,0.008852400804301653,0.59224,0.010774878189566676,0.70494,0.006071490755984086,0.051460000000000006,0.005216128832764776,0.7131000000000001,0.013363944028616704,0.6967800000000001,0.019230366611169947,0.48804,0.012152078011599473,0.7131000000000001,0.013363944028616704,0.27144,0.010809856613295102,0.40824,0.008670813110660395,0.0,0.0,0.18944,0.022570179441023512,0.69766,0.004706697355896188
128,32,0.7,0.001,0.001,0.0,24.6,10.526157893552615,0.78126,0.008596394593083737,0.77666,0.008301987713794827,0.5856,0.011647317287684745,0.05724,0.006089581266392623,0.04572,0.006974381693024839,0.20946000000000004,0.007858943949412032,0.030680000000000002,0.006947445573734277,0.1613,0.008375261189957009,0.13098,0.0076757410065738906,0.5264800000000001,0.025652524242265128,0.0,0.0,0.14102,0.01484375289473657,0.026639999999999997,0.00401098491645132,0.47626,0.0296588603961784,0.7798,0.0035440090293338707,0.56372,0.012900271314976368,0.56092,0.008434275309710963,0.58084,0.013183436577766789,0.6936,0.002774887385102342,0.04682,0.002938026548552616,0.70668,0.030492080939155366,0.68054,0.025739133629553247,0.47904,0.012719591188399092,0.70668,0.030492080939155366,0.28302,0.014376960735844,0.39724,0.008179731046923265,0.0,0.0,0.21814,0.025396121751165082,0.74208,0.006158896004967082
128,32,0.7,0.001,0.001,0.01,26.0,14.52583904633395,0.78062,0.007892844861011784,0.77684,0.008341342817556406,0.58358,0.007404525643145557,0.0583,0.005784461945591827,0.046299999999999994,0.007962725663992197,0.20526,0.010321966866833086,0.03064,0.00590110159207584,0.16111999999999999,0.007339073511009406,0.12868,0.008643031875447418,0.51,0.023560029711356494,0.0002,0.00044721359549995795,0.13999999999999999,0.011924764148611069,0.02708,0.004785080981550887,0.47496,0.03663083400633951,0.7798,0.003283291031876415,0.56466,0.01360488882718265,0.56408,0.008956952606774236,0.58052,0.008900112358841307,0.6964,0.003715508040631891,0.04824,0.0037206182281981064,0.71736,0.022576270728355496,0.67542,0.017847044573261982,0.47585999999999995,0.009424860741676769,0.71736,0.022576270728355496,0.28488,0.007019045519157148,0.39956,0.008617598273300983,0.0,0.0,0.21352000000000002,0.02249259878271072,0.74102,0.0060635798007447755
128,32,0.7,0.001,0.001,0.05,19.4,6.841052550594828,0.7819200000000001,0.0064774223268210624,0.7768,0.007961155694998103,0.5898,0.005812486559124257,0.06,0.001450861812854692,0.048620000000000003,0.004719851692585267,0.20598,0.006414592738436318,0.03376,0.0040395544308747715,0.1593,0.01190903018721508,0.13010000000000002,0.006601893667728983,0.49820000000000003,0.036201726478166725,0.0002,0.00044721359549995795,0.13608,0.014003999428734636,0.028339999999999997,0.002788010043023518,0.45384,0.02252027974959458,0.77936,0.004426962841497507,0.56352,0.013827761930261882,0.56044,0.0052395610503171135,0.5790200000000001,0.009062946540722797,0.69426,0.003909987212255309,0.04926,0.004794580273600599,0.70928,0.029402584920377294,0.6792,0.02541918566752288,0.47796000000000005,0.017199796510424192,0.70928,0.029402584920377294,0.28528000000000003,0.01310751692732073,0.39642,0.005152378091716487,0.0,0.0,0.21326,0.019838926382241558,0.74114,0.005021254823248851
128,32,0.7,0.001,0.001,0.1,24.4,15.355780670483673,0.78074,0.008535396885909883,0.7764,0.008710625695092166,0.5826800000000001,0.006024699162613824,0.05822000000000001,0.0017093858546273293,0.04738,0.00606605308252409,0.2052,0.004780690326720611,0.0331,0.004756574397610113,0.16198,0.006159301908495794,0.12822,0.004289172414347556,0.5147999999999999,0.01479121360808507,0.0006000000000000001,0.0008944271909999159,0.14116,0.009240833295758562,0.027639999999999998,0.0035535897343390668,0.48822,0.019110520662713508,0.77942,0.0036642871066552792,0.5658799999999999,0.013043657462537087,0.5647800000000001,0.01063729288870062,0.5828599999999999,0.011937880883976005,0.6965399999999999,0.005073756005170133,0.05006000000000001,0.0032738356708912546,0.70878,0.01726331370276292,0.6843,0.010662785752325696,0.48156,0.012932439831679084,0.70878,0.01726331370276292,0.27996,0.007079759882933877,0.40052000000000004,0.010211121387976925,0.0,0.0,0.21272000000000002,0.015275863314392419,0.7415200000000001,0.005827263508714864
128,32,0.7,0.001,0.001,0.3,27.8,16.037456157383563,0.77876,0.009271623374576847,0.77684,0.008481921952010635,0.5851599999999999,0.00978687897135752,0.05689999999999999,0.004104875150354761,0.04636,0.00792294137300031,0.20503999999999997,0.005063891783993807,0.0304,0.006872044819411469,0.16544,0.007647090950158751,0.12742,0.005060335957226562,0.52776,0.03206716389080891,0.0008,0.0013038404810405298,0.14498,0.013831558119026225,0.027039999999999998,0.004616600480873344,0.49444,0.03467907149852774,0.77898,0.0030499180316854216,0.56396,0.011646158164819882,0.5629,0.007376313442364012,0.57942,0.011282597218725836,0.69934,0.006630837051232656,0.04946,0.004930314391598166,0.70278,0.03448263331011714,0.69586,0.024570978816481848,0.48360000000000003,0.013458640347375362,0.70278,0.03448263331011714,0.27862,0.013070271611561863,0.39864,0.007031927189611687,0.0,0.0,0.20417999999999997,0.024467366020885863,0.74162,0.005949117581625085
128,64,0.5,0.001,0.0001,0.0,15.0,4.795831523312719,0.6343,0.021723144339620862,0.80442,0.005392772941632185,0.83438,0.0141275263227502,0.22149999999999997,0.02188069925756488,0.22032,0.023928476758874554,0.3523,0.012673791855636581,0.20772,0.02407565160073554,0.3235,0.035510843414371336,0.2772,0.012464349160706321,0.48403999999999997,0.021684971754650742,0.029959999999999997,0.0008876936408468858,0.06294,0.0035899860723963787,0.13752,0.014801756652505806,0.15868,0.024177510210937773,0.80702,0.004393404147127836,0.61726,0.017165313862554345,0.59344,0.010448109876910729,0.60712,0.012258751975629483,0.7224600000000001,0.009012380373685985,0.06899999999999999,0.009888124190158621,0.6856,0.022294730319068694,0.75926,0.019377899783000183,0.5330999999999999,0.016635504200354125,0.6856,0.022294730319068694,0.2403,0.007925276020429821,0.42778,0.010523164923158817,0.0,0.0,0.12450000000000001,0.01885934781481056,0.66568,0.0032729191862922603
128,64,0.5,0.001,0.0001,0.01,14.6,5.594640292279745,0.63582,0.028694720768810376,0.80374,0.005079173161056852,0.83274,0.015763026359173534,0.21836000000000003,0.01864330979198705,0.21154,0.021281282856068617,0.35862,0.008538559597496527,0.2043,0.02428435710493485,0.30512,0.03135118817525102,0.28708,0.00626633864389725,0.47818000000000005,0.02242034790095819,0.030920000000000003,0.0020789420386340732,0.06044000000000001,0.001798054504179448,0.1323,0.012757938704978947,0.1384,0.02230257832628326,0.8062400000000001,0.0042506470095739395,0.61634,0.015807688002993984,0.59222,0.008381348340213519,0.60502,0.01071853534770496,0.72404,0.005749173853694063,0.059899999999999995,0.006154266812545582,0.71524,0.012439171998167686,0.73278,0.016998146957830376,0.51332,0.014337433522077794,0.71524,0.012439171998167686,0.25232,0.006628499075959801,0.42674,0.008644825041607275,0.0,0.0,0.14228000000000002,0.014548436342095326,0.6667799999999999,0.004605648705665721
128,64,0.5,0.001,0.0001,0.05,14.2,4.147288270665544,0.6350399999999999,0.01595785073247649,0.80382,0.005595712644516315,0.834,0.009895200856981114,0.21774,0.013512697732133289,0.21422,0.013199696966218581,0.35744,0.008465104842823867,0.19578,0.01859561776333339,0.31916,0.022605596652156727,0.27884000000000003,0.011118588039854722,0.49870000000000003,0.016292943257741964,0.03014,0.0027263528751795864,0.06345999999999999,0.0039048687557970514,0.13336,0.008236382701161952,0.1541,0.0201058449213158,0.8061399999999999,0.0034107183993991584,0.61612,0.014045889078303366,0.59218,0.0075396949540416,0.60614,0.012570123308862152,0.72268,0.006555684556169581,0.06377999999999999,0.009811319992743076,0.6986399999999999,0.013175469631098556,0.74672,0.01741398862983434,0.52138,0.010679747188018994,0.6986399999999999,0.013175469631098556,0.24522,0.005783770396549288,0.42672,0.007874452361910611,0.0,0.0,0.12884,0.01645761222048934,0.6665,0.0029807717121577855
128,64,0.5,0.001,0.0001,0.1,14.6,3.7815340802378077,0.63534,0.02039296447307261,0.8038000000000001,0.005564620382380096,0.83384,0.014998099879651422,0.21846000000000002,0.020141201553035514,0.21267999999999998,0.01972528833756302,0.35808,0.017943438912315555,0.20136000000000004,0.0247915913164121,0.30538,0.032745488238839875,0.28392,0.022361618903827162,0.4875,0.030385687420231317,0.03016,0.0013446189051177287,0.061919999999999996,0.005799310303820617,0.13268,0.012599087268528632,0.16568,0.028172362343261172,0.80756,0.003555699649857971,0.61802,0.013819261919509324,0.59146,0.011322234761742012,0.6058,0.011934194568549689,0.7207399999999999,0.009368190860566453,0.07038,0.004769381511265383,0.67576,0.03597100221011367,0.7657,0.01886213137479432,0.53522,0.014406665124170829,0.67576,0.03597100221011367,0.23801999999999998,0.008154569271273624,0.42586,0.011573374615901784,0.0,0.0,0.12288000000000002,0.015151633575294777,0.66528,0.002675256997000458
128,64,0.5,0.001,0.0001,0.3,13.6,4.03732584763727,0.64088,0.01862946590753477,0.8039400000000001,0.00733539364996861,0.83172,0.014611536537955194,0.21612,0.01733369550903673,0.21046,0.023648002029769865,0.35278,0.012140304773769059,0.19906,0.028810813941990605,0.3086,0.03366385301773995,0.27848,0.011857360583198945,0.48166000000000003,0.018593493485625556,0.03016,0.0035865024745565135,0.06254,0.0031690692639953395,0.13146,0.014557231879722186,0.1599,0.04226564798982739,0.8054600000000001,0.0038174598884598157,0.61578,0.015797056687877,0.5908800000000001,0.007537041860040409,0.60452,0.010696588241116925,0.72236,0.005135951713168674,0.06698,0.006874009019487831,0.69102,0.0194515295028437,0.7537,0.019947681569545864,0.52428,0.013620095447536338,0.69102,0.0194515295028437,0.24438,0.00797508620643062,0.42514,0.007757125756361023,0.0,0.0,0.12882,0.0249528956235544,0.66722,0.002446834689961694
128,64,0.5,0.001,0.001,0.0,20.4,7.3688533707762165,0.6863,0.01414584744721929,0.80006,0.006694998132934798,0.72298,0.0072509999310440025,0.11273999999999999,0.002658571044753178,0.10586,0.005409528630111867,0.27756,0.010990131937333619,0.08752,0.013506553964649901,0.20854,0.015162552555556081,0.19656,0.012114990713987367,0.47484000000000004,0.024739805981454262,0.006,0.004899489769353539,0.08748,0.006410694190179406,0.06442,0.0036134471076798686,0.31246,0.039964146431520346,0.80334,0.0031149638842207627,0.60956,0.015185618196174899,0.5883200000000001,0.008719919724401124,0.60248,0.01183097629107591,0.7199,0.0043560303029248825,0.058699999999999995,0.006252999280345391,0.68892,0.014949147132863456,0.75088,0.00897535514617665,0.5226,0.011496303753815886,0.68892,0.014949147132863456,0.24552000000000002,0.005867452598871177,0.42286,0.008639907406911276,0.0,0.0,0.13256,0.005610971395400267,0.69966,0.0037984207244590347
128,64,0.5,0.001,0.001,0.01,17.2,4.919349550499538,0.68616,0.006291899554188686,0.80002,0.0061779446420310415,0.7283000000000001,0.007529276193632392,0.11384000000000001,0.003148491702387036,0.10740000000000001,0.004234973435571937,0.2774,0.006133922073192653,0.08277999999999999,0.00492310877393543,0.21526,0.019314062234548176,0.19544,0.007784150563805917,0.47964,0.02590874369783297,0.00822,0.004652633662776386,0.08832,0.00458606585212206,0.06518,0.0024873680869545644,0.3005,0.04999804996197351,0.80306,0.003102901867607126,0.6075,0.01357276685130928,0.58884,0.00913909185860387,0.60334,0.013050785416977781,0.71858,0.004615408974294697,0.058120000000000005,0.004657467122803984,0.68974,0.015148036176349754,0.74744,0.013479725516493247,0.52118,0.011902814793148711,0.68974,0.015148036176349754,0.24572,0.005808356049692553,0.42306,0.009662711834676626,0.0,0.0,0.13342,0.011150201791895967,0.6986399999999999,0.003852661417773428
128,64,0.5,0.001,0.001,0.05,18.8,7.293833011524188,0.6927,0.010630851329973543,0.8,0.0065448452999287594,0.72026,0.011062459039472188,0.10933999999999999,0.004944491884915979,0.10203999999999999,0.01003284605682754,0.27578,0.006531232655479343,0.07998,0.0072671865257470806,0.20012,0.026131724015074086,0.19634000000000001,0.008799318155402728,0.4648,0.017987356670728483,0.00688,0.009368671197133562,0.08642000000000001,0.006172276727432114,0.061860000000000005,0.006012320683396718,0.31158,0.009848197804674727,0.8031,0.004049691346263316,0.6093,0.015777357193142324,0.58972,0.011784184316277478,0.6030800000000001,0.0123096303762542,0.72252,0.00603713508213958,0.05974,0.008314324987634292,0.70126,0.01085647272367964,0.74382,0.016406462141485577,0.5168,0.018695186546274445,0.70126,0.01085647272367964,0.2486,0.008882848642186804,0.42400000000000004,0.011486513831446018,0.0,0.0,0.13276,0.009479082234056205,0.70014,0.003920204076320557
128,64,0.5,0.001,0.001,0.1,15.4,7.368853370776216,0.69532,0.01286300897923966,0.8004,0.006978180278553986,0.7237,0.006103687410082501,0.11244000000000001,0.0022622997148919097,0.10808,0.008205303163198783,0.27569999999999995,0.007927168473042558,0.08466,0.007779652948557536,0.21478000000000003,0.020648898275695,0.19419999999999998,0.009329523031752473,0.47725999999999996,0.02146422605173547,0.00586,0.007351734489220894,0.08872,0.005521503418454072,0.06554,0.0054495871403254055,0.32192,0.029533489465351004,0.80292,0.0038310572953167846,0.60884,0.01587727936392122,0.58626,0.011611761278979187,0.60154,0.012892168165207931,0.71884,0.006941757702484306,0.06273999999999999,0.004421877429327957,0.68248,0.024526251242291422,0.75518,0.01928113067224011,0.5233800000000001,0.017219088245316577,0.68248,0.024526251242291422,0.24458000000000002,0.0072077735813495135,0.42078,0.011449323124097773,0.0,0.0,0.13169999999999998,0.015933455369128192,0.70018,0.0034881227042636346
128,64,0.5,0.001,0.001,0.3,18.8,6.3796551630946325,0.68814,0.011613268273832264,0.8007799999999999,0.0063464163115887805,0.7259,0.007974333827975886,0.11328,0.0006723094525588667,0.10713999999999999,0.006377538710192202,0.28096,0.010157164958786486,0.08414,0.009392976099192415,0.20745999999999998,0.010003899239796447,0.1998,0.010312128781197414,0.47422000000000003,0.011747212435297163,0.0054,0.00446710196883841,0.08586,0.0035655294137056236,0.0652,0.003938908478246231,0.31006,0.04442648984558649,0.80382,0.0027003703449712015,0.6109199999999999,0.013293682710219924,0.5882799999999999,0.008867468635411092,0.6023799999999999,0.011955208070125796,0.71914,0.005006296035993088,0.056499999999999995,0.0039999999999999975,0.6894,0.028800000000000027,0.74892,0.021162632161430196,0.52252,0.01603159380722955,0.6894,0.028800000000000027,0.24594,0.006210716544811881,0.42279999999999995,0.008965210538520566,0.0,0.0,0.13576,0.021530629345191,0.69884,0.004956611745940964
128,64,0.6,0.001,0.0001,0.0,19.2,4.969909455915671,0.6628200000000001,0.013616607507011423,0.8007799999999999,0.005444446712017645,0.83102,0.010486753549120908,0.20792000000000002,0.014043040981212012,0.20380000000000004,0.013629746879527874,0.34894,0.009880182184555077,0.18596,0.01879755303224333,0.30464,0.018868571753050112,0.27308,0.012021522366156476,0.48369999999999996,0.006028266749240613,0.03014,0.0022567675999092146,0.06382,0.0020474374227311574,0.12669999999999998,0.008968556182574762,0.14423999999999998,0.01850724182583671,0.8049799999999999,0.005205477883921859,0.61266,0.017681289545731706,0.58772,0.00978043966291904,0.6054,0.010831666538441805,0.7158800000000001,0.006160113635315477,0.05954,0.005408142009969778,0.69754,0.01794304879333502,0.7342000000000001,0.010205145760840447,0.5214000000000001,0.010258411183024398,0.69754,0.01794304879333502,0.25036,0.004698723230836232,0.42245999999999995,0.00977307525807516,0.0,0.0,0.14972,0.011311807989883843,0.6689,0.0019811612756158933
128,64,0.6,0.001,0.0001,0.01,18.8,2.9495762407505253,0.6628999999999999,0.009399202093794993,0.80062,0.005845254485477932,0.8311,0.007285259089421634,0.21002,0.01041234843827269,0.20882,0.009475072559088927,0.35062,0.012287269835077283,0.18958,0.010542864885788874,0.31356,0.011123084104689663,0.2707,0.012288612614937458,0.49786,0.008728000916590213,0.030959999999999998,0.002982113344593059,0.06517999999999999,0.001939587585029354,0.12978,0.005788955000688821,0.1847,0.028886848218523255,0.80382,0.004723557981013857,0.61208,0.017802303221774396,0.5863400000000001,0.009416368726850078,0.604,0.013163776054005196,0.71672,0.0037076947015632256,0.06295999999999999,0.00648405737173877,0.6737200000000001,0.02250259984979516,0.7597400000000001,0.01838336204289084,0.5283599999999999,0.019655355504289488,0.6737200000000001,0.02250259984979516,0.24136000000000002,0.010408794358618105,0.42112,0.009301182720493142,0.0,0.0,0.12847999999999998,0.01756749839903223,0.6696,0.0013802173741842055
128,64,0.6,0.001,0.0001,0.05,17.4,4.219004621945797,0.6671400000000001,0.013183626208293395,0.8011800000000001,0.005085961069453827,0.82914,0.008662736288263648,0.20729999999999998,0.012191800523302534,0.20617999999999997,0.012798710872584001,0.34909999999999997,0.009397606078145639,0.18868000000000001,0.015901792351807397,0.3069,0.015361803279563248,0.27302,0.008594591322453916,0.48432,0.015220775275918126,0.03254,0.004526919482385346,0.06384,0.0024764894508154042,0.1282,0.007824960063795853,0.13916,0.022347885806044382,0.80352,0.005348551205700408,0.61174,0.018831436482647887,0.58714,0.010296989851407999,0.60598,0.011201651663928808,0.7170799999999999,0.01016425107914992,0.060360000000000004,0.009127321622469537,0.70434,0.013553339071977763,0.7298600000000001,0.028420643905443143,0.51368,0.020668865474427985,0.70434,0.013553339071977763,0.25251999999999997,0.010074820097649411,0.42210000000000003,0.010261822450227826,0.0,0.0,0.15167999999999998,0.02143798031531889,0.67058,0.0026761913235043722
128,64,0.6,0.001,0.0001,0.1,25.2,11.054410884348382,0.65218,0.023016124782421533,0.80134,0.005400277770633643,0.83194,0.009441557074974473,0.21474000000000001,0.019889771240514564,0.21266,0.018268634322247516,0.35566,0.014622516883218141,0.1947,0.019006972404883426,0.31179999999999997,0.012378206655246925,0.27832,0.01597817261140961,0.49341999999999997,0.016941723643124382,0.031740000000000004,0.0036308401231670887,0.06323999999999999,0.002779028607265492,0.13258,0.011349537435508112,0.1491,0.010766847263707222,0.80442,0.004933761242703135,0.6119,0.017893574265640706,0.59186,0.012070335538003952,0.6096600000000001,0.012413218760659971,0.72322,0.007202916076145745,0.06296,0.009201521613298524,0.70112,0.015444966817704754,0.7452799999999999,0.022099932126592635,0.5200400000000001,0.02175070113812421,0.70112,0.015444966817704754,0.24544000000000002,0.010644857913565602,0.42666000000000004,0.011927824613063374,0.0,0.0,0.13616,0.022354261338724663,0.6697,0.0013076696830621988
128,64,0.6,0.001,0.0001,0.3,22.4,8.473488065725943,0.65662,0.015550948524125405,0.80074,0.005337415104711241,0.83246,0.009206410809865069,0.2157,0.016073736342244745,0.21092,0.015491513805951953,0.3552,0.015946002633889164,0.19448000000000001,0.013938328450714603,0.31223999999999996,0.019437798229223376,0.27726,0.016828933418372074,0.49485999999999997,0.016030689317680626,0.03234,0.0035373719058080398,0.06358,0.0033818633916821673,0.13133999999999998,0.010347125204616028,0.16116,0.014057844785030164,0.80458,0.0046697965694449325,0.61364,0.01827479138047824,0.58714,0.012574100365433749,0.6036400000000001,0.012802070145097627,0.71948,0.007784407491903271,0.06174,0.004598151802626789,0.6903400000000001,0.013366674979216012,0.7486200000000001,0.009779928425095967,0.5203,0.013191095481422306,0.6903400000000001,0.013366674979216012,0.2467,0.005109794516416492,0.42194000000000004,0.012344755971666673,0.0,0.0,0.1351,0.009233092656309701,0.66956,0.0013630847369111225
128,64,0.6,0.001,0.001,0.0,20.4,12.361229712289955,0.71548,0.012695550401617035,0.79604,0.0062556374575257956,0.71894,0.008697873303285088,0.11208,0.003717122543043206,0.10544,0.005968500649241819,0.28264,0.013056913877329521,0.08358,0.010778079606312064,0.21006,0.013902086174384045,0.1995,0.012025389806571762,0.48582000000000003,0.018461635897178794,0.00538,0.006349960629799211,0.08732,0.0052604182343231965,0.06426,0.0035196590743991085,0.29784,0.03206342152671797,0.79806,0.0042317844935676795,0.5986800000000001,0.016529125808705053,0.58126,0.011351123292432373,0.6012000000000001,0.012852626190782963,0.7132799999999999,0.006976173736368679,0.05714,0.008491054115950499,0.68672,0.015349657976645573,0.73982,0.022532354515229898,0.51406,0.02030647679928744,0.68672,0.015349657976645573,0.25026000000000004,0.011851286849958531,0.4165,0.010626146996912845,0.0,0.0,0.1456,0.022567343662912565,0.70634,0.0034143813495272984
128,64,0.6,0.001,0.001,0.01,26.6,10.784247771634329,0.71538,0.006146299699819416,0.79668,0.0063590093568102034,0.71044,0.009152759146836538,0.10562,0.0031586389473949035,0.0969,0.005499090833947008,0.2772,0.006387096366894747,0.07333999999999999,0.004233556424567882,0.19605999999999998,0.018728934833567013,0.19692,0.008514223393827527,0.47018000000000004,0.024785923424395565,0.0038000000000000004,0.0033173784830796745,0.08676,0.006900941964688586,0.05898,0.003149126863116188,0.30856,0.023106341120999668,0.8003399999999999,0.002430637776387068,0.60182,0.012347145419083692,0.58388,0.007183801222194343,0.6003000000000001,0.00887440138826274,0.7153,0.00512201132368918,0.05688,0.004620281376712889,0.68928,0.016616166826317037,0.74134,0.011796101050770945,0.5141199999999999,0.0029676590100616595,0.68928,0.016616166826317037,0.24969999999999998,0.003124899998399923,0.41888,0.007242030102119181,0.0,0.0,0.14428000000000002,0.011237303947121824,0.7056,0.005869412236331662
128,64,0.6,0.001,0.001,0.05,23.2,12.336936410632909,0.71422,0.013170307513494153,0.7961600000000001,0.006443058280040601,0.71144,0.009436789708370136,0.10895999999999999,0.005975198741464585,0.10124,0.007108305001897429,0.28742,0.014992898318870823,0.07978,0.008576829250952826,0.18972,0.013805506147910682,0.20924,0.015325077487569191,0.46042000000000005,0.01814020396798227,0.00556,0.006527863356413031,0.08080000000000001,0.004331858723458093,0.06172,0.00415054213326404,0.278,0.011114180131705627,0.7988999999999999,0.0028948229652259803,0.60228,0.012343095235798846,0.5837399999999999,0.00844055685366785,0.59828,0.009420297235225595,0.71584,0.0051105772668065454,0.055920000000000004,0.00424876452630644,0.70222,0.01593587148542558,0.72946,0.013555367940413888,0.50854,0.012686528287912363,0.70222,0.01593587148542558,0.25582,0.007676718048749724,0.41864,0.008182481286260326,0.0,0.0,0.15448,0.012172386783207314,0.70678,0.004958528007382864
128,64,0.6,0.001,0.001,0.1,26.8,10.305338422390601,0.7102600000000001,0.011729577997524061,0.79602,0.006285459410417008,0.7156399999999999,0.010886367621938899,0.10944000000000001,0.00398032661976376,0.1021,0.005648008498577172,0.27888,0.006219083533769251,0.07882,0.005367215292868358,0.19898,0.012439734723859662,0.19856000000000001,0.0061443469954096845,0.46958,0.02443638680328987,0.00438,0.004125772654909623,0.08586,0.004484194465007062,0.06218,0.0032205589576966313,0.30846,0.013140129375314393,0.7997,0.002506990227344291,0.6016,0.011248555462813885,0.58396,0.005104703713243267,0.6,0.01258332229580089,0.71656,0.005038650613011411,0.05550000000000001,0.0017175564037317673,0.69526,0.022891876288325494,0.7378600000000001,0.015744935693739685,0.5140399999999999,0.009250567550156059,0.69526,0.022891876288325494,0.25196,0.0082902352198234,0.4189,0.006070008237226711,0.0,0.0,0.14458,0.006875099999272736,0.7055,0.006788225099390856
128,64,0.6,0.001,0.001,0.3,17.6,7.987490219086344,0.71994,0.007972013547404443,0.7963,0.005923681287847952,0.71722,0.010228734037015495,0.10895999999999999,0.006648533672923674,0.10256000000000001,0.007463444245119005,0.28064,0.012830159780766568,0.07855999999999999,0.0062950774419382625,0.20488,0.01770612888239549,0.19794,0.011726167319290652,0.48364,0.02378776996693889,0.005979999999999999,0.00865228293573436,0.0877,0.004693612681080538,0.062360000000000006,0.004611724189497896,0.30386,0.0427671369160948,0.7988999999999999,0.0038606994184992773,0.6019599999999999,0.01526574596932628,0.58142,0.011049072359252623,0.6005,0.010937321427113633,0.71294,0.006131313073070121,0.05576,0.008678882416532668,0.6894,0.022625759655755234,0.7365,0.02665060974912205,0.51174,0.016270310384255134,0.6894,0.022625759655755234,0.25196,0.010410235347964036,0.41634000000000004,0.01035557820693755,0.0,0.0,0.1482,0.02701407040784487,0.7076,0.004273757129271636
128,64,0.7,0.001,0.0001,0.0,36.0,9.300537618869138,0.68834,0.00933584490016839,0.79622,0.006278694131744299,0.8249600000000001,0.01028314154332225,0.1991,0.010347463457292318,0.19466,0.007145138207200744,0.33628,0.01588260054273228,0.17412,0.013375985944968685,0.3063,0.012683453788302311,0.25478,0.02052357181389244,0.49728000000000006,0.01612953812109946,0.02816,0.004020323370078581,0.06964000000000001,0.006512142504583266,0.12067999999999998,0.004107554016686818,0.19163999999999998,0.03171061336524414,0.799,0.004221966366516949,0.60006,0.011958595235227236,0.5865,0.010917188282703537,0.60438,0.011387361415183062,0.7186600000000001,0.004928792955683973,0.061160000000000006,0.007425159930937515,0.69832,0.010962070972220508,0.739,0.004020572098594891,0.51192,0.012128355205880183,0.69832,0.010962070972220508,0.25006,0.004231193685001882,0.42148,0.010738109703295107,0.0,0.0,0.14654,0.01391233265847247,0.6794800000000001,0.004731490251495834
128,64,0.7,0.001,0.0001,0.01,38.2,13.663820841916802,0.68914,0.018142574238514203,0.7966599999999999,0.0056906062945876095,0.82348,0.009015930345782389,0.19658,0.018245054124337374,0.18853999999999999,0.018246999753384126,0.34236,0.021169506371193445,0.16804000000000002,0.023181522814517606,0.28902,0.018615235695526394,0.26496,0.02550172543182127,0.48622,0.005292636394085645,0.029580000000000002,0.0022576536492562352,0.06628,0.005687881855313104,0.11743999999999999,0.011903066831703498,0.14844,0.021428439047210132,0.7984600000000001,0.005973524922522715,0.59856,0.015235583349514406,0.5827199999999999,0.01176507543537236,0.60008,0.011948723781224496,0.71672,0.009487201905725398,0.05452,0.008836119057595364,0.7245999999999999,0.016950073746152258,0.70884,0.03280278951552743,0.49618,0.022126160986488397,0.7245999999999999,0.016950073746152258,0.26416,0.014478017820129961,0.41776,0.01149556436196153,0.0,0.0,0.16918,0.031014222543858803,0.67904,0.002813005510126128
128,64,0.7,0.001,0.0001,0.05,44.4,8.502940667792526,0.6784600000000001,0.004810197501142745,0.7968200000000001,0.006163765083128969,0.8267200000000001,0.008052763500811373,0.20022,0.011509865333703946,0.1902,0.01012694425777095,0.34140000000000004,0.015799050604387622,0.17231999999999997,0.016674141657068892,0.29413999999999996,0.014411210913729619,0.26374,0.018465995776020306,0.48549999999999993,0.016262379899633365,0.029559999999999996,0.004588354824989017,0.0663,0.0036735541373443836,0.11814,0.006653420173113977,0.17614000000000002,0.012461661205473372,0.8003199999999999,0.003889987146508335,0.60154,0.01282119339219258,0.58506,0.01133834203047337,0.60264,0.012042964751256208,0.71962,0.006842660301373976,0.06056,0.008041952499237979,0.70814,0.015542618826954485,0.7311799999999999,0.022250325840310763,0.50602,0.016978721977816816,0.70814,0.015542618826954485,0.25466,0.011186286247007975,0.42000000000000004,0.011217174332246041,0.0,0.0,0.14950000000000002,0.023961740337462976,0.6765800000000001,0.00346511183080716
128,64,0.7,0.001,0.0001,0.1,50.0,19.026297590440446,0.67798,0.020745047601777148,0.7974,0.004932038118263054,0.8267199999999999,0.00928261816515145,0.20132,0.014700578219920457,0.19526,0.01266404358804881,0.3424,0.01697527613913836,0.17951999999999999,0.012924666339987286,0.29566,0.009030116278321112,0.26414,0.01858421373101375,0.4875,0.0066015149776396,0.02854,0.0032020306057250615,0.06626,0.0032160534821423638,0.12118,0.007796922469795372,0.15522,0.019854520895755706,0.79886,0.004186048255813633,0.5989,0.014167215675636492,0.58682,0.010235330966803182,0.6027,0.008925245094673897,0.71722,0.007498466509893859,0.05674,0.006639126448562339,0.70842,0.011397455856462006,0.72602,0.009105877222980837,0.50918,0.011319098904064781,0.70842,0.011397455856462006,0.25468,0.005126109635971516,0.42128,0.01010603779925646,0.0,0.0,0.1591,0.013750090908790383,0.67874,0.004063003814913338
128,64,0.7,0.001,0.0001,0.3,42.4,2.7018512172212588,0.6786,0.008504998530276187,0.7963600000000001,0.006693504313885237,0.8251200000000001,0.008636955482112879,0.20212,0.008149355802761346,0.1938,0.01009232381565316,0.34364,0.004781526952763086,0.1772,0.013801630338478137,0.29578000000000004,0.019102800841761407,0.26403999999999994,0.0036691960972398373,0.49244000000000004,0.01987078257140369,0.02756,0.0032020306057250593,0.0665,0.0025149552679918615,0.12056,0.0057730407932042194,0.17178,0.026746158602685366,0.80024,0.0040893764805896285,0.5999000000000001,0.013341476679888139,0.5868,0.010828665661105193,0.6041399999999999,0.009189559293023791,0.71926,0.009032884367686754,0.06076,0.007234846231952688,0.71336,0.007858625834075605,0.72514,0.016470063752153482,0.50652,0.014491963290044603,0.71336,0.007858625834075605,0.25514000000000003,0.006833227641459051,0.4218,0.010245242798489465,0.0,0.0,0.15608,0.01710488234393911,0.67728,0.0033655608745051355
128,64,0.7,0.001,0.001,0.0,31.4,13.427583550289306,0.74404,0.006838713329274723,0.78774,0.006795439647292873,0.67418,0.026415752875888307,0.09454,0.009293169534663618,0.08358,0.005845682167206839,0.26326,0.019119571124897126,0.06248,0.007297396796118459,0.17887999999999998,0.00524471162219621,0.1822,0.02054409890941921,0.47984,0.016376599158555487,0.0026000000000000003,0.005272570530585627,0.0958,0.01332553938870769,0.050960000000000005,0.0035409038394172746,0.34098,0.08718550338215637,0.79082,0.0040158436224534385,0.5853200000000001,0.01243350312663332,0.57168,0.010294998785818271,0.5901,0.012294917649175232,0.70434,0.006228001284521424,0.05272,0.005119765619635333,0.69834,0.037624367104311524,0.7103400000000001,0.03570340319913492,0.4974,0.015356594674601555,0.69834,0.037624367104311524,0.26684,0.015054168857828048,0.40732,0.009954747611064773,0.0,0.0,0.18342,0.03438614546587041,0.72044,0.004966689037980942
128,64,0.7,0.001,0.001,0.01,26.4,16.180234856144704,0.74878,0.009154070133006417,0.7876000000000001,0.007467261881037812,0.6824399999999999,0.02074591526060009,0.09396,0.009642769311769309,0.0858,0.008720378432155342,0.26096,0.0184674849397529,0.06276,0.008492231744364965,0.19192,0.013324488733155952,0.17906,0.020268152357824823,0.48904,0.030742202263338268,0.0027999999999999995,0.004658325879540846,0.09894,0.01598352276564838,0.0521,0.005484067833278509,0.33264,0.07762739851366912,0.79,0.0034212570789112057,0.5854,0.010022225301798015,0.57134,0.008109747221707953,0.58804,0.011047759953945403,0.7064,0.004997999599839904,0.05208,0.00630452218649439,0.70084,0.026650290805167582,0.71194,0.02899160223237066,0.49326,0.01659195588229425,0.70084,0.026650290805167582,0.26834,0.011418756499724495,0.40686,0.007811721961257995,0.0,0.0,0.1812,0.021963264784635277,0.7207000000000001,0.006020382047677721
128,64,0.7,0.001,0.001,0.05,37.2,26.48018126826174,0.74614,0.013753654059921702,0.78832,0.006852517785456636,0.67332,0.022859068222480173,0.09502000000000001,0.00725065514281296,0.0827,0.008033367911405527,0.26242,0.01350062961494761,0.0612,0.007781066764910837,0.18272,0.008677096288505725,0.17956,0.014055354851443614,0.4902,0.01198040066107973,0.00378,0.007905188169803424,0.09788,0.010459302079966905,0.05032,0.004773573085226623,0.35602,0.05340666625057212,0.7908000000000001,0.00381903129078571,0.5861799999999999,0.010361804862088484,0.57244,0.010749558130453512,0.5920799999999999,0.009192496940440081,0.7042200000000001,0.008473901108698447,0.053459999999999994,0.005697192290944724,0.6910999999999999,0.011536897329871669,0.71734,0.010573220890532857,0.5001800000000001,0.006938443629518107,0.6910999999999999,0.011536897329871669,0.26292,0.004038811706430476,0.40796,0.009752076701913283,0.0,0.0,0.1736,0.017239924593802608,0.71948,0.005593478345358944
128,64,0.7,0.001,0.001,0.1,31.8,14.92313639956427,0.74542,0.006789477152181877,0.78784,0.00687771764468417,0.6796599999999999,0.021722062517173665,0.095,0.008601162712098874,0.0839,0.007588478108290223,0.25858,0.019517095070732224,0.06358,0.008091476997433783,0.18164,0.0057129677051424065,0.1774,0.020719676638403402,0.48382000000000003,0.023863507705280857,0.00262,0.002621449980449751,0.09908,0.015166805860167132,0.05082,0.004477387631197459,0.34008,0.06791385720160502,0.79158,0.003973285793899016,0.5856600000000001,0.011308757668285294,0.5727800000000001,0.009765858897198979,0.58854,0.010398461424653165,0.70722,0.00699835695002763,0.05125999999999999,0.003583015489779521,0.7045199999999999,0.02798976598687457,0.70992,0.022531910704598444,0.49496,0.01171230122563451,0.7045199999999999,0.02798976598687457,0.26876,0.009612127756121433,0.40838,0.00982964902730508,0.0,0.0,0.18086,0.020836698394899326,0.7204200000000001,0.005070700148894591
128,64,0.7,0.001,0.001,0.3,30.8,19.00526242912736,0.74724,0.009496209770218839,0.78756,0.006990207436120902,0.67682,0.020586694732277925,0.09652000000000001,0.007492462879454258,0.08422,0.008106910632293908,0.26044,0.011847700198772784,0.06264,0.008651762826152829,0.18254,0.006839809938879884,0.18006,0.01367983918034126,0.47402,0.018730643341860944,0.0026,0.0035777087639996636,0.09566,0.010897385007422648,0.05118,0.004941356089172284,0.34598,0.053625945213114874,0.7908999999999999,0.004155117326863297,0.5860200000000001,0.012103181399946015,0.5737599999999999,0.010609099867566477,0.5917399999999999,0.012309061702664364,0.70856,0.006047561492039605,0.057319999999999996,0.008119852215403919,0.69512,0.03527530297531124,0.72204,0.03300428760024974,0.4972,0.023304291450288683,0.69512,0.03527530297531124,0.26242,0.01598364789401968,0.40918,0.010231666530922525,0.0,0.0,0.16966,0.026388880233916695,0.72066,0.005017270174108628
